date,prediction,actual_return,strategy_return,daily_volume,position,cumulative_value,price,is_switch,signal,price_return
2018-04-17 10:40:00,,-0.0008032128514056103,-0.0,0,0.0,1.0,4980.0,False,0.0,-0.0008032128514056103
2018-04-17 11:25:00,,-0.002813504823151125,-0.0,0,0.0,1.0,4976.0,False,0.0,-0.002813504823151125
2018-04-17 14:10:00,,0.0016122531237403592,0.0,0,0.0,1.0,4962.0,False,0.0,0.0016122531237403592
2018-04-17 14:55:00,,0.005231388329979936,0.0,0,0.0,1.0,4970.0,False,0.0,0.005231388329979936
2018-04-17 21:35:00,,-0.0004003202562049557,-0.0,0,0.0,1.0,4996.0,False,0.0,-0.0004003202562049557
2018-04-18 09:40:00,,-0.00040048057669206383,-0.0,0,0.0,1.0,4994.0,False,0.0,-0.00040048057669206383
2018-04-18 10:40:00,,0.0024038461538462563,0.0,0,0.0,1.0,4992.0,False,0.0,0.0024038461538462563
2018-04-18 11:25:00,,-0.001998401278976769,-0.0,0,0.0,1.0,5004.0,False,0.0,-0.001998401278976769
2018-04-18 14:10:00,,0.0004004805766919528,0.0,0,0.0,1.0,4994.0,False,0.0,0.0004004805766919528
2018-04-18 14:55:00,,0.0020016012810248895,0.0,0,0.0,1.0,4996.0,False,0.0,0.0020016012810248895
2018-04-18 21:35:00,,0.0007990411506193507,0.0,0,0.0,1.0,5006.0,False,0.0,0.0007990411506193507
2018-04-19 09:40:00,,0.0011976047904191933,0.0,0,0.0,1.0,5010.0,False,0.0,0.0011976047904191933
2018-04-19 10:40:00,,0.0,0.0,0,0.0,1.0,5016.0,False,0.0,0.0
2018-04-19 11:25:00,,-0.0015948963317384823,-0.0,0,0.0,1.0,5016.0,False,0.0,-0.0015948963317384823
2018-04-19 14:10:00,,0.0003993610223642641,0.0,0,0.0,1.0,5008.0,False,0.0,0.0003993610223642641
2018-04-19 14:55:00,,0.0011976047904191933,0.0,0,0.0,1.0,5010.0,False,0.0,0.0011976047904191933
2018-04-19 21:35:00,,0.0031897926634769647,0.0,0,0.0,1.0,5016.0,False,0.0,0.0031897926634769647
2018-04-20 09:40:00,,0.0,0.0,0,0.0,1.0,5032.0,False,0.0,0.0
2018-04-20 10:40:00,,0.0,0.0,0,0.0,1.0,5032.0,False,0.0,0.0
2018-04-20 11:25:00,,-0.002782193958664525,-0.0,0,0.0,1.0,5032.0,False,0.0,-0.002782193958664525
2018-04-20 14:10:00,,-0.0011956954962136779,-0.0,0,0.0,1.0,5018.0,False,0.0,-0.0011956954962136779
2018-04-20 14:55:00,,0.0,0.0,0,0.0,1.0,5012.0,False,0.0,0.0
2018-04-20 21:35:00,,0.002394253790901857,0.0,0,0.0,1.0,5012.0,False,0.0,0.002394253790901857
2018-04-23 09:40:00,,0.001990445859872514,0.0,0,0.0,1.0,5024.0,False,0.0,0.001990445859872514
2018-04-23 10:40:00,,-0.002781088597536785,-0.0,0,0.0,1.0,5034.0,False,0.0,-0.002781088597536785
2018-04-23 11:25:00,,0.0007968127490038945,0.0,0,0.0,1.0,5020.0,False,0.0,0.0007968127490038945
2018-04-23 14:10:00,,-0.00039808917197448057,-0.0,0,0.0,1.0,5024.0,False,0.0,-0.00039808917197448057
2018-04-23 14:55:00,,-0.007168458781361964,-0.0,0,0.0,1.0,5022.0,False,0.0,-0.007168458781361964
2018-04-24 09:40:00,,0.0008022462896108973,0.0,0,0.0,1.0,4986.0,False,0.0,0.0008022462896108973
2018-04-24 10:40:00,,-0.00040080160320643543,-0.0,0,0.0,1.0,4990.0,False,0.0,-0.00040080160320643543
2018-04-24 11:25:00,,0.001202886928628688,0.0,0,0.0,1.0,4988.0,False,0.0,0.001202886928628688
2018-04-24 14:10:00,,-0.00040048057669206383,-0.0,0,0.0,1.0,4994.0,False,0.0,-0.00040048057669206383
2018-04-24 14:55:00,,-0.002804487179487225,-0.0,0,0.0,1.0,4992.0,False,0.0,-0.002804487179487225
2018-04-24 21:35:00,,0.0008035355564484092,0.0,0,0.0,1.0,4978.0,False,0.0,0.0008035355564484092
2018-04-25 09:40:00,,0.0016057808109193328,0.0,0,0.0,1.0,4982.0,False,0.0,0.0016057808109193328
2018-04-25 10:40:00,,0.002805611222444826,0.0,0,0.0,1.0,4990.0,False,0.0,0.002805611222444826
2018-04-25 11:25:00,,-0.0023980815347721673,-0.0,0,0.0,1.0,5004.0,False,0.0,-0.0023980815347721673
2018-04-25 14:10:00,,0.0004006410256409687,0.0,0,0.0,1.0,4992.0,False,0.0,0.0004006410256409687
2018-04-25 14:55:00,,-0.0012014417300760805,-0.0,0,0.0,1.0,4994.0,False,0.0,-0.0012014417300760805
2018-04-25 21:35:00,,-0.000801924619085792,-0.0,0,0.0,1.0,4988.0,False,0.0,-0.000801924619085792
2018-04-26 09:40:00,,-0.0020064205457464013,-0.0,0,0.0,1.0,4984.0,False,0.0,-0.0020064205457464013
2018-04-26 10:40:00,,-0.0008041817450743505,-0.0,0,0.0,1.0,4974.0,False,0.0,-0.0008041817450743505
2018-04-26 11:25:00,,0.0032193158953721657,0.0,0,0.0,1.0,4970.0,False,0.0,0.0032193158953721657
2018-04-26 14:10:00,,0.001203369434416457,0.0,0,0.0,1.0,4986.0,False,0.0,0.001203369434416457
2018-04-26 14:55:00,,-0.0008012820512820484,-0.0,0,0.0,1.0,4992.0,False,0.0,-0.0008012820512820484
2018-04-26 21:35:00,,0.0,0.0,0,0.0,1.0,4988.0,False,0.0,0.0
2018-04-27 09:40:00,,0.0,0.0,0,0.0,1.0,4988.0,False,0.0,0.0
2018-04-27 10:40:00,,-0.00200481154771448,-0.0,0,0.0,1.0,4988.0,False,0.0,-0.00200481154771448
2018-04-27 11:25:00,,0.0,0.0,0,0.0,1.0,4978.0,False,0.0,0.0
2018-04-27 14:10:00,,0.0004017677782242046,0.0,0,0.0,1.0,4978.0,False,0.0,0.0004017677782242046
2018-04-27 14:55:00,,0.002008032128514081,0.0,0,0.0,1.0,4980.0,False,0.0,0.002008032128514081
2018-04-27 21:35:00,,-0.007214428857715394,-0.0,0,0.0,1.0,4990.0,False,0.0,-0.007214428857715394
2018-05-02 09:40:00,,0.006459426725878181,0.0,0,0.0,1.0,4954.0,False,0.0,0.006459426725878181
2018-05-02 10:40:00,,0.00040112314480555966,0.0,0,0.0,1.0,4986.0,False,0.0,0.00040112314480555966
2018-05-02 11:25:00,,-0.002405773857257376,-0.0,0,0.0,1.0,4988.0,False,0.0,-0.002405773857257376
2018-05-02 14:10:00,,0.002411575562700996,0.0,0,0.0,1.0,4976.0,False,0.0,0.002411575562700996
2018-05-02 14:55:00,,-0.000801924619085792,-0.0,0,0.0,1.0,4988.0,False,0.0,-0.000801924619085792
2018-05-03 09:40:00,,0.0020064205457464013,0.0,0,0.0,1.0,4984.0,False,0.0,0.0020064205457464013
2018-05-03 10:40:00,,-0.0012014417300760805,-0.0,0,0.0,1.0,4994.0,False,0.0,-0.0012014417300760805
2018-05-03 11:25:00,,0.0,0.0,0,0.0,1.0,4988.0,False,0.0,0.0
2018-05-03 14:10:00,,-0.000400962309542896,-0.0,0,0.0,1.0,4988.0,False,0.0,-0.000400962309542896
2018-05-03 14:55:00,,-0.0008022462896108973,-0.0,0,0.0,1.0,4986.0,False,0.0,-0.0008022462896108973
2018-05-03 21:35:00,,-0.00883179446005622,-0.0,0,0.0,1.0,4982.0,False,0.0,-0.00883179446005622
2018-05-04 09:40:00,,0.0004050222762252975,0.0,0,0.0,1.0,4938.0,False,0.0,0.0004050222762252975
2018-05-04 10:40:00,,0.0008097165991902688,0.0,0,0.0,1.0,4940.0,False,0.0,0.0008097165991902688
2018-05-04 11:25:00,,-0.0004045307443365509,-0.0,0,0.0,1.0,4944.0,False,0.0,-0.0004045307443365509
2018-05-04 14:10:00,,0.0008093889113718333,0.0,0,0.0,1.0,4942.0,False,0.0,0.0008093889113718333
2018-05-04 14:55:00,,0.0008087343307723316,0.0,0,0.0,1.0,4946.0,False,0.0,0.0008087343307723316
2018-05-04 21:35:00,,0.0016161616161616266,0.0,0,0.0,1.0,4950.0,False,0.0,0.0016161616161616266
2018-05-07 09:40:00,,0.0024203307785397588,0.0,0,0.0,1.0,4958.0,False,0.0,0.0024203307785397588
2018-05-07 10:40:00,,0.0016096579476860828,0.0,0,0.0,1.0,4970.0,False,0.0,0.0016096579476860828
2018-05-07 11:25:00,,0.0004017677782242046,0.0,0,0.0,1.0,4978.0,False,0.0,0.0004017677782242046
2018-05-07 14:10:00,,0.0008032128514057213,0.0,0,0.0,1.0,4980.0,False,0.0,0.0008032128514057213
2018-05-07 14:55:00,,0.0012038523274477964,0.0,0,0.0,1.0,4984.0,False,0.0,0.0012038523274477964
2018-05-08 09:40:00,,-0.00040080160320643543,-0.0,0,0.0,1.0,4990.0,False,0.0,-0.00040080160320643543
2018-05-08 10:40:00,,0.000400962309542896,0.0,0,0.0,1.0,4988.0,False,0.0,0.000400962309542896
2018-05-08 11:25:00,,-0.00040080160320643543,-0.0,0,0.0,1.0,4990.0,False,0.0,-0.00040080160320643543
2018-05-08 14:10:00,,-0.000801924619085792,-0.0,0,0.0,1.0,4988.0,False,0.0,-0.000801924619085792
2018-05-08 14:55:00,,0.0012038523274477964,0.0,0,0.0,1.0,4984.0,False,0.0,0.0012038523274477964
2018-05-08 21:35:00,,0.002805611222444826,0.0,0,0.0,1.0,4990.0,False,0.0,0.002805611222444826
2018-05-09 09:40:00,,0.004796163069544335,0.0,0,0.0,1.0,5004.0,False,0.0,0.004796163069544335
2018-05-09 10:40:00,,0.0019888623707240427,0.0,0,0.0,1.0,5028.0,False,0.0,0.0019888623707240427
2018-05-09 11:25:00,,-0.0011909487892021176,-0.0,0,0.0,1.0,5038.0,False,0.0,-0.0011909487892021176
2018-05-09 14:10:00,,0.0003974562798092496,0.0,0,0.0,1.0,5032.0,False,0.0,0.0003974562798092496
2018-05-09 14:55:00,,-0.0003972983710767153,-0.0,0,0.0,1.0,5034.0,False,0.0,-0.0003972983710767153
2018-05-09 21:35:00,,0.004372019077901523,0.0,0,0.0,1.0,5032.0,False,0.0,0.004372019077901523
2018-05-10 09:40:00,,0.008310249307479145,0.0,0,0.0,1.0,5054.0,False,0.0,0.008310249307479145
2018-05-10 10:40:00,,-0.0007849293563578774,-0.0,0,0.0,1.0,5096.0,False,0.0,-0.0007849293563578774
2018-05-10 11:25:00,,0.0,0.0,0,0.0,1.0,5092.0,False,0.0,0.0
2018-05-10 14:10:00,,-0.0007855459544383603,-0.0,0,0.0,1.0,5092.0,False,0.0,-0.0007855459544383603
2018-05-10 14:55:00,,0.0007861635220125507,0.0,0,0.0,1.0,5088.0,False,0.0,0.0007861635220125507
2018-05-10 21:35:00,,-0.0007855459544383603,-0.0,0,0.0,1.0,5092.0,False,0.0,-0.0007855459544383603
2018-05-11 09:40:00,,0.003144654088050425,0.0,0,0.0,1.0,5088.0,False,0.0,0.003144654088050425
2018-05-11 10:40:00,,-0.00039184952978055243,-0.0,0,0.0,1.0,5104.0,False,0.0,-0.00039184952978055243
2018-05-11 11:25:00,,-0.0003920031360250542,-0.0,0,0.0,1.0,5102.0,False,0.0,-0.0003920031360250542
2018-05-11 14:10:00,,-0.00039215686274507444,-0.0,0,0.0,1.0,5100.0,False,0.0,-0.00039215686274507444
2018-05-11 14:55:00,,-0.0003923107100823886,-0.0,0,0.0,1.0,5098.0,False,0.0,-0.0003923107100823886
2018-05-11 21:35:00,,0.0011773940345369827,0.0,0,0.0,1.0,5096.0,False,0.0,0.0011773940345369827
2018-05-14 09:40:00,,-0.0003920031360250542,-0.0,0,0.0,1.0,5102.0,False,0.0,-0.0003920031360250542
2018-05-14 10:40:00,,-0.0007843137254901489,-0.0,0,0.0,1.0,5100.0,False,0.0,-0.0007843137254901489
2018-05-14 11:25:00,,-0.003924646781789609,-0.0,0,0.0,1.0,5096.0,False,0.0,-0.003924646781789609
2018-05-14 14:10:00,,-0.0019700551615444706,-0.0,0,0.0,1.0,5076.0,False,0.0,-0.0019700551615444706
2018-05-14 14:55:00,,0.003947887879984124,0.0,0,0.0,1.0,5066.0,False,0.0,0.003947887879984124
2018-05-15 09:40:00,,-0.00039323633503740574,-0.0,0,0.0,1.0,5086.0,False,0.0,-0.00039323633503740574
2018-05-15 10:40:00,,-0.0007867820613689513,-0.0,0,0.0,1.0,5084.0,False,0.0,-0.0007867820613689513
2018-05-15 11:25:00,,0.0003937007874015297,0.0,0,0.0,1.0,5080.0,False,0.0,0.0003937007874015297
2018-05-15 14:10:00,,0.0,0.0,0,0.0,1.0,5082.0,False,0.0,0.0
2018-05-15 14:55:00,,-0.0015741833923652582,-0.0,0,0.0,1.0,5082.0,False,0.0,-0.0015741833923652582
2018-05-15 21:35:00,,0.0003941663381947791,0.0,0,0.0,1.0,5074.0,False,0.0,0.0003941663381947791
2018-05-16 09:40:00,,-0.002758077226162281,-0.0,0,0.0,1.0,5076.0,False,0.0,-0.002758077226162281
2018-05-16 10:40:00,,-0.0011853022520742496,-0.0,0,0.0,1.0,5062.0,False,0.0,-0.0011853022520742496
2018-05-16 11:25:00,,-0.002768987341772111,-0.0,0,0.0,1.0,5056.0,False,0.0,-0.002768987341772111
2018-05-16 14:10:00,,0.004760015866719591,0.0,0,0.0,1.0,5042.0,False,0.0,0.004760015866719591
2018-05-16 14:55:00,,-0.0007895775759968471,-0.0,0,0.0,1.0,5066.0,False,0.0,-0.0007895775759968471
2018-05-16 21:35:00,,-0.00158040300276574,-0.0,0,0.0,1.0,5062.0,False,0.0,-0.00158040300276574
2018-05-17 09:40:00,,-0.002374356944994105,-0.0,0,0.0,1.0,5054.0,False,0.0,-0.002374356944994105
2018-05-17 10:40:00,,0.0015866719555732711,0.0,0,0.0,1.0,5042.0,False,0.0,0.0015866719555732711
2018-05-17 11:25:00,,-0.0003960396039603964,-0.0,0,0.0,1.0,5050.0,False,0.0,-0.0003960396039603964
2018-05-17 14:10:00,,0.0011885895404120106,0.0,0,0.0,1.0,5048.0,False,0.0,0.0011885895404120106
2018-05-17 14:55:00,,0.003165809259991992,0.0,0,0.0,1.0,5054.0,False,0.0,0.003165809259991992
2018-05-17 21:35:00,,0.01617357001972386,0.0,0,0.0,1.0,5070.0,False,0.0,0.01617357001972386
2018-05-18 09:40:00,,0.0015527950310558758,0.0,0,0.0,1.0,5152.0,False,0.0,0.0015527950310558758
2018-05-18 10:40:00,,-0.0031007751937984773,-0.0,0,0.0,1.0,5160.0,False,0.0,-0.0031007751937984773
2018-05-18 11:25:00,,-0.0031104199066873672,-0.0,0,0.0,1.0,5144.0,False,0.0,-0.0031104199066873672
2018-05-18 14:10:00,,-0.0015600624024960652,-0.0,0,0.0,1.0,5128.0,False,0.0,-0.0015600624024960652
2018-05-18 14:55:00,,0.0007812499999999556,0.0,0,0.0,1.0,5120.0,False,0.0,0.0007812499999999556
2018-05-18 21:35:00,,0.013661202185792254,0.0,0,0.0,1.0,5124.0,False,0.0,0.013661202185792254
2018-05-21 09:40:00,,-0.0015402387370042625,-0.0,0,0.0,1.0,5194.0,False,0.0,-0.0015402387370042625
2018-05-21 10:40:00,,-0.0019282684149634077,-0.0,0,0.0,1.0,5186.0,False,0.0,-0.0019282684149634077
2018-05-21 11:25:00,,-0.0003863987635239763,-0.0,0,0.0,1.0,5176.0,False,0.0,-0.0003863987635239763
2018-05-21 14:10:00,,-0.005411673753382251,-0.0,0,0.0,1.0,5174.0,False,0.0,-0.005411673753382251
2018-05-21 14:55:00,,-0.0003886513797124458,-0.0,0,0.0,1.0,5146.0,False,0.0,-0.0003886513797124458
2018-05-22 09:40:00,,0.0031104199066873672,0.0,0,0.0,1.0,5144.0,False,0.0,0.0031104199066873672
2018-05-22 10:40:00,,0.0007751937984497026,0.0,0,0.0,1.0,5160.0,False,0.0,0.0007751937984497026
2018-05-22 11:25:00,,0.0015491866769945517,0.0,0,0.0,1.0,5164.0,False,0.0,0.0015491866769945517
2018-05-22 14:10:00,,-0.0003866976024748947,-0.0,0,0.0,1.0,5172.0,False,0.0,-0.0003866976024748947
2018-05-22 14:55:00,,-0.000773694390715618,-0.0,0,0.0,1.0,5170.0,False,0.0,-0.000773694390715618
2018-05-22 21:35:00,,-0.00038714672861017707,-0.0,0,0.0,1.0,5166.0,False,0.0,-0.00038714672861017707
2018-05-23 09:40:00,,-0.0034856700232378524,-0.0,0,0.0,1.0,5164.0,False,0.0,-0.0034856700232378524
2018-05-23 10:40:00,,0.0,0.0,0,0.0,1.0,5146.0,False,0.0,0.0
2018-05-23 11:25:00,,-0.0011659541391372263,-0.0,0,0.0,1.0,5146.0,False,0.0,-0.0011659541391372263
2018-05-23 14:10:00,,0.0015564202334630295,0.0,0,0.0,1.0,5140.0,False,0.0,0.0015564202334630295
2018-05-23 14:55:00,,-0.0007770007770008247,-0.0,0,0.0,1.0,5148.0,False,0.0,-0.0007770007770008247
2018-05-23 21:35:00,,-0.00038880248833594866,-0.0,0,0.0,1.0,5144.0,False,0.0,-0.00038880248833594866
2018-05-24 09:40:00,,0.00388953714507978,0.0,0,0.0,1.0,5142.0,False,0.0,0.00388953714507978
2018-05-24 10:40:00,,0.0030995738086012636,0.0,0,0.0,1.0,5162.0,False,0.0,0.0030995738086012636
2018-05-24 11:25:00,,0.0007724990343762617,0.0,0,0.0,1.0,5178.0,False,0.0,0.0007724990343762617
2018-05-24 14:10:00,,-0.0011578541103820505,-0.0,0,0.0,1.0,5182.0,False,0.0,-0.0011578541103820505
2018-05-24 14:55:00,,0.0007727975270479526,0.0,0,0.0,1.0,5176.0,False,0.0,0.0007727975270479526
2018-05-24 21:35:00,,-0.00038610038610042974,-0.0,0,0.0,1.0,5180.0,False,0.0,-0.00038610038610042974
2018-05-25 09:40:00,,-0.0034762456546929554,-0.0,0,0.0,1.0,5178.0,False,0.0,-0.0034762456546929554
2018-05-25 10:40:00,,-0.0003875968992248513,-0.0,0,0.0,1.0,5160.0,False,0.0,-0.0003875968992248513
2018-05-25 11:25:00,,-0.003101977510663101,-0.0,0,0.0,1.0,5158.0,False,0.0,-0.003101977510663101
2018-05-25 14:10:00,,-0.001555814858031912,-0.0,0,0.0,1.0,5142.0,False,0.0,-0.001555814858031912
2018-05-25 14:55:00,,-0.0019477989871444779,-0.0,0,0.0,1.0,5134.0,False,0.0,-0.0019477989871444779
2018-05-25 21:35:00,,-0.005464480874316946,-0.0,0,0.0,1.0,5124.0,False,0.0,-0.005464480874316946
2018-05-28 09:40:00,,-0.0007849293563578774,-0.0,0,0.0,1.0,5096.0,False,0.0,-0.0007849293563578774
2018-05-28 10:40:00,,-0.00235663786331497,-0.0,0,0.0,1.0,5092.0,False,0.0,-0.00235663786331497
2018-05-28 11:25:00,,-0.0007874015748031704,-0.0,0,0.0,1.0,5080.0,False,0.0,-0.0007874015748031704
2018-05-28 14:10:00,,-0.005910165484633523,-0.0,0,0.0,1.0,5076.0,False,0.0,-0.005910165484633523
2018-05-28 14:55:00,,0.0003963535473643365,0.0,0,0.0,1.0,5046.0,False,0.0,0.0003963535473643365
2018-05-29 09:40:00,,0.003961965134706924,0.0,0,0.0,1.0,5048.0,False,0.0,0.003961965134706924
2018-05-29 10:40:00,,0.0015785319652723562,0.0,0,0.0,1.0,5068.0,False,0.0,0.0015785319652723562
2018-05-29 11:25:00,,0.0003940110323088497,0.0,0,0.0,1.0,5076.0,False,0.0,0.0003940110323088497
2018-05-29 14:10:00,,-0.0023631350925561456,-0.0,0,0.0,1.0,5078.0,False,0.0,-0.0023631350925561456
2018-05-29 14:55:00,,-0.0007895775759968471,-0.0,0,0.0,1.0,5066.0,False,0.0,-0.0007895775759968471
2018-05-29 21:35:00,,0.0011853022520742496,0.0,0,0.0,1.0,5062.0,False,0.0,0.0011853022520742496
2018-05-30 09:40:00,,-0.00039463299131803353,-0.0,0,0.0,1.0,5068.0,False,0.0,-0.00039463299131803353
2018-05-30 10:40:00,,0.0007895775759967361,0.0,0,0.0,1.0,5066.0,False,0.0,0.0007895775759967361
2018-05-30 11:25:00,,-0.0007889546351085297,-0.0,0,0.0,1.0,5070.0,False,0.0,-0.0007889546351085297
2018-05-30 14:10:00,,0.011448874851954116,0.0,0,0.0,1.0,5066.0,False,0.0,0.011448874851954116
2018-05-30 14:55:00,,-0.006635441061670577,-0.0,0,0.0,1.0,5124.0,False,0.0,-0.006635441061670577
2018-05-30 21:35:00,,0.0023575638506876384,0.0,0,0.0,1.0,5090.0,False,0.0,0.0023575638506876384
2018-05-31 09:40:00,,0.0015680125441004389,0.0,0,0.0,1.0,5102.0,False,0.0,0.0015680125441004389
2018-05-31 10:40:00,,0.0011741682974559797,0.0,0,0.0,1.0,5110.0,False,0.0,0.0011741682974559797
2018-05-31 11:25:00,,-0.0015637216575449253,-0.0,0,0.0,1.0,5116.0,False,0.0,-0.0015637216575449253
2018-05-31 14:10:00,,-0.000783085356303892,-0.0,0,0.0,1.0,5108.0,False,0.0,-0.000783085356303892
2018-05-31 14:55:00,,-0.003526645768025083,-0.0,0,0.0,1.0,5104.0,False,0.0,-0.003526645768025083
2018-05-31 21:35:00,,0.0007864726700748115,0.0,0,0.0,1.0,5086.0,False,0.0,0.0007864726700748115
2018-06-01 09:40:00,,0.0,0.0,0,0.0,1.0,5090.0,False,0.0,0.0
2018-06-01 10:40:00,,-0.001571709233791796,-0.0,0,0.0,1.0,5090.0,False,0.0,-0.001571709233791796
2018-06-01 11:25:00,,0.0007870916961825181,0.0,0,0.0,1.0,5082.0,False,0.0,0.0007870916961825181
2018-06-01 14:10:00,,0.001572945340149401,0.0,0,0.0,1.0,5086.0,False,0.0,0.001572945340149401
2018-06-01 14:55:00,,0.002748331370239443,0.0,0,0.0,1.0,5094.0,False,0.0,0.002748331370239443
2018-06-01 21:35:00,,0.003915426781519127,0.0,0,0.0,1.0,5108.0,False,0.0,0.003915426781519127
2018-06-04 09:40:00,,0.0019500780031200815,0.0,0,0.0,1.0,5128.0,False,0.0,0.0019500780031200815
2018-06-04 10:40:00,,0.0011677695601401972,0.0,0,0.0,1.0,5138.0,False,0.0,0.0011677695601401972
2018-06-04 11:25:00,,-0.004665629860031051,-0.0,0,0.0,1.0,5144.0,False,0.0,-0.004665629860031051
2018-06-04 14:10:00,,-0.0031250000000000444,-0.0,0,0.0,1.0,5120.0,False,0.0,-0.0031250000000000444
2018-06-04 14:55:00,,-0.008620689655172376,-0.0,0,0.0,1.0,5104.0,False,0.0,-0.008620689655172376
2018-06-05 09:40:00,,0.00039525691699604515,0.0,0,0.0,1.0,5060.0,False,0.0,0.00039525691699604515
2018-06-05 10:40:00,,-0.011062821019359959,-0.0,0,0.0,1.0,5062.0,False,0.0,-0.011062821019359959
2018-06-05 11:25:00,,0.0019976028765480436,0.0,0,0.0,1.0,5006.0,False,0.0,0.0019976028765480436
2018-06-05 14:10:00,,0.0011961722488038617,0.0,0,0.0,1.0,5016.0,False,0.0,0.0011961722488038617
2018-06-05 14:55:00,,0.004380724810832293,0.0,0,0.0,1.0,5022.0,False,0.0,0.004380724810832293
2018-06-05 21:35:00,,-0.0023790642347343294,-0.0,0,0.0,1.0,5044.0,False,0.0,-0.0023790642347343294
2018-06-06 09:40:00,,-0.0007949125596183881,-0.0,0,0.0,1.0,5032.0,False,0.0,-0.0007949125596183881
2018-06-06 10:40:00,,0.0007955449482894839,0.0,0,0.0,1.0,5028.0,False,0.0,0.0007955449482894839
2018-06-06 11:25:00,,0.0003974562798092496,0.0,0,0.0,1.0,5032.0,False,0.0,0.0003974562798092496
2018-06-06 14:10:00,,-0.0011918951132300348,-0.0,0,0.0,1.0,5034.0,False,0.0,-0.0011918951132300348
2018-06-06 14:55:00,,0.0023866348448686736,0.0,0,0.0,1.0,5028.0,False,0.0,0.0023866348448686736
2018-06-06 21:35:00,,-0.0031746031746031633,-0.0,0,0.0,1.0,5040.0,False,0.0,-0.0031746031746031633
2018-06-07 09:40:00,,-0.0015923566878981443,-0.0,0,0.0,1.0,5024.0,False,0.0,-0.0015923566878981443
2018-06-07 10:40:00,,-0.0007974481658692412,-0.0,0,0.0,1.0,5016.0,False,0.0,-0.0007974481658692412
2018-06-07 11:25:00,,-0.0003990422984836428,-0.0,0,0.0,1.0,5012.0,False,0.0,-0.0003990422984836428
2018-06-07 14:10:00,,0.003992015968063978,0.0,0,0.0,1.0,5010.0,False,0.0,0.003992015968063978
2018-06-07 14:55:00,,-0.0011928429423458953,-0.0,0,0.0,1.0,5030.0,False,0.0,-0.0011928429423458953
2018-06-07 21:35:00,,-0.0007961783439490722,-0.0,0,0.0,1.0,5024.0,False,0.0,-0.0007961783439490722
2018-06-08 09:40:00,,-0.004780876494023922,-0.0,0,0.0,1.0,5020.0,False,0.0,-0.004780876494023922
2018-06-08 10:40:00,,0.0,0.0,0,0.0,1.0,4996.0,False,0.0,0.0
2018-06-08 11:25:00,,-0.0016012810248198228,-0.0,0,0.0,1.0,4996.0,False,0.0,-0.0016012810248198228
2018-06-08 14:10:00,,-0.00200481154771448,-0.0,0,0.0,1.0,4988.0,False,0.0,-0.00200481154771448
2018-06-08 14:55:00,,0.0,0.0,0,0.0,1.0,4978.0,False,0.0,0.0
2018-06-08 21:35:00,,0.002008838891121023,0.0,0,0.0,1.0,4978.0,False,0.0,0.002008838891121023
2018-06-11 09:40:00,,0.001603849238171584,0.0,0,0.0,1.0,4988.0,False,0.0,0.001603849238171584
2018-06-11 10:40:00,,-0.0012009607686148671,-0.0,0,0.0,1.0,4996.0,False,0.0,-0.0012009607686148671
2018-06-11 11:25:00,,-0.0008016032064128709,-0.0,0,0.0,1.0,4990.0,False,0.0,-0.0008016032064128709
2018-06-11 14:10:00,,-0.003208985158443589,-0.0,0,0.0,1.0,4986.0,False,0.0,-0.003208985158443589
2018-06-11 14:55:00,,0.0016096579476860828,0.0,0,0.0,1.0,4970.0,False,0.0,0.0016096579476860828
2018-06-12 09:40:00,,-0.0012053033346726139,-0.0,0,0.0,1.0,4978.0,False,0.0,-0.0012053033346726139
2018-06-12 10:40:00,,0.0004022526146418848,0.0,0,0.0,1.0,4972.0,False,0.0,0.0004022526146418848
2018-06-12 11:25:00,,-0.003216726980297513,-0.0,0,0.0,1.0,4974.0,False,0.0,-0.003216726980297513
2018-06-12 14:10:00,,-0.0016135538523598392,-0.0,0,0.0,1.0,4958.0,False,0.0,-0.0016135538523598392
2018-06-12 14:55:00,,-0.005656565656565693,-0.0,0,0.0,1.0,4950.0,False,0.0,-0.005656565656565693
2018-06-12 21:35:00,,-0.01503453880536365,-0.0,0,0.0,1.0,4922.0,False,0.0,-0.01503453880536365
2018-06-13 09:40:00,,-0.0024752475247524774,-0.0,0,0.0,1.0,4848.0,False,0.0,-0.0024752475247524774
2018-06-13 10:40:00,,0.003308519437551727,0.0,0,0.0,1.0,4836.0,False,0.0,0.003308519437551727
2018-06-13 11:25:00,,-0.00041220115416318315,-0.0,0,0.0,1.0,4852.0,False,0.0,-0.00041220115416318315
2018-06-13 14:10:00,,0.0004123711340207059,0.0,0,0.0,1.0,4850.0,False,0.0,0.0004123711340207059
2018-06-13 14:55:00,,0.00041220115416318315,0.0,0,0.0,1.0,4852.0,False,0.0,0.00041220115416318315
2018-06-13 21:35:00,,0.0024721878862794533,0.0,0,0.0,1.0,4854.0,False,0.0,0.0024721878862794533
2018-06-14 09:40:00,,0.0012330456226881115,0.0,0,0.0,1.0,4866.0,False,0.0,0.0012330456226881115
2018-06-14 10:40:00,,-0.0012315270935960854,-0.0,0,0.0,1.0,4872.0,False,0.0,-0.0012315270935960854
2018-06-14 11:25:00,,-0.0004110152075627038,-0.0,0,0.0,1.0,4866.0,False,0.0,-0.0004110152075627038
2018-06-14 14:10:00,,-0.000822368421052655,-0.0,0,0.0,1.0,4864.0,False,0.0,-0.000822368421052655
2018-06-14 14:55:00,,0.0004115226337448874,0.0,0,0.0,1.0,4860.0,False,0.0,0.0004115226337448874
2018-06-14 21:35:00,,0.0,0.0,0,0.0,1.0,4862.0,False,0.0,0.0
2018-06-15 09:40:00,,0.002468120115178829,0.0,0,0.0,1.0,4862.0,False,0.0,0.002468120115178829
2018-06-15 10:40:00,,-0.0008206811653672652,-0.0,0,0.0,1.0,4874.0,False,0.0,-0.0008206811653672652
2018-06-15 11:25:00,,0.000410677618069899,0.0,0,0.0,1.0,4870.0,False,0.0,0.000410677618069899
2018-06-15 14:10:00,,-0.0008210180623974273,-0.0,0,0.0,1.0,4872.0,False,0.0,-0.0008210180623974273
2018-06-15 14:55:00,,-0.0020542317173377622,-0.0,0,0.0,1.0,4868.0,False,0.0,-0.0020542317173377622
2018-06-15 21:35:00,,0.003705228489090162,0.0,0,0.0,1.0,4858.0,False,0.0,0.003705228489090162
2018-06-19 09:40:00,,-0.0008203445447088065,-0.0,0,0.0,1.0,4876.0,False,0.0,-0.0008203445447088065
2018-06-19 10:40:00,,-0.007389162561576401,-0.0,0,0.0,1.0,4872.0,False,0.0,-0.007389162561576401
2018-06-19 11:25:00,,-0.042597187758478094,-0.0,0,0.0,1.0,4836.0,False,0.0,-0.042597187758478094
2018-06-19 14:10:00,,0.0008639308855291628,0.0,0,0.0,1.0,4630.0,False,0.0,0.0008639308855291628
2018-06-19 14:55:00,,-0.0060422960725075026,-0.0,0,0.0,1.0,4634.0,False,0.0,-0.0060422960725075026
2018-06-20 09:40:00,,0.008250108554059832,0.0,0,0.0,1.0,4606.0,False,0.0,0.008250108554059832
2018-06-20 10:40:00,,0.0,0.0,0,0.0,1.0,4644.0,False,0.0,0.0
2018-06-20 11:25:00,,0.0008613264427217437,0.0,0,0.0,1.0,4644.0,False,0.0,0.0008613264427217437
2018-06-20 14:10:00,,0.001721170395869276,0.0,0,0.0,1.0,4648.0,False,0.0,0.001721170395869276
2018-06-20 14:55:00,,0.00042955326460480947,0.0,0,0.0,1.0,4656.0,False,0.0,0.00042955326460480947
2018-06-20 21:35:00,,0.006011163589523472,0.0,0,0.0,1.0,4658.0,False,0.0,0.006011163589523472
2018-06-21 09:40:00,,0.0034144259496371454,0.0,0,0.0,1.0,4686.0,False,0.0,0.0034144259496371454
2018-06-21 10:40:00,,-0.0012760527435133895,-0.0,0,0.0,1.0,4702.0,False,0.0,-0.0012760527435133895
2018-06-21 11:25:00,,-0.0017035775127768327,-0.0,0,0.0,1.0,4696.0,False,0.0,-0.0017035775127768327
2018-06-21 14:10:00,,0.00213310580204773,0.0,0,0.0,1.0,4688.0,False,0.0,0.00213310580204773
2018-06-21 14:55:00,,0.0012771392081736277,0.0,0,0.0,1.0,4698.0,False,0.0,0.0012771392081736277
2018-06-21 21:35:00,,-0.003401360544217691,-0.0,0,0.0,1.0,4704.0,False,0.0,-0.003401360544217691
2018-06-22 09:40:00,,0.0012798634812287712,0.0,0,0.0,1.0,4688.0,False,0.0,0.0012798634812287712
2018-06-22 10:40:00,,0.001704303365999138,0.0,0,0.0,1.0,4694.0,False,0.0,0.001704303365999138
2018-06-22 11:25:00,,0.004253509145044632,0.0,0,0.0,1.0,4702.0,False,0.0,0.004253509145044632
2018-06-22 14:10:00,,-0.0012706480304955914,-0.0,0,0.0,1.0,4722.0,False,0.0,-0.0012706480304955914
2018-06-22 14:55:00,,0.0012722646310432406,0.0,0,0.0,1.0,4716.0,False,0.0,0.0012722646310432406
2018-06-22 21:35:00,,0.007200338839474796,0.0,0,0.0,1.0,4722.0,False,0.0,0.007200338839474796
2018-06-25 09:40:00,,-0.005046257359125339,-0.0,0,0.0,1.0,4756.0,False,0.0,-0.005046257359125339
2018-06-25 10:40:00,,-0.0008453085376162184,-0.0,0,0.0,1.0,4732.0,False,0.0,-0.0008453085376162184
2018-06-25 11:25:00,,-0.0025380710659898,-0.0,0,0.0,1.0,4728.0,False,0.0,-0.0025380710659898
2018-06-25 14:10:00,,0.0012722646310432406,0.0,0,0.0,1.0,4716.0,False,0.0,0.0012722646310432406
2018-06-25 14:55:00,,0.004235493434985083,0.0,0,0.0,1.0,4722.0,False,0.0,0.004235493434985083
2018-06-26 09:40:00,,0.001687051876845258,0.0,0,0.0,1.0,4742.0,False,0.0,0.001687051876845258
2018-06-26 10:40:00,,-0.0016842105263158436,-0.0,0,0.0,1.0,4750.0,False,0.0,-0.0016842105263158436
2018-06-26 11:25:00,,0.001265288907633888,0.0,0,0.0,1.0,4742.0,False,0.0,0.001265288907633888
2018-06-26 14:10:00,,-0.0012636899747261454,-0.0,0,0.0,1.0,4748.0,False,0.0,-0.0012636899747261454
2018-06-26 14:55:00,,0.001687051876845258,0.0,0,0.0,1.0,4742.0,False,0.0,0.001687051876845258
2018-06-26 21:35:00,,0.002105263157894832,0.0,0,0.0,1.0,4750.0,False,0.0,0.002105263157894832
2018-06-27 09:40:00,,-0.0008403361344537785,-0.0,0,0.0,1.0,4760.0,False,0.0,-0.0008403361344537785
2018-06-27 10:40:00,,0.001261564339781307,0.0,0,0.0,1.0,4756.0,False,0.0,0.001261564339781307
2018-06-27 11:25:00,,0.0029399412011759107,0.0,0,0.0,1.0,4762.0,False,0.0,0.0029399412011759107
2018-06-27 14:10:00,,0.00041876046901179187,0.0,0,0.0,1.0,4776.0,False,0.0,0.00041876046901179187
2018-06-27 14:55:00,,0.002511511092507357,0.0,0,0.0,1.0,4778.0,False,0.0,0.002511511092507357
2018-06-27 21:35:00,,0.0029227557411273253,0.0,0,0.0,1.0,4790.0,False,0.0,0.0029227557411273253
2018-06-28 09:40:00,,-0.004579517069109085,-0.0,0,0.0,1.0,4804.0,False,0.0,-0.004579517069109085
2018-06-28 10:40:00,,0.0016729401923880616,0.0,0,0.0,1.0,4782.0,False,0.0,0.0016729401923880616
2018-06-28 11:25:00,,0.006263048016701411,0.0,0,0.0,1.0,4790.0,False,0.0,0.006263048016701411
2018-06-28 14:10:00,,-0.0004149377593360981,-0.0,0,0.0,1.0,4820.0,False,0.0,-0.0004149377593360981
2018-06-28 14:55:00,,0.0,0.0,0,0.0,1.0,4818.0,False,0.0,0.0
2018-06-28 21:35:00,,0.006641760066417701,0.0,0,0.0,1.0,4818.0,False,0.0,0.006641760066417701
2018-06-29 09:40:00,,0.004123711340206171,0.0,0,0.0,1.0,4850.0,False,0.0,0.004123711340206171
2018-06-29 10:40:00,,-0.001642710472279263,-0.0,0,0.0,1.0,4870.0,False,0.0,-0.001642710472279263
2018-06-29 11:25:00,,0.0016454134101193674,0.0,0,0.0,1.0,4862.0,False,0.0,0.0016454134101193674
2018-06-29 14:10:00,,-0.001232032854209475,-0.0,0,0.0,1.0,4870.0,False,0.0,-0.001232032854209475
2018-06-29 14:55:00,,-0.0004111842105263275,-0.0,0,0.0,1.0,4864.0,False,0.0,-0.0004111842105263275
2018-06-29 21:35:00,,-0.0012340600575894145,-0.0,0,0.0,1.0,4862.0,False,0.0,-0.0012340600575894145
2018-07-02 09:40:00,,0.0016474464579900872,0.0,0,0.0,1.0,4856.0,False,0.0,0.0016474464579900872
2018-07-02 10:40:00,,-0.000822368421052655,-0.0,0,0.0,1.0,4864.0,False,0.0,-0.000822368421052655
2018-07-02 11:25:00,,-0.002057613168724326,-0.0,0,0.0,1.0,4860.0,False,0.0,-0.002057613168724326
2018-07-02 14:10:00,,0.0016494845360823795,0.0,0,0.0,1.0,4850.0,False,0.0,0.0016494845360823795
2018-07-02 14:55:00,,0.0,0.0,0,0.0,1.0,4858.0,False,0.0,0.0
2018-07-03 09:40:00,,-0.0020584602717167444,-0.0,0,0.0,1.0,4858.0,False,0.0,-0.0020584602717167444
2018-07-03 10:40:00,,0.0070132013201320564,0.0,0,0.0,1.0,4848.0,False,0.0,0.0070132013201320564
2018-07-03 11:25:00,,-0.006145022531749311,-0.0,0,0.0,1.0,4882.0,False,0.0,-0.006145022531749311
2018-07-03 14:10:00,,0.002061005770816138,0.0,0,0.0,1.0,4852.0,False,0.0,0.002061005770816138
2018-07-03 14:55:00,,-0.0012340600575894145,-0.0,0,0.0,1.0,4862.0,False,0.0,-0.0012340600575894145
2018-07-03 21:35:00,,-0.0024711696869851307,-0.0,0,0.0,1.0,4856.0,False,0.0,-0.0024711696869851307
2018-07-04 09:40:00,,0.0,0.0,0,0.0,1.0,4844.0,False,0.0,0.0
2018-07-04 10:40:00,,-0.001238645747316247,-0.0,0,0.0,1.0,4844.0,False,0.0,-0.001238645747316247
2018-07-04 11:25:00,,-0.0020669698222406385,-0.0,0,0.0,1.0,4838.0,False,0.0,-0.0020669698222406385
2018-07-04 14:10:00,,0.00041425020712515526,0.0,0,0.0,1.0,4828.0,False,0.0,0.00041425020712515526
2018-07-04 14:55:00,,-0.0020703933747412417,-0.0,0,0.0,1.0,4830.0,False,0.0,-0.0020703933747412417
2018-07-04 21:35:00,,-0.0024896265560165887,-0.0,0,0.0,1.0,4820.0,False,0.0,-0.0024896265560165887
2018-07-05 09:40:00,,0.005407653910149746,0.0,0,0.0,1.0,4808.0,False,0.0,0.005407653910149746
2018-07-05 10:40:00,,0.0012412081092263438,0.0,0,0.0,1.0,4834.0,False,0.0,0.0012412081092263438
2018-07-05 11:25:00,,-0.0004132231404958553,-0.0,0,0.0,1.0,4840.0,False,0.0,-0.0004132231404958553
2018-07-05 14:10:00,,-0.0012401818933444053,-0.0,0,0.0,1.0,4838.0,False,0.0,-0.0012401818933444053
2018-07-05 14:55:00,,-0.00041390728476820016,-0.0,0,0.0,1.0,4832.0,False,0.0,-0.00041390728476820016
2018-07-05 21:35:00,,0.0008281573498964967,0.0,0,0.0,1.0,4830.0,False,0.0,0.0008281573498964967
2018-07-06 09:40:00,,-0.006206040546131608,-0.0,0,0.0,1.0,4834.0,False,0.0,-0.006206040546131608
2018-07-06 10:40:00,,0.0024979184013322886,0.0,0,0.0,1.0,4804.0,False,0.0,0.0024979184013322886
2018-07-06 11:25:00,,-0.00041528239202659467,-0.0,0,0.0,1.0,4816.0,False,0.0,-0.00041528239202659467
2018-07-06 14:10:00,,0.002908184461985819,0.0,0,0.0,1.0,4814.0,False,0.0,0.002908184461985819
2018-07-06 14:55:00,,-0.0008285004142501995,-0.0,0,0.0,1.0,4828.0,False,0.0,-0.0008285004142501995
2018-07-06 21:35:00,,-0.0012437810945273853,-0.0,0,0.0,1.0,4824.0,False,0.0,-0.0012437810945273853
2018-07-09 09:40:00,,0.00249066002490661,0.0,0,0.0,1.0,4818.0,False,0.0,0.00249066002490661
2018-07-09 10:40:00,,-0.0016563146997929934,-0.0,0,0.0,1.0,4830.0,False,0.0,-0.0016563146997929934
2018-07-09 11:25:00,,-0.0016590626296142386,-0.0,0,0.0,1.0,4822.0,False,0.0,-0.0016590626296142386
2018-07-09 14:10:00,,-0.004154549231408344,-0.0,0,0.0,1.0,4814.0,False,0.0,-0.004154549231408344
2018-07-09 14:55:00,,-0.0016687526074259385,-0.0,0,0.0,1.0,4794.0,False,0.0,-0.0016687526074259385
2018-07-10 09:40:00,,-0.0054325114918512,-0.0,0,0.0,1.0,4786.0,False,0.0,-0.0054325114918512
2018-07-10 10:40:00,,0.0,0.0,0,0.0,1.0,4760.0,False,0.0,0.0
2018-07-10 11:25:00,,-0.010084033613445342,-0.0,0,0.0,1.0,4760.0,False,0.0,-0.010084033613445342
2018-07-10 14:10:00,,0.001697792869269854,0.0,0,0.0,1.0,4712.0,False,0.0,0.001697792869269854
2018-07-10 14:55:00,,-0.0016949152542372614,-0.0,0,0.0,1.0,4720.0,False,0.0,-0.0016949152542372614
2018-07-10 21:35:00,,-0.0004244482173174635,-0.0,0,0.0,1.0,4712.0,False,0.0,-0.0004244482173174635
2018-07-11 09:40:00,,-0.00424628450106157,-0.0,0,0.0,1.0,4710.0,False,0.0,-0.00424628450106157
2018-07-11 10:40:00,,-0.002132196162046962,-0.0,0,0.0,1.0,4690.0,False,0.0,-0.002132196162046962
2018-07-11 11:25:00,,-0.00512820512820511,-0.0,0,0.0,1.0,4680.0,False,0.0,-0.00512820512820511
2018-07-11 14:10:00,,0.0008591065292096189,0.0,0,0.0,1.0,4656.0,False,0.0,0.0008591065292096189
2018-07-11 14:55:00,,-0.0030042918454935563,-0.0,0,0.0,1.0,4660.0,False,0.0,-0.0030042918454935563
2018-07-11 21:35:00,,-0.0021523891519587,-0.0,0,0.0,1.0,4646.0,False,0.0,-0.0021523891519587
2018-07-12 09:40:00,,-0.002157031924072461,-0.0,0,0.0,1.0,4636.0,False,0.0,-0.002157031924072461
2018-07-12 10:40:00,,-0.003026372676178113,-0.0,0,0.0,1.0,4626.0,False,0.0,-0.003026372676178113
2018-07-12 11:25:00,,0.002601908065914982,0.0,0,0.0,1.0,4612.0,False,0.0,0.002601908065914982
2018-07-12 14:10:00,,0.004757785467128128,0.0,0,0.0,1.0,4624.0,False,0.0,0.004757785467128128
2018-07-12 14:55:00,,-0.0008609556607834801,-0.0,0,0.0,1.0,4646.0,False,0.0,-0.0008609556607834801
2018-07-12 21:35:00,,-0.00430848772081005,-0.0,0,0.0,1.0,4642.0,False,0.0,-0.00430848772081005
2018-07-13 09:40:00,,-0.002163565556036362,-0.0,0,0.0,1.0,4622.0,False,0.0,-0.002163565556036362
2018-07-13 10:40:00,,0.0008673026886383273,0.0,0,0.0,1.0,4612.0,False,0.0,0.0008673026886383273
2018-07-13 11:25:00,,0.0025996533795493715,0.0,0,0.0,1.0,4616.0,False,0.0,0.0025996533795493715
2018-07-13 14:10:00,,-0.0017286084701815252,-0.0,0,0.0,1.0,4628.0,False,0.0,-0.0017286084701815252
2018-07-13 14:55:00,,-0.003896103896103842,-0.0,0,0.0,1.0,4620.0,False,0.0,-0.003896103896103842
2018-07-13 21:35:00,,-0.004345936549326357,-0.0,0,0.0,1.0,4602.0,False,0.0,-0.004345936549326357
2018-07-16 09:40:00,,0.0017459624618070269,0.0,0,0.0,1.0,4582.0,False,0.0,0.0017459624618070269
2018-07-16 10:40:00,,0.0,0.0,0,0.0,1.0,4590.0,False,0.0,0.0
2018-07-16 11:25:00,,0.005664488017429248,0.0,0,0.0,1.0,4590.0,False,0.0,0.005664488017429248
2018-07-16 14:10:00,,0.0038994800693241682,0.0,0,0.0,1.0,4616.0,False,0.0,0.0038994800693241682
2018-07-16 14:55:00,,0.00517911091929224,0.0,0,0.0,1.0,4634.0,False,0.0,0.00517911091929224
2018-07-17 09:40:00,,-0.0004293688278230734,-0.0,0,0.0,1.0,4658.0,False,0.0,-0.0004293688278230734
2018-07-17 10:40:00,,-0.002577319587628857,-0.0,0,0.0,1.0,4656.0,False,0.0,-0.002577319587628857
2018-07-17 11:25:00,,-0.003875968992248069,-0.0,0,0.0,1.0,4644.0,False,0.0,-0.003875968992248069
2018-07-17 14:10:00,,0.0017293558149589217,0.0,0,0.0,1.0,4626.0,False,0.0,0.0017293558149589217
2018-07-17 14:55:00,,-0.0004315925766076312,-0.0,0,0.0,1.0,4634.0,False,0.0,-0.0004315925766076312
2018-07-17 21:35:00,,0.0038860103626943143,0.0,0,0.0,1.0,4632.0,False,0.0,0.0038860103626943143
2018-07-18 09:40:00,,0.003870967741935516,0.0,0,0.0,1.0,4650.0,False,0.0,0.003870967741935516
2018-07-18 10:40:00,,0.0008568980291345785,0.0,0,0.0,1.0,4668.0,False,0.0,0.0008568980291345785
2018-07-18 11:25:00,,-0.00042808219178080975,-0.0,0,0.0,1.0,4672.0,False,0.0,-0.00042808219178080975
2018-07-18 14:10:00,,-0.0021413276231263545,-0.0,0,0.0,1.0,4670.0,False,0.0,-0.0021413276231263545
2018-07-18 14:55:00,,0.0,0.0,0,0.0,1.0,4660.0,False,0.0,0.0
2018-07-18 21:35:00,,0.0042918454935623185,0.0,0,0.0,1.0,4660.0,False,0.0,0.0042918454935623185
2018-07-19 09:40:00,,-0.0008547008547008517,-0.0,0,0.0,1.0,4680.0,False,0.0,-0.0008547008547008517
2018-07-19 10:40:00,,-0.00042771599657831505,-0.0,0,0.0,1.0,4676.0,False,0.0,-0.00042771599657831505
2018-07-19 11:25:00,,0.0,0.0,0,0.0,1.0,4674.0,False,0.0,0.0
2018-07-19 14:10:00,,-0.0004278990158322893,-0.0,0,0.0,1.0,4674.0,False,0.0,-0.0004278990158322893
2018-07-19 14:55:00,,-0.00042808219178080975,-0.0,0,0.0,1.0,4672.0,False,0.0,-0.00042808219178080975
2018-07-19 21:35:00,,0.0004282655246252709,0.0,0,0.0,1.0,4670.0,False,0.0,0.0004282655246252709
2018-07-20 09:40:00,,0.001712328767123239,0.0,0,0.0,1.0,4672.0,False,0.0,0.001712328767123239
2018-07-20 10:40:00,,-0.00042735042735042583,-0.0,0,0.0,1.0,4680.0,False,0.0,-0.00042735042735042583
2018-07-20 11:25:00,,-0.0017101325352715246,-0.0,0,0.0,1.0,4678.0,False,0.0,-0.0017101325352715246
2018-07-20 14:10:00,,-0.003426124197002167,-0.0,0,0.0,1.0,4670.0,False,0.0,-0.003426124197002167
2018-07-20 14:55:00,,-0.001718951439621863,-0.0,0,0.0,1.0,4654.0,False,0.0,-0.001718951439621863
2018-07-20 21:35:00,,0.02970297029702973,0.0,0,0.0,1.0,4646.0,False,0.0,0.02970297029702973
2018-07-23 09:40:00,,0.0,0.0,0,0.0,1.0,4784.0,True,0.0,0.0025083612040133207
2018-07-23 10:40:00,,-0.002502085070892446,-0.0,0,0.0,1.0,4796.0,False,0.0,-0.002502085070892446
2018-07-23 11:25:00,,-0.0016722408026755842,-0.0,0,0.0,1.0,4784.0,False,0.0,-0.0016722408026755842
2018-07-23 14:10:00,,-0.00335008375209378,-0.0,0,0.0,1.0,4776.0,False,0.0,-0.00335008375209378
2018-07-23 14:55:00,,-0.001680672268907557,-0.0,0,0.0,1.0,4760.0,False,0.0,-0.001680672268907557
2018-07-24 09:40:00,,0.0,0.0,0,0.0,1.0,4752.0,False,0.0,0.0
2018-07-24 10:40:00,,0.00294612794612803,0.0,0,0.0,1.0,4752.0,False,0.0,0.00294612794612803
2018-07-24 11:25:00,,-0.00041963911036513313,-0.0,0,0.0,1.0,4766.0,False,0.0,-0.00041963911036513313
2018-07-24 14:10:00,,0.0012594458438286438,0.0,0,0.0,1.0,4764.0,False,0.0,0.0012594458438286438
2018-07-24 14:55:00,,0.0,0.0,0,0.0,1.0,4770.0,False,0.0,0.0
2018-07-24 21:35:00,,0.002096436058700135,0.0,0,0.0,1.0,4770.0,False,0.0,0.002096436058700135
2018-07-25 09:40:00,,-0.0004184100418409553,-0.0,0,0.0,1.0,4780.0,False,0.0,-0.0004184100418409553
2018-07-25 10:40:00,,0.0004185851820845965,0.0,0,0.0,1.0,4778.0,False,0.0,0.0004185851820845965
2018-07-25 11:25:00,,-0.0008368200836820217,-0.0,0,0.0,1.0,4780.0,False,0.0,-0.0008368200836820217
2018-07-25 14:10:00,,-0.00041876046901168085,-0.0,0,0.0,1.0,4776.0,False,0.0,-0.00041876046901168085
2018-07-25 14:55:00,,-0.0008378718056137879,-0.0,0,0.0,1.0,4774.0,False,0.0,-0.0008378718056137879
2018-07-25 21:35:00,,0.002096436058700135,0.0,0,0.0,1.0,4770.0,False,0.0,0.002096436058700135
2018-07-26 09:40:00,,0.002510460251045954,0.0,0,0.0,1.0,4780.0,False,0.0,0.002510460251045954
2018-07-26 10:40:00,,0.002086811352253859,0.0,0,0.0,1.0,4792.0,False,0.0,0.002086811352253859
2018-07-26 11:25:00,,-0.0016659725114535062,-0.0,0,0.0,1.0,4802.0,False,0.0,-0.0016659725114535062
2018-07-26 14:10:00,,0.0008343763037130802,0.0,0,0.0,1.0,4794.0,False,0.0,0.0008343763037130802
2018-07-26 14:55:00,,0.0012505210504376585,0.0,0,0.0,1.0,4798.0,False,0.0,0.0012505210504376585
2018-07-26 21:35:00,,0.0012489592006661443,0.0,0,0.0,1.0,4804.0,False,0.0,0.0012489592006661443
2018-07-27 09:40:00,,-0.0016632016632016633,-0.0,0,0.0,1.0,4810.0,False,0.0,-0.0016632016632016633
2018-07-27 10:40:00,,0.0008329862557268086,0.0,0,0.0,1.0,4802.0,False,0.0,0.0008329862557268086
2018-07-27 11:25:00,,0.004993757802746579,0.0,0,0.0,1.0,4806.0,False,0.0,0.004993757802746579
2018-07-27 14:10:00,,0.001242236024844745,0.0,0,0.0,1.0,4830.0,False,0.0,0.001242236024844745
2018-07-27 14:55:00,,0.0020678246484697738,0.0,0,0.0,1.0,4836.0,False,0.0,0.0020678246484697738
2018-07-27 21:35:00,,0.0004127115146512761,0.0,0,0.0,1.0,4846.0,False,0.0,0.0004127115146512761
2018-07-30 09:40:00,,0.0016501650165017256,0.0,0,0.0,1.0,4848.0,False,0.0,0.0016501650165017256
2018-07-30 10:40:00,,-0.002883031301482708,-0.0,0,0.0,1.0,4856.0,False,0.0,-0.002883031301482708
2018-07-30 11:25:00,,0.0008261049153241995,0.0,0,0.0,1.0,4842.0,False,0.0,0.0008261049153241995
2018-07-30 14:10:00,,0.0008254230293025522,0.0,0,0.0,1.0,4846.0,False,0.0,0.0008254230293025522
2018-07-30 14:55:00,,-0.0004123711340205949,-0.0,0,0.0,1.0,4850.0,False,0.0,-0.0004123711340205949
2018-07-31 09:40:00,,0.0008250825082507518,0.0,0,0.0,1.0,4848.0,False,0.0,0.0008250825082507518
2018-07-31 10:40:00,,0.0012366034624897715,0.0,0,0.0,1.0,4852.0,False,0.0,0.0012366034624897715
2018-07-31 11:25:00,,-0.0020584602717167444,-0.0,0,0.0,1.0,4858.0,False,0.0,-0.0020584602717167444
2018-07-31 14:10:00,,-0.004950495049504955,-0.0,0,0.0,1.0,4848.0,False,0.0,-0.004950495049504955
2018-07-31 14:55:00,,0.0024875621890547706,0.0,0,0.0,1.0,4824.0,False,0.0,0.0024875621890547706
2018-07-31 21:35:00,,0.00454921422663368,0.0,0,0.0,1.0,4836.0,False,0.0,0.00454921422663368
2018-08-01 09:40:00,,0.0028818443804035088,0.0,0,0.0,1.0,4858.0,False,0.0,0.0028818443804035088
2018-08-01 10:40:00,,-0.0049261083743842304,-0.0,0,0.0,1.0,4872.0,False,0.0,-0.0049261083743842304
2018-08-01 11:25:00,,0.0012376237623761277,0.0,0,0.0,1.0,4848.0,False,0.0,0.0012376237623761277
2018-08-01 14:10:00,,0.005356407086938519,0.0,0,0.0,1.0,4854.0,False,0.0,0.005356407086938519
2018-08-01 14:55:00,,-0.003278688524590123,-0.0,0,0.0,1.0,4880.0,False,0.0,-0.003278688524590123
2018-08-01 21:35:00,,0.012746710526315708,0.0,0,0.0,1.0,4864.0,False,0.0,0.012746710526315708
2018-08-02 09:40:00,,0.0,0.0,0,0.0,1.0,4926.0,False,0.0,0.0
2018-08-02 10:40:00,,-0.002842062525375555,-0.0,0,0.0,1.0,4926.0,False,0.0,-0.002842062525375555
2018-08-02 11:25:00,,0.0008143322475568926,0.0,0,0.0,1.0,4912.0,False,0.0,0.0008143322475568926
2018-08-02 14:10:00,,0.0,0.0,0,0.0,1.0,4916.0,False,0.0,0.0
2018-08-02 14:55:00,,-0.002847843775427128,-0.0,0,0.0,1.0,4916.0,False,0.0,-0.002847843775427128
2018-08-02 21:35:00,,-0.003263973888208871,-0.0,0,0.0,1.0,4902.0,False,0.0,-0.003263973888208871
2018-08-03 09:40:00,,-0.002865329512893977,-0.0,0,0.0,1.0,4886.0,False,0.0,-0.002865329512893977
2018-08-03 10:40:00,,-0.0016420361247947435,-0.0,0,0.0,1.0,4872.0,False,0.0,-0.0016420361247947435
2018-08-03 11:25:00,,0.0074013157894736725,0.0,0,0.0,1.0,4864.0,False,0.0,0.0074013157894736725
2018-08-03 14:10:00,,-0.0020408163265306367,-0.0,0,0.0,1.0,4900.0,False,0.0,-0.0020408163265306367
2018-08-03 14:55:00,,-0.0036809815950920033,-0.0,0,0.0,1.0,4890.0,False,0.0,-0.0036809815950920033
2018-08-03 21:35:00,,0.002873563218390718,0.0,0,0.0,1.0,4872.0,False,0.0,0.002873563218390718
2018-08-06 09:40:00,,0.006549324600900519,0.0,0,0.0,1.0,4886.0,False,0.0,0.006549324600900519
2018-08-06 10:40:00,,-0.002440016266775147,-0.0,0,0.0,1.0,4918.0,False,0.0,-0.002440016266775147
2018-08-06 11:25:00,,-0.0016306563391764728,-0.0,0,0.0,1.0,4906.0,False,0.0,-0.0016306563391764728
2018-08-06 14:10:00,,-0.0004083299305839283,-0.0,0,0.0,1.0,4898.0,False,0.0,-0.0004083299305839283
2018-08-06 14:55:00,,-0.00040849673202614234,-0.0,0,0.0,1.0,4896.0,False,0.0,-0.00040849673202614234
2018-08-07 09:40:00,,0.000817327339599494,0.0,0,0.0,1.0,4894.0,False,0.0,0.000817327339599494
2018-08-07 10:40:00,,-0.0016333197223356022,-0.0,0,0.0,1.0,4898.0,False,0.0,-0.0016333197223356022
2018-08-07 11:25:00,,0.00040899795501014857,0.0,0,0.0,1.0,4890.0,False,0.0,0.00040899795501014857
2018-08-07 14:10:00,,0.003270645952575535,0.0,0,0.0,1.0,4892.0,False,0.0,0.003270645952575535
2018-08-07 14:55:00,,0.0008149959250203231,0.0,0,0.0,1.0,4908.0,False,0.0,0.0008149959250203231
2018-08-07 21:35:00,,0.0020358306188925646,0.0,0,0.0,1.0,4912.0,False,0.0,0.0020358306188925646
2018-08-08 09:40:00,,0.00040633888663155204,0.0,0,0.0,1.0,4922.0,False,0.0,0.00040633888663155204
2018-08-08 10:40:00,,-0.0008123476848090894,-0.0,0,0.0,1.0,4924.0,False,0.0,-0.0008123476848090894
2018-08-08 11:25:00,,0.0008130081300812275,0.0,0,0.0,1.0,4920.0,False,0.0,0.0008130081300812275
2018-08-08 14:10:00,,-0.002030869212022779,-0.0,0,0.0,1.0,4924.0,False,0.0,-0.002030869212022779
2018-08-08 14:55:00,,0.0016280016280016962,0.0,0,0.0,1.0,4914.0,False,0.0,0.0016280016280016962
2018-08-08 21:35:00,,0.006095083299471726,0.0,0,0.0,1.0,4922.0,False,0.0,0.006095083299471726
2018-08-09 09:40:00,,-0.004442649434571844,-0.0,0,0.0,1.0,4952.0,False,0.0,-0.004442649434571844
2018-08-09 10:40:00,,0.0016227180527383922,0.0,0,0.0,1.0,4930.0,False,0.0,0.0016227180527383922
2018-08-09 11:25:00,,0.0020251113811260435,0.0,0,0.0,1.0,4938.0,False,0.0,0.0020251113811260435
2018-08-09 14:10:00,,0.0,0.0,0,0.0,1.0,4948.0,False,0.0,0.0
2018-08-09 14:55:00,,-0.0004042037186742231,-0.0,0,0.0,1.0,4948.0,False,0.0,-0.0004042037186742231
2018-08-09 21:35:00,,-0.0028305701577031606,-0.0,0,0.0,1.0,4946.0,False,0.0,-0.0028305701577031606
2018-08-10 09:40:00,,0.0012165450121655041,0.0,0,0.0,1.0,4932.0,False,0.0,0.0012165450121655041
2018-08-10 10:40:00,,-0.000810044552450373,-0.0,0,0.0,1.0,4938.0,False,0.0,-0.000810044552450373
2018-08-10 11:25:00,,0.0004053506282934993,0.0,0,0.0,1.0,4934.0,False,0.0,0.0004053506282934993
2018-08-10 14:10:00,,0.008103727714748876,0.0,0,0.0,1.0,4936.0,False,0.0,0.008103727714748876
2018-08-10 14:55:00,,-0.001205787781350498,-0.0,0,0.0,1.0,4976.0,False,0.0,-0.001205787781350498
2018-08-10 21:35:00,,-0.010060362173038184,-0.0,0,0.0,1.0,4970.0,False,0.0,-0.010060362173038184
2018-08-13 09:40:00,,-0.004065040650406471,-0.0,0,0.0,1.0,4920.0,False,0.0,-0.004065040650406471
2018-08-13 10:40:00,,0.0008163265306122547,0.0,0,0.0,1.0,4900.0,False,0.0,0.0008163265306122547
2018-08-13 11:25:00,,0.0004078303425774088,0.0,0,0.0,1.0,4904.0,False,0.0,0.0004078303425774088
2018-08-13 14:10:00,,0.0008153281695881809,0.0,0,0.0,1.0,4906.0,False,0.0,0.0008153281695881809
2018-08-13 14:55:00,,0.0004073319755599769,0.0,0,0.0,1.0,4910.0,False,0.0,0.0004073319755599769
2018-08-14 09:40:00,,0.0020358306188925646,0.0,0,0.0,1.0,4912.0,False,0.0,0.0020358306188925646
2018-08-14 10:40:00,,0.000812677773262882,0.0,0,0.0,1.0,4922.0,False,0.0,0.000812677773262882
2018-08-14 11:25:00,,0.0,0.0,0,0.0,1.0,4926.0,False,0.0,0.0
2018-08-14 14:10:00,,-0.002030044660982555,-0.0,0,0.0,1.0,4926.0,False,0.0,-0.002030044660982555
2018-08-14 14:55:00,,-0.00528885272579338,-0.0,0,0.0,1.0,4916.0,False,0.0,-0.00528885272579338
2018-08-14 21:35:00,,0.006543967280163709,0.0,0,0.0,1.0,4890.0,False,0.0,0.006543967280163709
2018-08-15 09:40:00,,-0.001219016659894323,-0.0,0,0.0,1.0,4922.0,False,0.0,-0.001219016659894323
2018-08-15 10:40:00,,-0.00040683482506098656,-0.0,0,0.0,1.0,4916.0,False,0.0,-0.00040683482506098656
2018-08-15 11:25:00,,-0.00366300366300365,-0.0,0,0.0,1.0,4914.0,False,0.0,-0.00366300366300365
2018-08-15 14:10:00,,-0.00040849673202614234,-0.0,0,0.0,1.0,4896.0,False,0.0,-0.00040849673202614234
2018-08-15 14:55:00,,0.001634654679198988,0.0,0,0.0,1.0,4894.0,False,0.0,0.001634654679198988
2018-08-15 21:35:00,,-0.005711954304365552,-0.0,0,0.0,1.0,4902.0,False,0.0,-0.005711954304365552
2018-08-16 09:40:00,,-0.004103405826836326,-0.0,0,0.0,1.0,4874.0,False,0.0,-0.004103405826836326
2018-08-16 10:40:00,,0.006592501030078246,0.0,0,0.0,1.0,4854.0,False,0.0,0.006592501030078246
2018-08-16 11:25:00,,-0.0024559967253376946,-0.0,0,0.0,1.0,4886.0,False,0.0,-0.0024559967253376946
2018-08-16 14:10:00,,-0.0012310217480508978,-0.0,0,0.0,1.0,4874.0,False,0.0,-0.0012310217480508978
2018-08-16 14:55:00,,-0.0012325390304026573,-0.0,0,0.0,1.0,4868.0,False,0.0,-0.0012325390304026573
2018-08-16 21:35:00,,0.002056766762649209,0.0,0,0.0,1.0,4862.0,False,0.0,0.002056766762649209
2018-08-17 09:40:00,,0.0053366174055828886,0.0,0,0.0,1.0,4872.0,False,0.0,0.0053366174055828886
2018-08-17 10:40:00,,0.008166598611678344,0.0,0,0.0,1.0,4898.0,False,0.0,0.008166598611678344
2018-08-17 11:25:00,,-0.0028351559335763055,-0.0,0,0.0,1.0,4938.0,False,0.0,-0.0028351559335763055
2018-08-17 14:10:00,,-0.0016246953696181787,-0.0,0,0.0,1.0,4924.0,False,0.0,-0.0016246953696181787
2018-08-17 14:55:00,,0.0,0.0,0,0.0,1.0,4916.0,False,0.0,0.0
2018-08-17 21:35:00,,0.0024410089503661414,0.0,0,0.0,1.0,4916.0,False,0.0,0.0024410089503661414
2018-08-20 09:40:00,,0.007305194805194759,0.0,0,0.0,1.0,4928.0,False,0.0,0.007305194805194759
2018-08-20 10:40:00,,-0.0008058017727639033,-0.0,0,0.0,1.0,4964.0,False,0.0,-0.0008058017727639033
2018-08-20 11:25:00,,-0.005241935483870974,-0.0,0,0.0,1.0,4960.0,False,0.0,-0.005241935483870974
2018-08-20 14:10:00,,0.0020267531414672746,0.0,0,0.0,1.0,4934.0,False,0.0,0.0020267531414672746
2018-08-20 14:55:00,,-0.0024271844660194164,-0.0,0,0.0,1.0,4944.0,False,0.0,-0.0024271844660194164
2018-08-21 09:40:00,,-0.0016220600162205612,-0.0,0,0.0,1.0,4932.0,False,0.0,-0.0016220600162205612
2018-08-21 10:40:00,,-0.0012185215272136896,-0.0,0,0.0,1.0,4924.0,False,0.0,-0.0012185215272136896
2018-08-21 11:25:00,,-0.0008133387555917526,-0.0,0,0.0,1.0,4918.0,False,0.0,-0.0008133387555917526
2018-08-21 14:10:00,,0.004477004477004387,0.0,0,0.0,1.0,4914.0,False,0.0,0.004477004477004387
2018-08-21 14:55:00,,0.002431118314424552,0.0,0,0.0,1.0,4936.0,False,0.0,0.002431118314424552
2018-08-21 21:35:00,,0.003233629749393785,0.0,0,0.0,1.0,4948.0,False,0.0,0.003233629749393785
2018-08-22 09:40:00,,0.001208702659145855,0.0,0,0.0,1.0,4964.0,False,0.0,0.001208702659145855
2018-08-22 10:40:00,,-0.0016096579476860828,-0.0,0,0.0,1.0,4970.0,False,0.0,-0.0016096579476860828
2018-08-22 11:25:00,,-0.0016122531237404703,-0.0,0,0.0,1.0,4962.0,False,0.0,-0.0016122531237404703
2018-08-22 14:10:00,,-0.0004037141703673308,-0.0,0,0.0,1.0,4954.0,False,0.0,-0.0004037141703673308
2018-08-22 14:55:00,,0.0012116316639740887,0.0,0,0.0,1.0,4952.0,False,0.0,0.0012116316639740887
2018-08-22 21:35:00,,-0.0012101653892698794,-0.0,0,0.0,1.0,4958.0,False,0.0,-0.0012101653892698794
2018-08-23 09:40:00,,-0.0024232633279482885,-0.0,0,0.0,1.0,4952.0,False,0.0,-0.0024232633279482885
2018-08-23 10:40:00,,-0.0012145748987854033,-0.0,0,0.0,1.0,4940.0,False,0.0,-0.0012145748987854033
2018-08-23 11:25:00,,-0.0008107012565869987,-0.0,0,0.0,1.0,4934.0,False,0.0,-0.0008107012565869987
2018-08-23 14:10:00,,0.0024340770791075883,0.0,0,0.0,1.0,4930.0,False,0.0,0.0024340770791075883
2018-08-23 14:55:00,,-0.001214083367057861,-0.0,0,0.0,1.0,4942.0,False,0.0,-0.001214083367057861
2018-08-23 21:35:00,,-0.0016207455429497752,-0.0,0,0.0,1.0,4936.0,False,0.0,-0.0016207455429497752
2018-08-24 09:40:00,,0.0012175324675325339,0.0,0,0.0,1.0,4928.0,False,0.0,0.0012175324675325339
2018-08-24 10:40:00,,0.004053506282934771,0.0,0,0.0,1.0,4934.0,False,0.0,0.004053506282934771
2018-08-24 11:25:00,,-0.004844570044408525,-0.0,0,0.0,1.0,4954.0,False,0.0,-0.004844570044408525
2018-08-24 14:10:00,,-0.0016227180527383922,-0.0,0,0.0,1.0,4930.0,False,0.0,-0.0016227180527383922
2018-08-24 14:55:00,,-0.000812677773262882,-0.0,0,0.0,1.0,4922.0,False,0.0,-0.000812677773262882
2018-08-24 21:35:00,,-0.0073200488003253295,-0.0,0,0.0,1.0,4918.0,False,0.0,-0.0073200488003253295
2018-08-27 09:40:00,,-0.002458009012699658,-0.0,0,0.0,1.0,4882.0,False,0.0,-0.002458009012699658
2018-08-27 10:40:00,,0.001232032854209475,0.0,0,0.0,1.0,4870.0,False,0.0,0.001232032854209475
2018-08-27 11:25:00,,-0.003281378178835115,-0.0,0,0.0,1.0,4876.0,False,0.0,-0.003281378178835115
2018-08-27 14:10:00,,-0.0008230452674896638,-0.0,0,0.0,1.0,4860.0,False,0.0,-0.0008230452674896638
2018-08-27 14:55:00,,0.0032948929159801743,0.0,0,0.0,1.0,4856.0,False,0.0,0.0032948929159801743
2018-08-28 09:40:00,,0.0008210180623973162,0.0,0,0.0,1.0,4872.0,False,0.0,0.0008210180623973162
2018-08-28 10:40:00,,-0.002050861361771905,-0.0,0,0.0,1.0,4876.0,False,0.0,-0.002050861361771905
2018-08-28 11:25:00,,0.0032881216605014085,0.0,0,0.0,1.0,4866.0,False,0.0,0.0032881216605014085
2018-08-28 14:10:00,,0.0016386726751331793,0.0,0,0.0,1.0,4882.0,False,0.0,0.0016386726751331793
2018-08-28 14:55:00,,0.0016359918200408163,0.0,0,0.0,1.0,4890.0,False,0.0,0.0016359918200408163
2018-08-28 21:35:00,,-0.004899959167006918,-0.0,0,0.0,1.0,4898.0,False,0.0,-0.004899959167006918
2018-08-29 09:40:00,,0.002051702913418163,0.0,0,0.0,1.0,4874.0,False,0.0,0.002051702913418163
2018-08-29 10:40:00,,-0.0008190008190007703,-0.0,0,0.0,1.0,4884.0,False,0.0,-0.0008190008190007703
2018-08-29 11:25:00,,-0.0024590163934425924,-0.0,0,0.0,1.0,4880.0,False,0.0,-0.0024590163934425924
2018-08-29 14:10:00,,0.0016433853738702098,0.0,0,0.0,1.0,4868.0,False,0.0,0.0016433853738702098
2018-08-29 14:55:00,,-0.004101722723543921,-0.0,0,0.0,1.0,4876.0,False,0.0,-0.004101722723543921
2018-08-29 21:35:00,,0.0024711696869852418,0.0,0,0.0,1.0,4856.0,False,0.0,0.0024711696869852418
2018-08-30 09:40:00,,-0.002875924404272756,-0.0,0,0.0,1.0,4868.0,False,0.0,-0.002875924404272756
2018-08-30 10:40:00,,0.003708281829418958,0.0,0,0.0,1.0,4854.0,False,0.0,0.003708281829418958
2018-08-30 11:25:00,,0.0008210180623973162,0.0,0,0.0,1.0,4872.0,False,0.0,0.0008210180623973162
2018-08-30 14:10:00,,0.0008203445447088065,0.0,0,0.0,1.0,4876.0,False,0.0,0.0008203445447088065
2018-08-30 14:55:00,,0.0016393442622950616,0.0,0,0.0,1.0,4880.0,False,0.0,0.0016393442622950616
2018-08-30 21:35:00,,0.0008183306055646877,0.0,0,0.0,1.0,4888.0,False,0.0,0.0008183306055646877
2018-08-31 09:40:00,,0.0020441537203597093,0.0,0,0.0,1.0,4892.0,False,0.0,0.0020441537203597093
2018-08-31 10:40:00,,-0.002447980416156681,-0.0,0,0.0,1.0,4902.0,False,0.0,-0.002447980416156681
2018-08-31 11:25:00,,-0.0004089979550102596,-0.0,0,0.0,1.0,4890.0,False,0.0,-0.0004089979550102596
2018-08-31 14:10:00,,0.0012274959083469206,0.0,0,0.0,1.0,4888.0,False,0.0,0.0012274959083469206
2018-08-31 14:55:00,,-0.002860645688598229,-0.0,0,0.0,1.0,4894.0,False,0.0,-0.002860645688598229
2018-08-31 21:35:00,,-0.006967213114754123,-0.0,0,0.0,1.0,4880.0,False,0.0,-0.006967213114754123
2018-09-03 09:40:00,,0.004952538175815091,0.0,0,0.0,1.0,4846.0,False,0.0,0.004952538175815091
2018-09-03 10:40:00,,-0.000821355236139576,-0.0,0,0.0,1.0,4870.0,False,0.0,-0.000821355236139576
2018-09-03 11:25:00,,0.0036991368680641123,0.0,0,0.0,1.0,4866.0,False,0.0,0.0036991368680641123
2018-09-03 14:10:00,,-0.00040950040950038513,-0.0,0,0.0,1.0,4884.0,False,0.0,-0.00040950040950038513
2018-09-03 14:55:00,,0.0036870135190496534,0.0,0,0.0,1.0,4882.0,False,0.0,0.0036870135190496534
2018-09-04 09:40:00,,0.008571428571428674,0.0,0,0.0,1.0,4900.0,False,0.0,0.008571428571428674
2018-09-04 10:40:00,,0.003642250101173694,0.0,0,0.0,1.0,4942.0,False,0.0,0.003642250101173694
2018-09-04 11:25:00,,-0.0012096774193548487,-0.0,0,0.0,1.0,4960.0,False,0.0,-0.0012096774193548487
2018-09-04 14:10:00,,-0.002422285022204318,-0.0,0,0.0,1.0,4954.0,False,0.0,-0.002422285022204318
2018-09-04 14:55:00,,0.0,0.0,0,0.0,1.0,4942.0,False,0.0,0.0
2018-09-04 21:35:00,,0.0016187778227438887,0.0,0,0.0,1.0,4942.0,False,0.0,0.0016187778227438887
2018-09-05 09:40:00,,0.00040404040404040664,0.0,0,0.0,1.0,4950.0,False,0.0,0.00040404040404040664
2018-09-05 10:40:00,,-0.0008077544426494665,-0.0,0,0.0,1.0,4952.0,False,0.0,-0.0008077544426494665
2018-09-05 11:25:00,,0.0,0.0,0,0.0,1.0,4948.0,False,0.0,0.0
2018-09-05 14:10:00,,-0.0008084074373484462,-0.0,0,0.0,1.0,4948.0,False,0.0,-0.0008084074373484462
2018-09-05 14:55:00,,-0.0016181229773463146,-0.0,0,0.0,1.0,4944.0,False,0.0,-0.0016181229773463146
2018-09-05 21:35:00,,0.0,0.0,0,0.0,1.0,4936.0,False,0.0,0.0
2018-09-06 09:40:00,,0.0008103727714747766,0.0,0,0.0,1.0,4936.0,False,0.0,0.0008103727714747766
2018-09-06 10:40:00,,0.00040485829959524544,0.0,0,0.0,1.0,4940.0,False,0.0,0.00040485829959524544
2018-09-06 11:25:00,,-0.0020234722784298054,-0.0,0,0.0,1.0,4942.0,False,0.0,-0.0020234722784298054
2018-09-06 14:10:00,,-0.0008110300081103361,-0.0,0,0.0,1.0,4932.0,False,0.0,-0.0008110300081103361
2018-09-06 14:55:00,,0.0008116883116882079,0.0,0,0.0,1.0,4928.0,False,0.0,0.0008116883116882079
2018-09-06 21:35:00,,0.0012165450121655041,0.0,0,0.0,1.0,4932.0,False,0.0,0.0012165450121655041
2018-09-07 09:40:00,,-0.004050222762251976,-0.0,0,0.0,1.0,4938.0,False,0.0,-0.004050222762251976
2018-09-07 10:40:00,,-0.004880032533550183,-0.0,0,0.0,1.0,4918.0,False,0.0,-0.004880032533550183
2018-09-07 11:25:00,,0.0,0.0,0,0.0,1.0,4894.0,False,0.0,0.0
2018-09-07 14:10:00,,-0.002451982018798482,-0.0,0,0.0,1.0,4894.0,False,0.0,-0.002451982018798482
2018-09-07 14:55:00,,0.0036870135190496534,0.0,0,0.0,1.0,4882.0,False,0.0,0.0036870135190496534
2018-09-07 21:35:00,,-0.0032653061224490187,-0.0,0,0.0,1.0,4900.0,False,0.0,-0.0032653061224490187
2018-09-10 09:40:00,,0.003276003276003303,0.0,0,0.0,1.0,4884.0,False,0.0,0.003276003276003303
2018-09-10 10:40:00,,-0.004081632653061273,-0.0,0,0.0,1.0,4900.0,False,0.0,-0.004081632653061273
2018-09-10 11:25:00,,0.002049180327868827,0.0,0,0.0,1.0,4880.0,False,0.0,0.002049180327868827
2018-09-10 14:10:00,,0.004907975460122671,0.0,0,0.0,1.0,4890.0,False,0.0,0.004907975460122671
2018-09-10 14:55:00,,0.0016280016280016962,0.0,0,0.0,1.0,4914.0,False,0.0,0.0016280016280016962
2018-09-11 09:40:00,,-0.000812677773262882,-0.0,0,0.0,1.0,4922.0,False,0.0,-0.000812677773262882
2018-09-11 10:40:00,,-0.0020333468889792705,-0.0,0,0.0,1.0,4918.0,False,0.0,-0.0020333468889792705
2018-09-11 11:25:00,,0.0,0.0,0,0.0,1.0,4908.0,False,0.0,0.0
2018-09-11 14:10:00,,0.004074979625101838,0.0,0,0.0,1.0,4908.0,False,0.0,0.004074979625101838
2018-09-11 14:55:00,,-0.0016233766233766378,-0.0,0,0.0,1.0,4928.0,False,0.0,-0.0016233766233766378
2018-09-11 21:35:00,,-0.00040650406504061376,-0.0,0,0.0,1.0,4920.0,False,0.0,-0.00040650406504061376
2018-09-12 09:40:00,,-0.0008133387555917526,-0.0,0,0.0,1.0,4918.0,False,0.0,-0.0008133387555917526
2018-09-12 10:40:00,,0.0,0.0,0,0.0,1.0,4914.0,False,0.0,0.0
2018-09-12 11:25:00,,0.0012210012210012167,0.0,0,0.0,1.0,4914.0,False,0.0,0.0012210012210012167
2018-09-12 14:10:00,,-0.0060975609756097615,-0.0,0,0.0,1.0,4920.0,False,0.0,-0.0060975609756097615
2018-09-12 14:55:00,,-0.0016359918200409274,-0.0,0,0.0,1.0,4890.0,False,0.0,-0.0016359918200409274
2018-09-12 21:35:00,,0.0028676771814830637,0.0,0,0.0,1.0,4882.0,False,0.0,0.0028676771814830637
2018-09-13 09:40:00,,0.004901960784313708,0.0,0,0.0,1.0,4896.0,False,0.0,0.004901960784313708
2018-09-13 10:40:00,,-0.004878048780487809,-0.0,0,0.0,1.0,4920.0,False,0.0,-0.004878048780487809
2018-09-13 11:25:00,,-0.0032679738562091387,-0.0,0,0.0,1.0,4896.0,False,0.0,-0.0032679738562091387
2018-09-13 14:10:00,,-0.0004098360655737654,-0.0,0,0.0,1.0,4880.0,False,0.0,-0.0004098360655737654
2018-09-13 14:55:00,,-0.0012300123001229846,-0.0,0,0.0,1.0,4878.0,False,0.0,-0.0012300123001229846
2018-09-13 21:35:00,,0.0012315270935960854,0.0,0,0.0,1.0,4872.0,False,0.0,0.0012315270935960854
2018-09-14 09:40:00,,0.00041000410004099486,0.0,0,0.0,1.0,4878.0,False,0.0,0.00041000410004099486
2018-09-14 10:40:00,,0.0012295081967212962,0.0,0,0.0,1.0,4880.0,False,0.0,0.0012295081967212962
2018-09-14 11:25:00,,-0.0032746623004502595,-0.0,0,0.0,1.0,4886.0,False,0.0,-0.0032746623004502595
2018-09-14 14:10:00,,-0.000410677618069788,-0.0,0,0.0,1.0,4870.0,False,0.0,-0.000410677618069788
2018-09-14 14:55:00,,-0.004930156121610518,-0.0,0,0.0,1.0,4868.0,False,0.0,-0.004930156121610518
2018-09-14 21:35:00,,0.00041288191577204536,0.0,0,0.0,1.0,4844.0,False,0.0,0.00041288191577204536
2018-09-17 09:40:00,,0.0024762690879076565,0.0,0,0.0,1.0,4846.0,False,0.0,0.0024762690879076565
2018-09-17 10:40:00,,-0.001235076163030091,-0.0,0,0.0,1.0,4858.0,False,0.0,-0.001235076163030091
2018-09-17 11:25:00,,0.002473206924979321,0.0,0,0.0,1.0,4852.0,False,0.0,0.002473206924979321
2018-09-17 14:10:00,,-0.0028782894736841813,-0.0,0,0.0,1.0,4864.0,False,0.0,-0.0028782894736841813
2018-09-17 14:55:00,,-0.0016494845360824906,-0.0,0,0.0,1.0,4850.0,False,0.0,-0.0016494845360824906
2018-09-18 09:40:00,,-0.00330441966129702,-0.0,0,0.0,1.0,4842.0,False,0.0,-0.00330441966129702
2018-09-18 10:40:00,,-0.004973062577704135,-0.0,0,0.0,1.0,4826.0,False,0.0,-0.004973062577704135
2018-09-18 11:25:00,,-0.0016659725114535062,-0.0,0,0.0,1.0,4802.0,False,0.0,-0.0016659725114535062
2018-09-18 14:10:00,,-0.0016687526074259385,-0.0,0,0.0,1.0,4794.0,False,0.0,-0.0016687526074259385
2018-09-18 14:55:00,,-0.0029251984956122357,-0.0,0,0.0,1.0,4786.0,False,0.0,-0.0029251984956122357
2018-09-18 21:35:00,,0.0012573344509638762,0.0,0,0.0,1.0,4772.0,False,0.0,0.0012573344509638762
2018-09-19 09:40:00,,-0.002511511092507357,-0.0,0,0.0,1.0,4778.0,False,0.0,-0.002511511092507357
2018-09-19 10:40:00,,-0.0008392782207301552,-0.0,0,0.0,1.0,4766.0,False,0.0,-0.0008392782207301552
2018-09-19 11:25:00,,-0.005459890802184009,-0.0,0,0.0,1.0,4762.0,False,0.0,-0.005459890802184009
2018-09-19 14:10:00,,0.0,0.0,0,0.0,1.0,4736.0,False,0.0,0.0
2018-09-19 14:55:00,,-0.0016891891891891442,-0.0,0,0.0,1.0,4736.0,False,0.0,-0.0016891891891891442
2018-09-19 21:35:00,,-0.0029610829103214886,-0.0,0,0.0,1.0,4728.0,False,0.0,-0.0029610829103214886
2018-09-20 09:40:00,,0.0,0.0,0,0.0,1.0,4714.0,False,0.0,0.0
2018-09-20 10:40:00,,-0.00042426813746287984,-0.0,0,0.0,1.0,4714.0,False,0.0,-0.00042426813746287984
2018-09-20 11:25:00,,0.0,0.0,0,0.0,1.0,4712.0,False,0.0,0.0
2018-09-20 14:10:00,,-0.005093378607809895,-0.0,0,0.0,1.0,4712.0,False,0.0,-0.005093378607809895
2018-09-20 14:55:00,,-0.00213310580204773,-0.0,0,0.0,1.0,4688.0,False,0.0,-0.00213310580204773
2018-09-20 21:35:00,,0.0029927319367251126,0.0,0,0.0,1.0,4678.0,False,0.0,0.0029927319367251126
2018-09-21 09:40:00,,-0.002557544757033292,-0.0,0,0.0,1.0,4692.0,False,0.0,-0.002557544757033292
2018-09-21 10:40:00,,-0.004700854700854684,-0.0,0,0.0,1.0,4680.0,False,0.0,-0.004700854700854684
2018-09-21 11:25:00,,0.0,0.0,0,0.0,1.0,4658.0,False,0.0,0.0
2018-09-21 14:10:00,,0.002146844139115478,0.0,0,0.0,1.0,4658.0,False,0.0,0.002146844139115478
2018-09-21 14:55:00,,-0.0012853470437017567,-0.0,0,0.0,1.0,4668.0,False,0.0,-0.0012853470437017567
2018-09-21 21:35:00,,0.006006006006006093,0.0,0,0.0,1.0,4662.0,False,0.0,0.006006006006006093
2018-09-25 09:40:00,,0.0008528784648187404,0.0,0,0.0,1.0,4690.0,False,0.0,0.0008528784648187404
2018-09-25 10:40:00,,0.002556455048998707,0.0,0,0.0,1.0,4694.0,False,0.0,0.002556455048998707
2018-09-25 11:25:00,,-0.003399915002124998,-0.0,0,0.0,1.0,4706.0,False,0.0,-0.003399915002124998
2018-09-25 14:10:00,,-0.0008528784648187404,-0.0,0,0.0,1.0,4690.0,False,0.0,-0.0008528784648187404
2018-09-25 14:55:00,,0.0059752454118651155,0.0,0,0.0,1.0,4686.0,False,0.0,0.0059752454118651155
2018-09-26 09:40:00,,0.004242681374628798,0.0,0,0.0,1.0,4714.0,False,0.0,0.004242681374628798
2018-09-26 10:40:00,,-0.0012674271229404788,-0.0,0,0.0,1.0,4734.0,False,0.0,-0.0012674271229404788
2018-09-26 11:25:00,,-0.0008460236886632666,-0.0,0,0.0,1.0,4728.0,False,0.0,-0.0008460236886632666
2018-09-26 14:10:00,,-0.00042337002540215884,-0.0,0,0.0,1.0,4724.0,False,0.0,-0.00042337002540215884
2018-09-26 14:55:00,,0.0033883947479882437,0.0,0,0.0,1.0,4722.0,False,0.0,0.0033883947479882437
2018-09-26 21:35:00,,-0.007176023638666096,-0.0,0,0.0,1.0,4738.0,False,0.0,-0.007176023638666096
2018-09-27 09:40:00,,0.002125850340136015,0.0,0,0.0,1.0,4704.0,False,0.0,0.002125850340136015
2018-09-27 10:40:00,,-0.0008485362749257597,-0.0,0,0.0,1.0,4714.0,False,0.0,-0.0008485362749257597
2018-09-27 11:25:00,,-0.000424628450106157,-0.0,0,0.0,1.0,4710.0,False,0.0,-0.000424628450106157
2018-09-27 14:10:00,,0.0021240441801189114,0.0,0,0.0,1.0,4708.0,False,0.0,0.0021240441801189114
2018-09-27 14:55:00,,0.003391267486222871,0.0,0,0.0,1.0,4718.0,False,0.0,0.003391267486222871
2018-09-27 21:35:00,,-0.006337135614702172,-0.0,0,0.0,1.0,4734.0,False,0.0,-0.006337135614702172
2018-09-28 09:40:00,,0.001700680272108901,0.0,0,0.0,1.0,4704.0,False,0.0,0.001700680272108901
2018-09-28 10:40:00,,0.0012733446519523905,0.0,0,0.0,1.0,4712.0,False,0.0,0.0012733446519523905
2018-09-28 11:25:00,,-0.0025434506146672087,-0.0,0,0.0,1.0,4718.0,False,0.0,-0.0025434506146672087
2018-09-28 14:10:00,,-0.0025499362515937207,-0.0,0,0.0,1.0,4706.0,False,0.0,-0.0025499362515937207
2018-09-28 14:55:00,,0.0012782275244993535,0.0,0,0.0,1.0,4694.0,False,0.0,0.0012782275244993535
2018-09-28 21:35:00,,0.010638297872340496,0.0,0,0.0,1.0,4700.0,False,0.0,0.010638297872340496
2018-10-08 09:40:00,,-0.00042105263157898865,-0.0,0,0.0,1.0,4750.0,False,0.0,-0.00042105263157898865
2018-10-08 10:40:00,,-0.0004212299915753448,-0.0,0,0.0,1.0,4748.0,False,0.0,-0.0004212299915753448
2018-10-08 11:25:00,,0.0004214075010535723,0.0,0,0.0,1.0,4746.0,False,0.0,0.0004214075010535723
2018-10-08 14:10:00,,-0.0008424599831508006,-0.0,0,0.0,1.0,4748.0,False,0.0,-0.0008424599831508006
2018-10-08 14:55:00,,0.008010118043844772,0.0,0,0.0,1.0,4744.0,False,0.0,0.008010118043844772
2018-10-09 09:40:00,,0.0025094102885820924,0.0,0,0.0,1.0,4782.0,False,0.0,0.0025094102885820924
2018-10-09 10:40:00,,0.0020859407592823676,0.0,0,0.0,1.0,4794.0,False,0.0,0.0020859407592823676
2018-10-09 11:25:00,,0.0,0.0,0,0.0,1.0,4804.0,False,0.0,0.0
2018-10-09 14:10:00,,-0.002914238134887559,-0.0,0,0.0,1.0,4804.0,False,0.0,-0.002914238134887559
2018-10-09 14:55:00,,0.0012526096033402823,0.0,0,0.0,1.0,4790.0,False,0.0,0.0012526096033402823
2018-10-09 21:35:00,,-0.0004170141784820558,-0.0,0,0.0,1.0,4796.0,False,0.0,-0.0004170141784820558
2018-10-10 09:40:00,,-0.0025031289111389077,-0.0,0,0.0,1.0,4794.0,False,0.0,-0.0025031289111389077
2018-10-10 10:40:00,,0.0029276453366791078,0.0,0,0.0,1.0,4782.0,False,0.0,0.0029276453366791078
2018-10-10 11:25:00,,0.002085070892410279,0.0,0,0.0,1.0,4796.0,False,0.0,0.002085070892410279
2018-10-10 14:10:00,,-0.0004161464835622519,-0.0,0,0.0,1.0,4806.0,False,0.0,-0.0004161464835622519
2018-10-10 14:55:00,,0.0008326394671107629,0.0,0,0.0,1.0,4804.0,False,0.0,0.0008326394671107629
2018-10-10 21:35:00,,-0.009983361064891838,-0.0,0,0.0,1.0,4808.0,False,0.0,-0.009983361064891838
2018-10-11 09:40:00,,-0.008403361344537785,-0.0,0,0.0,1.0,4760.0,False,0.0,-0.008403361344537785
2018-10-11 10:40:00,,-0.0008474576271186862,-0.0,0,0.0,1.0,4720.0,False,0.0,-0.0008474576271186862
2018-10-11 11:25:00,,0.0008481764206955678,0.0,0,0.0,1.0,4716.0,False,0.0,0.0008481764206955678
2018-10-11 14:10:00,,0.0021186440677967155,0.0,0,0.0,1.0,4720.0,False,0.0,0.0021186440677967155
2018-10-11 14:55:00,,-0.0012684989429175841,-0.0,0,0.0,1.0,4730.0,False,0.0,-0.0012684989429175841
2018-10-11 21:35:00,,0.006350550381033049,0.0,0,0.0,1.0,4724.0,False,0.0,0.006350550381033049
2018-10-12 09:40:00,,0.0016827934371055342,0.0,0,0.0,1.0,4754.0,False,0.0,0.0016827934371055342
2018-10-12 10:40:00,,0.0029399412011759107,0.0,0,0.0,1.0,4762.0,False,0.0,0.0029399412011759107
2018-10-12 11:25:00,,-0.0016750418760469454,-0.0,0,0.0,1.0,4776.0,False,0.0,-0.0016750418760469454
2018-10-12 14:10:00,,0.002097315436241587,0.0,0,0.0,1.0,4768.0,False,0.0,0.002097315436241587
2018-10-12 14:55:00,,0.0029300962745919534,0.0,0,0.0,1.0,4778.0,False,0.0,0.0029300962745919534
2018-10-12 21:35:00,,0.005008347245408995,0.0,0,0.0,1.0,4792.0,False,0.0,0.005008347245408995
2018-10-15 09:40:00,,0.0020764119601328623,0.0,0,0.0,1.0,4816.0,False,0.0,0.0020764119601328623
2018-10-15 10:40:00,,0.001243265644426117,0.0,0,0.0,1.0,4826.0,False,0.0,0.001243265644426117
2018-10-15 11:25:00,,-0.0016556291390728006,-0.0,0,0.0,1.0,4832.0,False,0.0,-0.0016556291390728006
2018-10-15 14:10:00,,-0.0008291873963516272,-0.0,0,0.0,1.0,4824.0,False,0.0,-0.0008291873963516272
2018-10-15 14:55:00,,-0.007053941908713668,-0.0,0,0.0,1.0,4820.0,False,0.0,-0.007053941908713668
2018-10-16 09:40:00,,0.005850396991224471,0.0,0,0.0,1.0,4786.0,False,0.0,0.005850396991224471
2018-10-16 10:40:00,,0.0004154549231407678,0.0,0,0.0,1.0,4814.0,False,0.0,0.0004154549231407678
2018-10-16 11:25:00,,-0.003737541528239241,-0.0,0,0.0,1.0,4816.0,False,0.0,-0.003737541528239241
2018-10-16 14:10:00,,-0.002084201750729431,-0.0,0,0.0,1.0,4798.0,False,0.0,-0.002084201750729431
2018-10-16 14:55:00,,-0.0012531328320801727,-0.0,0,0.0,1.0,4788.0,False,0.0,-0.0012531328320801727
2018-10-16 21:35:00,,0.0025094102885820924,0.0,0,0.0,1.0,4782.0,False,0.0,0.0025094102885820924
2018-10-17 09:40:00,,-0.0004171881518565401,-0.0,0,0.0,1.0,4794.0,False,0.0,-0.0004171881518565401
2018-10-17 10:40:00,,0.002921535893155358,0.0,0,0.0,1.0,4792.0,False,0.0,0.002921535893155358
2018-10-17 11:25:00,,0.0,0.0,0,0.0,1.0,4806.0,False,0.0,0.0
2018-10-17 14:10:00,,0.0008322929671245038,0.0,0,0.0,1.0,4806.0,False,0.0,0.0008322929671245038
2018-10-17 14:55:00,,0.0004158004158003603,0.0,0,0.0,1.0,4810.0,False,0.0,0.0004158004158003603
2018-10-17 21:35:00,,-0.004987531172069848,-0.0,0,0.0,1.0,4812.0,False,0.0,-0.004987531172069848
2018-10-18 09:40:00,,-0.005430242272347563,-0.0,0,0.0,1.0,4788.0,False,0.0,-0.005430242272347563
2018-10-18 10:40:00,,0.0008399832003360697,0.0,0,0.0,1.0,4762.0,False,0.0,0.0008399832003360697
2018-10-18 11:25:00,,-0.0016785564414603105,-0.0,0,0.0,1.0,4766.0,False,0.0,-0.0016785564414603105
2018-10-18 14:10:00,,-0.0021017234131988083,-0.0,0,0.0,1.0,4758.0,False,0.0,-0.0021017234131988083
2018-10-18 14:55:00,,-0.0033698399326032025,-0.0,0,0.0,1.0,4748.0,False,0.0,-0.0033698399326032025
2018-10-18 21:35:00,,0.002958579881656709,0.0,0,0.0,1.0,4732.0,False,0.0,0.002958579881656709
2018-10-19 09:40:00,,-0.0021070375052676393,-0.0,0,0.0,1.0,4746.0,False,0.0,-0.0021070375052676393
2018-10-19 10:40:00,,0.0021114864864864025,0.0,0,0.0,1.0,4736.0,False,0.0,0.0021114864864864025
2018-10-19 11:25:00,,-0.0025284450063211006,-0.0,0,0.0,1.0,4746.0,False,0.0,-0.0025284450063211006
2018-10-19 14:10:00,,0.0021123785382339832,0.0,0,0.0,1.0,4734.0,False,0.0,0.0021123785382339832
2018-10-19 14:55:00,,-0.001264755480607116,-0.0,0,0.0,1.0,4744.0,False,0.0,-0.001264755480607116
2018-10-19 21:35:00,,0.0025327142254114587,0.0,0,0.0,1.0,4738.0,False,0.0,0.0025327142254114587
2018-10-22 09:40:00,,-0.00042105263157898865,-0.0,0,0.0,1.0,4750.0,False,0.0,-0.00042105263157898865
2018-10-22 10:40:00,,0.0004212299915753448,0.0,0,0.0,1.0,4748.0,False,0.0,0.0004212299915753448
2018-10-22 11:25:00,,0.002105263157894832,0.0,0,0.0,1.0,4750.0,False,0.0,0.002105263157894832
2018-10-22 14:10:00,,0.00042016806722688926,0.0,0,0.0,1.0,4760.0,False,0.0,0.00042016806722688926
2018-10-22 14:55:00,,0.0029399412011759107,0.0,0,0.0,1.0,4762.0,False,0.0,0.0029399412011759107
2018-10-23 09:40:00,,0.003350083752093891,0.0,0,0.0,1.0,4776.0,False,0.0,0.003350083752093891
2018-10-23 10:40:00,,-0.0012520868113522488,-0.0,0,0.0,1.0,4792.0,False,0.0,-0.0012520868113522488
2018-10-23 11:25:00,,-0.0033430839949853963,-0.0,0,0.0,1.0,4786.0,False,0.0,-0.0033430839949853963
2018-10-23 14:10:00,,0.0,0.0,0,0.0,1.0,4770.0,False,0.0,0.0
2018-10-23 14:55:00,,-0.0008385744234801207,-0.0,0,0.0,1.0,4770.0,False,0.0,-0.0008385744234801207
2018-10-23 21:35:00,,-0.0020981955518254436,-0.0,0,0.0,1.0,4766.0,False,0.0,-0.0020981955518254436
2018-10-24 09:40:00,,-0.008410428931875491,-0.0,0,0.0,1.0,4756.0,False,0.0,-0.008410428931875491
2018-10-24 10:40:00,,-0.0025445292620864812,-0.0,0,0.0,1.0,4716.0,False,0.0,-0.0025445292620864812
2018-10-24 11:25:00,,0.00425170068027203,0.0,0,0.0,1.0,4704.0,False,0.0,0.00425170068027203
2018-10-24 14:10:00,,-0.0012701100762065876,-0.0,0,0.0,1.0,4724.0,False,0.0,-0.0012701100762065876
2018-10-24 14:55:00,,-0.002119542178889322,-0.0,0,0.0,1.0,4718.0,False,0.0,-0.002119542178889322
2018-10-24 21:35:00,,0.00042480883602369346,0.0,0,0.0,1.0,4708.0,False,0.0,0.00042480883602369346
2018-10-25 09:40:00,,-0.012314225053078554,-0.0,0,0.0,1.0,4710.0,False,0.0,-0.012314225053078554
2018-10-25 10:40:00,,0.0017196904557179593,0.0,0,0.0,1.0,4652.0,False,0.0,0.0017196904557179593
2018-10-25 11:25:00,,-0.0008583690987123971,-0.0,0,0.0,1.0,4660.0,False,0.0,-0.0008583690987123971
2018-10-25 14:10:00,,0.0021477663230240474,0.0,0,0.0,1.0,4656.0,False,0.0,0.0021477663230240474
2018-10-25 14:55:00,,0.001285897985426443,0.0,0,0.0,1.0,4666.0,False,0.0,0.001285897985426443
2018-10-25 21:35:00,,-0.0012842465753424293,-0.0,0,0.0,1.0,4672.0,False,0.0,-0.0012842465753424293
2018-10-26 09:40:00,,0.004286326618088365,0.0,0,0.0,1.0,4666.0,False,0.0,0.004286326618088365
2018-10-26 10:40:00,,-0.0017072129748185727,-0.0,0,0.0,1.0,4686.0,False,0.0,-0.0017072129748185727
2018-10-26 11:25:00,,0.0,0.0,0,0.0,1.0,4678.0,False,0.0,0.0
2018-10-26 14:10:00,,0.0008550662676356513,0.0,0,0.0,1.0,4678.0,False,0.0,0.0008550662676356513
2018-10-26 14:55:00,,-0.004271678769756537,-0.0,0,0.0,1.0,4682.0,False,0.0,-0.004271678769756537
2018-10-26 21:35:00,,0.0012870012870012104,0.0,0,0.0,1.0,4662.0,False,0.0,0.0012870012870012104
2018-10-29 09:40:00,,-0.00042844901456728923,-0.0,0,0.0,1.0,4668.0,False,0.0,-0.00042844901456728923
2018-10-29 10:40:00,,0.0,0.0,0,0.0,1.0,4666.0,False,0.0,0.0
2018-10-29 11:25:00,,-0.0008572653236176286,-0.0,0,0.0,1.0,4666.0,False,0.0,-0.0008572653236176286
2018-10-29 14:10:00,,0.0,0.0,0,0.0,1.0,4662.0,False,0.0,0.0
2018-10-29 14:55:00,,0.00343200343200345,0.0,0,0.0,1.0,4662.0,False,0.0,0.00343200343200345
2018-10-30 09:40:00,,-0.0017101325352715246,-0.0,0,0.0,1.0,4678.0,False,0.0,-0.0017101325352715246
2018-10-30 10:40:00,,-0.0012847965738758127,-0.0,0,0.0,1.0,4670.0,False,0.0,-0.0012847965738758127
2018-10-30 11:25:00,,-0.00042881646655235084,-0.0,0,0.0,1.0,4664.0,False,0.0,-0.00042881646655235084
2018-10-30 14:10:00,,-0.0008580008580008069,-0.0,0,0.0,1.0,4662.0,False,0.0,-0.0008580008580008069
2018-10-30 14:55:00,,-0.00944611421210817,-0.0,0,0.0,1.0,4658.0,False,0.0,-0.00944611421210817
2018-10-30 21:35:00,,0.0039011703511053764,0.0,0,0.0,1.0,4614.0,False,0.0,0.0039011703511053764
2018-10-31 09:40:00,,0.0012953367875647714,0.0,0,0.0,1.0,4632.0,False,0.0,0.0012953367875647714
2018-10-31 10:40:00,,0.0,0.0,0,0.0,1.0,4638.0,False,0.0,0.0
2018-10-31 11:25:00,,-0.0004312203536006587,-0.0,0,0.0,1.0,4638.0,False,0.0,-0.0004312203536006587
2018-10-31 14:10:00,,0.0008628127696290733,0.0,0,0.0,1.0,4636.0,False,0.0,0.0008628127696290733
2018-10-31 14:55:00,,0.0017241379310344307,0.0,0,0.0,1.0,4640.0,False,0.0,0.0017241379310344307
2018-10-31 21:35:00,,-0.0017211703958691649,-0.0,0,0.0,1.0,4648.0,False,0.0,-0.0017211703958691649
2018-11-01 09:40:00,,0.0,0.0,0,0.0,1.0,4640.0,False,0.0,0.0
2018-11-01 10:40:00,,0.0004310344827587187,0.0,0,0.0,1.0,4640.0,False,0.0,0.0004310344827587187
2018-11-01 11:25:00,,-0.0034467901766479514,-0.0,0,0.0,1.0,4642.0,False,0.0,-0.0034467901766479514
2018-11-01 14:10:00,,0.004323389537397304,0.0,0,0.0,1.0,4626.0,False,0.0,0.004323389537397304
2018-11-01 14:55:00,,-0.005596211795092509,-0.0,0,0.0,1.0,4646.0,False,0.0,-0.005596211795092509
2018-11-01 21:35:00,,0.003896103896103842,0.0,0,0.0,1.0,4620.0,False,0.0,0.003896103896103842
2018-11-02 09:40:00,,-0.02069857697283317,-0.0,0,0.0,1.0,4638.0,False,0.0,-0.02069857697283317
2018-11-02 10:40:00,,-0.005724350506384868,-0.0,0,0.0,1.0,4542.0,False,0.0,-0.005724350506384868
2018-11-02 11:25:00,,0.006643046944198483,0.0,0,0.0,1.0,4516.0,False,0.0,0.006643046944198483
2018-11-02 14:10:00,,-0.002199736031676225,-0.0,0,0.0,1.0,4546.0,False,0.0,-0.002199736031676225
2018-11-02 14:55:00,,-0.0017636684303351524,-0.0,0,0.0,1.0,4536.0,False,0.0,-0.0017636684303351524
2018-11-02 21:35:00,,0.010159010600706786,0.0,0,0.0,1.0,4528.0,False,0.0,0.010159010600706786
2018-11-05 09:40:00,,-0.004372540445999107,-0.0,0,0.0,1.0,4574.0,False,0.0,-0.004372540445999107
2018-11-05 10:40:00,,0.0008783487044357052,0.0,0,0.0,1.0,4554.0,False,0.0,0.0008783487044357052
2018-11-05 11:25:00,,0.00043878894251858647,0.0,0,0.0,1.0,4558.0,False,0.0,0.00043878894251858647
2018-11-05 14:10:00,,0.001315789473684159,0.0,0,0.0,1.0,4560.0,False,0.0,0.001315789473684159
2018-11-05 14:55:00,,-0.0013140604467805073,-0.0,0,0.0,1.0,4566.0,False,0.0,-0.0013140604467805073
2018-11-06 09:40:00,,-0.0052631578947368585,-0.0,0,0.0,1.0,4560.0,False,0.0,-0.0052631578947368585
2018-11-06 10:40:00,,0.0008818342151675207,0.0,0,0.0,1.0,4536.0,False,0.0,0.0008818342151675207
2018-11-06 11:25:00,,-0.0008810572687224516,-0.0,0,0.0,1.0,4540.0,False,0.0,-0.0008810572687224516
2018-11-06 14:10:00,,-0.00044091710758376035,-0.0,0,0.0,1.0,4536.0,False,0.0,-0.00044091710758376035
2018-11-06 14:55:00,,0.0,0.0,0,0.0,1.0,4534.0,False,0.0,0.0
2018-11-06 21:35:00,,0.0008822232024703336,0.0,0,0.0,1.0,4534.0,False,0.0,0.0008822232024703336
2018-11-07 09:40:00,,-0.009695901278096053,-0.0,0,0.0,1.0,4538.0,False,0.0,-0.009695901278096053
2018-11-07 10:40:00,,0.002670226969292422,0.0,0,0.0,1.0,4494.0,False,0.0,0.002670226969292422
2018-11-07 11:25:00,,0.0013315579227697327,0.0,0,0.0,1.0,4506.0,False,0.0,0.0013315579227697327
2018-11-07 14:10:00,,0.0,0.0,0,0.0,1.0,4512.0,False,0.0,0.0
2018-11-07 14:55:00,,-0.002216312056737557,-0.0,0,0.0,1.0,4512.0,False,0.0,-0.002216312056737557
2018-11-07 21:35:00,,0.0035539760106619855,0.0,0,0.0,1.0,4502.0,False,0.0,0.0035539760106619855
2018-11-08 09:40:00,,0.00044267374944673143,0.0,0,0.0,1.0,4518.0,False,0.0,0.00044267374944673143
2018-11-08 10:40:00,,-0.0026548672566372167,-0.0,0,0.0,1.0,4520.0,False,0.0,-0.0026548672566372167
2018-11-08 11:25:00,,0.0,0.0,0,0.0,1.0,4508.0,False,0.0,0.0
2018-11-08 14:10:00,,-0.007542147293700063,-0.0,0,0.0,1.0,4508.0,False,0.0,-0.007542147293700063
2018-11-08 14:55:00,,-0.003129190880643673,-0.0,0,0.0,1.0,4474.0,False,0.0,-0.003129190880643673
2018-11-08 21:35:00,,0.0004484304932734773,0.0,0,0.0,1.0,4460.0,False,0.0,0.0004484304932734773
2018-11-09 09:40:00,,-0.0017929179740027168,-0.0,0,0.0,1.0,4462.0,False,0.0,-0.0017929179740027168
2018-11-09 10:40:00,,-0.006286484059272568,-0.0,0,0.0,1.0,4454.0,False,0.0,-0.006286484059272568
2018-11-09 11:25:00,,-0.004066877541798464,-0.0,0,0.0,1.0,4426.0,False,0.0,-0.004066877541798464
2018-11-09 14:10:00,,-0.0027223230490017736,-0.0,0,0.0,1.0,4408.0,False,0.0,-0.0027223230490017736
2018-11-09 14:55:00,,0.0036396724294813776,0.0,0,0.0,1.0,4396.0,False,0.0,0.0036396724294813776
2018-11-09 21:35:00,,-0.016772438803263845,-0.0,0,0.0,1.0,4412.0,False,0.0,-0.016772438803263845
2018-11-12 09:40:00,,-0.0018441678192715472,-0.0,0,0.0,1.0,4338.0,False,0.0,-0.0018441678192715472
2018-11-12 10:40:00,,-0.0004618937644341736,-0.0,0,0.0,1.0,4330.0,False,0.0,-0.0004618937644341736
2018-11-12 11:25:00,,0.0032347504621073053,0.0,0,0.0,1.0,4328.0,False,0.0,0.0032347504621073053
2018-11-12 14:10:00,,0.010594196222938779,0.0,0,0.0,1.0,4342.0,False,0.0,0.010594196222938779
2018-11-12 14:55:00,,-0.005469462169553352,-0.0,0,0.0,1.0,4388.0,False,0.0,-0.005469462169553352
2018-11-13 09:40:00,,-0.001374885426214445,-0.0,0,0.0,1.0,4364.0,False,0.0,-0.001374885426214445
2018-11-13 10:40:00,,-0.0013767783386874344,-0.0,0,0.0,1.0,4358.0,False,0.0,-0.0013767783386874344
2018-11-13 11:25:00,,0.0027573529411764053,0.0,0,0.0,1.0,4352.0,False,0.0,0.0027573529411764053
2018-11-13 14:10:00,,0.0018331805682860747,0.0,0,0.0,1.0,4364.0,False,0.0,0.0018331805682860747
2018-11-13 14:55:00,,-0.00045745654162854255,-0.0,0,0.0,1.0,4372.0,False,0.0,-0.00045745654162854255
2018-11-13 21:35:00,,-0.0027459954233409745,-0.0,0,0.0,1.0,4370.0,False,0.0,-0.0027459954233409745
2018-11-14 09:40:00,,-0.021110601193207845,-0.0,0,0.0,1.0,4358.0,False,0.0,-0.021110601193207845
2018-11-14 10:40:00,,-0.002344116268166885,-0.0,0,0.0,1.0,4266.0,False,0.0,-0.002344116268166885
2018-11-14 11:25:00,,0.004229323308270638,0.0,0,0.0,1.0,4256.0,False,0.0,0.004229323308270638
2018-11-14 14:10:00,,-0.004211511464670137,-0.0,0,0.0,1.0,4274.0,False,0.0,-0.004211511464670137
2018-11-14 14:55:00,,0.006578947368421018,0.0,0,0.0,1.0,4256.0,False,0.0,0.006578947368421018
2018-11-14 21:35:00,,-0.0009337068160597539,-0.0,0,0.0,1.0,4284.0,False,0.0,-0.0009337068160597539
2018-11-15 09:40:00,,0.0004672897196260628,0.0,0,0.0,1.0,4280.0,False,0.0,0.0004672897196260628
2018-11-15 10:40:00,,0.0,0.0,0,0.0,1.0,4282.0,False,0.0,0.0
2018-11-15 11:25:00,,-0.0014012143858009862,-0.0,0,0.0,1.0,4282.0,False,0.0,-0.0014012143858009862
2018-11-15 14:10:00,,-0.00187090739008422,-0.0,0,0.0,1.0,4276.0,False,0.0,-0.00187090739008422
2018-11-15 14:55:00,,0.004686035613870709,0.0,0,0.0,1.0,4268.0,False,0.0,0.004686035613870709
2018-11-15 21:35:00,,-0.0004664179104477695,-0.0,0,0.0,1.0,4288.0,False,0.0,-0.0004664179104477695
2018-11-16 09:40:00,,0.0041997200186654204,0.0,0,0.0,1.0,4286.0,False,0.0,0.0041997200186654204
2018-11-16 10:40:00,,-0.0013940520446096283,-0.0,0,0.0,1.0,4304.0,False,0.0,-0.0013940520446096283
2018-11-16 11:25:00,,-0.0027919962773382823,-0.0,0,0.0,1.0,4298.0,False,0.0,-0.0027919962773382823
2018-11-16 14:10:00,,0.0009332711152589823,0.0,0,0.0,1.0,4286.0,False,0.0,0.0009332711152589823
2018-11-16 14:55:00,,0.0004662004662003838,0.0,0,0.0,1.0,4290.0,False,0.0,0.0004662004662003838
2018-11-16 21:35:00,,-0.016309412861136963,-0.0,0,0.0,1.0,4292.0,False,0.0,-0.016309412861136963
2018-11-19 09:40:00,,0.000947418285172974,0.0,0,0.0,1.0,4222.0,False,0.0,0.000947418285172974
2018-11-19 10:40:00,,-0.0004732607666824151,-0.0,0,0.0,1.0,4226.0,False,0.0,-0.0004732607666824151
2018-11-19 11:25:00,,0.0037878787878788955,0.0,0,0.0,1.0,4224.0,False,0.0,0.0037878787878788955
2018-11-19 14:10:00,,0.0014150943396227245,0.0,0,0.0,1.0,4240.0,False,0.0,0.0014150943396227245
2018-11-19 14:55:00,,-0.007065473386716925,-0.0,0,0.0,1.0,4246.0,False,0.0,-0.007065473386716925
2018-11-20 09:40:00,,0.0,0.0,0,0.0,1.0,4216.0,False,0.0,0.0
2018-11-20 10:40:00,,-0.0004743833017077925,-0.0,0,0.0,1.0,4216.0,False,0.0,-0.0004743833017077925
2018-11-20 11:25:00,,-0.00047460844803037805,-0.0,0,0.0,1.0,4214.0,False,0.0,-0.00047460844803037805
2018-11-20 14:10:00,,0.004273504273504258,0.0,0,0.0,1.0,4212.0,False,0.0,0.004273504273504258
2018-11-20 14:55:00,,-0.006146572104018921,-0.0,0,0.0,1.0,4230.0,False,0.0,-0.006146572104018921
2018-11-20 21:35:00,,-0.004757373929590858,-0.0,0,0.0,1.0,4204.0,False,0.0,-0.004757373929590858
2018-11-21 09:40:00,,-0.004780114722753304,-0.0,0,0.0,1.0,4184.0,False,0.0,-0.004780114722753304
2018-11-21 10:40:00,,0.0024015369836696276,0.0,0,0.0,1.0,4164.0,False,0.0,0.0024015369836696276
2018-11-21 11:25:00,,-0.0014374700527072237,-0.0,0,0.0,1.0,4174.0,False,0.0,-0.0014374700527072237
2018-11-21 14:10:00,,-0.0009596928982725794,-0.0,0,0.0,1.0,4168.0,False,0.0,-0.0009596928982725794
2018-11-21 14:55:00,,-0.0004803073967338811,-0.0,0,0.0,1.0,4164.0,False,0.0,-0.0004803073967338811
2018-11-21 21:35:00,,0.0028832292167226825,0.0,0,0.0,1.0,4162.0,False,0.0,0.0028832292167226825
2018-11-22 09:40:00,,0.0014374700527073347,0.0,0,0.0,1.0,4174.0,False,0.0,0.0014374700527073347
2018-11-22 10:40:00,,0.000956937799043045,0.0,0,0.0,1.0,4180.0,False,0.0,0.000956937799043045
2018-11-22 11:25:00,,-0.001434034416825991,-0.0,0,0.0,1.0,4184.0,False,0.0,-0.001434034416825991
2018-11-22 14:10:00,,-0.0014360938247965915,-0.0,0,0.0,1.0,4178.0,False,0.0,-0.0014360938247965915
2018-11-22 14:55:00,,0.0028763183125599667,0.0,0,0.0,1.0,4172.0,False,0.0,0.0028763183125599667
2018-11-22 21:35:00,,0.010516252390057268,0.0,0,0.0,1.0,4184.0,False,0.0,0.010516252390057268
2018-11-23 09:40:00,,0.001419110690633829,0.0,0,0.0,1.0,4228.0,False,0.0,0.001419110690633829
2018-11-23 10:40:00,,-0.0009447331128955572,-0.0,0,0.0,1.0,4234.0,False,0.0,-0.0009447331128955572
2018-11-23 11:25:00,,-0.003309692671394804,-0.0,0,0.0,1.0,4230.0,False,0.0,-0.003309692671394804
2018-11-23 14:10:00,,0.0004743833017077925,0.0,0,0.0,1.0,4216.0,False,0.0,0.0004743833017077925
2018-11-23 14:55:00,,0.0,0.0,0,0.0,1.0,4218.0,False,0.0,0.0
2018-11-23 21:35:00,,-0.003793266951161667,-0.0,0,0.0,1.0,4218.0,False,0.0,-0.003793266951161667
2018-11-26 09:40:00,,0.002379819133745853,0.0,0,0.0,1.0,4202.0,False,0.0,0.002379819133745853
2018-11-26 10:40:00,,0.0023741690408356497,0.0,0,0.0,1.0,4212.0,False,0.0,0.0023741690408356497
2018-11-26 11:25:00,,-0.005210800568451024,-0.0,0,0.0,1.0,4222.0,False,0.0,-0.005210800568451024
2018-11-26 14:10:00,,-0.0028571428571428914,-0.0,0,0.0,1.0,4200.0,False,0.0,-0.0028571428571428914
2018-11-26 14:55:00,,-0.012893982808022897,-0.0,0,0.0,1.0,4188.0,False,0.0,-0.012893982808022897
2018-11-27 09:40:00,,-0.0033865505563618337,-0.0,0,0.0,1.0,4134.0,False,0.0,-0.0033865505563618337
2018-11-27 10:40:00,,-0.0014563106796116054,-0.0,0,0.0,1.0,4120.0,False,0.0,-0.0014563106796116054
2018-11-27 11:25:00,,0.007292173067574126,0.0,0,0.0,1.0,4114.0,False,0.0,0.007292173067574126
2018-11-27 14:10:00,,-0.0024131274131273805,-0.0,0,0.0,1.0,4144.0,False,0.0,-0.0024131274131273805
2018-11-27 14:55:00,,-0.0014513788098693414,-0.0,0,0.0,1.0,4134.0,False,0.0,-0.0014513788098693414
2018-11-27 21:35:00,,0.002422480620154932,0.0,0,0.0,1.0,4128.0,False,0.0,0.002422480620154932
2018-11-28 09:40:00,,0.0014499758337360724,0.0,0,0.0,1.0,4138.0,False,0.0,0.0014499758337360724
2018-11-28 10:40:00,,0.0,0.0,0,0.0,1.0,4144.0,False,0.0,0.0
2018-11-28 11:25:00,,-0.0009652509652510188,-0.0,0,0.0,1.0,4144.0,False,0.0,-0.0009652509652510188
2018-11-28 14:10:00,,0.004347826086956497,0.0,0,0.0,1.0,4140.0,False,0.0,0.004347826086956497
2018-11-28 14:55:00,,0.0014430014430013571,0.0,0,0.0,1.0,4158.0,False,0.0,0.0014430014430013571
2018-11-28 21:35:00,,0.01344860710854956,0.0,0,0.0,1.0,4164.0,False,0.0,0.01344860710854956
2018-11-29 09:40:00,,0.0014218009478672577,0.0,0,0.0,1.0,4220.0,False,0.0,0.0014218009478672577
2018-11-29 10:40:00,,0.0014197823000472454,0.0,0,0.0,1.0,4226.0,False,0.0,0.0014197823000472454
2018-11-29 11:25:00,,-0.001890359168241984,-0.0,0,0.0,1.0,4232.0,False,0.0,-0.001890359168241984
2018-11-29 14:10:00,,-0.00047348484848486194,-0.0,0,0.0,1.0,4224.0,False,0.0,-0.00047348484848486194
2018-11-29 14:55:00,,-0.00142112742775935,-0.0,0,0.0,1.0,4222.0,False,0.0,-0.00142112742775935
2018-11-29 21:35:00,,0.000948766603415585,0.0,0,0.0,1.0,4216.0,False,0.0,0.000948766603415585
2018-11-30 09:40:00,,0.0014218009478672577,0.0,0,0.0,1.0,4220.0,False,0.0,0.0014218009478672577
2018-11-30 10:40:00,,0.0014197823000472454,0.0,0,0.0,1.0,4226.0,False,0.0,0.0014197823000472454
2018-11-30 11:25:00,,-0.001890359168241984,-0.0,0,0.0,1.0,4232.0,False,0.0,-0.001890359168241984
2018-11-30 14:10:00,,0.00047348484848486194,0.0,0,0.0,1.0,4224.0,False,0.0,0.00047348484848486194
2018-11-30 14:55:00,,0.0,0.0,0,0.0,1.0,4226.0,False,0.0,0.0
2018-11-30 21:35:00,,0.002839564600094713,0.0,0,0.0,1.0,4226.0,False,0.0,0.002839564600094713
2018-12-03 09:40:00,,0.004719207173194961,0.0,0,0.0,1.0,4238.0,False,0.0,0.004719207173194961
2018-12-03 10:40:00,,0.0009394081728510972,0.0,0,0.0,1.0,4258.0,False,0.0,0.0009394081728510972
2018-12-03 11:25:00,,-0.001407789770060952,-0.0,0,0.0,1.0,4262.0,False,0.0,-0.001407789770060952
2018-12-03 14:10:00,,-0.007048872180451138,-0.0,0,0.0,1.0,4256.0,False,0.0,-0.007048872180451138
2018-12-03 14:55:00,,0.07051585423568385,0.0,0,0.0,1.0,4226.0,False,0.0,0.07051585423568385
2018-12-04 09:40:00,,0.0,0.0,0,0.0,1.0,4524.0,True,0.0,0.0
2018-12-04 10:40:00,,-0.0026525198938992522,-0.0,0,0.0,1.0,4524.0,False,0.0,-0.0026525198938992522
2018-12-04 11:25:00,,-0.0013297872340425343,-0.0,0,0.0,1.0,4512.0,False,0.0,-0.0013297872340425343
2018-12-04 14:10:00,,-0.0013315579227696217,-0.0,0,0.0,1.0,4506.0,False,0.0,-0.0013315579227696217
2018-12-04 14:55:00,,0.001777777777777878,0.0,0,0.0,1.0,4500.0,False,0.0,0.001777777777777878
2018-12-04 21:35:00,,0.0008873114463177068,0.0,0,0.0,1.0,4508.0,False,0.0,0.0008873114463177068
2018-12-05 09:40:00,,0.0035460992907800915,0.0,0,0.0,1.0,4512.0,False,0.0,0.0035460992907800915
2018-12-05 10:40:00,,-0.0035335689045936647,-0.0,0,0.0,1.0,4528.0,False,0.0,-0.0035335689045936647
2018-12-05 11:25:00,,-0.002216312056737557,-0.0,0,0.0,1.0,4512.0,False,0.0,-0.002216312056737557
2018-12-05 14:10:00,,0.002221235006663713,0.0,0,0.0,1.0,4502.0,False,0.0,0.002221235006663713
2018-12-05 14:55:00,,0.00044326241134751143,0.0,0,0.0,1.0,4512.0,False,0.0,0.00044326241134751143
2018-12-05 21:35:00,,0.002658396101019145,0.0,0,0.0,1.0,4514.0,False,0.0,0.002658396101019145
2018-12-06 09:40:00,,-0.005302695536897883,-0.0,0,0.0,1.0,4526.0,False,0.0,-0.005302695536897883
2018-12-06 10:40:00,,0.0,0.0,0,0.0,1.0,4502.0,False,0.0,0.0
2018-12-06 11:25:00,,0.0,0.0,0,0.0,1.0,4502.0,False,0.0,0.0
2018-12-06 14:10:00,,0.009329187027987462,0.0,0,0.0,1.0,4502.0,False,0.0,0.009329187027987462
2018-12-06 14:55:00,,-0.0022007042253521236,-0.0,0,0.0,1.0,4544.0,False,0.0,-0.0022007042253521236
2018-12-06 21:35:00,,-0.002205558006175612,-0.0,0,0.0,1.0,4534.0,False,0.0,-0.002205558006175612
2018-12-07 09:40:00,,-0.0008841732979664174,-0.0,0,0.0,1.0,4524.0,False,0.0,-0.0008841732979664174
2018-12-07 10:40:00,,-0.0008849557522123686,-0.0,0,0.0,1.0,4520.0,False,0.0,-0.0008849557522123686
2018-12-07 11:25:00,,-0.00310008857395927,-0.0,0,0.0,1.0,4516.0,False,0.0,-0.00310008857395927
2018-12-07 14:10:00,,-0.0026654820079964336,-0.0,0,0.0,1.0,4502.0,False,0.0,-0.0026654820079964336
2018-12-07 14:55:00,,0.0,0.0,0,0.0,1.0,4490.0,False,0.0,0.0
2018-12-07 21:35:00,,0.00579064587973277,0.0,0,0.0,1.0,4490.0,False,0.0,0.00579064587973277
2018-12-10 09:40:00,,-0.0022143489813994943,-0.0,0,0.0,1.0,4516.0,False,0.0,-0.0022143489813994943
2018-12-10 10:40:00,,-0.0008877052818464515,-0.0,0,0.0,1.0,4506.0,False,0.0,-0.0008877052818464515
2018-12-10 11:25:00,,0.0017769880053308817,0.0,0,0.0,1.0,4502.0,False,0.0,0.0017769880053308817
2018-12-10 14:10:00,,0.001330376940132938,0.0,0,0.0,1.0,4510.0,False,0.0,0.001330376940132938
2018-12-10 14:55:00,,0.0026572187776794376,0.0,0,0.0,1.0,4516.0,False,0.0,0.0026572187776794376
2018-12-11 09:40:00,,-0.004416961130742081,-0.0,0,0.0,1.0,4528.0,False,0.0,-0.004416961130742081
2018-12-11 10:40:00,,0.0013309671694765601,0.0,0,0.0,1.0,4508.0,False,0.0,0.0013309671694765601
2018-12-11 11:25:00,,-0.008418254319893625,-0.0,0,0.0,1.0,4514.0,False,0.0,-0.008418254319893625
2018-12-11 14:10:00,,0.004915102770330693,0.0,0,0.0,1.0,4476.0,False,0.0,0.004915102770330693
2018-12-11 14:55:00,,0.0013339261894174115,0.0,0,0.0,1.0,4498.0,False,0.0,0.0013339261894174115
2018-12-11 21:35:00,,0.0,0.0,0,0.0,1.0,4504.0,False,0.0,0.0
2018-12-12 09:40:00,,-0.000888099467140302,-0.0,0,0.0,1.0,4504.0,False,0.0,-0.000888099467140302
2018-12-12 10:40:00,,0.0004444444444444695,0.0,0,0.0,1.0,4500.0,False,0.0,0.0004444444444444695
2018-12-12 11:25:00,,-0.0008884940026654409,-0.0,0,0.0,1.0,4502.0,False,0.0,-0.0008884940026654409
2018-12-12 14:10:00,,-0.0004446420631392112,-0.0,0,0.0,1.0,4498.0,False,0.0,-0.0004446420631392112
2018-12-12 14:55:00,,0.000889679715302405,0.0,0,0.0,1.0,4496.0,False,0.0,0.000889679715302405
2018-12-12 21:35:00,,0.000888888888888939,0.0,0,0.0,1.0,4500.0,False,0.0,0.000888888888888939
2018-12-13 09:40:00,,-0.002664298401420906,-0.0,0,0.0,1.0,4504.0,False,0.0,-0.002664298401420906
2018-12-13 10:40:00,,0.0022261798753340223,0.0,0,0.0,1.0,4492.0,False,0.0,0.0022261798753340223
2018-12-13 11:25:00,,0.0017769880053308817,0.0,0,0.0,1.0,4502.0,False,0.0,0.0017769880053308817
2018-12-13 14:10:00,,-0.00044345898004438666,-0.0,0,0.0,1.0,4510.0,False,0.0,-0.00044345898004438666
2018-12-13 14:55:00,,-0.0004436557231588534,-0.0,0,0.0,1.0,4508.0,False,0.0,-0.0004436557231588534
2018-12-13 21:35:00,,-0.0031069684864625247,-0.0,0,0.0,1.0,4506.0,False,0.0,-0.0031069684864625247
2018-12-14 09:40:00,,-0.0022261798753339113,-0.0,0,0.0,1.0,4492.0,False,0.0,-0.0022261798753339113
2018-12-14 10:40:00,,0.0008924587237839621,0.0,0,0.0,1.0,4482.0,False,0.0,0.0008924587237839621
2018-12-14 11:25:00,,0.0013374944271065115,0.0,0,0.0,1.0,4486.0,False,0.0,0.0013374944271065115
2018-12-14 14:10:00,,0.004897595725734671,0.0,0,0.0,1.0,4492.0,False,0.0,0.004897595725734671
2018-12-14 14:55:00,,-0.0013291980505095724,-0.0,0,0.0,1.0,4514.0,False,0.0,-0.0013291980505095724
2018-12-14 21:35:00,,-0.003549245785270605,-0.0,0,0.0,1.0,4508.0,False,0.0,-0.003549245785270605
2018-12-17 09:40:00,,-0.0022261798753339113,-0.0,0,0.0,1.0,4492.0,False,0.0,-0.0022261798753339113
2018-12-17 10:40:00,,0.0031236055332439783,0.0,0,0.0,1.0,4482.0,False,0.0,0.0031236055332439783
2018-12-17 11:25:00,,-0.0004448398576512025,-0.0,0,0.0,1.0,4496.0,False,0.0,-0.0004448398576512025
2018-12-17 14:10:00,,-0.00044503782821536664,-0.0,0,0.0,1.0,4494.0,False,0.0,-0.00044503782821536664
2018-12-17 14:55:00,,0.003116651825467498,0.0,0,0.0,1.0,4492.0,False,0.0,0.003116651825467498
2018-12-18 09:40:00,,-0.0008877052818464515,-0.0,0,0.0,1.0,4506.0,False,0.0,-0.0008877052818464515
2018-12-18 10:40:00,,0.0,0.0,0,0.0,1.0,4502.0,False,0.0,0.0
2018-12-18 11:25:00,,-0.002221235006663713,-0.0,0,0.0,1.0,4502.0,False,0.0,-0.002221235006663713
2018-12-18 14:10:00,,0.0008904719501334757,0.0,0,0.0,1.0,4492.0,False,0.0,0.0008904719501334757
2018-12-18 14:55:00,,0.006227758007117501,0.0,0,0.0,1.0,4496.0,False,0.0,0.006227758007117501
2018-12-18 21:35:00,,0.007957559681697646,0.0,0,0.0,1.0,4524.0,False,0.0,0.007957559681697646
2018-12-19 09:40:00,,-0.0026315789473684292,-0.0,0,0.0,1.0,4560.0,False,0.0,-0.0026315789473684292
2018-12-19 10:40:00,,-0.0004397537379067229,-0.0,0,0.0,1.0,4548.0,False,0.0,-0.0004397537379067229
2018-12-19 11:25:00,,0.008358996920369455,0.0,0,0.0,1.0,4546.0,False,0.0,0.008358996920369455
2018-12-19 14:10:00,,0.0008726003490402423,0.0,0,0.0,1.0,4584.0,False,0.0,0.0008726003490402423
2018-12-19 14:55:00,,0.0008718395815170421,0.0,0,0.0,1.0,4588.0,False,0.0,0.0008718395815170421
2018-12-19 21:35:00,,0.005662020905923271,0.0,0,0.0,1.0,4592.0,False,0.0,0.005662020905923271
2018-12-20 09:40:00,,0.002165439584235651,0.0,0,0.0,1.0,4618.0,False,0.0,0.002165439584235651
2018-12-20 10:40:00,,-0.0030250648228176136,-0.0,0,0.0,1.0,4628.0,False,0.0,-0.0030250648228176136
2018-12-20 11:25:00,,-0.0021673168617252214,-0.0,0,0.0,1.0,4614.0,False,0.0,-0.0021673168617252214
2018-12-20 14:10:00,,0.002172024326672517,0.0,0,0.0,1.0,4604.0,False,0.0,0.002172024326672517
2018-12-20 14:55:00,,-0.0030342436064152434,-0.0,0,0.0,1.0,4614.0,False,0.0,-0.0030342436064152434
2018-12-20 21:35:00,,0.002608695652173809,0.0,0,0.0,1.0,4600.0,False,0.0,0.002608695652173809
2018-12-21 09:40:00,,0.0,0.0,0,0.0,1.0,4612.0,False,0.0,0.0
2018-12-21 10:40:00,,-0.001300954032957491,-0.0,0,0.0,1.0,4612.0,False,0.0,-0.001300954032957491
2018-12-21 11:25:00,,-0.0017368649587494733,-0.0,0,0.0,1.0,4606.0,False,0.0,-0.0017368649587494733
2018-12-21 14:10:00,,-0.002609830361026577,-0.0,0,0.0,1.0,4598.0,False,0.0,-0.002609830361026577
2018-12-21 14:55:00,,0.002180549498473683,0.0,0,0.0,1.0,4586.0,False,0.0,0.002180549498473683
2018-12-21 21:35:00,,-0.005221932114882533,-0.0,0,0.0,1.0,4596.0,False,0.0,-0.005221932114882533
2018-12-24 09:40:00,,-0.003937007874015741,-0.0,0,0.0,1.0,4572.0,False,0.0,-0.003937007874015741
2018-12-24 10:40:00,,-0.003513394817742599,-0.0,0,0.0,1.0,4554.0,False,0.0,-0.003513394817742599
2018-12-24 11:25:00,,0.002203613926839987,0.0,0,0.0,1.0,4538.0,False,0.0,0.002203613926839987
2018-12-24 14:10:00,,0.0021987686895339476,0.0,0,0.0,1.0,4548.0,False,0.0,0.0021987686895339476
2018-12-24 14:55:00,,-0.005704256252742401,-0.0,0,0.0,1.0,4558.0,False,0.0,-0.005704256252742401
2018-12-25 09:40:00,,-0.005736981465136792,-0.0,0,0.0,1.0,4532.0,False,0.0,-0.005736981465136792
2018-12-25 10:40:00,,-0.0026631158455392434,-0.0,0,0.0,1.0,4506.0,False,0.0,-0.0026631158455392434
2018-12-25 11:25:00,,-0.0044503782821539994,-0.0,0,0.0,1.0,4494.0,False,0.0,-0.0044503782821539994
2018-12-25 14:10:00,,0.003129190880643673,0.0,0,0.0,1.0,4474.0,False,0.0,0.003129190880643673
2018-12-25 14:55:00,,-0.0008912655971479166,-0.0,0,0.0,1.0,4488.0,False,0.0,-0.0008912655971479166
2018-12-25 21:35:00,,-0.001338090990187335,-0.0,0,0.0,1.0,4484.0,False,0.0,-0.001338090990187335
2018-12-26 09:40:00,,0.004912907548012546,0.0,0,0.0,1.0,4478.0,False,0.0,0.004912907548012546
2018-12-26 10:40:00,,-0.0022222222222222365,-0.0,0,0.0,1.0,4500.0,False,0.0,-0.0022222222222222365
2018-12-26 11:25:00,,0.0,0.0,0,0.0,1.0,4490.0,False,0.0,0.0
2018-12-26 14:10:00,,-0.00044543429844101645,-0.0,0,0.0,1.0,4490.0,False,0.0,-0.00044543429844101645
2018-12-26 14:55:00,,0.0013368983957218195,0.0,0,0.0,1.0,4488.0,False,0.0,0.0013368983957218195
2018-12-26 21:35:00,,0.003560302625723155,0.0,0,0.0,1.0,4494.0,False,0.0,0.003560302625723155
2018-12-27 09:40:00,,-0.0008869179600886623,-0.0,0,0.0,1.0,4510.0,False,0.0,-0.0008869179600886623
2018-12-27 10:40:00,,0.00044385264092317023,0.0,0,0.0,1.0,4506.0,False,0.0,0.00044385264092317023
2018-12-27 11:25:00,,-0.0004436557231588534,-0.0,0,0.0,1.0,4508.0,False,0.0,-0.0004436557231588534
2018-12-27 14:10:00,,-0.00044385264092317023,-0.0,0,0.0,1.0,4506.0,False,0.0,-0.00044385264092317023
2018-12-27 14:55:00,,-0.001332149200710453,-0.0,0,0.0,1.0,4504.0,False,0.0,-0.001332149200710453
2018-12-27 21:35:00,,-0.003112494441974256,-0.0,0,0.0,1.0,4498.0,False,0.0,-0.003112494441974256
2018-12-28 09:40:00,,0.0,0.0,0,0.0,1.0,4484.0,False,0.0,0.0
2018-12-28 10:40:00,,0.001338090990187224,0.0,0,0.0,1.0,4484.0,False,0.0,0.001338090990187224
2018-12-28 11:25:00,,-0.0008908685968819219,-0.0,0,0.0,1.0,4490.0,False,0.0,-0.0008908685968819219
2018-12-28 14:10:00,,-0.0004458314757022075,-0.0,0,0.0,1.0,4486.0,False,0.0,-0.0004458314757022075
2018-12-28 14:55:00,,0.0,0.0,0,0.0,1.0,4484.0,False,0.0,0.0
2018-12-28 21:35:00,,0.001784121320249854,0.0,0,0.0,1.0,4484.0,False,0.0,0.001784121320249854
2019-01-02 09:40:00,,0.011576135351736516,0.0,0,0.0,1.0,4492.0,False,0.0,0.011576135351736516
2019-01-02 10:40:00,,0.0008802816901407606,0.0,0,0.0,1.0,4544.0,False,0.0,0.0008802816901407606
2019-01-02 11:25:00,,0.006596306068601621,0.0,0,0.0,1.0,4548.0,False,0.0,0.006596306068601621
2019-01-02 14:10:00,,0.00087374399300999,0.0,0,0.0,1.0,4578.0,False,0.0,0.00087374399300999
2019-01-02 14:55:00,,0.0008729812309036244,0.0,0,0.0,1.0,4582.0,False,0.0,0.0008729812309036244
2019-01-03 09:40:00,,0.0065416484954208265,0.0,0,0.0,1.0,4586.0,False,0.0,0.0065416484954208265
2019-01-03 10:40:00,,0.0004332755632583396,0.0,0,0.0,1.0,4616.0,False,0.0,0.0004332755632583396
2019-01-03 11:25:00,,0.0004330879168470414,0.0,0,0.0,1.0,4618.0,False,0.0,0.0004330879168470414
2019-01-03 14:10:00,,0.0012987012987013546,0.0,0,0.0,1.0,4620.0,False,0.0,0.0012987012987013546
2019-01-03 14:55:00,,0.0008646779074794608,0.0,0,0.0,1.0,4626.0,False,0.0,0.0008646779074794608
2019-01-03 21:35:00,,-0.0025917926565874883,-0.0,0,0.0,1.0,4630.0,False,0.0,-0.0025917926565874883
2019-01-04 09:40:00,,0.0008661758336943048,0.0,0,0.0,1.0,4618.0,False,0.0,0.0008661758336943048
2019-01-04 10:40:00,,-0.0017308524448290674,-0.0,0,0.0,1.0,4622.0,False,0.0,-0.0017308524448290674
2019-01-04 11:25:00,,0.002600780234070177,0.0,0,0.0,1.0,4614.0,False,0.0,0.002600780234070177
2019-01-04 14:10:00,,-0.0034587116299178433,-0.0,0,0.0,1.0,4626.0,False,0.0,-0.0034587116299178433
2019-01-04 14:55:00,,0.00433839479392617,0.0,0,0.0,1.0,4610.0,False,0.0,0.00433839479392617
2019-01-04 21:35:00,,0.002159827213822796,0.0,0,0.0,1.0,4630.0,False,0.0,0.002159827213822796
2019-01-07 09:40:00,,-0.0030172413793103647,-0.0,0,0.0,1.0,4640.0,False,0.0,-0.0030172413793103647
2019-01-07 10:40:00,,0.0004323389537397304,0.0,0,0.0,1.0,4626.0,False,0.0,0.0004323389537397304
2019-01-07 11:25:00,,-0.0004321521175453258,-0.0,0,0.0,1.0,4628.0,False,0.0,-0.0004321521175453258
2019-01-07 14:10:00,,-0.0017293558149589217,-0.0,0,0.0,1.0,4626.0,False,0.0,-0.0017293558149589217
2019-01-07 14:55:00,,0.0017323516673883876,0.0,0,0.0,1.0,4618.0,False,0.0,0.0017323516673883876
2019-01-08 09:40:00,,-0.0025940337224383825,-0.0,0,0.0,1.0,4626.0,False,0.0,-0.0025940337224383825
2019-01-08 10:40:00,,0.002600780234070177,0.0,0,0.0,1.0,4614.0,False,0.0,0.002600780234070177
2019-01-08 11:25:00,,0.01124081279723299,0.0,0,0.0,1.0,4626.0,False,0.0,0.01124081279723299
2019-01-08 14:10:00,,-0.003847798204360875,-0.0,0,0.0,1.0,4678.0,False,0.0,-0.003847798204360875
2019-01-08 14:55:00,,0.0034334763948498104,0.0,0,0.0,1.0,4660.0,False,0.0,0.0034334763948498104
2019-01-08 21:35:00,,-0.0034217279726261873,-0.0,0,0.0,1.0,4676.0,False,0.0,-0.0034217279726261873
2019-01-09 09:40:00,,-0.0008583690987123971,-0.0,0,0.0,1.0,4660.0,False,0.0,-0.0008583690987123971
2019-01-09 10:40:00,,0.0021477663230240474,0.0,0,0.0,1.0,4656.0,False,0.0,0.0021477663230240474
2019-01-09 11:25:00,,-0.0004286326618088143,-0.0,0,0.0,1.0,4666.0,False,0.0,-0.0004286326618088143
2019-01-09 14:10:00,,0.0034305317324185847,0.0,0,0.0,1.0,4664.0,False,0.0,0.0034305317324185847
2019-01-09 14:55:00,,0.00042735042735042583,0.0,0,0.0,1.0,4680.0,False,0.0,0.00042735042735042583
2019-01-09 21:35:00,,-0.0008543357539513297,-0.0,0,0.0,1.0,4682.0,False,0.0,-0.0008543357539513297
2019-01-10 09:40:00,,-0.0008550662676357623,-0.0,0,0.0,1.0,4678.0,False,0.0,-0.0008550662676357623
2019-01-10 10:40:00,,0.0012836970474967568,0.0,0,0.0,1.0,4674.0,False,0.0,0.0012836970474967568
2019-01-10 11:25:00,,0.00042735042735042583,0.0,0,0.0,1.0,4680.0,False,0.0,0.00042735042735042583
2019-01-10 14:10:00,,-0.006834686031610415,-0.0,0,0.0,1.0,4682.0,False,0.0,-0.006834686031610415
2019-01-10 14:55:00,,-0.0021505376344086446,-0.0,0,0.0,1.0,4650.0,False,0.0,-0.0021505376344086446
2019-01-10 21:35:00,,-0.00387931034482758,-0.0,0,0.0,1.0,4640.0,False,0.0,-0.00387931034482758
2019-01-11 09:40:00,,0.0012981393336217728,0.0,0,0.0,1.0,4622.0,False,0.0,0.0012981393336217728
2019-01-11 10:40:00,,-0.0012964563526360884,-0.0,0,0.0,1.0,4628.0,False,0.0,-0.0012964563526360884
2019-01-11 11:25:00,,0.0017308524448291784,0.0,0,0.0,1.0,4622.0,False,0.0,0.0017308524448291784
2019-01-11 14:10:00,,-0.0008639308855291628,-0.0,0,0.0,1.0,4630.0,False,0.0,-0.0008639308855291628
2019-01-11 14:55:00,,0.0012970168612191912,0.0,0,0.0,1.0,4626.0,False,0.0,0.0012970168612191912
2019-01-11 21:35:00,,-0.006044905008635526,-0.0,0,0.0,1.0,4632.0,False,0.0,-0.006044905008635526
2019-01-14 09:40:00,,0.008253692441355431,0.0,0,0.0,1.0,4604.0,False,0.0,0.008253692441355431
2019-01-14 10:40:00,,-0.0008616975441619878,-0.0,0,0.0,1.0,4642.0,False,0.0,-0.0008616975441619878
2019-01-14 11:25:00,,-0.0034497628288054916,-0.0,0,0.0,1.0,4638.0,False,0.0,-0.0034497628288054916
2019-01-14 14:10:00,,0.0038944180008653184,0.0,0,0.0,1.0,4622.0,False,0.0,0.0038944180008653184
2019-01-14 14:55:00,,-0.006465517241379337,-0.0,0,0.0,1.0,4640.0,False,0.0,-0.006465517241379337
2019-01-15 09:40:00,,-0.0004338394793925726,-0.0,0,0.0,1.0,4610.0,False,0.0,-0.0004338394793925726
2019-01-15 10:40:00,,-0.0004340277777777901,-0.0,0,0.0,1.0,4608.0,False,0.0,-0.0004340277777777901
2019-01-15 11:25:00,,0.002171081198436786,0.0,0,0.0,1.0,4606.0,False,0.0,0.002171081198436786
2019-01-15 14:10:00,,0.0004332755632583396,0.0,0,0.0,1.0,4616.0,False,0.0,0.0004332755632583396
2019-01-15 14:55:00,,0.0004330879168470414,0.0,0,0.0,1.0,4618.0,False,0.0,0.0004330879168470414
2019-01-15 21:35:00,,0.0,0.0,0,0.0,1.0,4620.0,False,0.0,0.0
2019-01-16 09:40:00,,-0.0012987012987012436,-0.0,0,0.0,1.0,4620.0,False,0.0,-0.0012987012987012436
2019-01-16 10:40:00,,-0.0004334633723450665,-0.0,0,0.0,1.0,4614.0,False,0.0,-0.0004334633723450665
2019-01-16 11:25:00,,0.00043365134431927466,0.0,0,0.0,1.0,4612.0,False,0.0,0.00043365134431927466
2019-01-16 14:10:00,,-0.0004334633723450665,-0.0,0,0.0,1.0,4614.0,False,0.0,-0.0004334633723450665
2019-01-16 14:55:00,,0.0,0.0,0,0.0,1.0,4612.0,False,0.0,0.0
2019-01-16 21:35:00,,-0.005637467476149127,-0.0,0,0.0,1.0,4612.0,False,0.0,-0.005637467476149127
2019-01-17 09:40:00,,0.0017444395987789019,0.0,0,0.0,1.0,4586.0,False,0.0,0.0017444395987789019
2019-01-17 10:40:00,,-0.0017414018284719335,-0.0,0,0.0,1.0,4594.0,False,0.0,-0.0017414018284719335
2019-01-17 11:25:00,,0.0008722197993893399,0.0,0,0.0,1.0,4586.0,False,0.0,0.0008722197993893399
2019-01-17 14:10:00,,-0.0017429193899781703,-0.0,0,0.0,1.0,4590.0,False,0.0,-0.0017429193899781703
2019-01-17 14:55:00,,-0.0017459624618070269,-0.0,0,0.0,1.0,4582.0,False,0.0,-0.0017459624618070269
2019-01-17 21:35:00,,0.011805859204197633,0.0,0,0.0,1.0,4574.0,False,0.0,0.011805859204197633
2019-01-18 09:40:00,,0.006050129645635227,0.0,0,0.0,1.0,4628.0,False,0.0,0.006050129645635227
2019-01-18 10:40:00,,0.002577319587628857,0.0,0,0.0,1.0,4656.0,False,0.0,0.002577319587628857
2019-01-18 11:25:00,,0.0004284490145671782,0.0,0,0.0,1.0,4668.0,False,0.0,0.0004284490145671782
2019-01-18 14:10:00,,-0.0004282655246252709,-0.0,0,0.0,1.0,4670.0,False,0.0,-0.0004282655246252709
2019-01-18 14:55:00,,0.0008568980291345785,0.0,0,0.0,1.0,4668.0,False,0.0,0.0008568980291345785
2019-01-18 21:35:00,,0.004708904109589129,0.0,0,0.0,1.0,4672.0,False,0.0,0.004708904109589129
2019-01-21 09:40:00,,0.004260758414997845,0.0,0,0.0,1.0,4694.0,False,0.0,0.004260758414997845
2019-01-21 10:40:00,,0.008061094611794717,0.0,0,0.0,1.0,4714.0,False,0.0,0.008061094611794717
2019-01-21 11:25:00,,0.0016835016835017313,0.0,0,0.0,1.0,4752.0,False,0.0,0.0016835016835017313
2019-01-21 14:10:00,,-0.002941176470588225,-0.0,0,0.0,1.0,4760.0,False,0.0,-0.002941176470588225
2019-01-21 14:55:00,,0.001685630004214067,0.0,0,0.0,1.0,4746.0,False,0.0,0.001685630004214067
2019-01-22 09:40:00,,-0.0042069835927639465,-0.0,0,0.0,1.0,4754.0,False,0.0,-0.0042069835927639465
2019-01-22 10:40:00,,-0.0042247570764680775,-0.0,0,0.0,1.0,4734.0,False,0.0,-0.0042247570764680775
2019-01-22 11:25:00,,0.006788290199406077,0.0,0,0.0,1.0,4714.0,False,0.0,0.006788290199406077
2019-01-22 14:10:00,,-0.003371260008428134,-0.0,0,0.0,1.0,4746.0,False,0.0,-0.003371260008428134
2019-01-22 14:55:00,,-0.0008456659619450191,-0.0,0,0.0,1.0,4730.0,False,0.0,-0.0008456659619450191
2019-01-22 21:35:00,,0.00550148116800675,0.0,0,0.0,1.0,4726.0,False,0.0,0.00550148116800675
2019-01-23 09:40:00,,-0.00042087542087543284,-0.0,0,0.0,1.0,4752.0,False,0.0,-0.00042087542087543284
2019-01-23 10:40:00,,-0.00042105263157898865,-0.0,0,0.0,1.0,4750.0,False,0.0,-0.00042105263157898865
2019-01-23 11:25:00,,-0.0004212299915753448,-0.0,0,0.0,1.0,4748.0,False,0.0,-0.0004212299915753448
2019-01-23 14:10:00,,0.0,0.0,0,0.0,1.0,4746.0,False,0.0,0.0
2019-01-23 14:55:00,,0.0004214075010535723,0.0,0,0.0,1.0,4746.0,False,0.0,0.0004214075010535723
2019-01-23 21:35:00,,0.0012636899747262564,0.0,0,0.0,1.0,4748.0,False,0.0,0.0012636899747262564
2019-01-24 09:40:00,,0.003786285233487563,0.0,0,0.0,1.0,4754.0,False,0.0,0.003786285233487563
2019-01-24 10:40:00,,0.0004191114836546994,0.0,0,0.0,1.0,4772.0,False,0.0,0.0004191114836546994
2019-01-24 11:25:00,,0.0008378718056136769,0.0,0,0.0,1.0,4774.0,False,0.0,0.0008378718056136769
2019-01-24 14:10:00,,-0.000837170364169082,-0.0,0,0.0,1.0,4778.0,False,0.0,-0.000837170364169082
2019-01-24 14:55:00,,0.0,0.0,0,0.0,1.0,4774.0,False,0.0,0.0
2019-01-24 21:35:00,,0.0,0.0,0,0.0,1.0,4774.0,False,0.0,0.0
2019-01-25 09:40:00,,0.0,0.0,0,0.0,1.0,4774.0,False,0.0,0.0
2019-01-25 10:40:00,,0.0008378718056136769,0.0,0,0.0,1.0,4774.0,False,0.0,0.0008378718056136769
2019-01-25 11:25:00,,-0.0012557555462536785,-0.0,0,0.0,1.0,4778.0,False,0.0,-0.0012557555462536785
2019-01-25 14:10:00,,0.0008382229673093988,0.0,0,0.0,1.0,4772.0,False,0.0,0.0008382229673093988
2019-01-25 14:55:00,,0.00041876046901179187,0.0,0,0.0,1.0,4776.0,False,0.0,0.00041876046901179187
2019-01-25 21:35:00,,0.0004185851820845965,0.0,0,0.0,1.0,4778.0,False,0.0,0.0004185851820845965
2019-01-28 09:40:00,,0.0071129707112971285,0.0,0,0.0,1.0,4780.0,False,0.0,0.0071129707112971285
2019-01-28 10:40:00,,0.0033236393851268087,0.0,0,0.0,1.0,4814.0,False,0.0,0.0033236393851268087
2019-01-28 11:25:00,,0.003726708074534235,0.0,0,0.0,1.0,4830.0,False,0.0,0.003726708074534235
2019-01-28 14:10:00,,0.0,0.0,0,0.0,1.0,4848.0,False,0.0,0.0
2019-01-28 14:55:00,,-0.006188118811881194,-0.0,0,0.0,1.0,4848.0,False,0.0,-0.006188118811881194
2019-01-29 09:40:00,,0.0037359900373599153,0.0,0,0.0,1.0,4818.0,False,0.0,0.0037359900373599153
2019-01-29 10:40:00,,-0.003722084367245637,-0.0,0,0.0,1.0,4836.0,False,0.0,-0.003722084367245637
2019-01-29 11:25:00,,-0.0004151100041510647,-0.0,0,0.0,1.0,4818.0,False,0.0,-0.0004151100041510647
2019-01-29 14:10:00,,0.0008305647840531893,0.0,0,0.0,1.0,4816.0,False,0.0,0.0008305647840531893
2019-01-29 14:55:00,,0.0,0.0,0,0.0,1.0,4820.0,False,0.0,0.0
2019-01-29 21:35:00,,-0.009128630705394158,-0.0,0,0.0,1.0,4820.0,False,0.0,-0.009128630705394158
2019-01-30 09:40:00,,0.002931323283082099,0.0,0,0.0,1.0,4776.0,False,0.0,0.002931323283082099
2019-01-30 10:40:00,,-0.0012526096033402823,-0.0,0,0.0,1.0,4790.0,False,0.0,-0.0012526096033402823
2019-01-30 11:25:00,,0.0029264214046822445,0.0,0,0.0,1.0,4784.0,False,0.0,0.0029264214046822445
2019-01-30 14:10:00,,0.002084201750729431,0.0,0,0.0,1.0,4798.0,False,0.0,0.002084201750729431
2019-01-30 14:55:00,,-0.0016638935108153063,-0.0,0,0.0,1.0,4808.0,False,0.0,-0.0016638935108153063
2019-01-30 21:35:00,,-0.003750000000000031,-0.0,0,0.0,1.0,4800.0,False,0.0,-0.003750000000000031
2019-01-31 09:40:00,,-0.0008364700961940308,-0.0,0,0.0,1.0,4782.0,False,0.0,-0.0008364700961940308
2019-01-31 10:40:00,,0.0,0.0,0,0.0,1.0,4778.0,False,0.0,0.0
2019-01-31 11:25:00,,0.0,0.0,0,0.0,1.0,4778.0,False,0.0,0.0
2019-01-31 14:10:00,,-0.0012557555462536785,-0.0,0,0.0,1.0,4778.0,False,0.0,-0.0012557555462536785
2019-01-31 14:55:00,,0.002095557418273275,0.0,0,0.0,1.0,4772.0,False,0.0,0.002095557418273275
2019-01-31 21:35:00,,-0.0012547051442910462,-0.0,0,0.0,1.0,4782.0,False,0.0,-0.0012547051442910462
2019-02-01 09:40:00,,-0.0012562814070351536,-0.0,0,0.0,1.0,4776.0,False,0.0,-0.0012562814070351536
2019-02-01 10:40:00,,0.00041928721174011585,0.0,0,0.0,1.0,4770.0,False,0.0,0.00041928721174011585
2019-02-01 11:25:00,,0.0008382229673093988,0.0,0,0.0,1.0,4772.0,False,0.0,0.0008382229673093988
2019-02-01 14:10:00,,0.00041876046901179187,0.0,0,0.0,1.0,4776.0,False,0.0,0.00041876046901179187
2019-02-01 14:55:00,,0.0,0.0,0,0.0,1.0,4778.0,False,0.0,0.0
2019-02-01 21:35:00,,0.006278777731268281,0.0,0,0.0,1.0,4778.0,False,0.0,0.006278777731268281
2019-02-11 09:40:00,,-0.005823627287853572,-0.0,0,0.0,1.0,4808.0,False,0.0,-0.005823627287853572
2019-02-11 10:40:00,,-0.0016736401673640433,-0.0,0,0.0,1.0,4780.0,False,0.0,-0.0016736401673640433
2019-02-11 11:25:00,,-0.0008382229673092878,-0.0,0,0.0,1.0,4772.0,False,0.0,-0.0008382229673092878
2019-02-11 14:10:00,,0.001677852348993314,0.0,0,0.0,1.0,4768.0,False,0.0,0.001677852348993314
2019-02-11 14:55:00,,-0.00335008375209378,-0.0,0,0.0,1.0,4776.0,False,0.0,-0.00335008375209378
2019-02-12 09:40:00,,-0.0025210084033613356,-0.0,0,0.0,1.0,4760.0,False,0.0,-0.0025210084033613356
2019-02-12 10:40:00,,0.002527379949452291,0.0,0,0.0,1.0,4748.0,False,0.0,0.002527379949452291
2019-02-12 11:25:00,,0.0021008403361344463,0.0,0,0.0,1.0,4760.0,False,0.0,0.0021008403361344463
2019-02-12 14:10:00,,-0.0016771488469601303,-0.0,0,0.0,1.0,4770.0,False,0.0,-0.0016771488469601303
2019-02-12 14:55:00,,-0.0016799664006720283,-0.0,0,0.0,1.0,4762.0,False,0.0,-0.0016799664006720283
2019-02-12 21:35:00,,0.003786285233487563,0.0,0,0.0,1.0,4754.0,False,0.0,0.003786285233487563
2019-02-13 09:40:00,,0.0008382229673093988,0.0,0,0.0,1.0,4772.0,False,0.0,0.0008382229673093988
2019-02-13 10:40:00,,0.00041876046901179187,0.0,0,0.0,1.0,4776.0,False,0.0,0.00041876046901179187
2019-02-13 11:25:00,,-0.0012557555462536785,-0.0,0,0.0,1.0,4778.0,False,0.0,-0.0012557555462536785
2019-02-13 14:10:00,,0.0008382229673093988,0.0,0,0.0,1.0,4772.0,False,0.0,0.0008382229673093988
2019-02-13 14:55:00,,0.0,0.0,0,0.0,1.0,4776.0,False,0.0,0.0
2019-02-13 21:35:00,,-0.0012562814070351536,-0.0,0,0.0,1.0,4776.0,False,0.0,-0.0012562814070351536
2019-02-14 09:40:00,,0.0008385744234800097,0.0,0,0.0,1.0,4770.0,False,0.0,0.0008385744234800097
2019-02-14 10:40:00,,0.0,0.0,0,0.0,1.0,4774.0,False,0.0,0.0
2019-02-14 11:25:00,,0.0008378718056136769,0.0,0,0.0,1.0,4774.0,False,0.0,0.0008378718056136769
2019-02-14 14:10:00,,-0.0012557555462536785,-0.0,0,0.0,1.0,4778.0,False,0.0,-0.0012557555462536785
2019-02-14 14:55:00,,0.0016764459346185756,0.0,0,0.0,1.0,4772.0,False,0.0,0.0016764459346185756
2019-02-14 21:35:00,,-0.004184100418409997,-0.0,0,0.0,1.0,4780.0,False,0.0,-0.004184100418409997
2019-02-15 09:40:00,,0.0021008403361344463,0.0,0,0.0,1.0,4760.0,False,0.0,0.0021008403361344463
2019-02-15 10:40:00,,0.0,0.0,0,0.0,1.0,4770.0,False,0.0,0.0
2019-02-15 11:25:00,,-0.0008385744234801207,-0.0,0,0.0,1.0,4770.0,False,0.0,-0.0008385744234801207
2019-02-15 14:10:00,,-0.0012589173310952884,-0.0,0,0.0,1.0,4766.0,False,0.0,-0.0012589173310952884
2019-02-15 14:55:00,,0.0,0.0,0,0.0,1.0,4760.0,False,0.0,0.0
2019-02-15 21:35:00,,0.003361344537815114,0.0,0,0.0,1.0,4760.0,False,0.0,0.003361344537815114
2019-02-18 09:40:00,,0.00041876046901179187,0.0,0,0.0,1.0,4776.0,False,0.0,0.00041876046901179187
2019-02-18 10:40:00,,0.0004185851820845965,0.0,0,0.0,1.0,4778.0,False,0.0,0.0004185851820845965
2019-02-18 11:25:00,,-0.0008368200836820217,-0.0,0,0.0,1.0,4780.0,False,0.0,-0.0008368200836820217
2019-02-18 14:10:00,,0.0016750418760469454,0.0,0,0.0,1.0,4776.0,False,0.0,0.0016750418760469454
2019-02-18 14:55:00,,0.0029264214046822445,0.0,0,0.0,1.0,4784.0,False,0.0,0.0029264214046822445
2019-02-19 09:40:00,,0.008336807002917945,0.0,0,0.0,1.0,4798.0,False,0.0,0.008336807002917945
2019-02-19 10:40:00,,-0.0016535758577924664,-0.0,0,0.0,1.0,4838.0,False,0.0,-0.0016535758577924664
2019-02-19 11:25:00,,-0.0016563146997929934,-0.0,0,0.0,1.0,4830.0,False,0.0,-0.0016563146997929934
2019-02-19 14:10:00,,0.0016590626296142386,0.0,0,0.0,1.0,4822.0,False,0.0,0.0016590626296142386
2019-02-19 14:55:00,,0.0016563146997929934,0.0,0,0.0,1.0,4830.0,False,0.0,0.0016563146997929934
2019-02-19 21:35:00,,-0.014882182720132309,-0.0,0,0.0,1.0,4838.0,False,0.0,-0.014882182720132309
2019-02-20 09:40:00,,0.0016785564414603105,0.0,0,0.0,1.0,4766.0,False,0.0,0.0016785564414603105
2019-02-20 10:40:00,,-0.004608294930875556,-0.0,0,0.0,1.0,4774.0,False,0.0,-0.004608294930875556
2019-02-20 11:25:00,,0.00042087542087543284,0.0,0,0.0,1.0,4752.0,False,0.0,0.00042087542087543284
2019-02-20 14:10:00,,0.0012620950778292617,0.0,0,0.0,1.0,4754.0,False,0.0,0.0012620950778292617
2019-02-20 14:55:00,,-0.0037815126050420034,-0.0,0,0.0,1.0,4760.0,False,0.0,-0.0037815126050420034
2019-02-20 21:35:00,,-0.00674820750738081,-0.0,0,0.0,1.0,4742.0,False,0.0,-0.00674820750738081
2019-02-21 09:40:00,,0.002123142250530785,0.0,0,0.0,1.0,4710.0,False,0.0,0.002123142250530785
2019-02-21 10:40:00,,-0.0016949152542372614,-0.0,0,0.0,1.0,4720.0,False,0.0,-0.0016949152542372614
2019-02-21 11:25:00,,-0.002546689303904892,-0.0,0,0.0,1.0,4712.0,False,0.0,-0.002546689303904892
2019-02-21 14:10:00,,0.0034042553191488967,0.0,0,0.0,1.0,4700.0,False,0.0,0.0034042553191488967
2019-02-21 14:55:00,,-0.0012722646310432406,-0.0,0,0.0,1.0,4716.0,False,0.0,-0.0012722646310432406
2019-02-21 21:35:00,,0.003397027600849256,0.0,0,0.0,1.0,4710.0,False,0.0,0.003397027600849256
2019-02-22 09:40:00,,0.0016927634363097521,0.0,0,0.0,1.0,4726.0,False,0.0,0.0016927634363097521
2019-02-22 10:40:00,,0.0,0.0,0,0.0,1.0,4734.0,False,0.0,0.0
2019-02-22 11:25:00,,-0.0029573299535277098,-0.0,0,0.0,1.0,4734.0,False,0.0,-0.0029573299535277098
2019-02-22 14:10:00,,-0.0016949152542372614,-0.0,0,0.0,1.0,4720.0,False,0.0,-0.0016949152542372614
2019-02-22 14:55:00,,-0.0004244482173174635,-0.0,0,0.0,1.0,4712.0,False,0.0,-0.0004244482173174635
2019-02-22 21:35:00,,0.000424628450106157,0.0,0,0.0,1.0,4710.0,False,0.0,0.000424628450106157
2019-02-25 09:40:00,,0.0004244482173174635,0.0,0,0.0,1.0,4712.0,False,0.0,0.0004244482173174635
2019-02-25 10:40:00,,0.002969876962240159,0.0,0,0.0,1.0,4714.0,False,0.0,0.002969876962240159
2019-02-25 11:25:00,,-0.0054991539763112884,-0.0,0,0.0,1.0,4728.0,False,0.0,-0.0054991539763112884
2019-02-25 14:10:00,,-0.0034028073160357053,-0.0,0,0.0,1.0,4702.0,False,0.0,-0.0034028073160357053
2019-02-25 14:55:00,,-0.007682458386683688,-0.0,0,0.0,1.0,4686.0,False,0.0,-0.007682458386683688
2019-02-26 09:40:00,,-0.007741935483870921,-0.0,0,0.0,1.0,4650.0,False,0.0,-0.007741935483870921
2019-02-26 10:40:00,,0.0021673168617251104,0.0,0,0.0,1.0,4614.0,False,0.0,0.0021673168617251104
2019-02-26 11:25:00,,-0.0017301038062284002,-0.0,0,0.0,1.0,4624.0,False,0.0,-0.0017301038062284002
2019-02-26 14:10:00,,-0.0060658578856152,-0.0,0,0.0,1.0,4616.0,False,0.0,-0.0060658578856152
2019-02-26 14:55:00,,-0.0026155187445510153,-0.0,0,0.0,1.0,4588.0,False,0.0,-0.0026155187445510153
2019-02-26 21:35:00,,0.0034965034965035446,0.0,0,0.0,1.0,4576.0,False,0.0,0.0034965034965035446
2019-02-27 09:40:00,,-0.0030487804878048808,-0.0,0,0.0,1.0,4592.0,False,0.0,-0.0030487804878048808
2019-02-27 10:40:00,,0.0,0.0,0,0.0,1.0,4578.0,False,0.0,0.0
2019-02-27 11:25:00,,-0.000873743993010101,-0.0,0,0.0,1.0,4578.0,False,0.0,-0.000873743993010101
2019-02-27 14:10:00,,0.0,0.0,0,0.0,1.0,4574.0,False,0.0,0.0
2019-02-27 14:55:00,,-0.0021862702229995534,-0.0,0,0.0,1.0,4574.0,False,0.0,-0.0021862702229995534
2019-02-27 21:35:00,,-0.0013146362839614456,-0.0,0,0.0,1.0,4564.0,False,0.0,-0.0013146362839614456
2019-02-28 09:40:00,,0.000877577885037395,0.0,0,0.0,1.0,4558.0,False,0.0,0.000877577885037395
2019-02-28 10:40:00,,0.00043840420868046515,0.0,0,0.0,1.0,4562.0,False,0.0,0.00043840420868046515
2019-02-28 11:25:00,,-0.0008764241893076674,-0.0,0,0.0,1.0,4564.0,False,0.0,-0.0008764241893076674
2019-02-28 14:10:00,,-0.0017543859649122862,-0.0,0,0.0,1.0,4560.0,False,0.0,-0.0017543859649122862
2019-02-28 14:55:00,,0.0013181019332162425,0.0,0,0.0,1.0,4552.0,False,0.0,0.0013181019332162425
2019-02-28 21:35:00,,0.0030715225976305494,0.0,0,0.0,1.0,4558.0,False,0.0,0.0030715225976305494
2019-03-01 09:40:00,,0.0,0.0,0,0.0,1.0,4572.0,False,0.0,0.0
2019-03-01 10:40:00,,0.003937007874015741,0.0,0,0.0,1.0,4572.0,False,0.0,0.003937007874015741
2019-03-01 11:25:00,,0.0008714596949890296,0.0,0,0.0,1.0,4590.0,False,0.0,0.0008714596949890296
2019-03-01 14:10:00,,0.006965607313887734,0.0,0,0.0,1.0,4594.0,False,0.0,0.006965607313887734
2019-03-01 14:55:00,,-0.002161694768698652,-0.0,0,0.0,1.0,4626.0,False,0.0,-0.002161694768698652
2019-03-01 21:35:00,,0.0,0.0,0,0.0,1.0,4616.0,False,0.0,0.0
2019-03-04 09:40:00,,0.01863084922010394,0.0,0,0.0,1.0,4616.0,False,0.0,0.01863084922010394
2019-03-04 10:40:00,,-0.0038281582305401685,-0.0,0,0.0,1.0,4702.0,False,0.0,-0.0038281582305401685
2019-03-04 11:25:00,,-0.00128095644748083,-0.0,0,0.0,1.0,4684.0,False,0.0,-0.00128095644748083
2019-03-04 14:10:00,,0.001282599401453588,0.0,0,0.0,1.0,4678.0,False,0.0,0.001282599401453588
2019-03-04 14:55:00,,-0.01110162254483349,-0.0,0,0.0,1.0,4684.0,False,0.0,-0.01110162254483349
2019-03-05 09:40:00,,0.0038860103626943143,0.0,0,0.0,1.0,4632.0,False,0.0,0.0038860103626943143
2019-03-05 10:40:00,,0.00043010752688177334,0.0,0,0.0,1.0,4650.0,False,0.0,0.00043010752688177334
2019-03-05 11:25:00,,-0.0038693035253654084,-0.0,0,0.0,1.0,4652.0,False,0.0,-0.0038693035253654084
2019-03-05 14:10:00,,0.002157962883038378,0.0,0,0.0,1.0,4634.0,False,0.0,0.002157962883038378
2019-03-05 14:55:00,,-0.0021533161068044704,-0.0,0,0.0,1.0,4644.0,False,0.0,-0.0021533161068044704
2019-03-05 21:35:00,,0.004315925766076756,0.0,0,0.0,1.0,4634.0,False,0.0,0.004315925766076756
2019-03-06 09:40:00,,0.0021486892995272733,0.0,0,0.0,1.0,4654.0,False,0.0,0.0021486892995272733
2019-03-06 10:40:00,,-0.00042881646655235084,-0.0,0,0.0,1.0,4664.0,False,0.0,-0.00042881646655235084
2019-03-06 11:25:00,,-0.0030030030030030463,-0.0,0,0.0,1.0,4662.0,False,0.0,-0.0030030030030030463
2019-03-06 14:10:00,,-0.009466437177280573,-0.0,0,0.0,1.0,4648.0,False,0.0,-0.009466437177280573
2019-03-06 14:55:00,,0.003040834057341346,0.0,0,0.0,1.0,4604.0,False,0.0,0.003040834057341346
2019-03-06 21:35:00,,0.0,0.0,0,0.0,1.0,4618.0,False,0.0,0.0
2019-03-07 09:40:00,,-0.0017323516673884987,-0.0,0,0.0,1.0,4618.0,False,0.0,-0.0017323516673884987
2019-03-07 10:40:00,,-0.0026030368763557687,-0.0,0,0.0,1.0,4610.0,False,0.0,-0.0026030368763557687
2019-03-07 11:25:00,,-0.0008699434536755257,-0.0,0,0.0,1.0,4598.0,False,0.0,-0.0008699434536755257
2019-03-07 14:10:00,,0.0,0.0,0,0.0,1.0,4594.0,False,0.0,0.0
2019-03-07 14:55:00,,-0.0030474531998259113,-0.0,0,0.0,1.0,4594.0,False,0.0,-0.0030474531998259113
2019-03-07 21:35:00,,0.0026200873362445254,0.0,0,0.0,1.0,4580.0,False,0.0,0.0026200873362445254
2019-03-08 09:40:00,,0.0013066202090592505,0.0,0,0.0,1.0,4592.0,False,0.0,0.0013066202090592505
2019-03-08 10:40:00,,-0.0008699434536755257,-0.0,0,0.0,1.0,4598.0,False,0.0,-0.0008699434536755257
2019-03-08 11:25:00,,0.00217675228559,0.0,0,0.0,1.0,4594.0,False,0.0,0.00217675228559
2019-03-08 14:10:00,,0.0017376194613378804,0.0,0,0.0,1.0,4604.0,False,0.0,0.0017376194613378804
2019-03-08 14:55:00,,-0.0039028620988724727,-0.0,0,0.0,1.0,4612.0,False,0.0,-0.0039028620988724727
2019-03-08 21:35:00,,0.0008707009142359112,0.0,0,0.0,1.0,4594.0,False,0.0,0.0008707009142359112
2019-03-11 09:40:00,,0.003479773814702103,0.0,0,0.0,1.0,4598.0,False,0.0,0.003479773814702103
2019-03-11 10:40:00,,-0.0004334633723450665,-0.0,0,0.0,1.0,4614.0,False,0.0,-0.0004334633723450665
2019-03-11 11:25:00,,-0.001300954032957491,-0.0,0,0.0,1.0,4612.0,False,0.0,-0.001300954032957491
2019-03-11 14:10:00,,-0.00260529743812421,-0.0,0,0.0,1.0,4606.0,False,0.0,-0.00260529743812421
2019-03-11 14:55:00,,-0.0008707009142359112,-0.0,0,0.0,1.0,4594.0,False,0.0,-0.0008707009142359112
2019-03-12 09:40:00,,0.0017429193899782813,0.0,0,0.0,1.0,4590.0,False,0.0,0.0017429193899782813
2019-03-12 10:40:00,,0.00043497172683770735,0.0,0,0.0,1.0,4598.0,False,0.0,0.00043497172683770735
2019-03-12 11:25:00,,0.0,0.0,0,0.0,1.0,4600.0,False,0.0,0.0
2019-03-12 14:10:00,,-0.003478260869565264,-0.0,0,0.0,1.0,4600.0,False,0.0,-0.003478260869565264
2019-03-12 14:55:00,,0.00043630017452001013,0.0,0,0.0,1.0,4584.0,False,0.0,0.00043630017452001013
2019-03-12 21:35:00,,0.0013083296990841209,0.0,0,0.0,1.0,4586.0,False,0.0,0.0013083296990841209
2019-03-13 09:40:00,,0.0,0.0,0,0.0,1.0,4592.0,False,0.0,0.0
2019-03-13 10:40:00,,-0.0004355400696863798,-0.0,0,0.0,1.0,4592.0,False,0.0,-0.0004355400696863798
2019-03-13 11:25:00,,-0.004793028322440107,-0.0,0,0.0,1.0,4590.0,False,0.0,-0.004793028322440107
2019-03-13 14:10:00,,-0.006567425569176888,-0.0,0,0.0,1.0,4568.0,False,0.0,-0.006567425569176888
2019-03-13 14:55:00,,-0.0017628911414719894,-0.0,0,0.0,1.0,4538.0,False,0.0,-0.0017628911414719894
2019-03-13 21:35:00,,-0.003090507726269287,-0.0,0,0.0,1.0,4530.0,False,0.0,-0.003090507726269287
2019-03-14 09:40:00,,-0.0004428697962799433,-0.0,0,0.0,1.0,4516.0,False,0.0,-0.0004428697962799433
2019-03-14 10:40:00,,-0.0017722640673459855,-0.0,0,0.0,1.0,4514.0,False,0.0,-0.0017722640673459855
2019-03-14 11:25:00,,-0.001775410563692903,-0.0,0,0.0,1.0,4506.0,False,0.0,-0.001775410563692903
2019-03-14 14:10:00,,-0.00533570475767009,-0.0,0,0.0,1.0,4498.0,False,0.0,-0.00533570475767009
2019-03-14 14:55:00,,-0.0004470272686634136,-0.0,0,0.0,1.0,4474.0,False,0.0,-0.0004470272686634136
2019-03-14 21:35:00,,-0.0026833631484793896,-0.0,0,0.0,1.0,4472.0,False,0.0,-0.0026833631484793896
2019-03-15 09:40:00,,-0.0026905829596413078,-0.0,0,0.0,1.0,4460.0,False,0.0,-0.0026905829596413078
2019-03-15 10:40:00,,0.0008992805755396738,0.0,0,0.0,1.0,4448.0,False,0.0,0.0008992805755396738
2019-03-15 11:25:00,,-0.004492362982928988,-0.0,0,0.0,1.0,4452.0,False,0.0,-0.004492362982928988
2019-03-15 14:10:00,,0.0004512635379061436,0.0,0,0.0,1.0,4432.0,False,0.0,0.0004512635379061436
2019-03-15 14:55:00,,0.003157419936851591,0.0,0,0.0,1.0,4434.0,False,0.0,0.003157419936851591
2019-03-15 21:35:00,,0.004046762589928088,0.0,0,0.0,1.0,4448.0,False,0.0,0.004046762589928088
2019-03-18 09:40:00,,-0.0013434841021048305,-0.0,0,0.0,1.0,4466.0,False,0.0,-0.0013434841021048305
2019-03-18 10:40:00,,0.0004484304932734773,0.0,0,0.0,1.0,4460.0,False,0.0,0.0004484304932734773
2019-03-18 11:25:00,,0.0017929179740026058,0.0,0,0.0,1.0,4462.0,False,0.0,0.0017929179740026058
2019-03-18 14:10:00,,-0.0008948545861297008,-0.0,0,0.0,1.0,4470.0,False,0.0,-0.0008948545861297008
2019-03-18 14:55:00,,-0.004478280340349361,-0.0,0,0.0,1.0,4466.0,False,0.0,-0.004478280340349361
2019-03-19 09:40:00,,0.0004498425551056062,0.0,0,0.0,1.0,4446.0,False,0.0,0.0004498425551056062
2019-03-19 10:40:00,,0.0,0.0,0,0.0,1.0,4448.0,False,0.0,0.0
2019-03-19 11:25:00,,-0.0022482014388489624,-0.0,0,0.0,1.0,4448.0,False,0.0,-0.0022482014388489624
2019-03-19 14:10:00,,0.0009013068949976777,0.0,0,0.0,1.0,4438.0,False,0.0,0.0009013068949976777
2019-03-19 14:55:00,,-0.0009004952723997706,-0.0,0,0.0,1.0,4442.0,False,0.0,-0.0009004952723997706
2019-03-19 21:35:00,,0.004055881027489772,0.0,0,0.0,1.0,4438.0,False,0.0,0.004055881027489772
2019-03-20 09:40:00,,0.002244165170556478,0.0,0,0.0,1.0,4456.0,False,0.0,0.002244165170556478
2019-03-20 10:40:00,,0.0017913121361397,0.0,0,0.0,1.0,4466.0,False,0.0,0.0017913121361397
2019-03-20 11:25:00,,-0.0017881090746535433,-0.0,0,0.0,1.0,4474.0,False,0.0,-0.0017881090746535433
2019-03-20 14:10:00,,0.000895656068069961,0.0,0,0.0,1.0,4466.0,False,0.0,0.000895656068069961
2019-03-20 14:55:00,,0.0026845637583892135,0.0,0,0.0,1.0,4470.0,False,0.0,0.0026845637583892135
2019-03-20 21:35:00,,0.0008924587237839621,0.0,0,0.0,1.0,4482.0,False,0.0,0.0008924587237839621
2019-03-21 09:40:00,,-0.0004458314757022075,-0.0,0,0.0,1.0,4486.0,False,0.0,-0.0004458314757022075
2019-03-21 10:40:00,,-0.000892060660124927,-0.0,0,0.0,1.0,4484.0,False,0.0,-0.000892060660124927
2019-03-21 11:25:00,,0.001339285714285765,0.0,0,0.0,1.0,4480.0,False,0.0,0.001339285714285765
2019-03-21 14:10:00,,0.0022291573785109264,0.0,0,0.0,1.0,4486.0,False,0.0,0.0022291573785109264
2019-03-21 14:55:00,,-0.0013345195729537185,-0.0,0,0.0,1.0,4496.0,False,0.0,-0.0013345195729537185
2019-03-21 21:35:00,,-0.0008908685968819219,-0.0,0,0.0,1.0,4490.0,False,0.0,-0.0008908685968819219
2019-03-22 09:40:00,,-0.004458314757021853,-0.0,0,0.0,1.0,4486.0,False,0.0,-0.004458314757021853
2019-03-22 10:40:00,,0.0013434841021047195,0.0,0,0.0,1.0,4466.0,False,0.0,0.0013434841021047195
2019-03-22 11:25:00,,-0.0004472271914132131,-0.0,0,0.0,1.0,4472.0,False,0.0,-0.0004472271914132131
2019-03-22 14:10:00,,0.0008948545861298118,0.0,0,0.0,1.0,4470.0,False,0.0,0.0008948545861298118
2019-03-22 14:55:00,,-0.0004470272686634136,-0.0,0,0.0,1.0,4474.0,False,0.0,-0.0004470272686634136
2019-03-22 21:35:00,,-0.004472271914132353,-0.0,0,0.0,1.0,4472.0,False,0.0,-0.004472271914132353
2019-03-25 09:40:00,,-0.0062893081761006275,-0.0,0,0.0,1.0,4452.0,False,0.0,-0.0062893081761006275
2019-03-25 10:40:00,,0.002712477396021651,0.0,0,0.0,1.0,4424.0,False,0.0,0.002712477396021651
2019-03-25 11:25:00,,-0.0013525698827773214,-0.0,0,0.0,1.0,4436.0,False,0.0,-0.0013525698827773214
2019-03-25 14:10:00,,0.0009029345372459918,0.0,0,0.0,1.0,4430.0,False,0.0,0.0009029345372459918
2019-03-25 14:55:00,,0.0,0.0,0,0.0,1.0,4434.0,False,0.0,0.0
2019-03-26 09:40:00,,0.004961659900766913,0.0,0,0.0,1.0,4434.0,False,0.0,0.004961659900766913
2019-03-26 10:40:00,,-0.0008976660682226134,-0.0,0,0.0,1.0,4456.0,False,0.0,-0.0008976660682226134
2019-03-26 11:25:00,,-0.002246181491464494,-0.0,0,0.0,1.0,4452.0,False,0.0,-0.002246181491464494
2019-03-26 14:10:00,,-0.0009004952723997706,-0.0,0,0.0,1.0,4442.0,False,0.0,-0.0009004952723997706
2019-03-26 14:55:00,,-0.00045065344749883884,-0.0,0,0.0,1.0,4438.0,False,0.0,-0.00045065344749883884
2019-03-26 21:35:00,,0.004959422903516586,0.0,0,0.0,1.0,4436.0,False,0.0,0.004959422903516586
2019-03-27 09:40:00,,-0.003140421713773045,-0.0,0,0.0,1.0,4458.0,False,0.0,-0.003140421713773045
2019-03-27 10:40:00,,-0.0004500450045004101,-0.0,0,0.0,1.0,4444.0,False,0.0,-0.0004500450045004101
2019-03-27 11:25:00,,-0.0036019810895993043,-0.0,0,0.0,1.0,4442.0,False,0.0,-0.0036019810895993043
2019-03-27 14:10:00,,-0.0004518752824220762,-0.0,0,0.0,1.0,4426.0,False,0.0,-0.0004518752824220762
2019-03-27 14:55:00,,0.002712477396021651,0.0,0,0.0,1.0,4424.0,False,0.0,0.002712477396021651
2019-03-27 21:35:00,,-0.0022542831379621653,-0.0,0,0.0,1.0,4436.0,False,0.0,-0.0022542831379621653
2019-03-28 09:40:00,,-0.0009037505648441524,-0.0,0,0.0,1.0,4426.0,False,0.0,-0.0009037505648441524
2019-03-28 10:40:00,,-0.007236544549977353,-0.0,0,0.0,1.0,4422.0,False,0.0,-0.007236544549977353
2019-03-28 11:25:00,,0.0013667425968109104,0.0,0,0.0,1.0,4390.0,False,0.0,0.0013667425968109104
2019-03-28 14:10:00,,0.0009099181073703999,0.0,0,0.0,1.0,4396.0,False,0.0,0.0009099181073703999
2019-03-28 14:55:00,,-0.006363636363636349,-0.0,0,0.0,1.0,4400.0,False,0.0,-0.006363636363636349
2019-03-28 21:35:00,,-0.004117108874656883,-0.0,0,0.0,1.0,4372.0,False,0.0,-0.004117108874656883
2019-03-29 09:40:00,,-0.003215434083601254,-0.0,0,0.0,1.0,4354.0,False,0.0,-0.003215434083601254
2019-03-29 10:40:00,,-0.0023041474654378336,-0.0,0,0.0,1.0,4340.0,False,0.0,-0.0023041474654378336
2019-03-29 11:25:00,,-0.0004618937644341736,-0.0,0,0.0,1.0,4330.0,False,0.0,-0.0004618937644341736
2019-03-29 14:10:00,,-0.00046210720887240875,-0.0,0,0.0,1.0,4328.0,False,0.0,-0.00046210720887240875
2019-03-29 14:55:00,,-0.001849283402681423,-0.0,0,0.0,1.0,4326.0,False,0.0,-0.001849283402681423
2019-03-29 21:35:00,,0.0037054191755443444,0.0,0,0.0,1.0,4318.0,False,0.0,0.0037054191755443444
2019-04-01 09:40:00,,-0.00184586986617441,-0.0,0,0.0,1.0,4334.0,False,0.0,-0.00184586986617441
2019-04-01 10:40:00,,0.002311604253351751,0.0,0,0.0,1.0,4326.0,False,0.0,0.002311604253351751
2019-04-01 11:25:00,,0.0013837638376383854,0.0,0,0.0,1.0,4336.0,False,0.0,0.0013837638376383854
2019-04-01 14:10:00,,0.0,0.0,0,0.0,1.0,4342.0,False,0.0,0.0
2019-04-01 14:55:00,,-0.0004606172270843478,-0.0,0,0.0,1.0,4342.0,False,0.0,-0.0004606172270843478
2019-04-02 09:40:00,,0.0009216589861751334,0.0,0,0.0,1.0,4340.0,False,0.0,0.0009216589861751334
2019-04-02 10:40:00,,0.005524861878453136,0.0,0,0.0,1.0,4344.0,False,0.0,0.005524861878453136
2019-04-02 11:25:00,,0.0027472527472527375,0.0,0,0.0,1.0,4368.0,False,0.0,0.0027472527472527375
2019-04-02 14:10:00,,-0.00136986301369868,-0.0,0,0.0,1.0,4380.0,False,0.0,-0.00136986301369868
2019-04-02 14:55:00,,0.00274348422496562,0.0,0,0.0,1.0,4374.0,False,0.0,0.00274348422496562
2019-04-02 21:35:00,,0.010487916096671324,0.0,0,0.0,1.0,4386.0,False,0.0,0.010487916096671324
2019-04-03 09:40:00,,0.0004512635379061436,0.0,0,0.0,1.0,4432.0,False,0.0,0.0004512635379061436
2019-04-03 10:40:00,,0.00045105999097883043,0.0,0,0.0,1.0,4434.0,False,0.0,0.00045105999097883043
2019-04-03 11:25:00,,0.0022542831379621653,0.0,0,0.0,1.0,4436.0,False,0.0,0.0022542831379621653
2019-04-03 14:10:00,,0.0008996851102114345,0.0,0,0.0,1.0,4446.0,False,0.0,0.0008996851102114345
2019-04-03 14:55:00,,-0.006741573033707815,-0.0,0,0.0,1.0,4450.0,False,0.0,-0.006741573033707815
2019-04-03 21:35:00,,0.0,0.0,0,0.0,1.0,4420.0,False,0.0,0.0
2019-04-04 09:40:00,,-0.0004524886877828038,-0.0,0,0.0,1.0,4420.0,False,0.0,-0.0004524886877828038
2019-04-04 10:40:00,,0.0009053870529651675,0.0,0,0.0,1.0,4418.0,False,0.0,0.0009053870529651675
2019-04-04 11:25:00,,0.0036182722749886764,0.0,0,0.0,1.0,4422.0,False,0.0,0.0036182722749886764
2019-04-04 14:10:00,,0.0009013068949976777,0.0,0,0.0,1.0,4438.0,False,0.0,0.0009013068949976777
2019-04-04 14:55:00,,0.0027014858171994227,0.0,0,0.0,1.0,4442.0,False,0.0,0.0027014858171994227
2019-04-04 21:35:00,,0.00404131118096096,0.0,0,0.0,1.0,4454.0,False,0.0,0.00404131118096096
2019-04-08 09:40:00,,0.0031305903398926027,0.0,0,0.0,1.0,4472.0,False,0.0,0.0031305903398926027
2019-04-08 10:40:00,,-0.001783325902808719,-0.0,0,0.0,1.0,4486.0,False,0.0,-0.001783325902808719
2019-04-08 11:25:00,,-0.001786511835640936,-0.0,0,0.0,1.0,4478.0,False,0.0,-0.001786511835640936
2019-04-08 14:10:00,,-0.0031319910514541194,-0.0,0,0.0,1.0,4470.0,False,0.0,-0.0031319910514541194
2019-04-08 14:55:00,,-0.0013464991023339756,-0.0,0,0.0,1.0,4456.0,False,0.0,-0.0013464991023339756
2019-04-09 09:40:00,,0.004943820224719175,0.0,0,0.0,1.0,4450.0,False,0.0,0.004943820224719175
2019-04-09 10:40:00,,0.0008944543828264262,0.0,0,0.0,1.0,4472.0,False,0.0,0.0008944543828264262
2019-04-09 11:25:00,,0.003127792672028562,0.0,0,0.0,1.0,4476.0,False,0.0,0.003127792672028562
2019-04-09 14:10:00,,0.00044543429844101645,0.0,0,0.0,1.0,4490.0,False,0.0,0.00044543429844101645
2019-04-09 14:55:00,,0.005788067675868147,0.0,0,0.0,1.0,4492.0,False,0.0,0.005788067675868147
2019-04-09 21:35:00,,0.04603806994245252,0.0,0,0.0,1.0,4518.0,False,0.0,0.04603806994245252
2019-04-10 09:40:00,,0.0,0.0,0,0.0,1.0,4726.0,True,0.0,0.0021159542953872457
2019-04-10 10:40:00,,-0.0008445945945946276,-0.0,0,0.0,1.0,4736.0,False,0.0,-0.0008445945945946276
2019-04-10 11:25:00,,0.0008453085376163294,0.0,0,0.0,1.0,4732.0,False,0.0,0.0008453085376163294
2019-04-10 14:10:00,,-0.0050675675675675436,-0.0,0,0.0,1.0,4736.0,False,0.0,-0.0050675675675675436
2019-04-10 14:55:00,,-0.004244482173174857,-0.0,0,0.0,1.0,4712.0,False,0.0,-0.004244482173174857
2019-04-10 21:35:00,,-0.0029838022165388223,-0.0,0,0.0,1.0,4692.0,False,0.0,-0.0029838022165388223
2019-04-11 09:40:00,,0.0017101325352715246,0.0,0,0.0,1.0,4678.0,False,0.0,0.0017101325352715246
2019-04-11 10:40:00,,-0.0004268032437046987,-0.0,0,0.0,1.0,4686.0,False,0.0,-0.0004268032437046987
2019-04-11 11:25:00,,0.000853970964987294,0.0,0,0.0,1.0,4684.0,False,0.0,0.000853970964987294
2019-04-11 14:10:00,,-0.004266211604095571,-0.0,0,0.0,1.0,4688.0,False,0.0,-0.004266211604095571
2019-04-11 14:55:00,,0.0,0.0,0,0.0,1.0,4668.0,False,0.0,0.0
2019-04-11 21:35:00,,0.0029991431019709136,0.0,0,0.0,1.0,4668.0,False,0.0,0.0029991431019709136
2019-04-12 09:40:00,,-0.0034173430158052076,-0.0,0,0.0,1.0,4682.0,False,0.0,-0.0034173430158052076
2019-04-12 10:40:00,,0.0017145306472352573,0.0,0,0.0,1.0,4666.0,False,0.0,0.0017145306472352573
2019-04-12 11:25:00,,0.0021394950791613354,0.0,0,0.0,1.0,4674.0,False,0.0,0.0021394950791613354
2019-04-12 14:10:00,,0.002134927412468013,0.0,0,0.0,1.0,4684.0,False,0.0,0.002134927412468013
2019-04-12 14:55:00,,0.0012782275244993535,0.0,0,0.0,1.0,4694.0,False,0.0,0.0012782275244993535
2019-04-12 21:35:00,,-0.004255319148936176,-0.0,0,0.0,1.0,4700.0,False,0.0,-0.004255319148936176
2019-04-15 09:40:00,,0.002136752136752129,0.0,0,0.0,1.0,4680.0,False,0.0,0.002136752136752129
2019-04-15 10:40:00,,0.0004264392324093702,0.0,0,0.0,1.0,4690.0,False,0.0,0.0004264392324093702
2019-04-15 11:25:00,,-0.0017050298380221207,-0.0,0,0.0,1.0,4692.0,False,0.0,-0.0017050298380221207
2019-04-15 14:10:00,,-0.002134927412468013,-0.0,0,0.0,1.0,4684.0,False,0.0,-0.002134927412468013
2019-04-15 14:55:00,,-0.004278990158322671,-0.0,0,0.0,1.0,4674.0,False,0.0,-0.004278990158322671
2019-04-16 09:40:00,,-0.0025784271594327945,-0.0,0,0.0,1.0,4654.0,False,0.0,-0.0025784271594327945
2019-04-16 10:40:00,,-0.0034467901766479514,-0.0,0,0.0,1.0,4642.0,False,0.0,-0.0034467901766479514
2019-04-16 11:25:00,,0.0017293558149589217,0.0,0,0.0,1.0,4626.0,False,0.0,0.0017293558149589217
2019-04-16 14:10:00,,0.0017263703064307467,0.0,0,0.0,1.0,4634.0,False,0.0,0.0017263703064307467
2019-04-16 14:55:00,,0.0,0.0,0,0.0,1.0,4642.0,False,0.0,0.0
2019-04-16 21:35:00,,0.0012925463162429818,0.0,0,0.0,1.0,4642.0,False,0.0,0.0012925463162429818
2019-04-17 09:40:00,,0.001290877796901846,0.0,0,0.0,1.0,4648.0,False,0.0,0.001290877796901846
2019-04-17 10:40:00,,0.004727116458959957,0.0,0,0.0,1.0,4654.0,False,0.0,0.004727116458959957
2019-04-17 11:25:00,,-0.002138579982891353,-0.0,0,0.0,1.0,4676.0,False,0.0,-0.002138579982891353
2019-04-17 14:10:00,,-0.0004286326618088143,-0.0,0,0.0,1.0,4666.0,False,0.0,-0.0004286326618088143
2019-04-17 14:55:00,,0.0008576329331047017,0.0,0,0.0,1.0,4664.0,False,0.0,0.0008576329331047017
2019-04-17 21:35:00,,0.0008568980291345785,0.0,0,0.0,1.0,4668.0,False,0.0,0.0008568980291345785
2019-04-18 09:40:00,,-0.005136986301369828,-0.0,0,0.0,1.0,4672.0,False,0.0,-0.005136986301369828
2019-04-18 10:40:00,,-0.000430292598967319,-0.0,0,0.0,1.0,4648.0,False,0.0,-0.000430292598967319
2019-04-18 11:25:00,,-0.0017219113215669601,-0.0,0,0.0,1.0,4646.0,False,0.0,-0.0017219113215669601
2019-04-18 14:10:00,,-0.00431220353600692,-0.0,0,0.0,1.0,4638.0,False,0.0,-0.00431220353600692
2019-04-18 14:55:00,,-0.004330879168471191,-0.0,0,0.0,1.0,4618.0,False,0.0,-0.004330879168471191
2019-04-18 21:35:00,,0.002174858634188759,0.0,0,0.0,1.0,4598.0,False,0.0,0.002174858634188759
2019-04-19 09:40:00,,0.00390625,0.0,0,0.0,1.0,4608.0,False,0.0,0.00390625
2019-04-19 10:40:00,,-0.0004323389537397304,-0.0,0,0.0,1.0,4626.0,False,0.0,-0.0004323389537397304
2019-04-19 11:25:00,,0.0017301038062282892,0.0,0,0.0,1.0,4624.0,False,0.0,0.0017301038062282892
2019-04-19 14:10:00,,-0.002590673575129543,-0.0,0,0.0,1.0,4632.0,False,0.0,-0.002590673575129543
2019-04-19 14:55:00,,-0.00043290043290045155,-0.0,0,0.0,1.0,4620.0,False,0.0,-0.00043290043290045155
2019-04-19 21:35:00,,0.002165439584235651,0.0,0,0.0,1.0,4618.0,False,0.0,0.002165439584235651
2019-04-22 09:40:00,,0.006482281763180664,0.0,0,0.0,1.0,4628.0,False,0.0,0.006482281763180664
2019-04-22 10:40:00,,0.0,0.0,0,0.0,1.0,4658.0,False,0.0,0.0
2019-04-22 11:25:00,,-0.003005581794761736,-0.0,0,0.0,1.0,4658.0,False,0.0,-0.003005581794761736
2019-04-22 14:10:00,,-0.0008613264427217437,-0.0,0,0.0,1.0,4644.0,False,0.0,-0.0008613264427217437
2019-04-22 14:55:00,,-0.0034482758620689724,-0.0,0,0.0,1.0,4640.0,False,0.0,-0.0034482758620689724
2019-04-23 09:40:00,,0.0004325259515571833,0.0,0,0.0,1.0,4624.0,False,0.0,0.0004325259515571833
2019-04-23 10:40:00,,-0.0025940337224383825,-0.0,0,0.0,1.0,4626.0,False,0.0,-0.0025940337224383825
2019-04-23 11:25:00,,-0.0004334633723450665,-0.0,0,0.0,1.0,4614.0,False,0.0,-0.0004334633723450665
2019-04-23 14:10:00,,-0.002601908065914982,-0.0,0,0.0,1.0,4612.0,False,0.0,-0.002601908065914982
2019-04-23 14:55:00,,-0.00043478260869567187,-0.0,0,0.0,1.0,4600.0,False,0.0,-0.00043478260869567187
2019-04-23 21:35:00,,-0.005654632448890862,-0.0,0,0.0,1.0,4598.0,False,0.0,-0.005654632448890862
2019-04-24 09:40:00,,-0.001312335958005284,-0.0,0,0.0,1.0,4572.0,False,0.0,-0.001312335958005284
2019-04-24 10:40:00,,-0.0008760402978537085,-0.0,0,0.0,1.0,4566.0,False,0.0,-0.0008760402978537085
2019-04-24 11:25:00,,-0.002630425252082458,-0.0,0,0.0,1.0,4562.0,False,0.0,-0.002630425252082458
2019-04-24 14:10:00,,0.003956043956043986,0.0,0,0.0,1.0,4550.0,False,0.0,0.003956043956043986
2019-04-24 14:55:00,,0.0,0.0,0,0.0,1.0,4568.0,False,0.0,0.0
2019-04-24 21:35:00,,0.002189141856392185,0.0,0,0.0,1.0,4568.0,False,0.0,0.002189141856392185
2019-04-25 09:40:00,,0.002184359982525086,0.0,0,0.0,1.0,4578.0,False,0.0,0.002184359982525086
2019-04-25 10:40:00,,-0.0008718395815170421,-0.0,0,0.0,1.0,4588.0,False,0.0,-0.0008718395815170421
2019-04-25 11:25:00,,-0.0008726003490401313,-0.0,0,0.0,1.0,4584.0,False,0.0,-0.0008726003490401313
2019-04-25 14:10:00,,0.0,0.0,0,0.0,1.0,4580.0,False,0.0,0.0
2019-04-25 14:55:00,,-0.0008733624454148048,-0.0,0,0.0,1.0,4580.0,False,0.0,-0.0008733624454148048
2019-04-25 21:35:00,,-0.010489510489510523,-0.0,0,0.0,1.0,4576.0,False,0.0,-0.010489510489510523
2019-04-26 09:40:00,,-0.0022084805653710404,-0.0,0,0.0,1.0,4528.0,False,0.0,-0.0022084805653710404
2019-04-26 10:40:00,,0.0008853474988932408,0.0,0,0.0,1.0,4518.0,False,0.0,0.0008853474988932408
2019-04-26 11:25:00,,-0.0017691287041132764,-0.0,0,0.0,1.0,4522.0,False,0.0,-0.0017691287041132764
2019-04-26 14:10:00,,-0.005316792202038068,-0.0,0,0.0,1.0,4514.0,False,0.0,-0.005316792202038068
2019-04-26 14:55:00,,0.0026726057906458767,0.0,0,0.0,1.0,4490.0,False,0.0,0.0026726057906458767
2019-04-26 21:35:00,,0.0013327410039982723,0.0,0,0.0,1.0,4502.0,False,0.0,0.0013327410039982723
2019-04-29 09:40:00,,-0.002218278615794156,-0.0,0,0.0,1.0,4508.0,False,0.0,-0.002218278615794156
2019-04-29 10:40:00,,0.0013339261894174115,0.0,0,0.0,1.0,4498.0,False,0.0,0.0013339261894174115
2019-04-29 11:25:00,,0.0,0.0,0,0.0,1.0,4504.0,False,0.0,0.0
2019-04-29 14:10:00,,-0.001332149200710453,-0.0,0,0.0,1.0,4504.0,False,0.0,-0.001332149200710453
2019-04-29 14:55:00,,-0.002223210315695834,-0.0,0,0.0,1.0,4498.0,False,0.0,-0.002223210315695834
2019-04-30 09:40:00,,0.002673796791443861,0.0,0,0.0,1.0,4488.0,False,0.0,0.002673796791443861
2019-04-30 10:40:00,,0.000888888888888939,0.0,0,0.0,1.0,4500.0,False,0.0,0.000888888888888939
2019-04-30 11:25:00,,-0.002220248667850755,-0.0,0,0.0,1.0,4504.0,False,0.0,-0.002220248667850755
2019-04-30 14:10:00,,0.002225189141076944,0.0,0,0.0,1.0,4494.0,False,0.0,0.002225189141076944
2019-04-30 14:55:00,,-0.000444049733570151,-0.0,0,0.0,1.0,4504.0,False,0.0,-0.000444049733570151
2019-04-30 21:35:00,,-0.02932030208796088,-0.0,0,0.0,1.0,4502.0,False,0.0,-0.02932030208796088
2019-05-06 09:40:00,,0.010526315789473717,0.0,0,0.0,1.0,4370.0,False,0.0,0.010526315789473717
2019-05-06 10:40:00,,-0.005434782608695676,-0.0,0,0.0,1.0,4416.0,False,0.0,-0.005434782608695676
2019-05-06 11:25:00,,-0.0009107468123861207,-0.0,0,0.0,1.0,4392.0,False,0.0,-0.0009107468123861207
2019-05-06 14:10:00,,-0.002278942570647202,-0.0,0,0.0,1.0,4388.0,False,0.0,-0.002278942570647202
2019-05-06 14:55:00,,0.005481955230699054,0.0,0,0.0,1.0,4378.0,False,0.0,0.005481955230699054
2019-05-07 09:40:00,,0.003180372557928246,0.0,0,0.0,1.0,4402.0,False,0.0,0.003180372557928246
2019-05-07 10:40:00,,0.0,0.0,0,0.0,1.0,4416.0,False,0.0,0.0
2019-05-07 11:25:00,,0.00045289855072461194,0.0,0,0.0,1.0,4416.0,False,0.0,0.00045289855072461194
2019-05-07 14:10:00,,-0.0009053870529651675,-0.0,0,0.0,1.0,4418.0,False,0.0,-0.0009053870529651675
2019-05-07 14:55:00,,0.00271862256456723,0.0,0,0.0,1.0,4414.0,False,0.0,0.00271862256456723
2019-05-07 21:35:00,,0.002259376412110159,0.0,0,0.0,1.0,4426.0,False,0.0,0.002259376412110159
2019-05-08 09:40:00,,0.0018034265103696878,0.0,0,0.0,1.0,4436.0,False,0.0,0.0018034265103696878
2019-05-08 10:40:00,,0.0004500450045004101,0.0,0,0.0,1.0,4444.0,False,0.0,0.0004500450045004101
2019-05-08 11:25:00,,-0.0008996851102114345,-0.0,0,0.0,1.0,4446.0,False,0.0,-0.0008996851102114345
2019-05-08 14:10:00,,-0.0009004952723997706,-0.0,0,0.0,1.0,4442.0,False,0.0,-0.0009004952723997706
2019-05-08 14:55:00,,-0.005858494817485349,-0.0,0,0.0,1.0,4438.0,False,0.0,-0.005858494817485349
2019-05-08 21:35:00,,0.0004533091568450498,0.0,0,0.0,1.0,4412.0,False,0.0,0.0004533091568450498
2019-05-09 09:40:00,,0.0009062075215224841,0.0,0,0.0,1.0,4414.0,False,0.0,0.0009062075215224841
2019-05-09 10:40:00,,-0.00045269352648258376,-0.0,0,0.0,1.0,4418.0,False,0.0,-0.00045269352648258376
2019-05-09 11:25:00,,0.0009057971014492239,0.0,0,0.0,1.0,4416.0,False,0.0,0.0009057971014492239
2019-05-09 14:10:00,,0.0004524886877828038,0.0,0,0.0,1.0,4420.0,False,0.0,0.0004524886877828038
2019-05-09 14:55:00,,0.004070556309362372,0.0,0,0.0,1.0,4422.0,False,0.0,0.004070556309362372
2019-05-09 21:35:00,,-0.00540540540540535,-0.0,0,0.0,1.0,4440.0,False,0.0,-0.00540540540540535
2019-05-10 09:40:00,,-0.0031702898550725056,-0.0,0,0.0,1.0,4416.0,False,0.0,-0.0031702898550725056
2019-05-10 10:40:00,,0.00045433893684698745,0.0,0,0.0,1.0,4402.0,False,0.0,0.00045433893684698745
2019-05-10 11:25:00,,0.0027247956403269047,0.0,0,0.0,1.0,4404.0,False,0.0,0.0027247956403269047
2019-05-10 14:10:00,,0.0018115942028984477,0.0,0,0.0,1.0,4416.0,False,0.0,0.0018115942028984477
2019-05-10 14:55:00,,-0.001808318264014508,-0.0,0,0.0,1.0,4424.0,False,0.0,-0.001808318264014508
2019-05-10 21:35:00,,0.00045289855072461194,0.0,0,0.0,1.0,4416.0,False,0.0,0.00045289855072461194
2019-05-13 09:40:00,,-0.009053870529651453,-0.0,0,0.0,1.0,4418.0,False,0.0,-0.009053870529651453
2019-05-13 10:40:00,,0.0031978072179077444,0.0,0,0.0,1.0,4378.0,False,0.0,0.0031978072179077444
2019-05-13 11:25:00,,0.0,0.0,0,0.0,1.0,4392.0,False,0.0,0.0
2019-05-13 14:10:00,,0.0,0.0,0,0.0,1.0,4392.0,False,0.0,0.0
2019-05-13 14:55:00,,0.005464480874316946,0.0,0,0.0,1.0,4392.0,False,0.0,0.005464480874316946
2019-05-14 09:40:00,,0.0009057971014492239,0.0,0,0.0,1.0,4416.0,False,0.0,0.0009057971014492239
2019-05-14 10:40:00,,-0.0018099547511312153,-0.0,0,0.0,1.0,4420.0,False,0.0,-0.0018099547511312153
2019-05-14 11:25:00,,-0.0036264732547597323,-0.0,0,0.0,1.0,4412.0,False,0.0,-0.0036264732547597323
2019-05-14 14:10:00,,0.00045495905368508893,0.0,0,0.0,1.0,4396.0,False,0.0,0.00045495905368508893
2019-05-14 14:55:00,,-0.00545702592087316,-0.0,0,0.0,1.0,4398.0,False,0.0,-0.00545702592087316
2019-05-14 21:35:00,,0.010973936899862924,0.0,0,0.0,1.0,4374.0,False,0.0,0.010973936899862924
2019-05-15 09:40:00,,0.003165988240615203,0.0,0,0.0,1.0,4422.0,False,0.0,0.003165988240615203
2019-05-15 10:40:00,,-0.0013525698827773214,-0.0,0,0.0,1.0,4436.0,False,0.0,-0.0013525698827773214
2019-05-15 11:25:00,,0.0018058690744922057,0.0,0,0.0,1.0,4430.0,False,0.0,0.0018058690744922057
2019-05-15 14:10:00,,0.0013519603424965165,0.0,0,0.0,1.0,4438.0,False,0.0,0.0013519603424965165
2019-05-15 14:55:00,,-0.0009000900090009312,-0.0,0,0.0,1.0,4444.0,False,0.0,-0.0009000900090009312
2019-05-15 21:35:00,,0.0022522522522523403,0.0,0,0.0,1.0,4440.0,False,0.0,0.0022522522522523403
2019-05-16 09:40:00,,0.0004494382022472987,0.0,0,0.0,1.0,4450.0,False,0.0,0.0004494382022472987
2019-05-16 10:40:00,,0.0026954177897573484,0.0,0,0.0,1.0,4452.0,False,0.0,0.0026954177897573484
2019-05-16 11:25:00,,0.0022401433691756623,0.0,0,0.0,1.0,4464.0,False,0.0,0.0022401433691756623
2019-05-16 14:10:00,,-0.0008940545373268272,-0.0,0,0.0,1.0,4474.0,False,0.0,-0.0008940545373268272
2019-05-16 14:55:00,,0.0022371364653244186,0.0,0,0.0,1.0,4470.0,False,0.0,0.0022371364653244186
2019-05-16 21:35:00,,0.00267857142857153,0.0,0,0.0,1.0,4480.0,False,0.0,0.00267857142857153
2019-05-17 09:40:00,,0.003116651825467498,0.0,0,0.0,1.0,4492.0,False,0.0,0.003116651825467498
2019-05-17 10:40:00,,0.0,0.0,0,0.0,1.0,4506.0,False,0.0,0.0
2019-05-17 11:25:00,,-0.004882379050155317,-0.0,0,0.0,1.0,4506.0,False,0.0,-0.004882379050155317
2019-05-17 14:10:00,,-0.001784121320249743,-0.0,0,0.0,1.0,4484.0,False,0.0,-0.001784121320249743
2019-05-17 14:55:00,,-0.00044682752457547714,-0.0,0,0.0,1.0,4476.0,False,0.0,-0.00044682752457547714
2019-05-17 21:35:00,,0.003129190880643673,0.0,0,0.0,1.0,4474.0,False,0.0,0.003129190880643673
2019-05-20 09:40:00,,0.0,0.0,0,0.0,1.0,4488.0,False,0.0,0.0
2019-05-20 10:40:00,,-0.0013368983957219305,-0.0,0,0.0,1.0,4488.0,False,0.0,-0.0013368983957219305
2019-05-20 11:25:00,,0.0008924587237839621,0.0,0,0.0,1.0,4482.0,False,0.0,0.0008924587237839621
2019-05-20 14:10:00,,-0.0004458314757022075,-0.0,0,0.0,1.0,4486.0,False,0.0,-0.0004458314757022075
2019-05-20 14:55:00,,0.000892060660124816,0.0,0,0.0,1.0,4484.0,False,0.0,0.000892060660124816
2019-05-21 09:40:00,,0.0017825311942958333,0.0,0,0.0,1.0,4488.0,False,0.0,0.0017825311942958333
2019-05-21 10:40:00,,0.0,0.0,0,0.0,1.0,4496.0,False,0.0,0.0
2019-05-21 11:25:00,,-0.001779359430605032,-0.0,0,0.0,1.0,4496.0,False,0.0,-0.001779359430605032
2019-05-21 14:10:00,,-0.003119429590017875,-0.0,0,0.0,1.0,4488.0,False,0.0,-0.003119429590017875
2019-05-21 14:55:00,,0.002235136343316846,0.0,0,0.0,1.0,4474.0,False,0.0,0.002235136343316846
2019-05-21 21:35:00,,-0.004014272970562005,-0.0,0,0.0,1.0,4484.0,False,0.0,-0.004014272970562005
2019-05-22 09:40:00,,-0.009404388714733591,-0.0,0,0.0,1.0,4466.0,False,0.0,-0.009404388714733591
2019-05-22 10:40:00,,0.001808318264014508,0.0,0,0.0,1.0,4424.0,False,0.0,0.001808318264014508
2019-05-22 11:25:00,,0.0009025270758122872,0.0,0,0.0,1.0,4432.0,False,0.0,0.0009025270758122872
2019-05-22 14:10:00,,-0.004057709648331853,-0.0,0,0.0,1.0,4436.0,False,0.0,-0.004057709648331853
2019-05-22 14:55:00,,0.0,0.0,0,0.0,1.0,4418.0,False,0.0,0.0
2019-05-22 21:35:00,,-0.0013580805794477513,-0.0,0,0.0,1.0,4418.0,False,0.0,-0.0013580805794477513
2019-05-23 09:40:00,,-0.00498640072529466,-0.0,0,0.0,1.0,4412.0,False,0.0,-0.00498640072529466
2019-05-23 10:40:00,,-0.0009111617312073106,-0.0,0,0.0,1.0,4390.0,False,0.0,-0.0009111617312073106
2019-05-23 11:25:00,,0.0,0.0,0,0.0,1.0,4386.0,False,0.0,0.0
2019-05-23 14:10:00,,-0.0031919744642042724,-0.0,0,0.0,1.0,4386.0,False,0.0,-0.0031919744642042724
2019-05-23 14:55:00,,-0.0013723696248856276,-0.0,0,0.0,1.0,4372.0,False,0.0,-0.0013723696248856276
2019-05-23 21:35:00,,0.0,0.0,0,0.0,1.0,4366.0,False,0.0,0.0
2019-05-24 09:40:00,,0.001832340815391742,0.0,0,0.0,1.0,4366.0,False,0.0,0.001832340815391742
2019-05-24 10:40:00,,-0.00137174211248281,-0.0,0,0.0,1.0,4374.0,False,0.0,-0.00137174211248281
2019-05-24 11:25:00,,0.0009157509157509125,0.0,0,0.0,1.0,4368.0,False,0.0,0.0009157509157509125
2019-05-24 14:10:00,,-0.00045745654162854255,-0.0,0,0.0,1.0,4372.0,False,0.0,-0.00045745654162854255
2019-05-24 14:55:00,,-0.0009153318077803618,-0.0,0,0.0,1.0,4370.0,False,0.0,-0.0009153318077803618
2019-05-24 21:35:00,,0.0004580852038478245,0.0,0,0.0,1.0,4366.0,False,0.0,0.0004580852038478245
2019-05-27 09:40:00,,0.005036630036630019,0.0,0,0.0,1.0,4368.0,False,0.0,0.005036630036630019
2019-05-27 10:40:00,,0.0013667425968109104,0.0,0,0.0,1.0,4390.0,False,0.0,0.0013667425968109104
2019-05-27 11:25:00,,0.0,0.0,0,0.0,1.0,4396.0,False,0.0,0.0
2019-05-27 14:10:00,,0.0013648771610554888,0.0,0,0.0,1.0,4396.0,False,0.0,0.0013648771610554888
2019-05-27 14:55:00,,-0.003180372557928246,-0.0,0,0.0,1.0,4402.0,False,0.0,-0.003180372557928246
2019-05-28 09:40:00,,0.001823154056517673,0.0,0,0.0,1.0,4388.0,False,0.0,0.001823154056517673
2019-05-28 10:40:00,,0.00045495905368508893,0.0,0,0.0,1.0,4396.0,False,0.0,0.00045495905368508893
2019-05-28 11:25:00,,-0.0009095043201454711,-0.0,0,0.0,1.0,4398.0,False,0.0,-0.0009095043201454711
2019-05-28 14:10:00,,0.000455166135639562,0.0,0,0.0,1.0,4394.0,False,0.0,0.000455166135639562
2019-05-28 14:55:00,,0.00045495905368508893,0.0,0,0.0,1.0,4396.0,False,0.0,0.00045495905368508893
2019-05-28 21:35:00,,0.007276034561164213,0.0,0,0.0,1.0,4398.0,False,0.0,0.007276034561164213
2019-05-29 09:40:00,,0.014446952595936757,0.0,0,0.0,1.0,4430.0,False,0.0,0.014446952595936757
2019-05-29 10:40:00,,-0.0017801513128615776,-0.0,0,0.0,1.0,4494.0,False,0.0,-0.0017801513128615776
2019-05-29 11:25:00,,0.0013374944271065115,0.0,0,0.0,1.0,4486.0,False,0.0,0.0013374944271065115
2019-05-29 14:10:00,,0.007123775601068472,0.0,0,0.0,1.0,4492.0,False,0.0,0.007123775601068472
2019-05-29 14:55:00,,-0.0026525198938992522,-0.0,0,0.0,1.0,4524.0,False,0.0,-0.0026525198938992522
2019-05-29 21:35:00,,-0.007535460992907805,-0.0,0,0.0,1.0,4512.0,False,0.0,-0.007535460992907805
2019-05-30 09:40:00,,0.003126395712371499,0.0,0,0.0,1.0,4478.0,False,0.0,0.003126395712371499
2019-05-30 10:40:00,,-0.006678539626001734,-0.0,0,0.0,1.0,4492.0,False,0.0,-0.006678539626001734
2019-05-30 11:25:00,,-0.00044822949350065144,-0.0,0,0.0,1.0,4462.0,False,0.0,-0.00044822949350065144
2019-05-30 14:10:00,,0.0017937219730941312,0.0,0,0.0,1.0,4460.0,False,0.0,0.0017937219730941312
2019-05-30 14:55:00,,-0.0022381378692927223,-0.0,0,0.0,1.0,4468.0,False,0.0,-0.0022381378692927223
2019-05-30 21:35:00,,0.004037685060565233,0.0,0,0.0,1.0,4458.0,False,0.0,0.004037685060565233
2019-05-31 09:40:00,,0.0,0.0,0,0.0,1.0,4476.0,False,0.0,0.0
2019-05-31 10:40:00,,0.0008936550491509543,0.0,0,0.0,1.0,4476.0,False,0.0,0.0008936550491509543
2019-05-31 11:25:00,,-0.0008928571428571397,-0.0,0,0.0,1.0,4480.0,False,0.0,-0.0008928571428571397
2019-05-31 14:10:00,,0.0,0.0,0,0.0,1.0,4476.0,False,0.0,0.0
2019-05-31 14:55:00,,-0.0017873100983020196,-0.0,0,0.0,1.0,4476.0,False,0.0,-0.0017873100983020196
2019-05-31 21:35:00,,-0.0107430617726052,-0.0,0,0.0,1.0,4468.0,False,0.0,-0.0107430617726052
2019-06-03 09:40:00,,-0.0004524886877828038,-0.0,0,0.0,1.0,4420.0,False,0.0,-0.0004524886877828038
2019-06-03 10:40:00,,-0.004074241738343143,-0.0,0,0.0,1.0,4418.0,False,0.0,-0.004074241738343143
2019-06-03 11:25:00,,-0.0018181818181818299,-0.0,0,0.0,1.0,4400.0,False,0.0,-0.0018181818181818299
2019-06-03 14:10:00,,0.0009107468123861207,0.0,0,0.0,1.0,4392.0,False,0.0,0.0009107468123861207
2019-06-03 14:55:00,,-0.0018198362147406888,-0.0,0,0.0,1.0,4396.0,False,0.0,-0.0018198362147406888
2019-06-04 09:40:00,,0.00045578851412941823,0.0,0,0.0,1.0,4388.0,False,0.0,0.00045578851412941823
2019-06-04 10:40:00,,0.0,0.0,0,0.0,1.0,4390.0,False,0.0,0.0
2019-06-04 11:25:00,,0.004100227790432731,0.0,0,0.0,1.0,4390.0,False,0.0,0.004100227790432731
2019-06-04 14:10:00,,0.00045372050816694376,0.0,0,0.0,1.0,4408.0,False,0.0,0.00045372050816694376
2019-06-04 14:55:00,,0.0013605442176871652,0.0,0,0.0,1.0,4410.0,False,0.0,0.0013605442176871652
2019-06-04 21:35:00,,-0.0009057971014492239,-0.0,0,0.0,1.0,4416.0,False,0.0,-0.0009057971014492239
2019-06-05 09:40:00,,0.002266545784224805,0.0,0,0.0,1.0,4412.0,False,0.0,0.002266545784224805
2019-06-05 10:40:00,,-0.0013568521031207537,-0.0,0,0.0,1.0,4422.0,False,0.0,-0.0013568521031207537
2019-06-05 11:25:00,,0.00045289855072461194,0.0,0,0.0,1.0,4416.0,False,0.0,0.00045289855072461194
2019-06-05 14:10:00,,-0.0009053870529651675,-0.0,0,0.0,1.0,4418.0,False,0.0,-0.0009053870529651675
2019-06-05 14:55:00,,0.0009062075215224841,0.0,0,0.0,1.0,4414.0,False,0.0,0.0009062075215224841
2019-06-05 21:35:00,,0.0,0.0,0,0.0,1.0,4418.0,False,0.0,0.0
2019-06-06 09:40:00,,-0.005432322317790894,-0.0,0,0.0,1.0,4418.0,False,0.0,-0.005432322317790894
2019-06-06 10:40:00,,-0.000455166135639562,-0.0,0,0.0,1.0,4394.0,False,0.0,-0.000455166135639562
2019-06-06 11:25:00,,-0.0004553734061930603,-0.0,0,0.0,1.0,4392.0,False,0.0,-0.0004553734061930603
2019-06-06 14:10:00,,0.0013667425968109104,0.0,0,0.0,1.0,4390.0,False,0.0,0.0013667425968109104
2019-06-06 14:55:00,,-0.0018198362147406888,-0.0,0,0.0,1.0,4396.0,False,0.0,-0.0018198362147406888
2019-06-06 21:35:00,,-0.0027347310847766204,-0.0,0,0.0,1.0,4388.0,False,0.0,-0.0027347310847766204
2019-06-10 09:40:00,,0.005484460694698434,0.0,0,0.0,1.0,4376.0,False,0.0,0.005484460694698434
2019-06-10 10:40:00,,-0.0009090909090908594,-0.0,0,0.0,1.0,4400.0,False,0.0,-0.0009090909090908594
2019-06-10 11:25:00,,0.00045495905368508893,0.0,0,0.0,1.0,4396.0,False,0.0,0.00045495905368508893
2019-06-10 14:10:00,,0.0,0.0,0,0.0,1.0,4398.0,False,0.0,0.0
2019-06-10 14:55:00,,-0.0009095043201454711,-0.0,0,0.0,1.0,4398.0,False,0.0,-0.0009095043201454711
2019-06-11 09:40:00,,-0.000910332271279013,-0.0,0,0.0,1.0,4394.0,False,0.0,-0.000910332271279013
2019-06-11 10:40:00,,0.0,0.0,0,0.0,1.0,4390.0,False,0.0,0.0
2019-06-11 11:25:00,,0.0004555808656037108,0.0,0,0.0,1.0,4390.0,False,0.0,0.0004555808656037108
2019-06-11 14:10:00,,0.0018214936247722413,0.0,0,0.0,1.0,4392.0,False,0.0,0.0018214936247722413
2019-06-11 14:55:00,,-0.00045454545454548523,-0.0,0,0.0,1.0,4400.0,False,0.0,-0.00045454545454548523
2019-06-11 21:35:00,,-0.005002273760800313,-0.0,0,0.0,1.0,4398.0,False,0.0,-0.005002273760800313
2019-06-12 09:40:00,,-0.0004570383912249065,-0.0,0,0.0,1.0,4376.0,False,0.0,-0.0004570383912249065
2019-06-12 10:40:00,,-0.0009144947416552807,-0.0,0,0.0,1.0,4374.0,False,0.0,-0.0009144947416552807
2019-06-12 11:25:00,,0.0,0.0,0,0.0,1.0,4370.0,False,0.0,0.0
2019-06-12 14:10:00,,-0.0036613272311213363,-0.0,0,0.0,1.0,4370.0,False,0.0,-0.0036613272311213363
2019-06-12 14:55:00,,-0.0018373909049149706,-0.0,0,0.0,1.0,4354.0,False,0.0,-0.0018373909049149706
2019-06-12 21:35:00,,0.005062126092959085,0.0,0,0.0,1.0,4346.0,False,0.0,0.005062126092959085
2019-06-13 09:40:00,,0.0,0.0,0,0.0,1.0,4368.0,False,0.0,0.0
2019-06-13 10:40:00,,0.0009157509157509125,0.0,0,0.0,1.0,4368.0,False,0.0,0.0009157509157509125
2019-06-13 11:25:00,,-0.00045745654162854255,-0.0,0,0.0,1.0,4372.0,False,0.0,-0.00045745654162854255
2019-06-13 14:10:00,,-0.0004576659038901809,-0.0,0,0.0,1.0,4370.0,False,0.0,-0.0004576659038901809
2019-06-13 14:55:00,,0.00045787545787545625,0.0,0,0.0,1.0,4368.0,False,0.0,0.00045787545787545625
2019-06-13 21:35:00,,0.004118993135011406,0.0,0,0.0,1.0,4370.0,False,0.0,0.004118993135011406
2019-06-14 09:40:00,,0.0009115770282588365,0.0,0,0.0,1.0,4388.0,False,0.0,0.0009115770282588365
2019-06-14 10:40:00,,-0.0004553734061930603,-0.0,0,0.0,1.0,4392.0,False,0.0,-0.0004553734061930603
2019-06-14 11:25:00,,-0.0004555808656035998,-0.0,0,0.0,1.0,4390.0,False,0.0,-0.0004555808656035998
2019-06-14 14:10:00,,0.0,0.0,0,0.0,1.0,4388.0,False,0.0,0.0
2019-06-14 14:55:00,,0.0,0.0,0,0.0,1.0,4388.0,False,0.0,0.0
2019-06-14 21:35:00,,-0.004102096627164986,-0.0,0,0.0,1.0,4388.0,False,0.0,-0.004102096627164986
2019-06-17 09:40:00,,-0.0009153318077803618,-0.0,0,0.0,1.0,4370.0,False,0.0,-0.0009153318077803618
2019-06-17 10:40:00,,0.0,0.0,0,0.0,1.0,4366.0,False,0.0,0.0
2019-06-17 11:25:00,,-0.000916170407695871,-0.0,0,0.0,1.0,4366.0,False,0.0,-0.000916170407695871
2019-06-17 14:10:00,,0.0018340210912426436,0.0,0,0.0,1.0,4362.0,False,0.0,0.0018340210912426436
2019-06-17 14:55:00,,0.0013729977116705427,0.0,0,0.0,1.0,4370.0,False,0.0,0.0013729977116705427
2019-06-18 09:40:00,,0.000914076782449813,0.0,0,0.0,1.0,4376.0,False,0.0,0.000914076782449813
2019-06-18 10:40:00,,-0.002739726027397249,-0.0,0,0.0,1.0,4380.0,False,0.0,-0.002739726027397249
2019-06-18 11:25:00,,0.0022893772893772812,0.0,0,0.0,1.0,4368.0,False,0.0,0.0022893772893772812
2019-06-18 14:10:00,,0.0,0.0,0,0.0,1.0,4378.0,False,0.0,0.0
2019-06-18 14:55:00,,0.0,0.0,0,0.0,1.0,4378.0,False,0.0,0.0
2019-06-18 21:35:00,,-0.002740977615349527,-0.0,0,0.0,1.0,4378.0,False,0.0,-0.002740977615349527
2019-06-19 09:40:00,,0.0004580852038478245,0.0,0,0.0,1.0,4366.0,False,0.0,0.0004580852038478245
2019-06-19 10:40:00,,-0.0009157509157509125,-0.0,0,0.0,1.0,4368.0,False,0.0,-0.0009157509157509125
2019-06-19 11:25:00,,-0.0009165902841430373,-0.0,0,0.0,1.0,4364.0,False,0.0,-0.0009165902841430373
2019-06-19 14:10:00,,-0.0004587155963302614,-0.0,0,0.0,1.0,4360.0,False,0.0,-0.0004587155963302614
2019-06-19 14:55:00,,0.00045892611289577445,0.0,0,0.0,1.0,4358.0,False,0.0,0.00045892611289577445
2019-06-19 21:35:00,,0.00596330275229362,0.0,0,0.0,1.0,4360.0,False,0.0,0.00596330275229362
2019-06-20 09:40:00,,-0.001367989056087593,-0.0,0,0.0,1.0,4386.0,False,0.0,-0.001367989056087593
2019-06-20 10:40:00,,-0.00136986301369868,-0.0,0,0.0,1.0,4380.0,False,0.0,-0.00136986301369868
2019-06-20 11:25:00,,-0.0022862368541380906,-0.0,0,0.0,1.0,4374.0,False,0.0,-0.0022862368541380906
2019-06-20 14:10:00,,-0.002749770852429001,-0.0,0,0.0,1.0,4364.0,False,0.0,-0.002749770852429001
2019-06-20 14:55:00,,-0.0009191176470588758,-0.0,0,0.0,1.0,4352.0,False,0.0,-0.0009191176470588758
2019-06-20 21:35:00,,-0.0009199632014719183,-0.0,0,0.0,1.0,4348.0,False,0.0,-0.0009199632014719183
2019-06-21 09:40:00,,-0.0004604051565377798,-0.0,0,0.0,1.0,4344.0,False,0.0,-0.0004604051565377798
2019-06-21 10:40:00,,-0.0009212344541685846,-0.0,0,0.0,1.0,4342.0,False,0.0,-0.0009212344541685846
2019-06-21 11:25:00,,-0.0004610419548178868,-0.0,0,0.0,1.0,4338.0,False,0.0,-0.0004610419548178868
2019-06-21 14:10:00,,0.0,0.0,0,0.0,1.0,4336.0,False,0.0,0.0
2019-06-21 14:55:00,,0.0,0.0,0,0.0,1.0,4336.0,False,0.0,0.0
2019-06-21 21:35:00,,-0.0018450184501844769,-0.0,0,0.0,1.0,4336.0,False,0.0,-0.0018450184501844769
2019-06-24 09:40:00,,-0.0027726432532347856,-0.0,0,0.0,1.0,4328.0,False,0.0,-0.0027726432532347856
2019-06-24 10:40:00,,-0.0013901760889712955,-0.0,0,0.0,1.0,4316.0,False,0.0,-0.0013901760889712955
2019-06-24 11:25:00,,-0.0009280742459396585,-0.0,0,0.0,1.0,4310.0,False,0.0,-0.0009280742459396585
2019-06-24 14:10:00,,-0.0004644681839294229,-0.0,0,0.0,1.0,4306.0,False,0.0,-0.0004644681839294229
2019-06-24 14:55:00,,-0.0032527881040892437,-0.0,0,0.0,1.0,4304.0,False,0.0,-0.0032527881040892437
2019-06-25 09:40:00,,0.002331002331002363,0.0,0,0.0,1.0,4290.0,False,0.0,0.002331002331002363
2019-06-25 10:40:00,,0.0,0.0,0,0.0,1.0,4300.0,False,0.0,0.0
2019-06-25 11:25:00,,-0.00046511627906975495,-0.0,0,0.0,1.0,4300.0,False,0.0,-0.00046511627906975495
2019-06-25 14:10:00,,0.0,0.0,0,0.0,1.0,4298.0,False,0.0,0.0
2019-06-25 14:55:00,,-0.0004653327128897322,-0.0,0,0.0,1.0,4298.0,False,0.0,-0.0004653327128897322
2019-06-25 21:35:00,,-0.004655493482309092,-0.0,0,0.0,1.0,4296.0,False,0.0,-0.004655493482309092
2019-06-26 09:40:00,,-0.00093545369504211,-0.0,0,0.0,1.0,4276.0,False,0.0,-0.00093545369504211
2019-06-26 10:40:00,,-0.000468164794007464,-0.0,0,0.0,1.0,4272.0,False,0.0,-0.000468164794007464
2019-06-26 11:25:00,,-0.001405152224824402,-0.0,0,0.0,1.0,4270.0,False,0.0,-0.001405152224824402
2019-06-26 14:10:00,,-0.0018761726078799779,-0.0,0,0.0,1.0,4264.0,False,0.0,-0.0018761726078799779
2019-06-26 14:55:00,,-0.0009398496240601295,-0.0,0,0.0,1.0,4256.0,False,0.0,-0.0009398496240601295
2019-06-26 21:35:00,,0.0037629350893697566,0.0,0,0.0,1.0,4252.0,False,0.0,0.0037629350893697566
2019-06-27 09:40:00,,-0.0009372071227741197,-0.0,0,0.0,1.0,4268.0,False,0.0,-0.0009372071227741197
2019-06-27 10:40:00,,-0.00046904315196993895,-0.0,0,0.0,1.0,4264.0,False,0.0,-0.00046904315196993895
2019-06-27 11:25:00,,0.007977475363678987,0.0,0,0.0,1.0,4262.0,False,0.0,0.007977475363678987
2019-06-27 14:10:00,,-0.002327746741154546,-0.0,0,0.0,1.0,4296.0,False,0.0,-0.002327746741154546
2019-06-27 14:55:00,,0.00046663555762949116,0.0,0,0.0,1.0,4286.0,False,0.0,0.00046663555762949116
2019-06-27 21:35:00,,-0.002798507462686617,-0.0,0,0.0,1.0,4288.0,False,0.0,-0.002798507462686617
2019-06-28 09:40:00,,0.001403180542563165,0.0,0,0.0,1.0,4276.0,False,0.0,0.001403180542563165
2019-06-28 10:40:00,,-0.0004670714619336991,-0.0,0,0.0,1.0,4282.0,False,0.0,-0.0004670714619336991
2019-06-28 11:25:00,,-0.0009345794392523477,-0.0,0,0.0,1.0,4280.0,False,0.0,-0.0009345794392523477
2019-06-28 14:10:00,,0.00187090739008422,0.0,0,0.0,1.0,4276.0,False,0.0,0.00187090739008422
2019-06-28 14:55:00,,0.0,0.0,0,0.0,1.0,4284.0,False,0.0,0.0
2019-06-28 21:35:00,,-0.0051353874883286466,-0.0,0,0.0,1.0,4284.0,False,0.0,-0.0051353874883286466
2019-07-01 09:40:00,,0.006100422336930977,0.0,0,0.0,1.0,4262.0,False,0.0,0.006100422336930977
2019-07-01 10:40:00,,0.004664179104477695,0.0,0,0.0,1.0,4288.0,False,0.0,0.004664179104477695
2019-07-01 11:25:00,,0.0013927576601671099,0.0,0,0.0,1.0,4308.0,False,0.0,0.0013927576601671099
2019-07-01 14:10:00,,0.0,0.0,0,0.0,1.0,4314.0,False,0.0,0.0
2019-07-01 14:55:00,,-0.009735744089012566,-0.0,0,0.0,1.0,4314.0,False,0.0,-0.009735744089012566
2019-07-02 09:40:00,,-0.0018726591760299671,-0.0,0,0.0,1.0,4272.0,False,0.0,-0.0018726591760299671
2019-07-02 10:40:00,,0.0037523452157599557,0.0,0,0.0,1.0,4264.0,False,0.0,0.0037523452157599557
2019-07-02 11:25:00,,-0.0037383177570093906,-0.0,0,0.0,1.0,4280.0,False,0.0,-0.0037383177570093906
2019-07-02 14:10:00,,0.00046904315197005,0.0,0,0.0,1.0,4264.0,False,0.0,0.00046904315197005
2019-07-02 14:55:00,,-0.00046882325363339916,-0.0,0,0.0,1.0,4266.0,False,0.0,-0.00046882325363339916
2019-07-02 21:35:00,,-0.008911819887429617,-0.0,0,0.0,1.0,4264.0,False,0.0,-0.008911819887429617
2019-07-03 09:40:00,,0.0014197823000472454,0.0,0,0.0,1.0,4226.0,False,0.0,0.0014197823000472454
2019-07-03 10:40:00,,-0.0014177693761814325,-0.0,0,0.0,1.0,4232.0,False,0.0,-0.0014177693761814325
2019-07-03 11:25:00,,0.0014197823000472454,0.0,0,0.0,1.0,4226.0,False,0.0,0.0014197823000472454
2019-07-03 14:10:00,,0.000945179584120881,0.0,0,0.0,1.0,4232.0,False,0.0,0.000945179584120881
2019-07-03 14:55:00,,-0.00047214353163360645,-0.0,0,0.0,1.0,4236.0,False,0.0,-0.00047214353163360645
2019-07-03 21:35:00,,0.0018894662257911143,0.0,0,0.0,1.0,4234.0,False,0.0,0.0018894662257911143
2019-07-04 09:40:00,,0.0009429514380010495,0.0,0,0.0,1.0,4242.0,False,0.0,0.0009429514380010495
2019-07-04 10:40:00,,-0.00047103155911443206,-0.0,0,0.0,1.0,4246.0,False,0.0,-0.00047103155911443206
2019-07-04 11:25:00,,-0.0023562676720075837,-0.0,0,0.0,1.0,4244.0,False,0.0,-0.0023562676720075837
2019-07-04 14:10:00,,-0.0014170996693434468,-0.0,0,0.0,1.0,4234.0,False,0.0,-0.0014170996693434468
2019-07-04 14:55:00,,0.0037842951750235443,0.0,0,0.0,1.0,4228.0,False,0.0,0.0037842951750235443
2019-07-04 21:35:00,,-0.001413760603204528,-0.0,0,0.0,1.0,4244.0,False,0.0,-0.001413760603204528
2019-07-05 09:40:00,,0.0004719207173193851,0.0,0,0.0,1.0,4238.0,False,0.0,0.0004719207173193851
2019-07-05 10:40:00,,0.0018867924528302993,0.0,0,0.0,1.0,4240.0,False,0.0,0.0018867924528302993
2019-07-05 11:25:00,,-0.002354048964218425,-0.0,0,0.0,1.0,4248.0,False,0.0,-0.002354048964218425
2019-07-05 14:10:00,,0.0,0.0,0,0.0,1.0,4238.0,False,0.0,0.0
2019-07-05 14:55:00,,0.0004719207173193851,0.0,0,0.0,1.0,4238.0,False,0.0,0.0004719207173193851
2019-07-05 21:35:00,,0.0004716981132075748,0.0,0,0.0,1.0,4240.0,False,0.0,0.0004716981132075748
2019-07-08 09:40:00,,0.0023573785950024018,0.0,0,0.0,1.0,4242.0,False,0.0,0.0023573785950024018
2019-07-08 10:40:00,,-0.0009407337723423836,-0.0,0,0.0,1.0,4252.0,False,0.0,-0.0009407337723423836
2019-07-08 11:25:00,,0.0,0.0,0,0.0,1.0,4248.0,False,0.0,0.0
2019-07-08 14:10:00,,-0.0037664783427495685,-0.0,0,0.0,1.0,4248.0,False,0.0,-0.0037664783427495685
2019-07-08 14:55:00,,0.001890359168241984,0.0,0,0.0,1.0,4232.0,False,0.0,0.001890359168241984
2019-07-09 09:40:00,,-0.0018867924528301883,-0.0,0,0.0,1.0,4240.0,False,0.0,-0.0018867924528301883
2019-07-09 10:40:00,,0.001890359168241984,0.0,0,0.0,1.0,4232.0,False,0.0,0.001890359168241984
2019-07-09 11:25:00,,-0.002358490566037763,-0.0,0,0.0,1.0,4240.0,False,0.0,-0.002358490566037763
2019-07-09 14:10:00,,-0.009456264775413725,-0.0,0,0.0,1.0,4230.0,False,0.0,-0.009456264775413725
2019-07-09 14:55:00,,-0.0023866348448687846,-0.0,0,0.0,1.0,4190.0,False,0.0,-0.0023866348448687846
2019-07-09 21:35:00,,0.002870813397129135,0.0,0,0.0,1.0,4180.0,False,0.0,0.002870813397129135
2019-07-10 09:40:00,,0.001908396946564972,0.0,0,0.0,1.0,4192.0,False,0.0,0.001908396946564972
2019-07-10 10:40:00,,0.0033333333333334103,0.0,0,0.0,1.0,4200.0,False,0.0,0.0033333333333334103
2019-07-10 11:25:00,,0.0014238253440910231,0.0,0,0.0,1.0,4214.0,False,0.0,0.0014238253440910231
2019-07-10 14:10:00,,-0.005213270142180093,-0.0,0,0.0,1.0,4220.0,False,0.0,-0.005213270142180093
2019-07-10 14:55:00,,-0.00285850404954735,-0.0,0,0.0,1.0,4198.0,False,0.0,-0.00285850404954735
2019-07-10 21:35:00,,0.0023889154323937234,0.0,0,0.0,1.0,4186.0,False,0.0,0.0023889154323937234
2019-07-11 09:40:00,,0.0014299332697806921,0.0,0,0.0,1.0,4196.0,False,0.0,0.0014299332697806921
2019-07-11 10:40:00,,0.0004759638267490818,0.0,0,0.0,1.0,4202.0,False,0.0,0.0004759638267490818
2019-07-11 11:25:00,,-0.0009514747859181716,-0.0,0,0.0,1.0,4204.0,False,0.0,-0.0009514747859181716
2019-07-11 14:10:00,,-0.0014285714285714457,-0.0,0,0.0,1.0,4200.0,False,0.0,-0.0014285714285714457
2019-07-11 14:55:00,,-0.0004768717215068996,-0.0,0,0.0,1.0,4194.0,False,0.0,-0.0004768717215068996
2019-07-11 21:35:00,,-0.0004770992366411875,-0.0,0,0.0,1.0,4192.0,False,0.0,-0.0004770992366411875
2019-07-12 09:40:00,,0.0,0.0,0,0.0,1.0,4190.0,False,0.0,0.0
2019-07-12 10:40:00,,-0.0019093078758949389,-0.0,0,0.0,1.0,4190.0,False,0.0,-0.0019093078758949389
2019-07-12 11:25:00,,-0.0004782400765184214,-0.0,0,0.0,1.0,4182.0,False,0.0,-0.0004782400765184214
2019-07-12 14:10:00,,-0.0023923444976076125,-0.0,0,0.0,1.0,4180.0,False,0.0,-0.0023923444976076125
2019-07-12 14:55:00,,0.0019184652278176895,0.0,0,0.0,1.0,4170.0,False,0.0,0.0019184652278176895
2019-07-12 21:35:00,,0.002393489707994245,0.0,0,0.0,1.0,4178.0,False,0.0,0.002393489707994245
2019-07-15 09:40:00,,0.0014326647564470996,0.0,0,0.0,1.0,4188.0,False,0.0,0.0014326647564470996
2019-07-15 10:40:00,,0.004768717215069218,0.0,0,0.0,1.0,4194.0,False,0.0,0.004768717215069218
2019-07-15 11:25:00,,-0.00047460844803037805,-0.0,0,0.0,1.0,4214.0,False,0.0,-0.00047460844803037805
2019-07-15 14:10:00,,0.0023741690408356497,0.0,0,0.0,1.0,4212.0,False,0.0,0.0023741690408356497
2019-07-15 14:55:00,,0.000473709142586376,0.0,0,0.0,1.0,4222.0,False,0.0,0.000473709142586376
2019-07-16 09:40:00,,0.0,0.0,0,0.0,1.0,4224.0,False,0.0,0.0
2019-07-16 10:40:00,,-0.0014204545454545858,-0.0,0,0.0,1.0,4224.0,False,0.0,-0.0014204545454545858
2019-07-16 11:25:00,,0.00047415836889519447,0.0,0,0.0,1.0,4218.0,False,0.0,0.00047415836889519447
2019-07-16 14:10:00,,-0.0004739336492890489,-0.0,0,0.0,1.0,4220.0,False,0.0,-0.0004739336492890489
2019-07-16 14:55:00,,0.00047415836889519447,0.0,0,0.0,1.0,4218.0,False,0.0,0.00047415836889519447
2019-07-16 21:35:00,,-0.006635071090047351,-0.0,0,0.0,1.0,4220.0,False,0.0,-0.006635071090047351
2019-07-17 09:40:00,,0.0023854961832061594,0.0,0,0.0,1.0,4192.0,False,0.0,0.0023854961832061594
2019-07-17 10:40:00,,-0.0019038553069966602,-0.0,0,0.0,1.0,4202.0,False,0.0,-0.0019038553069966602
2019-07-17 11:25:00,,0.0019074868860275984,0.0,0,0.0,1.0,4194.0,False,0.0,0.0019074868860275984
2019-07-17 14:10:00,,-0.0009519276534983856,-0.0,0,0.0,1.0,4202.0,False,0.0,-0.0009519276534983856
2019-07-17 14:55:00,,-0.0004764173415912065,-0.0,0,0.0,1.0,4198.0,False,0.0,-0.0004764173415912065
2019-07-17 21:35:00,,0.0004766444232602307,0.0,0,0.0,1.0,4196.0,False,0.0,0.0004766444232602307
2019-07-18 09:40:00,,-0.0019056693663649371,-0.0,0,0.0,1.0,4198.0,False,0.0,-0.0019056693663649371
2019-07-18 10:40:00,,-0.0004773269689737347,-0.0,0,0.0,1.0,4190.0,False,0.0,-0.0004773269689737347
2019-07-18 11:25:00,,0.00047755491881562584,0.0,0,0.0,1.0,4188.0,False,0.0,0.00047755491881562584
2019-07-18 14:10:00,,0.0019093078758949389,0.0,0,0.0,1.0,4190.0,False,0.0,0.0019093078758949389
2019-07-18 14:55:00,,-0.000952834683182413,-0.0,0,0.0,1.0,4198.0,False,0.0,-0.000952834683182413
2019-07-18 21:35:00,,-0.0014306151645206988,-0.0,0,0.0,1.0,4194.0,False,0.0,-0.0014306151645206988
2019-07-19 09:40:00,,0.0009551098376312517,0.0,0,0.0,1.0,4188.0,False,0.0,0.0009551098376312517
2019-07-19 10:40:00,,-0.000954198473282486,-0.0,0,0.0,1.0,4192.0,False,0.0,-0.000954198473282486
2019-07-19 11:25:00,,0.0,0.0,0,0.0,1.0,4188.0,False,0.0,0.0
2019-07-19 14:10:00,,0.0,0.0,0,0.0,1.0,4188.0,False,0.0,0.0
2019-07-19 14:55:00,,0.0,0.0,0,0.0,1.0,4188.0,False,0.0,0.0
2019-07-19 21:35:00,,0.0,0.0,0,0.0,1.0,4188.0,False,0.0,0.0
2019-07-22 09:40:00,,0.0019102196752627254,0.0,0,0.0,1.0,4188.0,False,0.0,0.0019102196752627254
2019-07-22 10:40:00,,0.003336510962821837,0.0,0,0.0,1.0,4196.0,False,0.0,0.003336510962821837
2019-07-22 11:25:00,,-0.00047505938242276,-0.0,0,0.0,1.0,4210.0,False,0.0,-0.00047505938242276
2019-07-22 14:10:00,,0.00047528517110273505,0.0,0,0.0,1.0,4208.0,False,0.0,0.00047528517110273505
2019-07-22 14:55:00,,0.002375296912114022,0.0,0,0.0,1.0,4210.0,False,0.0,0.002375296912114022
2019-07-23 09:40:00,,-0.0014218009478672577,-0.0,0,0.0,1.0,4220.0,False,0.0,-0.0014218009478672577
2019-07-23 10:40:00,,-0.00047460844803037805,-0.0,0,0.0,1.0,4214.0,False,0.0,-0.00047460844803037805
2019-07-23 11:25:00,,0.0,0.0,0,0.0,1.0,4212.0,False,0.0,0.0
2019-07-23 14:10:00,,0.008072174738841476,0.0,0,0.0,1.0,4212.0,False,0.0,0.008072174738841476
2019-07-23 14:55:00,,0.0004710315591145431,0.0,0,0.0,1.0,4246.0,False,0.0,0.0004710315591145431
2019-07-23 21:35:00,,0.0009416195856872811,0.0,0,0.0,1.0,4248.0,False,0.0,0.0009416195856872811
2019-07-24 09:40:00,,0.0042333019755409484,0.0,0,0.0,1.0,4252.0,False,0.0,0.0042333019755409484
2019-07-24 10:40:00,,0.004215456674472984,0.0,0,0.0,1.0,4270.0,False,0.0,0.004215456674472984
2019-07-24 11:25:00,,0.002798507462686617,0.0,0,0.0,1.0,4288.0,False,0.0,0.002798507462686617
2019-07-24 14:10:00,,-0.00046511627906975495,-0.0,0,0.0,1.0,4300.0,False,0.0,-0.00046511627906975495
2019-07-24 14:55:00,,0.0,0.0,0,0.0,1.0,4298.0,False,0.0,0.0
2019-07-24 21:35:00,,-0.0004653327128897322,-0.0,0,0.0,1.0,4298.0,False,0.0,-0.0004653327128897322
2019-07-25 09:40:00,,0.0009310986964619072,0.0,0,0.0,1.0,4296.0,False,0.0,0.0009310986964619072
2019-07-25 10:40:00,,0.0032558139534883956,0.0,0,0.0,1.0,4300.0,False,0.0,0.0032558139534883956
2019-07-25 11:25:00,,-0.0023180343069076903,-0.0,0,0.0,1.0,4314.0,False,0.0,-0.0023180343069076903
2019-07-25 14:10:00,,0.0013940520446096283,0.0,0,0.0,1.0,4304.0,False,0.0,0.0013940520446096283
2019-07-25 14:55:00,,-0.001856148491879317,-0.0,0,0.0,1.0,4310.0,False,0.0,-0.001856148491879317
2019-07-25 21:35:00,,0.00557880055788007,0.0,0,0.0,1.0,4302.0,False,0.0,0.00557880055788007
2019-07-26 09:40:00,,-0.001386962552011095,-0.0,0,0.0,1.0,4326.0,False,0.0,-0.001386962552011095
2019-07-26 10:40:00,,0.001388888888888884,0.0,0,0.0,1.0,4320.0,False,0.0,0.001388888888888884
2019-07-26 11:25:00,,-0.000462320850670328,-0.0,0,0.0,1.0,4326.0,False,0.0,-0.000462320850670328
2019-07-26 14:10:00,,0.00046253469010171244,0.0,0,0.0,1.0,4324.0,False,0.0,0.00046253469010171244
2019-07-26 14:55:00,,0.001386962552011095,0.0,0,0.0,1.0,4326.0,False,0.0,0.001386962552011095
2019-07-26 21:35:00,,0.005078485687904033,0.0,0,0.0,1.0,4332.0,False,0.0,0.005078485687904033
2019-07-29 09:40:00,,0.005052824988516225,0.0,0,0.0,1.0,4354.0,False,0.0,0.005052824988516225
2019-07-29 10:40:00,,-0.0022851919561243106,-0.0,0,0.0,1.0,4376.0,False,0.0,-0.0022851919561243106
2019-07-29 11:25:00,,-0.0013742556115436955,-0.0,0,0.0,1.0,4366.0,False,0.0,-0.0013742556115436955
2019-07-29 14:10:00,,-0.0004587155963302614,-0.0,0,0.0,1.0,4360.0,False,0.0,-0.0004587155963302614
2019-07-29 14:55:00,,0.0032124827902708653,0.0,0,0.0,1.0,4358.0,False,0.0,0.0032124827902708653
2019-07-30 09:40:00,,-0.003202195791399798,-0.0,0,0.0,1.0,4372.0,False,0.0,-0.003202195791399798
2019-07-30 10:40:00,,0.0,0.0,0,0.0,1.0,4358.0,False,0.0,0.0
2019-07-30 11:25:00,,0.00045892611289577445,0.0,0,0.0,1.0,4358.0,False,0.0,0.00045892611289577445
2019-07-30 14:10:00,,0.0,0.0,0,0.0,1.0,4360.0,False,0.0,0.0
2019-07-30 14:55:00,,0.0,0.0,0,0.0,1.0,4360.0,False,0.0,0.0
2019-07-30 21:35:00,,-0.003669724770642202,-0.0,0,0.0,1.0,4360.0,False,0.0,-0.003669724770642202
2019-07-31 09:40:00,,0.0013812154696133394,0.0,0,0.0,1.0,4344.0,False,0.0,0.0013812154696133394
2019-07-31 10:40:00,,0.00045977011494247044,0.0,0,0.0,1.0,4350.0,False,0.0,0.00045977011494247044
2019-07-31 11:25:00,,-0.0004595588235294379,-0.0,0,0.0,1.0,4352.0,False,0.0,-0.0004595588235294379
2019-07-31 14:10:00,,0.0013793103448276334,0.0,0,0.0,1.0,4350.0,False,0.0,0.0013793103448276334
2019-07-31 14:55:00,,0.00045913682277309853,0.0,0,0.0,1.0,4356.0,False,0.0,0.00045913682277309853
2019-07-31 21:35:00,,-0.008719596145020603,-0.0,0,0.0,1.0,4358.0,False,0.0,-0.008719596145020603
2019-08-01 09:40:00,,0.0004629629629628873,0.0,0,0.0,1.0,4320.0,False,0.0,0.0004629629629628873
2019-08-01 10:40:00,,0.0,0.0,0,0.0,1.0,4322.0,False,0.0,0.0
2019-08-01 11:25:00,,0.003239241092086953,0.0,0,0.0,1.0,4322.0,False,0.0,0.003239241092086953
2019-08-01 14:10:00,,-0.00046125461254609146,-0.0,0,0.0,1.0,4336.0,False,0.0,-0.00046125461254609146
2019-08-01 14:55:00,,0.0013844023996307797,0.0,0,0.0,1.0,4334.0,False,0.0,0.0013844023996307797
2019-08-01 21:35:00,,0.0018433179723502668,0.0,0,0.0,1.0,4340.0,False,0.0,0.0018433179723502668
2019-08-02 09:40:00,,0.0036798528058876734,0.0,0,0.0,1.0,4348.0,False,0.0,0.0036798528058876734
2019-08-02 10:40:00,,-0.0018331805682859637,-0.0,0,0.0,1.0,4364.0,False,0.0,-0.0018331805682859637
2019-08-02 11:25:00,,0.0036730945821854544,0.0,0,0.0,1.0,4356.0,False,0.0,0.0036730945821854544
2019-08-02 14:10:00,,0.0009149130832570851,0.0,0,0.0,1.0,4372.0,False,0.0,0.0009149130832570851
2019-08-02 14:55:00,,0.0004570383912247955,0.0,0,0.0,1.0,4376.0,False,0.0,0.0004570383912247955
2019-08-02 21:35:00,,0.005025125628140614,0.0,0,0.0,1.0,4378.0,False,0.0,0.005025125628140614
2019-08-05 09:40:00,,0.00454545454545463,0.0,0,0.0,1.0,4400.0,False,0.0,0.00454545454545463
2019-08-05 10:40:00,,0.00588235294117645,0.0,0,0.0,1.0,4420.0,False,0.0,0.00588235294117645
2019-08-05 11:25:00,,-0.00044984255510571725,-0.0,0,0.0,1.0,4446.0,False,0.0,-0.00044984255510571725
2019-08-05 14:10:00,,0.0004500450045004101,0.0,0,0.0,1.0,4444.0,False,0.0,0.0004500450045004101
2019-08-05 14:55:00,,0.04138551506972554,0.0,0,0.0,1.0,4446.0,False,0.0,0.04138551506972554
2019-08-06 09:40:00,,0.0,0.0,0,0.0,1.0,4630.0,True,0.0,0.001295896328293633
2019-08-06 10:40:00,,-0.0012942191544434989,-0.0,0,0.0,1.0,4636.0,False,0.0,-0.0012942191544434989
2019-08-06 11:25:00,,-0.0012958963282937441,-0.0,0,0.0,1.0,4630.0,False,0.0,-0.0012958963282937441
2019-08-06 14:10:00,,-0.0008650519031141446,-0.0,0,0.0,1.0,4624.0,False,0.0,-0.0008650519031141446
2019-08-06 14:55:00,,0.0021645021645022577,0.0,0,0.0,1.0,4620.0,False,0.0,0.0021645021645022577
2019-08-06 21:35:00,,-0.003455723542116651,-0.0,0,0.0,1.0,4630.0,False,0.0,-0.003455723542116651
2019-08-07 09:40:00,,0.000866926744690133,0.0,0,0.0,1.0,4614.0,False,0.0,0.000866926744690133
2019-08-07 10:40:00,,0.0004330879168470414,0.0,0,0.0,1.0,4618.0,False,0.0,0.0004330879168470414
2019-08-07 11:25:00,,0.0012987012987013546,0.0,0,0.0,1.0,4620.0,False,0.0,0.0012987012987013546
2019-08-07 14:10:00,,-0.0017293558149589217,-0.0,0,0.0,1.0,4626.0,False,0.0,-0.0017293558149589217
2019-08-07 14:55:00,,0.002165439584235651,0.0,0,0.0,1.0,4618.0,False,0.0,0.002165439584235651
2019-08-07 21:35:00,,0.002160760587726962,0.0,0,0.0,1.0,4628.0,False,0.0,0.002160760587726962
2019-08-08 09:40:00,,0.0034497628288054916,0.0,0,0.0,1.0,4638.0,False,0.0,0.0034497628288054916
2019-08-08 10:40:00,,0.00042973785990541025,0.0,0,0.0,1.0,4654.0,False,0.0,0.00042973785990541025
2019-08-08 11:25:00,,0.0008591065292096189,0.0,0,0.0,1.0,4656.0,False,0.0,0.0008591065292096189
2019-08-08 14:10:00,,0.0,0.0,0,0.0,1.0,4660.0,False,0.0,0.0
2019-08-08 14:55:00,,-0.0008583690987123971,-0.0,0,0.0,1.0,4660.0,False,0.0,-0.0008583690987123971
2019-08-08 21:35:00,,0.013316151202749094,0.0,0,0.0,1.0,4656.0,False,0.0,0.013316151202749094
2019-08-09 09:40:00,,0.005086901229334417,0.0,0,0.0,1.0,4718.0,False,0.0,0.005086901229334417
2019-08-09 10:40:00,,-0.003374103753690405,-0.0,0,0.0,1.0,4742.0,False,0.0,-0.003374103753690405
2019-08-09 11:25:00,,0.0008463817181549871,0.0,0,0.0,1.0,4726.0,False,0.0,0.0008463817181549871
2019-08-09 14:10:00,,0.0038054968287526414,0.0,0,0.0,1.0,4730.0,False,0.0,0.0038054968287526414
2019-08-09 14:55:00,,0.008424599831508006,0.0,0,0.0,1.0,4748.0,False,0.0,0.008424599831508006
2019-08-09 21:35:00,,0.0025062656641603454,0.0,0,0.0,1.0,4788.0,False,0.0,0.0025062656641603454
2019-08-12 09:40:00,,0.005416666666666625,0.0,0,0.0,1.0,4800.0,False,0.0,0.005416666666666625
2019-08-12 10:40:00,,0.0033153750518026825,0.0,0,0.0,1.0,4826.0,False,0.0,0.0033153750518026825
2019-08-12 11:25:00,,0.0012391573729864103,0.0,0,0.0,1.0,4842.0,False,0.0,0.0012391573729864103
2019-08-12 14:10:00,,0.0024752475247524774,0.0,0,0.0,1.0,4848.0,False,0.0,0.0024752475247524774
2019-08-12 14:55:00,,-0.006584362139917643,-0.0,0,0.0,1.0,4860.0,False,0.0,-0.006584362139917643
2019-08-13 09:40:00,,0.0024855012427507095,0.0,0,0.0,1.0,4828.0,False,0.0,0.0024855012427507095
2019-08-13 10:40:00,,-0.0020661157024793875,-0.0,0,0.0,1.0,4840.0,False,0.0,-0.0020661157024793875
2019-08-13 11:25:00,,0.00041407867494824835,0.0,0,0.0,1.0,4830.0,False,0.0,0.00041407867494824835
2019-08-13 14:10:00,,0.002483443708609201,0.0,0,0.0,1.0,4832.0,False,0.0,0.002483443708609201
2019-08-13 14:55:00,,0.0037159372419488523,0.0,0,0.0,1.0,4844.0,False,0.0,0.0037159372419488523
2019-08-13 21:35:00,,-0.013574660633484115,-0.0,0,0.0,1.0,4862.0,False,0.0,-0.013574660633484115
2019-08-14 09:40:00,,0.0016680567139282232,0.0,0,0.0,1.0,4796.0,False,0.0,0.0016680567139282232
2019-08-14 10:40:00,,-0.00041631973355538143,-0.0,0,0.0,1.0,4804.0,False,0.0,-0.00041631973355538143
2019-08-14 11:25:00,,0.0020824656393170216,0.0,0,0.0,1.0,4802.0,False,0.0,0.0020824656393170216
2019-08-14 14:10:00,,0.0004156275976725521,0.0,0,0.0,1.0,4812.0,False,0.0,0.0004156275976725521
2019-08-14 14:55:00,,0.0016618196925632933,0.0,0,0.0,1.0,4814.0,False,0.0,0.0016618196925632933
2019-08-14 21:35:00,,-0.00041476565740361515,-0.0,0,0.0,1.0,4822.0,False,0.0,-0.00041476565740361515
2019-08-15 09:40:00,,-0.0016597510373443924,-0.0,0,0.0,1.0,4820.0,False,0.0,-0.0016597510373443924
2019-08-15 10:40:00,,0.0016625103906899863,0.0,0,0.0,1.0,4812.0,False,0.0,0.0016625103906899863
2019-08-15 11:25:00,,0.0004149377593360981,0.0,0,0.0,1.0,4820.0,False,0.0,0.0004149377593360981
2019-08-15 14:10:00,,-0.005391953546246331,-0.0,0,0.0,1.0,4822.0,False,0.0,-0.005391953546246331
2019-08-15 14:55:00,,-0.0029190992493745016,-0.0,0,0.0,1.0,4796.0,False,0.0,-0.0029190992493745016
2019-08-15 21:35:00,,-0.0029276453366792188,-0.0,0,0.0,1.0,4782.0,False,0.0,-0.0029276453366792188
2019-08-16 09:40:00,,0.008808724832214843,0.0,0,0.0,1.0,4768.0,False,0.0,0.008808724832214843
2019-08-16 10:40:00,,0.00457380457380463,0.0,0,0.0,1.0,4810.0,False,0.0,0.00457380457380463
2019-08-16 11:25:00,,-0.011589403973509937,-0.0,0,0.0,1.0,4832.0,False,0.0,-0.011589403973509937
2019-08-16 14:10:00,,-0.002512562814070307,-0.0,0,0.0,1.0,4776.0,False,0.0,-0.002512562814070307
2019-08-16 14:55:00,,0.0,0.0,0,0.0,1.0,4764.0,False,0.0,0.0
2019-08-16 21:35:00,,-0.0004198152812762146,-0.0,0,0.0,1.0,4764.0,False,0.0,-0.0004198152812762146
2019-08-19 09:40:00,,0.0037799244015119804,0.0,0,0.0,1.0,4762.0,False,0.0,0.0037799244015119804
2019-08-19 10:40:00,,-0.0033472803347280866,-0.0,0,0.0,1.0,4780.0,False,0.0,-0.0033472803347280866
2019-08-19 11:25:00,,0.0012594458438286438,0.0,0,0.0,1.0,4764.0,False,0.0,0.0012594458438286438
2019-08-19 14:10:00,,-0.009224318658280883,-0.0,0,0.0,1.0,4770.0,False,0.0,-0.009224318658280883
2019-08-19 14:55:00,,-0.0021159542953872457,-0.0,0,0.0,1.0,4726.0,False,0.0,-0.0021159542953872457
2019-08-20 09:40:00,,0.00593723494486853,0.0,0,0.0,1.0,4716.0,False,0.0,0.00593723494486853
2019-08-20 10:40:00,,-0.002107925801011823,-0.0,0,0.0,1.0,4744.0,False,0.0,-0.002107925801011823
2019-08-20 11:25:00,,0.0008449514152937265,0.0,0,0.0,1.0,4734.0,False,0.0,0.0008449514152937265
2019-08-20 14:10:00,,0.00042211903756861346,0.0,0,0.0,1.0,4738.0,False,0.0,0.00042211903756861346
2019-08-20 14:55:00,,0.0033755274261604296,0.0,0,0.0,1.0,4740.0,False,0.0,0.0033755274261604296
2019-08-20 21:35:00,,-0.002523128679562614,-0.0,0,0.0,1.0,4756.0,False,0.0,-0.002523128679562614
2019-08-21 09:40:00,,0.00590219224283306,0.0,0,0.0,1.0,4744.0,False,0.0,0.00590219224283306
2019-08-21 10:40:00,,-0.005029337803855838,-0.0,0,0.0,1.0,4772.0,False,0.0,-0.005029337803855838
2019-08-21 11:25:00,,0.0008424599831506896,0.0,0,0.0,1.0,4748.0,False,0.0,0.0008424599831506896
2019-08-21 14:10:00,,-0.0016835016835017313,-0.0,0,0.0,1.0,4752.0,False,0.0,-0.0016835016835017313
2019-08-21 14:55:00,,-0.003794266441821237,-0.0,0,0.0,1.0,4744.0,False,0.0,-0.003794266441821237
2019-08-21 21:35:00,,0.020313161235717248,0.0,0,0.0,1.0,4726.0,False,0.0,0.020313161235717248
2019-08-22 09:40:00,,0.0016590626296142386,0.0,0,0.0,1.0,4822.0,False,0.0,0.0016590626296142386
2019-08-22 10:40:00,,-0.001242236024844745,-0.0,0,0.0,1.0,4830.0,False,0.0,-0.001242236024844745
2019-08-22 11:25:00,,0.004145936981757803,0.0,0,0.0,1.0,4824.0,False,0.0,0.004145936981757803
2019-08-22 14:10:00,,-0.0016515276630884035,-0.0,0,0.0,1.0,4844.0,False,0.0,-0.0016515276630884035
2019-08-22 14:55:00,,0.0008271298593878207,0.0,0,0.0,1.0,4836.0,False,0.0,0.0008271298593878207
2019-08-22 21:35:00,,0.002892561983470987,0.0,0,0.0,1.0,4840.0,False,0.0,0.002892561983470987
2019-08-23 09:40:00,,-0.0024721878862793423,-0.0,0,0.0,1.0,4854.0,False,0.0,-0.0024721878862793423
2019-08-23 10:40:00,,-0.0008261049153241995,-0.0,0,0.0,1.0,4842.0,False,0.0,-0.0008261049153241995
2019-08-23 11:25:00,,0.0024803637866888106,0.0,0,0.0,1.0,4838.0,False,0.0,0.0024803637866888106
2019-08-23 14:10:00,,0.0024742268041237914,0.0,0,0.0,1.0,4850.0,False,0.0,0.0024742268041237914
2019-08-23 14:55:00,,0.004113533525298196,0.0,0,0.0,1.0,4862.0,False,0.0,0.004113533525298196
2019-08-23 21:35:00,,0.0061450225317492,0.0,0,0.0,1.0,4882.0,False,0.0,0.0061450225317492
2019-08-26 09:40:00,,0.01913680781758953,0.0,0,0.0,1.0,4912.0,False,0.0,0.01913680781758953
2019-08-26 10:40:00,,-0.00039952057530967533,-0.0,0,0.0,1.0,5006.0,False,0.0,-0.00039952057530967533
2019-08-26 11:25:00,,-0.0007993605115906854,-0.0,0,0.0,1.0,5004.0,False,0.0,-0.0007993605115906854
2019-08-26 14:10:00,,0.0016000000000000458,0.0,0,0.0,1.0,5000.0,False,0.0,0.0016000000000000458
2019-08-26 14:55:00,,-0.00998402555910538,-0.0,0,0.0,1.0,5008.0,False,0.0,-0.00998402555910538
2019-08-27 09:40:00,,-0.0012101653892698794,-0.0,0,0.0,1.0,4958.0,False,0.0,-0.0012101653892698794
2019-08-27 10:40:00,,-0.0028271405492730217,-0.0,0,0.0,1.0,4952.0,False,0.0,-0.0028271405492730217
2019-08-27 11:25:00,,-0.0004050222762251865,-0.0,0,0.0,1.0,4938.0,False,0.0,-0.0004050222762251865
2019-08-27 14:10:00,,-0.004051863857374438,-0.0,0,0.0,1.0,4936.0,False,0.0,-0.004051863857374438
2019-08-27 14:55:00,,-0.007729861676159522,-0.0,0,0.0,1.0,4916.0,False,0.0,-0.007729861676159522
2019-08-27 21:35:00,,0.0036900369003689537,0.0,0,0.0,1.0,4878.0,False,0.0,0.0036900369003689537
2019-08-28 09:40:00,,-0.0016339869281045694,-0.0,0,0.0,1.0,4896.0,False,0.0,-0.0016339869281045694
2019-08-28 10:40:00,,-0.0012274959083469206,-0.0,0,0.0,1.0,4888.0,False,0.0,-0.0012274959083469206
2019-08-28 11:25:00,,0.0012290045063498845,0.0,0,0.0,1.0,4882.0,False,0.0,0.0012290045063498845
2019-08-28 14:10:00,,0.0016366612111293755,0.0,0,0.0,1.0,4888.0,False,0.0,0.0016366612111293755
2019-08-28 14:55:00,,-0.002450980392156854,-0.0,0,0.0,1.0,4896.0,False,0.0,-0.002450980392156854
2019-08-28 21:35:00,,0.0016380016380015405,0.0,0,0.0,1.0,4884.0,False,0.0,0.0016380016380015405
2019-08-29 09:40:00,,-0.002452984464431762,-0.0,0,0.0,1.0,4892.0,False,0.0,-0.002452984464431762
2019-08-29 10:40:00,,-0.00450819672131153,-0.0,0,0.0,1.0,4880.0,False,0.0,-0.00450819672131153
2019-08-29 11:25:00,,0.0,0.0,0,0.0,1.0,4858.0,False,0.0,0.0
2019-08-29 14:10:00,,-0.0016467682173734177,-0.0,0,0.0,1.0,4858.0,False,0.0,-0.0016467682173734177
2019-08-29 14:55:00,,0.0012371134020618957,0.0,0,0.0,1.0,4850.0,False,0.0,0.0012371134020618957
2019-08-29 21:35:00,,-0.009472817133443168,-0.0,0,0.0,1.0,4856.0,False,0.0,-0.009472817133443168
2019-08-30 09:40:00,,0.00498960498960499,0.0,0,0.0,1.0,4810.0,False,0.0,0.00498960498960499
2019-08-30 10:40:00,,0.00041373603640870726,0.0,0,0.0,1.0,4834.0,False,0.0,0.00041373603640870726
2019-08-30 11:25:00,,-0.00951199338296116,-0.0,0,0.0,1.0,4836.0,False,0.0,-0.00951199338296116
2019-08-30 14:10:00,,-0.0025052192066805645,-0.0,0,0.0,1.0,4790.0,False,0.0,-0.0025052192066805645
2019-08-30 14:55:00,,-0.0004185851820845965,-0.0,0,0.0,1.0,4778.0,False,0.0,-0.0004185851820845965
2019-08-30 21:35:00,,0.01633165829145722,0.0,0,0.0,1.0,4776.0,False,0.0,0.01633165829145722
2019-09-02 09:40:00,,-0.0024721878862793423,-0.0,0,0.0,1.0,4854.0,False,0.0,-0.0024721878862793423
2019-09-02 10:40:00,,0.00330441966129702,0.0,0,0.0,1.0,4842.0,False,0.0,0.00330441966129702
2019-09-02 11:25:00,,0.0020584602717168554,0.0,0,0.0,1.0,4858.0,False,0.0,0.0020584602717168554
2019-09-02 14:10:00,,-0.0008216926869351049,-0.0,0,0.0,1.0,4868.0,False,0.0,-0.0008216926869351049
2019-09-02 14:55:00,,0.0,0.0,0,0.0,1.0,4864.0,False,0.0,0.0
2019-09-03 09:40:00,,0.00328947368421062,0.0,0,0.0,1.0,4864.0,False,0.0,0.00328947368421062
2019-09-03 10:40:00,,-0.00450819672131153,-0.0,0,0.0,1.0,4880.0,False,0.0,-0.00450819672131153
2019-09-03 11:25:00,,-0.0004116920543433267,-0.0,0,0.0,1.0,4858.0,False,0.0,-0.0004116920543433267
2019-09-03 14:10:00,,-0.006177924217462882,-0.0,0,0.0,1.0,4856.0,False,0.0,-0.006177924217462882
2019-09-03 14:55:00,,0.0020721094073767876,0.0,0,0.0,1.0,4826.0,False,0.0,0.0020721094073767876
2019-09-03 21:35:00,,-0.003722084367245637,-0.0,0,0.0,1.0,4836.0,False,0.0,-0.003722084367245637
2019-09-04 09:40:00,,0.0062266500622665255,0.0,0,0.0,1.0,4818.0,False,0.0,0.0062266500622665255
2019-09-04 10:40:00,,0.0,0.0,0,0.0,1.0,4848.0,False,0.0,0.0
2019-09-04 11:25:00,,0.0,0.0,0,0.0,1.0,4848.0,False,0.0,0.0
2019-09-04 14:10:00,,0.0028877887788778533,0.0,0,0.0,1.0,4848.0,False,0.0,0.0028877887788778533
2019-09-04 14:55:00,,-0.0012340600575894145,-0.0,0,0.0,1.0,4862.0,False,0.0,-0.0012340600575894145
2019-09-04 21:35:00,,-0.006177924217462882,-0.0,0,0.0,1.0,4856.0,False,0.0,-0.006177924217462882
2019-09-05 09:40:00,,-0.008288437629506817,-0.0,0,0.0,1.0,4826.0,False,0.0,-0.008288437629506817
2019-09-05 10:40:00,,0.0,0.0,0,0.0,1.0,4786.0,False,0.0,0.0
2019-09-05 11:25:00,,0.0,0.0,0,0.0,1.0,4786.0,False,0.0,0.0
2019-09-05 14:10:00,,-0.002507312996239075,-0.0,0,0.0,1.0,4786.0,False,0.0,-0.002507312996239075
2019-09-05 14:55:00,,-0.00041893590280683846,-0.0,0,0.0,1.0,4774.0,False,0.0,-0.00041893590280683846
2019-09-05 21:35:00,,-0.0067057837384744134,-0.0,0,0.0,1.0,4772.0,False,0.0,-0.0067057837384744134
2019-09-06 09:40:00,,0.00421940928270037,0.0,0,0.0,1.0,4740.0,False,0.0,0.00421940928270037
2019-09-06 10:40:00,,0.0008403361344537785,0.0,0,0.0,1.0,4760.0,False,0.0,0.0008403361344537785
2019-09-06 11:25:00,,0.0025188916876575096,0.0,0,0.0,1.0,4764.0,False,0.0,0.0025188916876575096
2019-09-06 14:10:00,,0.005443886097152406,0.0,0,0.0,1.0,4776.0,False,0.0,0.005443886097152406
2019-09-06 14:55:00,,0.0004164931278634043,0.0,0,0.0,1.0,4802.0,False,0.0,0.0004164931278634043
2019-09-06 21:35:00,,0.005828476269775118,0.0,0,0.0,1.0,4804.0,False,0.0,0.005828476269775118
2019-09-09 09:40:00,,-0.002897350993377512,-0.0,0,0.0,1.0,4832.0,False,0.0,-0.002897350993377512
2019-09-09 10:40:00,,0.006641760066417701,0.0,0,0.0,1.0,4818.0,False,0.0,0.006641760066417701
2019-09-09 11:25:00,,-0.003711340206185576,-0.0,0,0.0,1.0,4850.0,False,0.0,-0.003711340206185576
2019-09-09 14:10:00,,0.00041390728476820016,0.0,0,0.0,1.0,4832.0,False,0.0,0.00041390728476820016
2019-09-09 14:55:00,,0.0,0.0,0,0.0,1.0,4834.0,False,0.0,0.0
2019-09-10 09:40:00,,0.008274720728175478,0.0,0,0.0,1.0,4834.0,False,0.0,0.008274720728175478
2019-09-10 10:40:00,,0.0024620434961017956,0.0,0,0.0,1.0,4874.0,False,0.0,0.0024620434961017956
2019-09-10 11:25:00,,-0.0016373311502251298,-0.0,0,0.0,1.0,4886.0,False,0.0,-0.0016373311502251298
2019-09-10 14:10:00,,-0.017630176301763,-0.0,0,0.0,1.0,4878.0,False,0.0,-0.017630176301763
2019-09-10 14:55:00,,-0.0008347245409014992,-0.0,0,0.0,1.0,4792.0,False,0.0,-0.0008347245409014992
2019-09-10 21:35:00,,0.009189640768588081,0.0,0,0.0,1.0,4788.0,False,0.0,0.009189640768588081
2019-09-11 09:40:00,,0.0020695364238410008,0.0,0,0.0,1.0,4832.0,False,0.0,0.0020695364238410008
2019-09-11 10:40:00,,0.00330441966129702,0.0,0,0.0,1.0,4842.0,False,0.0,0.00330441966129702
2019-09-11 11:25:00,0.0020581837743520737,-0.0045286125977768155,-0.0,0,0.0,1.0,4858.0,False,1.0,-0.0045286125977768155
2019-09-11 14:10:00,0.0021705084946006536,0.0020678246484697738,0.0020678246484697738,1,1.0,1.0020678246484698,4836.0,False,1.0,0.0020678246484697738
2019-09-11 14:55:00,0.002199524315074086,-0.0008254230293025522,-0.0008254230293025522,0,1.0,1.0012424016191672,4846.0,False,1.0,-0.0008254230293025522
2019-09-11 21:35:00,0.002199524315074086,-0.004543577034283319,-0.004543577034283319,0,1.0,0.9966988245848839,4842.0,False,1.0,-0.004543577034283319
2019-09-12 09:40:00,0.001828885287977755,-0.0012448132780082943,-0.0012448132780082943,0,1.0,0.9954540113068756,4820.0,False,1.0,-0.0012448132780082943
2019-09-12 10:40:00,0.002199524315074086,0.002492729538845051,0.002492729538845051,0,1.0,0.9979467408457207,4814.0,False,1.0,0.002492729538845051
2019-09-12 11:25:00,0.0017969090258702636,-0.007459593866556147,-0.007459593866556147,0,1.0,0.9904871469791645,4826.0,False,1.0,-0.007459593866556147
2019-09-12 14:10:00,0.001986168324947357,-0.0020876826722338038,-0.0020876826722338038,0,1.0,0.9883994643069307,4790.0,False,1.0,-0.0020876826722338038
2019-09-12 14:55:00,0.002199524315074086,0.001255230125523088,0.001255230125523088,0,1.0,0.9896546944324538,4780.0,False,1.0,0.001255230125523088
2019-09-12 21:35:00,0.0019330097129568458,0.007104053489343842,0.007104053489343842,0,1.0,0.9967587479217976,4786.0,False,1.0,0.007104053489343842
2019-09-16 09:40:00,0.0017376806354150176,0.018257261410788317,0.018257261410788317,0,1.0,1.015016009332586,4820.0,False,1.0,0.018257261410788317
2019-09-16 10:40:00,0.0019330097129568458,0.00040749796251016157,0.00040749796251016157,0,1.0,1.0154235072950961,4908.0,False,1.0,0.00040749796251016157
2019-09-16 11:25:00,0.0019330097129568458,-0.006517311608961296,-0.006517311608961296,0,1.0,1.008906195686135,4910.0,False,1.0,-0.006517311608961296
2019-09-16 14:10:00,0.0016787117347121239,0.0041000410004099486,0.0041000410004099486,0,1.0,1.0130062366865449,4878.0,False,1.0,0.0041000410004099486
2019-09-16 14:55:00,0.0014181731967255473,0.007349938750510487,0.007349938750510487,0,1.0,1.0203561754370551,4898.0,False,1.0,0.007349938750510487
2019-09-17 09:40:00,0.0011239968007430434,0.016214025131738863,0.016214025131738863,0,1.0,1.0365702005687942,4934.0,False,1.0,0.016214025131738863
2019-09-17 10:40:00,0.001225132029503584,-0.005584363781412027,-0.005584363781412027,0,1.0,1.030985836787382,5014.0,False,1.0,-0.005584363781412027
2019-09-17 11:25:00,0.001225132029503584,-0.0008022462896108973,-0.0008022462896108973,0,1.0,1.0301835904977712,4986.0,False,1.0,-0.0008022462896108973
2019-09-17 14:10:00,0.0014533359790220857,-0.001204335608189444,-0.001204335608189444,0,1.0,1.0289792548895818,4982.0,False,1.0,-0.001204335608189444
2019-09-17 14:55:00,0.0009455265244469047,0.004823151125401992,0.004823151125401992,0,1.0,1.0338024060149837,4976.0,False,1.0,0.004823151125401992
2019-09-17 21:35:00,0.0012475039111450315,-0.012800000000000034,-0.012800000000000034,0,1.0,1.0210024060149836,5000.0,False,1.0,-0.012800000000000034
2019-09-18 09:40:00,0.000966967549175024,-0.002836304700162051,-0.002836304700162051,0,1.0,1.0181661013148218,4936.0,False,1.0,-0.002836304700162051
2019-09-18 10:40:00,0.0012728959554806352,0.0,0.0,0,1.0,1.0181661013148218,4922.0,False,1.0,0.0
2019-09-18 11:25:00,0.0014709156239405274,-0.003250711093051639,-0.003250711093051639,0,1.0,1.01491539022177,4922.0,False,1.0,-0.003250711093051639
2019-09-18 14:10:00,0.0016896944725885987,0.0,0.0,0,1.0,1.01491539022177,4906.0,False,1.0,0.0
2019-09-18 14:55:00,0.0016896944725885987,-0.0020383204239706743,-0.0020383204239706743,0,1.0,1.0128770697977993,4906.0,False,1.0,-0.0020383204239706743
2019-09-18 21:35:00,0.0016342488816007972,-0.0008169934640522847,-0.0008169934640522847,0,1.0,1.012060076333747,4896.0,False,1.0,-0.0008169934640522847
2019-09-19 09:40:00,0.001369871199131012,0.0020441537203597093,0.0020441537203597093,0,1.0,1.0141042300541068,4892.0,False,1.0,0.0020441537203597093
2019-09-19 10:40:00,0.0016896944725885987,-0.003671970624234966,-0.003671970624234966,0,1.0,1.0104322594298718,4902.0,False,1.0,-0.003671970624234966
2019-09-19 11:25:00,0.0015320611419156194,-0.0016380016380016515,-0.0016380016380016515,0,1.0,1.00879425779187,4884.0,False,1.0,-0.0016380016380016515
2019-09-19 14:10:00,0.0015219183405861259,-0.0045118949958983245,-0.0045118949958983245,0,1.0,1.0042823627959718,4876.0,False,1.0,-0.0045118949958983245
2019-09-19 14:55:00,0.0018608475802466273,-0.006592501030078246,-0.006592501030078246,0,1.0,0.9976898617658936,4854.0,False,1.0,-0.006592501030078246
2019-09-19 21:35:00,0.002073803683742881,0.0012442969722106234,0.0012442969722106234,0,1.0,0.9989341587381042,4822.0,False,1.0,0.0012442969722106234
2019-09-20 09:40:00,0.001826180494390428,-0.004971002485501197,-0.004971002485501197,0,1.0,0.993963156252603,4828.0,False,1.0,-0.004971002485501197
2019-09-20 10:40:00,0.002004663459956646,0.0016652789342215257,0.0016652789342215257,0,1.0,0.9956284351868245,4804.0,False,1.0,0.0016652789342215257
2019-09-20 11:25:00,0.0008255888242274523,-0.0012468827930174342,-0.0012468827930174342,0,1.0,0.9943815523938071,4812.0,False,1.0,-0.0012468827930174342
2019-09-20 14:10:00,0.0008255888242274523,-0.0004161464835622519,-0.0004161464835622519,0,1.0,0.9939654059102448,4806.0,False,1.0,-0.0004161464835622519
2019-09-20 14:55:00,0.0007036490715108812,-0.003746877601998322,-0.003746877601998322,0,1.0,0.9902185283082465,4804.0,False,1.0,-0.003746877601998322
2019-09-20 21:35:00,0.0006166839157231152,0.007104053489343842,0.007104053489343842,0,1.0,0.9973225817975904,4786.0,False,1.0,0.007104053489343842
2019-09-23 09:40:00,0.00045740886707790196,0.0012448132780082943,0.0012448132780082943,0,1.0,0.9985673950755987,4820.0,False,1.0,0.0012448132780082943
2019-09-23 10:40:00,0.0005557893309742212,-0.004973062577704135,-0.004973062577704135,0,1.0,0.9935943324978945,4826.0,False,1.0,-0.004973062577704135
2019-09-23 11:25:00,0.0005277374293655157,0.0008329862557268086,0.0008329862557268086,0,1.0,0.9944273187536213,4802.0,False,1.0,0.0008329862557268086
2019-09-23 14:10:00,0.0008895346545614302,0.0,0.0,0,1.0,0.9944273187536213,4806.0,False,1.0,0.0
2019-09-23 14:55:00,0.0005162151646800339,-0.006658343736995476,-0.006658343736995476,0,1.0,0.9877689750166259,4806.0,False,1.0,-0.006658343736995476
2019-09-24 09:40:00,0.0003970787802245468,-0.004608294930875556,-0.004608294930875556,0,1.0,0.9831606800857503,4774.0,False,1.0,-0.004608294930875556
2019-09-24 10:40:00,0.0005162151646800339,-0.0008417508417508657,-0.0008417508417508657,0,1.0,0.9823189292439994,4752.0,False,1.0,-0.0008417508417508657
2019-09-24 11:25:00,0.0003970787802245468,-0.0016849199663016012,-0.0016849199663016012,0,1.0,0.9806340092776978,4748.0,False,1.0,-0.0016849199663016012
2019-09-24 14:10:00,0.0008184243924915791,-0.002953586497890348,-0.002953586497890348,0,1.0,0.9776804227798075,4740.0,False,1.0,-0.002953586497890348
2019-09-24 14:55:00,0.0008663454791530967,-0.0016927634363097521,-0.0016927634363097521,0,1.0,0.9759876593434977,4726.0,False,1.0,-0.0016927634363097521
2019-09-24 21:35:00,0.0010111043229699135,0.0025434506146673197,0.0025434506146673197,0,1.0,0.9785311099581651,4718.0,False,1.0,0.0025434506146673197
2019-09-25 09:40:00,0.0008045973954722285,-0.0012684989429175841,-0.0012684989429175841,0,1.0,0.9772626110152475,4730.0,False,1.0,-0.0012684989429175841
2019-09-25 10:40:00,0.0009574299328960478,0.002963590177815334,0.002963590177815334,0,1.0,0.9802262011930628,4724.0,False,1.0,0.002963590177815334
2019-09-25 11:25:00,0.0010055263992398977,-0.0025327142254115698,-0.0025327142254115698,0,1.0,0.9776934869676512,4738.0,False,1.0,-0.0025327142254115698
2019-09-25 14:10:00,0.0008279619505628943,-0.0029623360135421217,-0.0029623360135421217,0,1.0,0.9747311509541091,4726.0,False,1.0,-0.0029623360135421217
2019-09-25 14:55:00,0.0009656689362600446,0.0004244482173174635,0.0004244482173174635,0,1.0,0.9751555991714266,4712.0,False,1.0,0.0004244482173174635
2019-09-25 21:35:00,0.0010471171699464321,-0.0016970725498515193,-0.0016970725498515193,0,1.0,0.9734585266215751,4714.0,False,1.0,-0.0016970725498515193
2019-09-26 09:40:00,0.0008572182850912213,-0.0008499787505312772,-0.0008499787505312772,0,1.0,0.9726085478710438,4706.0,False,1.0,-0.0008499787505312772
2019-09-26 10:40:00,0.0010196652729064226,0.00042535091450446316,0.00042535091450446316,0,1.0,0.9730338987855482,4702.0,False,1.0,0.00042535091450446316
2019-09-26 11:25:00,0.0010196652729064226,-0.00042517006802722523,-0.00042517006802722523,0,1.0,0.972608728717521,4704.0,False,1.0,-0.00042517006802722523
2019-09-26 14:10:00,0.0010196652729064226,0.0012760527435133895,0.0012760527435133895,0,1.0,0.9738847814610344,4702.0,False,1.0,0.0012760527435133895
2019-09-26 14:55:00,0.0009289872250519693,0.0038232795242141293,0.0038232795242141293,0,1.0,0.9777080609852485,4708.0,False,1.0,0.0038232795242141293
2019-09-26 21:35:00,0.0010434921132400632,-0.011426153195090993,-0.011426153195090993,0,1.0,0.9662819077901575,4726.0,False,1.0,-0.011426153195090993
2019-09-27 09:40:00,0.0008028141455724835,0.0008561643835616195,0.0008561643835616195,0,1.0,0.9671380721737192,4672.0,False,1.0,0.0008561643835616195
2019-09-27 10:40:00,0.0009539715247228742,0.0021385799828914642,0.0021385799828914642,0,1.0,0.9692766521566106,4676.0,False,1.0,0.0021385799828914642
2019-09-27 11:25:00,0.00092648173449561,-0.0004268032437046987,-0.0004268032437046987,0,1.0,0.9688498489129059,4686.0,False,1.0,-0.0004268032437046987
2019-09-27 14:10:00,0.0009086070349439979,0.0017079419299743659,0.0017079419299743659,0,1.0,0.9705577908428803,4684.0,False,1.0,0.0017079419299743659
2019-09-27 14:55:00,0.0022159770596772432,-0.0017050298380221207,-0.0017050298380221207,0,1.0,0.9688527610048582,4692.0,False,1.0,-0.0017050298380221207
2019-09-27 21:35:00,0.001689782366156578,0.004696840307429451,0.004696840307429451,0,1.0,0.9735496013122876,4684.0,False,1.0,0.004696840307429451
2019-09-30 09:40:00,0.001545258448459208,-0.0025499362515937207,-0.0025499362515937207,0,1.0,0.9709996650606939,4706.0,False,1.0,-0.0025499362515937207
2019-09-30 10:40:00,0.001689782366156578,0.0021303792074989225,0.0021303792074989225,0,1.0,0.9731300442681928,4694.0,False,1.0,0.0021303792074989225
2019-09-30 11:25:00,0.001689782366156578,-0.0029761904761904656,-0.0029761904761904656,0,1.0,0.9701538537920024,4704.0,False,1.0,-0.0029761904761904656
2019-09-30 14:10:00,0.0020235732663422823,-0.003837953091684443,-0.003837953091684443,0,1.0,0.9663159007003179,4690.0,False,1.0,-0.003837953091684443
2019-09-30 14:55:00,0.00197066948749125,0.011130136986301276,0.011130136986301276,0,1.0,0.9774460376866192,4672.0,False,1.0,0.011130136986301276
2019-10-08 09:40:00,0.0018471739022061229,-0.009737510584250653,-0.009737510584250653,0,1.0,0.9677085271023685,4724.0,False,1.0,-0.009737510584250653
2019-10-08 10:40:00,0.00197066948749125,-0.0008550662676357623,-0.0008550662676357623,0,1.0,0.9668534608347328,4678.0,False,1.0,-0.0008550662676357623
2019-10-08 11:25:00,0.0019303575390949845,0.009413778348309698,0.009413778348309698,0,1.0,0.9762672391830425,4674.0,False,1.0,0.009413778348309698
2019-10-08 14:10:00,0.002130307490006089,-0.0025434506146672087,-0.0025434506146672087,0,1.0,0.9737237885683753,4718.0,False,1.0,-0.0025434506146672087
2019-10-08 14:55:00,0.0018687540432438254,0.012749681257968604,0.012749681257968604,0,1.0,0.9864734698263439,4706.0,False,1.0,0.012749681257968604
2019-10-09 09:40:00,0.001827948377467692,-0.0020981955518254436,-0.0020981955518254436,0,1.0,0.9843752742745184,4766.0,False,1.0,-0.0020981955518254436
2019-10-09 10:40:00,0.0017975696828216314,0.005466778805718997,0.005466778805718997,0,1.0,0.9898420530802374,4756.0,False,1.0,0.005466778805718997
2019-10-09 11:25:00,0.0018687540432438254,0.0,0.0,0,1.0,0.9898420530802374,4782.0,False,1.0,0.0
2019-10-09 14:10:00,0.0017712911358103156,0.0016729401923880616,0.0016729401923880616,0,1.0,0.9915149932726255,4782.0,False,1.0,0.0016729401923880616
2019-10-09 14:55:00,0.0015430517960339785,0.0,0.0,0,1.0,0.9915149932726255,4790.0,False,1.0,0.0
2019-10-09 21:35:00,0.0015701483935117722,-0.0025052192066805645,-0.0025052192066805645,0,1.0,0.9890097740659449,4790.0,False,1.0,-0.0025052192066805645
2019-10-10 09:40:00,0.0012570335529744625,-0.000837170364169082,-0.000837170364169082,0,1.0,0.9881726037017758,4778.0,False,1.0,-0.000837170364169082
2019-10-10 10:40:00,0.001516781747341156,0.0016757436112275759,0.0016757436112275759,0,1.0,0.9898483473130034,4774.0,False,1.0,0.0016757436112275759
2019-10-10 11:25:00,0.0018464525928720832,0.0012547051442910462,0.0012547051442910462,0,1.0,0.9911030524572945,4782.0,False,1.0,0.0012547051442910462
2019-10-10 14:10:00,0.0015203178627416492,0.0029239766081872176,0.0029239766081872176,0,1.0,0.9940270290654817,4788.0,False,1.0,0.0029239766081872176
2019-10-10 14:55:00,0.0018024011515080929,-0.001249479383590213,-0.001249479383590213,0,1.0,0.9927775496818915,4802.0,False,1.0,-0.001249479383590213
2019-10-10 21:35:00,0.0017934228526428342,-0.0012510425354461674,-0.0012510425354461674,0,1.0,0.9915265071464453,4796.0,False,1.0,-0.0012510425354461674
2019-10-11 09:40:00,0.001567268860526383,-0.00041753653444676075,-0.00041753653444676075,0,1.0,0.9911089706119985,4790.0,False,1.0,-0.00041753653444676075
2019-10-11 10:40:00,0.0017733854474499822,0.0008354218880535225,0.0008354218880535225,0,1.0,0.9919443925000521,4788.0,False,1.0,0.0008354218880535225
2019-10-11 11:25:00,0.0018024011515080929,-0.002086811352253748,-0.002086811352253748,0,1.0,0.9898575811477983,4792.0,False,1.0,-0.002086811352253748
2019-10-11 14:10:00,0.0014063752023503184,0.010455876202425829,0.010455876202425829,0,1.0,1.0003134573502241,4782.0,False,1.0,0.010455876202425829
2019-10-11 14:55:00,0.0015077816788107157,-0.002483443708609312,-0.002483443708609312,0,1.0,0.9978300136416148,4832.0,False,1.0,-0.002483443708609312
2019-10-11 21:35:00,0.0011423341929912567,-0.018672199170124526,-0.018672199170124526,0,1.0,0.9791578144714903,4820.0,False,1.0,-0.018672199170124526
2019-10-14 09:40:00,0.0009045593324117362,0.0021141649048626032,0.0021141649048626032,0,1.0,0.9812719793763529,4730.0,False,1.0,0.0021141649048626032
2019-10-14 10:40:00,0.0011222969042137265,-0.0033755274261603185,-0.0033755274261603185,0,1.0,0.9778964519501926,4740.0,False,1.0,-0.0033755274261603185
2019-10-14 11:25:00,0.0011222969042137265,-0.002540220152413175,-0.002540220152413175,0,1.0,0.9753562317977794,4724.0,False,1.0,-0.002540220152413175
2019-10-14 14:10:00,0.0018368414603173733,-0.005942275042444822,-0.005942275042444822,0,1.0,0.9694139567553346,4712.0,False,1.0,-0.005942275042444822
2019-10-14 14:55:00,0.0019526610849425197,0.0017079419299743659,0.0017079419299743659,0,1.0,0.971121898685309,4684.0,False,1.0,0.0017079419299743659
2019-10-15 09:40:00,0.001923645380884409,-0.0004262574595055302,-0.0004262574595055302,0,1.0,0.9706956412258034,4692.0,False,1.0,-0.0004262574595055302
2019-10-15 10:40:00,0.0019526610849425197,-0.0008528784648187404,-0.0008528784648187404,0,1.0,0.9698427627609847,4690.0,False,1.0,-0.0008528784648187404
2019-10-15 11:25:00,0.0018028507474809885,-0.0029876227059325577,-0.0029876227059325577,0,1.0,0.9668551400550521,4686.0,False,1.0,-0.0029876227059325577
2019-10-15 14:10:00,0.002169550396502018,0.0029965753424656683,0.0029965753424656683,0,1.0,0.9698517153975178,4672.0,False,1.0,0.0029965753424656683
2019-10-15 14:55:00,0.0018711511511355639,-0.0004268032437046987,-0.0004268032437046987,0,1.0,0.9694249121538131,4686.0,False,1.0,-0.0004268032437046987
2019-10-15 21:35:00,0.001903873635455966,0.021349274124679685,0.021349274124679685,0,1.0,0.9907741862784928,4684.0,False,1.0,0.021349274124679685
2019-10-16 09:40:00,0.0016501203645020723,-0.0008361204013378476,-0.0008361204013378476,0,1.0,0.9899380658771549,4784.0,False,1.0,-0.0008361204013378476
2019-10-16 10:40:00,0.0018895941320806742,0.002510460251045954,0.002510460251045954,0,1.0,0.9924485261282009,4780.0,False,1.0,0.002510460251045954
2019-10-16 11:25:00,0.0018560297321528196,-0.002086811352253748,-0.002086811352253748,0,1.0,0.9903617147759471,4792.0,False,1.0,-0.002086811352253748
2019-10-16 14:10:00,0.0018068121280521154,0.0012547051442910462,0.0012547051442910462,0,1.0,0.9916164199202382,4782.0,False,1.0,0.0012547051442910462
2019-10-16 14:55:00,0.0014592900406569242,0.003341687552213868,0.003341687552213868,0,1.0,0.9949581074724521,4788.0,False,1.0,0.003341687552213868
2019-10-16 21:35:00,0.001489156624302268,0.002081598667776907,0.002081598667776907,0,1.0,0.997039706140229,4804.0,False,1.0,0.002081598667776907
2019-10-17 09:40:00,0.0013536736369132996,-0.00041545492314087884,-0.00041545492314087884,0,1.0,0.9966242512170881,4814.0,False,1.0,-0.00041545492314087884
2019-10-17 10:40:00,0.0014548496110364795,0.004571903574397407,0.004571903574397407,0,1.0,1.0011961547914856,4812.0,False,1.0,0.004571903574397407
2019-10-17 11:25:00,0.0013760860310867429,-0.0024824162184525767,-0.0024824162184525767,0,1.0,0.9987137385730329,4834.0,False,1.0,-0.0024824162184525767
2019-10-17 14:10:00,0.0013582113897427917,-0.004147656574035707,-0.004147656574035707,0,1.0,0.9945660819989972,4822.0,False,1.0,-0.004147656574035707
2019-10-17 14:55:00,0.001630915212444961,-0.0008329862557268086,-0.0008329862557268086,0,1.0,0.9937330957432704,4802.0,False,1.0,-0.0008329862557268086
2019-10-17 21:35:00,0.0016509523848071694,0.0062526052521885145,0.0062526052521885145,0,1.0,0.9999857009954589,4798.0,False,1.0,0.0062526052521885145
2019-10-18 09:40:00,0.0014116266975179315,0.0,0.0,0,1.0,0.9999857009954589,4828.0,False,1.0,0.0
2019-10-18 10:40:00,0.0014037522487342358,-0.006213753106876552,-0.006213753106876552,0,1.0,0.9937719478885824,4828.0,False,1.0,-0.006213753106876552
2019-10-18 11:25:00,0.001630915212444961,0.00041684035014588616,0.00041684035014588616,0,1.0,0.9941887882387282,4798.0,False,1.0,0.00041684035014588616
2019-10-18 14:10:00,0.001630915212444961,-0.0016666666666667052,-0.0016666666666667052,0,1.0,0.9925221215720615,4800.0,False,1.0,-0.0016666666666667052
2019-10-18 14:55:00,0.001630915212444961,0.0025041736227044975,0.0025041736227044975,0,1.0,0.995026295194766,4792.0,False,1.0,0.0025041736227044975
2019-10-18 21:35:00,0.0011772525031119585,0.014987510407993287,0.014987510407993287,0,1.0,1.0100138056027594,4804.0,False,1.0,0.014987510407993287
2019-10-21 09:40:00,0.000949117005802691,-0.002050861361771905,-0.002050861361771905,0,1.0,1.0079629442409874,4876.0,False,1.0,-0.002050861361771905
2019-10-21 10:40:00,0.0011572152143344283,-0.0012330456226880004,-0.0012330456226880004,0,1.0,1.0067298986182993,4866.0,False,1.0,-0.0012330456226880004
2019-10-21 11:25:00,0.0011572152143344283,-0.0057613168724279795,-0.0057613168724279795,0,1.0,1.0009685817458713,4860.0,False,1.0,-0.0057613168724279795
2019-10-21 14:10:00,0.001550126587972045,0.004139072847682224,0.004139072847682224,0,1.0,1.0051076545935538,4832.0,False,1.0,0.004139072847682224
2019-10-21 14:55:00,0.0013577485224232078,-0.0016488046166529546,-0.0016488046166529546,0,1.0,1.0034588499769006,4852.0,False,1.0,-0.0016488046166529546
2019-10-22 09:40:00,0.0013577485224232078,0.0,0.0,0,1.0,1.0034588499769006,4844.0,False,1.0,0.0
2019-10-22 10:40:00,0.0013217543018981814,-0.005780346820809301,-0.005780346820809301,0,1.0,0.9976785031560914,4844.0,False,1.0,-0.005780346820809301
2019-10-22 11:25:00,0.0013577485224232078,0.004152823920265725,0.004152823920265725,0,1.0,1.0018313270763572,4816.0,False,1.0,0.004152823920265725
2019-10-22 14:10:00,0.0016511615831404924,0.0016542597187758634,0.0016542597187758634,0,1.0,1.0034855867951329,4836.0,False,1.0,0.0016542597187758634
2019-10-22 14:55:00,0.00014694302808493376,0.00041288191577204536,0.00041288191577204536,0,1.0,1.0038984687109052,4844.0,False,1.0,0.00041288191577204536
2019-10-22 21:35:00,0.0002014914934989065,0.018159306644655482,0.018159306644655482,0,1.0,1.0220577753555604,4846.0,False,1.0,0.018159306644655482
2019-10-23 09:40:00,-3.166900569340214e-05,0.006080259424402046,0.006080259424402046,0,1.0,1.0281380347799627,4934.0,False,0.0,0.006080259424402046
2019-10-23 10:40:00,-8.521972631569952e-05,-0.0016116035455278066,-0.0,1,0.0,1.0281380347799627,4964.0,False,0.0,-0.0016116035455278066
2019-10-23 11:25:00,0.0006301127141341567,-0.003631961259079941,-0.0,1,0.0,1.0281380347799627,4956.0,False,0.0,-0.003631961259079941
2019-10-23 14:10:00,0.0007437256281264126,-0.000810044552450373,-0.0,1,0.0,1.0281380347799627,4938.0,False,0.0,-0.000810044552450373
2019-10-23 14:55:00,0.0004863952344749123,-0.0044588569112281595,-0.0,1,0.0,1.0281380347799627,4934.0,False,0.0,-0.0044588569112281595
2019-10-23 21:35:00,0.000721688789781183,-0.004071661237785018,-0.0,0,0.0,1.0281380347799627,4912.0,False,0.0,-0.004071661237785018
2019-10-24 09:40:00,0.0005395264597609639,0.004088307440719641,0.0,0,0.0,1.0281380347799627,4892.0,False,0.0,0.004088307440719641
2019-10-24 10:40:00,0.0007199927931651473,0.004478827361563464,0.0,0,0.0,1.0281380347799627,4912.0,False,0.0,0.004478827361563464
2019-10-24 11:25:00,0.0004769045626744628,0.0004053506282934993,0.0,0,0.0,1.0281380347799627,4934.0,False,0.0,0.0004053506282934993
2019-10-24 14:10:00,0.0006909770891070366,0.0020259319286872746,0.0,0,0.0,1.0281380347799627,4936.0,False,0.0,0.0020259319286872746
2019-10-24 14:55:00,0.000467130244942382,0.0032349373230893264,0.0,0,0.0,1.0281380347799627,4946.0,False,0.0,0.0032349373230893264
2019-10-24 21:35:00,0.0007474446902051568,0.014913341394598989,0.0,0,0.0,1.0281380347799627,4962.0,False,0.0,0.014913341394598989
2019-10-25 09:40:00,0.00042979337740689516,0.005559968228753043,0.0,0,0.0,1.0281380347799627,5036.0,False,0.0,0.005559968228753043
2019-10-25 10:40:00,0.0005421520909294486,-0.0011848341232227888,-0.0,0,0.0,1.0281380347799627,5064.0,False,0.0,-0.0011848341232227888
2019-10-25 11:25:00,0.0005002198740839958,0.011466982997232034,0.0,0,0.0,1.0281380347799627,5058.0,False,0.0,0.011466982997232034
2019-10-25 14:10:00,0.0006032807286828756,0.0007818608287724071,0.0,0,0.0,1.0281380347799627,5116.0,False,0.0,0.0007818608287724071
2019-10-25 14:55:00,0.0004578347143251449,-0.009765625,-0.0,0,0.0,1.0281380347799627,5120.0,False,0.0,-0.009765625
2019-10-25 21:35:00,0.00034760794369503856,0.0035502958579882726,0.0,0,0.0,1.0281380347799627,5070.0,False,0.0,0.0035502958579882726
2019-10-28 09:40:00,0.00021312880562618375,-0.0015723270440252124,-0.0,0,0.0,1.0281380347799627,5088.0,False,0.0,-0.0015723270440252124
2019-10-28 10:40:00,0.00019999816140625626,0.0003937007874015297,0.0,0,0.0,1.0281380347799627,5080.0,False,0.0,0.0003937007874015297
2019-10-28 11:25:00,0.0003213853924535215,0.0007870916961825181,0.0,0,0.0,1.0281380347799627,5082.0,False,0.0,0.0007870916961825181
2019-10-28 14:10:00,0.0004765533085446805,0.00589854502556042,0.0,0,0.0,1.0281380347799627,5086.0,False,0.0,0.00589854502556042
2019-10-28 14:55:00,4.019316111225635e-05,0.004691164972634887,0.0,0,0.0,1.0281380347799627,5116.0,False,0.0,0.004691164972634887
2019-10-29 09:40:00,3.072696563322097e-05,-0.00894941634241242,-0.0,0,0.0,1.0281380347799627,5140.0,False,0.0,-0.00894941634241242
2019-10-29 10:40:00,1.9437240553088486e-05,0.004711425206124886,0.0,0,0.0,1.0281380347799627,5094.0,False,0.0,0.004711425206124886
2019-10-29 11:25:00,1.9437240553088486e-05,0.0,0.0,0,0.0,1.0281380347799627,5118.0,False,0.0,0.0
2019-10-29 14:10:00,0.000642089347820729,0.0019538882375929045,0.0,0,0.0,1.0281380347799627,5118.0,False,1.0,0.0019538882375929045
2019-10-29 14:55:00,0.0010825113859027624,0.0,0.0,0,1.0,1.0281380347799627,5128.0,False,1.0,0.0
2019-10-29 21:35:00,0.0013088822597637773,0.0058502340093604666,0.0058502340093604666,0,1.0,1.0339882687893232,5128.0,False,1.0,0.0058502340093604666
2019-10-30 09:40:00,0.0010050435084849596,0.015897634742148226,0.015897634742148226,0,1.0,1.0498859035314712,5158.0,False,1.0,0.015897634742148226
2019-10-30 10:40:00,0.0010825113859027624,-0.003053435114503844,-0.003053435114503844,0,1.0,1.0468324684169674,5240.0,False,1.0,-0.003053435114503844
2019-10-30 11:25:00,0.0014611348742619157,-0.0034456355283307705,-0.0034456355283307705,0,1.0,1.0433868328886367,5224.0,False,1.0,-0.0034456355283307705
2019-10-30 14:10:00,0.001438547158613801,0.005378409527468264,0.005378409527468264,0,1.0,1.048765242416105,5206.0,False,1.0,0.005378409527468264
2019-10-30 14:55:00,0.0012932514073327184,-0.0026748184944592746,-0.0026748184944592746,0,1.0,1.0460904239216458,5234.0,False,1.0,-0.0026748184944592746
2019-10-30 21:35:00,0.001458240789361298,0.006896551724137945,0.006896551724137945,0,1.0,1.0529869756457835,5220.0,False,1.0,0.006896551724137945
2019-10-31 09:40:00,0.0011029785964637995,-0.0060882800608828,-0.0060882800608828,0,1.0,1.046898695584901,5256.0,False,1.0,-0.0060882800608828
2019-10-31 10:40:00,0.0012932514073327184,-0.0003828483920367276,-0.0003828483920367276,0,1.0,1.0465158471928642,5224.0,False,1.0,-0.0003828483920367276
2019-10-31 11:25:00,0.0013554386096075177,0.0,0.0,0,1.0,1.0465158471928642,5222.0,False,1.0,0.0
2019-10-31 14:10:00,0.0013500157510861754,-0.0019149751053236796,-0.0019149751053236796,0,1.0,1.0446008720875404,5222.0,False,1.0,-0.0019149751053236796
2019-10-31 14:55:00,0.0013595004566013813,0.0,0.0,0,1.0,1.0446008720875404,5212.0,False,1.0,0.0
2019-10-31 21:35:00,0.001389367040246725,0.0069071373752878085,0.0069071373752878085,0,1.0,1.0515080094628282,5212.0,False,1.0,0.0069071373752878085
2019-11-01 09:40:00,0.0011707236990332603,-0.0007621951219511924,-0.0007621951219511924,0,1.0,1.050745814340877,5248.0,False,1.0,-0.0007621951219511924
2019-11-01 10:40:00,0.0012038430431857705,0.0022883295194509046,0.0022883295194509046,0,1.0,1.053034143860328,5244.0,False,1.0,0.0022883295194509046
2019-11-01 11:25:00,0.0012638566549867392,-0.0015220700152207556,-0.0015220700152207556,0,1.0,1.0515120738451071,5256.0,False,1.0,-0.0015220700152207556
2019-11-01 14:10:00,0.0012454966781660914,-0.006478658536585358,-0.006478658536585358,0,1.0,1.045033415308522,5248.0,False,1.0,-0.006478658536585358
2019-11-01 14:55:00,0.0014791147550567985,0.0023014959723819395,0.0023014959723819395,0,1.0,1.0473349112809038,5214.0,False,1.0,0.0023014959723819395
2019-11-01 21:35:00,0.0014626074116677046,0.0026789131266742316,0.0026789131266742316,0,1.0,1.050013824407578,5226.0,False,1.0,0.0026789131266742316
2019-11-04 09:40:00,0.001255518989637494,0.0007633587786259888,0.0007633587786259888,0,1.0,1.050777183186204,5240.0,False,1.0,0.0007633587786259888
2019-11-04 10:40:00,0.001356322318315506,-0.004195270785659844,-0.004195270785659844,0,1.0,1.0465819124005442,5244.0,False,1.0,-0.004195270785659844
2019-11-04 11:25:00,0.0013741375878453255,0.003446955189582601,0.003446955189582601,0,1.0,1.0500288675901266,5222.0,False,1.0,0.003446955189582601
2019-11-04 14:10:00,0.0015678739873692393,0.006870229007633677,0.006870229007633677,0,1.0,1.0568990965977605,5240.0,False,1.0,0.006870229007633677
2019-11-04 14:55:00,0.0010871455306187272,0.031084154662623265,0.031084154662623265,0,1.0,1.0879832512603835,5276.0,False,1.0,0.031084154662623265
2019-11-05 09:40:00,0.0010417497251182795,0.0011029411764706953,0.0011029411764706953,0,1.0,1.0890861924368544,5440.0,False,1.0,0.0011029411764706953
2019-11-05 10:40:00,0.001076127402484417,0.0011017260374586169,0.0011017260374586169,0,1.0,1.0901879184743128,5446.0,False,1.0,0.0011017260374586169
2019-11-05 11:25:00,0.0010475229937583208,-0.006603081438004366,-0.006603081438004366,0,1.0,1.0835848370363086,5452.0,False,1.0,-0.006603081438004366
2019-11-05 14:10:00,0.001188850961625576,-0.0018463810930575697,-0.0018463810930575697,0,1.0,1.081738455943251,5416.0,False,1.0,-0.0018463810930575697
2019-11-05 14:55:00,0.0009640605421736836,0.0007399186089529497,0.0007399186089529497,0,1.0,1.082478374552204,5406.0,False,1.0,0.0007399186089529497
2019-11-05 21:35:00,0.0012087884824723005,-0.00591497227356752,-0.00591497227356752,0,1.0,1.0765634022786363,5410.0,False,1.0,-0.00591497227356752
2019-11-06 09:40:00,0.0009526259964331985,0.0018594272963927683,0.0018594272963927683,0,1.0,1.0784228295750293,5378.0,False,1.0,0.0018594272963927683
2019-11-06 10:40:00,0.0010072921868413687,-0.0025983667409057443,-0.0025983667409057443,0,1.0,1.0758244628341234,5388.0,False,1.0,-0.0025983667409057443
2019-11-06 11:25:00,0.0014006675919517875,0.0018608113137328353,0.0018608113137328353,0,1.0,1.0776852741478562,5374.0,False,1.0,0.0018608113137328353
2019-11-06 14:10:00,0.0012556056026369333,0.006315007429420483,0.006315007429420483,0,1.0,1.0840002815772767,5384.0,False,1.0,0.006315007429420483
2019-11-06 14:55:00,0.0011452101171016693,-0.008859357696566983,-0.008859357696566983,0,1.0,1.07514092388071,5418.0,False,1.0,-0.008859357696566983
2019-11-06 21:35:00,0.0013643997954204679,0.007076350093109918,0.007076350093109918,0,1.0,1.0822172739738196,5370.0,False,1.0,0.007076350093109918
2019-11-07 09:40:00,0.0010043650399893522,0.003328402366863825,0.003328402366863825,0,1.0,1.0855456763406837,5408.0,False,1.0,0.003328402366863825
2019-11-07 10:40:00,0.0012172256829217076,0.0003685956505712351,0.0003685956505712351,0,1.0,1.0859142719912547,5426.0,False,1.0,0.0003685956505712351
2019-11-07 11:25:00,0.0013366630300879478,-0.015106853352984562,-0.015106853352984562,0,1.0,1.0708074186382701,5428.0,False,1.0,-0.015106853352984562
2019-11-07 14:10:00,0.0014431303134188056,0.0018705574261130842,0.0018705574261130842,0,1.0,1.0726779760643832,5346.0,False,1.0,0.0018705574261130842
2019-11-07 14:55:00,0.002114010974764824,-0.011575802837938798,-0.011575802837938798,0,1.0,1.0611021732264445,5356.0,False,1.0,-0.011575802837938798
2019-11-07 21:35:00,0.002215905115008354,0.0011333585190782536,0.0011333585190782536,0,1.0,1.0622355317455228,5294.0,False,1.0,0.0011333585190782536
2019-11-08 09:40:00,0.001958711538463831,0.0033962264150944055,0.0033962264150944055,0,1.0,1.0656317581606172,5300.0,False,1.0,0.0033962264150944055
2019-11-08 10:40:00,0.002215905115008354,0.0,0.0,0,1.0,1.0656317581606172,5318.0,False,1.0,0.0
2019-11-08 11:25:00,0.0022017662413418293,0.002256487401278706,0.002256487401278706,0,1.0,1.0678882455618959,5318.0,False,1.0,0.002256487401278706
2019-11-08 14:10:00,0.001976504921913147,0.01050656660412752,0.01050656660412752,0,1.0,1.0783948121660234,5330.0,False,1.0,0.01050656660412752
2019-11-08 14:55:00,0.002155628986656666,-0.010025993316004511,-0.010025993316004511,0,1.0,1.0683688188500189,5386.0,False,1.0,-0.010025993316004511
2019-11-08 21:35:00,0.001995883882045746,0.010502625656414022,0.010502625656414022,0,1.0,1.078871444506433,5332.0,False,1.0,0.010502625656414022
2019-11-11 09:40:00,0.0018690096912905574,-0.006310319227913919,-0.006310319227913919,0,1.0,1.072561125278519,5388.0,False,1.0,-0.006310319227913919
2019-11-11 10:40:00,0.0019354658434167504,0.0014942099364960715,0.0014942099364960715,0,1.0,1.074055335215015,5354.0,False,1.0,0.0014942099364960715
2019-11-11 11:25:00,0.0019354658434167504,0.0044759418127564565,0.0044759418127564565,0,1.0,1.0785312770277715,5362.0,False,1.0,0.0044759418127564565
2019-11-11 14:10:00,0.0016534666065126657,0.02562198291867812,0.02562198291867812,0,1.0,1.1041532599464496,5386.0,False,1.0,0.02562198291867812
2019-11-11 14:55:00,-0.0009210365824401379,0.0007241129616220032,0.0007241129616220032,0,1.0,1.1048773729080716,5524.0,False,0.0,0.0007241129616220032
2019-11-12 09:40:00,-0.0008854151237756014,0.0,0.0,1,0.0,1.1048773729080716,5528.0,False,0.0,0.0
2019-11-12 10:40:00,-0.000895380973815918,0.0018089725036178894,0.0,1,0.0,1.1048773729080716,5528.0,False,0.0,0.0018089725036178894
2019-11-12 11:25:00,-0.0007238877005875111,-0.006139400505597692,-0.0,0,0.0,1.1048773729080716,5538.0,False,0.0,-0.006139400505597692
2019-11-12 14:10:00,-5.345594399841502e-05,0.0007267441860465684,0.0,0,0.0,1.1048773729080716,5504.0,False,0.0,0.0007267441860465684
2019-11-12 14:55:00,-0.0007575190393254161,0.002904865649963728,0.0,0,0.0,1.1048773729080716,5508.0,False,0.0,0.002904865649963728
2019-11-12 21:35:00,-0.0005998433334752917,-0.00434467776973213,-0.0,0,0.0,1.1048773729080716,5524.0,False,0.0,-0.00434467776973213
2019-11-13 09:40:00,-0.0007186681032180786,0.001454545454545375,0.0,0,0.0,1.1048773729080716,5500.0,False,0.0,0.001454545454545375
2019-11-13 10:40:00,-0.0007542895618826151,0.0,0.0,0,0.0,1.1048773729080716,5508.0,False,0.0,0.0
2019-11-13 11:25:00,0.00038197587127797306,0.0003631082062454105,0.0,0,0.0,1.1048773729080716,5508.0,False,0.0,0.0003631082062454105
2019-11-13 14:10:00,0.0003258977085351944,-0.0029038112522685733,-0.0,1,0.0,1.1048773729080716,5510.0,False,0.0,-0.0029038112522685733
2019-11-13 14:55:00,0.0007867547683417797,-0.005096468875136484,-0.0,1,0.0,1.1048773729080716,5494.0,False,0.0,-0.005096468875136484
2019-11-13 21:35:00,0.000869055453222245,-0.014635931211123276,-0.0,0,0.0,1.1048773729080716,5466.0,False,0.0,-0.014635931211123276
2019-11-14 09:40:00,0.000743665499612689,0.00037133308577796953,0.0,0,0.0,1.1048773729080716,5386.0,False,0.0,0.00037133308577796953
2019-11-14 10:40:00,0.0008988903719000518,0.0037119524870081744,0.0,0,0.0,1.1048773729080716,5388.0,False,0.0,0.0037119524870081744
2019-11-14 11:25:00,0.0008807790582068264,-0.0018491124260354708,-0.0,0,0.0,1.1048773729080716,5408.0,False,0.0,-0.0018491124260354708
2019-11-14 14:10:00,0.0009223928791470826,0.0011115227862170673,0.0,0,0.0,1.1048773729080716,5398.0,False,1.0,0.0011115227862170673
2019-11-14 14:55:00,0.00080837745917961,0.007031828275351648,0.007031828275351648,0,1.0,1.1119092011834233,5404.0,False,1.0,0.007031828275351648
2019-11-14 21:35:00,0.0009357299422845244,-0.00367511944138188,-0.00367511944138188,0,1.0,1.1082340817420415,5442.0,False,1.0,-0.00367511944138188
2019-11-15 09:40:00,0.0007717496482655406,-0.00663961637772037,-0.00663961637772037,0,1.0,1.101594465364321,5422.0,False,1.0,-0.00663961637772037
2019-11-15 10:40:00,0.0009952225955203176,-0.004827330115113271,-0.004827330115113271,0,1.0,1.0967671352492077,5386.0,False,1.0,-0.004827330115113271
2019-11-15 11:25:00,0.0009492251556366682,0.0,0.0,0,1.0,1.0967671352492077,5360.0,False,1.0,0.0
2019-11-15 14:10:00,0.0009620763594284654,0.004104477611940327,0.004104477611940327,0,1.0,1.1008716128611482,5360.0,False,1.0,0.004104477611940327
2019-11-15 14:55:00,0.0009188588592223823,-0.0011148272017836858,-0.0011148272017836858,0,1.0,1.0997567856593644,5382.0,False,1.0,-0.0011148272017836858
2019-11-15 21:35:00,0.00047422104398719966,-0.004464285714285698,-0.004464285714285698,0,1.0,1.0952924999450788,5376.0,False,1.0,-0.004464285714285698
2019-11-18 09:40:00,0.00039063949952833354,0.00261584454409558,0.00261584454409558,0,1.0,1.0979083444891744,5352.0,False,1.0,0.00261584454409558
2019-11-18 10:40:00,0.00040150186396203935,-0.002981736861721984,-0.002981736861721984,0,1.0,1.0949266076274524,5366.0,False,1.0,-0.002981736861721984
2019-11-18 11:25:00,0.00035926399868912995,0.007102803738317842,0.007102803738317842,0,1.0,1.1020294113657703,5350.0,False,1.0,0.007102803738317842
2019-11-18 14:10:00,0.0009477590210735798,-0.00037119524870077303,-0.00037119524870077303,0,1.0,1.1016582161170694,5388.0,False,1.0,-0.00037119524870077303
2019-11-18 14:55:00,0.00027608583332039416,0.0011139992573339086,0.0011139992573339086,0,1.0,1.1027722153744033,5386.0,False,1.0,0.0011139992573339086
2019-11-19 09:40:00,0.00030174144194461405,-0.0014836795252225476,-0.0014836795252225476,0,1.0,1.1012885358491808,5392.0,False,1.0,-0.0014836795252225476
2019-11-19 10:40:00,0.00028849230147898197,0.010772659732540824,0.010772659732540824,0,1.0,1.1120611955817217,5384.0,False,1.0,0.010772659732540824
2019-11-19 11:25:00,0.0002677363809198141,-0.0011025358324145973,-0.0011025358324145973,0,1.0,1.1109586597493069,5442.0,False,1.0,-0.0011025358324145973
2019-11-19 14:10:00,0.0009386557503603399,-0.0055187637969095205,-0.0055187637969095205,0,1.0,1.1054398959523974,5436.0,False,1.0,-0.0055187637969095205
2019-11-19 14:55:00,0.00026295112911611795,0.0036995930447649705,0.0036995930447649705,0,1.0,1.1091394889971624,5406.0,False,1.0,0.0036995930447649705
2019-11-19 21:35:00,0.0003523002378642559,0.032067821599705226,0.032067821599705226,0,1.0,1.1412073105968676,5426.0,False,1.0,0.032067821599705226
2019-11-20 09:40:00,8.913616329664364e-05,0.0028571428571428914,0.0028571428571428914,0,1.0,1.1440644534540105,5600.0,False,1.0,0.0028571428571428914
2019-11-20 10:40:00,4.272462319931947e-05,-0.0032051282051281937,-0.0032051282051281937,0,1.0,1.1408593252488823,5616.0,False,1.0,-0.0032051282051281937
2019-11-20 11:25:00,0.00021869371994398534,-0.0007145409074669207,-0.0007145409074669207,0,1.0,1.1401447843414154,5598.0,False,1.0,-0.0007145409074669207
2019-11-20 14:10:00,0.00024909558123908937,0.002145155523775477,0.002145155523775477,0,1.0,1.142289939865191,5594.0,False,1.0,0.002145155523775477
2019-11-20 14:55:00,-0.00030022524879314005,0.0035676061362825973,0.0035676061362825973,0,1.0,1.1458575460014735,5606.0,False,0.0,0.0035676061362825973
2019-11-20 21:35:00,-6.606265378650278e-05,-0.0003554923569143442,-0.0,1,0.0,1.1458575460014735,5626.0,False,0.0,-0.0003554923569143442
2019-11-21 09:40:00,-0.00042649125680327415,-0.0014224751066855834,-0.0,1,0.0,1.1458575460014735,5624.0,False,-1.0,-0.0014224751066855834
2019-11-21 10:40:00,-0.0002764267264865339,-0.00035612535612539187,0.00035612535612539187,0,-1.0,1.1462136713575988,5616.0,False,-1.0,-0.00035612535612539187
2019-11-21 11:25:00,-0.00033218367025256157,0.0,-0.0,0,-1.0,1.1462136713575988,5614.0,False,-1.0,0.0
2019-11-21 14:10:00,-0.000332504918333143,-0.002137513359458443,0.002137513359458443,0,-1.0,1.1483511847170573,5614.0,False,-1.0,-0.002137513359458443
2019-11-21 14:55:00,-0.00023273579427041113,-0.009996429846483412,0.009996429846483412,0,-1.0,1.1583476145635407,5602.0,False,-1.0,-0.009996429846483412
2019-11-21 21:35:00,4.340342275099829e-05,0.004688063469167059,-0.004688063469167059,0,-1.0,1.1536595510943737,5546.0,False,0.0,0.004688063469167059
2019-11-22 09:40:00,-0.00028659828240051866,-0.00538406317300788,-0.0,1,0.0,1.1536595510943737,5572.0,False,0.0,-0.00538406317300788
2019-11-22 10:40:00,-0.00021883883164264262,0.002887044388307558,0.0,1,0.0,1.1536595510943737,5542.0,False,0.0,0.002887044388307558
2019-11-22 11:25:00,-0.0002590148651506752,-0.0007196833393307012,-0.0,0,0.0,1.1536595510943737,5558.0,False,0.0,-0.0007196833393307012
2019-11-22 14:10:00,-0.00021235429449006915,0.00396110911055092,0.0,0,0.0,1.1536595510943737,5554.0,False,0.0,0.00396110911055092
2019-11-22 14:55:00,-0.00018843704310711473,-0.0017934002869440802,-0.0,0,0.0,1.1536595510943737,5576.0,False,0.0,-0.0017934002869440802
2019-11-22 21:35:00,-0.0006759547395631671,0.021918792669780807,0.0,0,0.0,1.1536595510943737,5566.0,False,-1.0,0.021918792669780807
2019-11-25 09:40:00,-0.0009125011274591088,-0.004922644163150469,0.004922644163150469,0,-1.0,1.1585821952575242,5688.0,False,-1.0,-0.004922644163150469
2019-11-25 10:40:00,-0.0009909869404509664,0.001413427561837377,-0.001413427561837377,0,-1.0,1.1571687676956868,5660.0,False,-1.0,0.001413427561837377
2019-11-25 11:25:00,-0.0010545867262408137,0.005292872265349358,-0.005292872265349358,0,-1.0,1.1518758954303374,5668.0,False,-1.0,0.005292872265349358
2019-11-25 14:10:00,-0.00026158822583965957,-0.003510003510003523,0.003510003510003523,0,-1.0,1.155385898940341,5698.0,False,-1.0,-0.003510003510003523
2019-11-25 14:55:00,-0.0010715561220422387,-0.013737231419513884,0.013737231419513884,0,-1.0,1.1691231303598548,5678.0,False,-1.0,-0.013737231419513884
2019-11-26 09:40:00,-0.000977525021880865,0.0007142857142856673,-0.0007142857142856673,0,-1.0,1.1684088446455692,5600.0,False,-1.0,0.0007142857142856673
2019-11-26 10:40:00,-0.0009756105719134212,-0.0049964311206280865,0.0049964311206280865,0,-1.0,1.1734052757661972,5604.0,False,-1.0,-0.0049964311206280865
2019-11-26 11:25:00,-0.0009386652382090688,-0.008967001434720179,0.008967001434720179,0,-1.0,1.1823722772009173,5576.0,False,-1.0,-0.008967001434720179
2019-11-26 14:10:00,0.00019690355111379176,-0.012305465074194721,0.012305465074194721,0,-1.0,1.194677742275112,5526.0,False,0.0,-0.012305465074194721
2019-11-26 14:55:00,0.001594517845660448,0.0,0.0,1,0.0,1.194677742275112,5458.0,False,1.0,0.0
2019-11-26 21:35:00,0.0016727510374039412,0.03810919750824482,0.03810919750824482,1,1.0,1.2327869397833568,5458.0,False,1.0,0.03810919750824482
2019-11-27 09:40:00,0.0014040459645912051,0.0,0.0,0,1.0,1.2327869397833568,5666.0,True,1.0,0.0010589481115426125
2019-11-27 10:40:00,0.0016352152451872826,0.0024682651622003338,0.0024682651622003338,0,1.0,1.2352552049455574,5672.0,False,1.0,0.0024682651622003338
2019-11-27 11:25:00,0.001019759220071137,0.005979599015124792,0.005979599015124792,0,1.0,1.241234803960682,5686.0,False,1.0,0.005979599015124792
2019-11-27 14:10:00,0.0010971976444125175,-0.00874125874125875,-0.00874125874125875,0,1.0,1.2324935452194232,5720.0,False,1.0,-0.00874125874125875
2019-11-27 14:55:00,0.0010055219754576683,0.0,0.0,0,1.0,1.2324935452194232,5670.0,False,1.0,0.0
2019-11-27 21:35:00,0.001123974216170609,0.0,0.0,0,1.0,1.2324935452194232,5670.0,False,1.0,0.0
2019-11-28 09:40:00,0.0007703896844759583,0.0031746031746031633,0.0031746031746031633,0,1.0,1.2356681483940264,5670.0,False,1.0,0.0031746031746031633
2019-11-28 10:40:00,0.0010055219754576683,-0.0010548523206751481,-0.0010548523206751481,0,1.0,1.2346132960733514,5688.0,False,1.0,-0.0010548523206751481
2019-11-28 11:25:00,0.0007881008787080646,0.006687785990848294,0.006687785990848294,0,1.0,1.2413010820641996,5682.0,False,1.0,0.006687785990848294
2019-11-28 14:10:00,0.0007881008787080646,-0.021678321678321733,-0.021678321678321733,0,1.0,1.219622760385878,5720.0,False,1.0,-0.021678321678321733
2019-11-28 14:55:00,0.0012624836526811123,0.005003573981415377,0.005003573981415377,0,1.0,1.2246263343672932,5596.0,False,1.0,0.005003573981415377
2019-11-28 21:35:00,0.001380935893394053,0.009601706970127966,0.009601706970127966,0,1.0,1.2342280413374214,5624.0,False,1.0,0.009601706970127966
2019-11-29 09:40:00,0.0011582254664972425,0.004226840436773571,0.004226840436773571,0,1.0,1.238454881774195,5678.0,False,1.0,0.004226840436773571
2019-11-29 10:40:00,0.0011500773252919316,-0.00420904945633116,-0.00420904945633116,0,1.0,1.2342458323178636,5702.0,False,1.0,-0.00420904945633116
2019-11-29 11:25:00,0.001164457993581891,0.0010567101091933928,0.0010567101091933928,0,1.0,1.235302542427057,5678.0,False,1.0,0.0010567101091933928
2019-11-29 14:10:00,0.000985975144430995,0.01688951442646025,0.01688951442646025,0,1.0,1.2521920568535174,5684.0,False,1.0,0.01688951442646025
2019-11-29 14:55:00,0.0010880052577704191,0.001038062283736929,0.001038062283736929,0,1.0,1.2532301191372541,5780.0,False,1.0,0.001038062283736929
2019-11-29 21:35:00,0.0005993630038574338,-0.005530591081921887,-0.005530591081921887,0,1.0,1.2476995280553322,5786.0,False,1.0,-0.005530591081921887
2019-12-02 09:40:00,0.00039736588951200247,-0.007994438651372948,-0.007994438651372948,0,1.0,1.2397050894039594,5754.0,False,1.0,-0.007994438651372948
2019-12-02 10:40:00,0.0004241368733346462,-0.0021023125437982237,-0.0021023125437982237,0,1.0,1.2376027768601612,5708.0,False,1.0,-0.0021023125437982237
2019-12-02 11:25:00,0.0004241368733346462,-0.004213483146067398,-0.004213483146067398,0,1.0,1.2333892937140938,5696.0,False,1.0,-0.004213483146067398
2019-12-02 14:10:00,0.0013727754121646285,-0.0035260930888575404,-0.0035260930888575404,0,1.0,1.2298632006252364,5672.0,False,1.0,-0.0035260930888575404
2019-12-02 14:55:00,0.0004980195080861449,0.006723283793347523,0.006723283793347523,0,1.0,1.2365864844185839,5652.0,False,1.0,0.006723283793347523
2019-12-03 09:40:00,0.0004980195080861449,-0.008787346221441172,-0.008787346221441172,0,1.0,1.2277991381971427,5690.0,False,1.0,-0.008787346221441172
2019-12-03 10:40:00,0.0004980195080861449,0.0007092198581559739,0.0007092198581559739,0,1.0,1.2285083580552985,5640.0,False,1.0,0.0007092198581559739
2019-12-03 11:25:00,0.0004620251420419663,-0.0003543586109142627,-0.0003543586109142627,0,1.0,1.2281539994443844,5644.0,False,1.0,-0.0003543586109142627
2019-12-03 14:10:00,0.0014824836980551481,0.00496277915632759,0.00496277915632759,0,1.0,1.2331167786007118,5642.0,False,1.0,0.00496277915632759
2019-12-03 14:55:00,0.0011480891844257712,0.00917107583774257,0.00917107583774257,0,1.0,1.2422878544384544,5670.0,False,1.0,0.00917107583774257
2019-12-03 21:35:00,0.0012879129499197006,-0.003495281370150316,-0.003495281370150316,0,1.0,1.238792573068304,5722.0,False,1.0,-0.003495281370150316
2019-12-04 09:40:00,0.0009687137790024281,0.007716590669940349,0.007716590669940349,0,1.0,1.2465091637382444,5702.0,False,1.0,0.007716590669940349
2019-12-04 10:40:00,0.0011480891844257712,-0.0013922728854856015,-0.0013922728854856015,0,1.0,1.245116890852759,5746.0,False,1.0,-0.0013922728854856015
2019-12-04 11:25:00,0.001506317756138742,-0.003485535029627007,-0.003485535029627007,0,1.0,1.2416313558231318,5738.0,False,1.0,-0.003485535029627007
2019-12-04 14:10:00,0.001506317756138742,0.0,0.0,0,1.0,1.2416313558231318,5718.0,False,1.0,0.0
2019-12-04 14:55:00,0.0014830894069746137,0.0013990905911158702,0.0013990905911158702,0,1.0,1.2430304464142479,5718.0,False,1.0,0.0013990905911158702
2019-12-04 21:35:00,0.001543507445603609,0.0017464198393293273,0.0017464198393293273,0,1.0,1.2447768662535772,5726.0,False,1.0,0.0017464198393293273
2019-12-05 09:40:00,0.0013046065578237176,0.0003486750348675738,0.0003486750348675738,0,1.0,1.2451255412884445,5736.0,False,1.0,0.0003486750348675738
2019-12-05 10:40:00,0.0014110738411545753,0.0027884280237016057,0.0027884280237016057,0,1.0,1.2479139693121462,5738.0,False,1.0,0.0027884280237016057
2019-12-05 11:25:00,0.0014092362252995372,-0.0031282586027111536,-0.0031282586027111536,0,1.0,1.2447857107094351,5754.0,False,1.0,-0.0031282586027111536
2019-12-05 14:10:00,0.0013933377340435982,0.0069735006973501434,0.0069735006973501434,0,1.0,1.2517592114067853,5736.0,False,1.0,0.0069735006973501434
2019-12-05 14:55:00,0.0013741891598328948,0.0003462603878117143,0.0003462603878117143,0,1.0,1.252105471794597,5776.0,False,1.0,0.0003462603878117143
2019-12-05 21:35:00,0.001343380194157362,-0.0024229837313949343,-0.0024229837313949343,0,1.0,1.249682488063202,5778.0,False,1.0,-0.0024229837313949343
2019-12-06 09:40:00,0.0011390568688511848,0.00034698126301169196,0.00034698126301169196,0,1.0,1.2500294693262137,5764.0,False,1.0,0.00034698126301169196
2019-12-06 10:40:00,0.0013741891598328948,0.003815469996531373,0.003815469996531373,0,1.0,1.253844939322745,5766.0,False,1.0,0.003815469996531373
2019-12-06 11:25:00,0.001373801613226533,0.002418797512093951,0.002418797512093951,0,1.0,1.256263736834839,5788.0,False,1.0,0.002418797512093951
2019-12-06 14:10:00,0.0012326556025072932,0.0031023784901758056,0.0031023784901758056,0,1.0,1.2593661153250149,5802.0,False,1.0,0.0031023784901758056
2019-12-06 14:55:00,0.0013459066394716501,0.0020618556701030855,0.0020618556701030855,0,1.0,1.261427970995118,5820.0,False,1.0,0.0020618556701030855
2019-12-06 21:35:00,0.0008626775816082954,0.004458161865569243,0.004458161865569243,0,1.0,1.2658861328606872,5832.0,False,1.0,0.004458161865569243
2019-12-09 09:40:00,0.0005678930319845676,0.005804028678729978,0.005804028678729978,0,1.0,1.2716901615394172,5858.0,False,1.0,0.005804028678729978
2019-12-09 10:40:00,0.0006290418095886707,0.0010183299389001643,0.0010183299389001643,0,1.0,1.2727084914783173,5892.0,False,1.0,0.0010183299389001643
2019-12-09 11:25:00,0.0005930474726483226,0.006103763987792554,0.006103763987792554,0,1.0,1.2788122554661099,5898.0,False,1.0,0.006103763987792554
2019-12-09 14:10:00,0.0013416474685072899,-0.0003370407819346388,-0.0003370407819346388,0,1.0,1.2784752146841751,5934.0,False,1.0,-0.0003370407819346388
2019-12-09 14:55:00,-0.0008154092356562614,0.006743088334457248,0.006743088334457248,0,1.0,1.2852183030186324,5932.0,False,0.0,0.006743088334457248
2019-12-10 09:40:00,-0.0007897536270320415,-0.005023442732752792,-0.0,1,0.0,1.2852183030186324,5972.0,False,0.0,-0.005023442732752792
2019-12-10 10:40:00,-0.0008154092356562614,-0.006395153147088495,-0.0,1,0.0,1.2852183030186324,5942.0,False,-1.0,-0.006395153147088495
2019-12-10 11:25:00,-0.0007897536270320415,0.0006775067750677266,-0.0006775067750677266,0,-1.0,1.2845407962435647,5904.0,False,-1.0,0.0006775067750677266
2019-12-10 14:10:00,0.0005211972165852785,-0.009140148950575466,0.009140148950575466,0,-1.0,1.2936809451941402,5908.0,False,0.0,-0.009140148950575466
2019-12-10 14:55:00,-0.0007118933135643601,0.0075162282200205155,0.0,1,0.0,1.2936809451941402,5854.0,False,0.0,0.0075162282200205155
2019-12-10 21:35:00,-0.0007166395662352443,0.0006781959986437158,0.0,1,0.0,1.2936809451941402,5898.0,False,0.0,0.0006781959986437158
2019-12-11 09:40:00,-0.0007066737161949277,0.0,0.0,0,0.0,1.2936809451941402,5902.0,False,0.0,0.0
2019-12-11 10:40:00,-0.0007422951748594642,-0.003388681802778737,-0.0,0,0.0,1.2936809451941402,5902.0,False,-1.0,-0.003388681802778737
2019-12-11 11:25:00,7.314589311135933e-06,-0.008160489629377765,0.008160489629377765,0,-1.0,1.301841434823518,5882.0,False,0.0,-0.008160489629377765
2019-12-11 14:10:00,0.00017649121582508087,0.0027425437092902794,0.0,1,0.0,1.301841434823518,5834.0,False,0.0,0.0027425437092902794
2019-12-11 14:55:00,0.00017649121582508087,0.0,0.0,1,0.0,1.301841434823518,5850.0,False,0.0,0.0
2019-12-11 21:35:00,0.00025188177824020386,-0.006495726495726495,-0.0,0,0.0,1.301841434823518,5850.0,False,0.0,-0.006495726495726495
2019-12-12 09:40:00,1.2444616004358977e-06,0.005161734342739255,0.0,0,0.0,1.301841434823518,5812.0,False,0.0,0.005161734342739255
2019-12-12 10:40:00,7.40736722946167e-05,-0.000342348510783963,-0.0,0,0.0,1.301841434823518,5842.0,False,0.0,-0.000342348510783963
2019-12-12 11:25:00,0.0006848173215985298,-0.002739726027397249,-0.0,0,0.0,1.301841434823518,5840.0,False,1.0,-0.002739726027397249
2019-12-12 14:10:00,0.0006591617129743099,0.0013736263736263687,0.0013736263736263687,0,1.0,1.3032150611971445,5824.0,False,1.0,0.0013736263736263687
2019-12-12 14:55:00,0.000579885789193213,0.010288065843621297,0.010288065843621297,0,1.0,1.3135031270407658,5832.0,False,1.0,0.010288065843621297
2019-12-12 21:35:00,0.0008053156780079007,0.004073319755600879,0.004073319755600879,0,1.0,1.3175764467963664,5892.0,False,1.0,0.004073319755600879
2019-12-13 09:40:00,0.0005681641632691026,0.0010141987829614951,0.0010141987829614951,0,1.0,1.3185906455793281,5916.0,False,1.0,0.0010141987829614951
2019-12-13 10:40:00,0.0006359235849231482,0.0,0.0,0,1.0,1.3185906455793281,5922.0,False,1.0,0.0
2019-12-13 11:25:00,0.00011333530710544437,0.003039513677811634,0.003039513677811634,0,1.0,1.3216301592571398,5922.0,False,1.0,0.003039513677811634
2019-12-13 14:10:00,3.1601462978869677e-05,0.002356902356902335,0.002356902356902335,0,1.0,1.3239870616140421,5940.0,False,1.0,0.002356902356902335
2019-12-13 14:55:00,-2.102988219121471e-06,-0.005038629492778002,-0.005038629492778002,0,1.0,1.318948432121264,5954.0,False,0.0,-0.005038629492778002
2019-12-13 21:35:00,0.0018232399597764015,-0.0033760972316002613,-0.0,1,0.0,1.318948432121264,5924.0,False,1.0,-0.0033760972316002613
2019-12-16 09:40:00,0.0015793823404237628,-0.004742547425474308,-0.004742547425474308,1,1.0,1.3142058846957898,5904.0,False,1.0,-0.004742547425474308
2019-12-16 10:40:00,0.001702246954664588,0.0,0.0,0,1.0,1.3142058846957898,5876.0,False,1.0,0.0
2019-12-16 11:25:00,0.001702246954664588,0.00034036759700484254,0.00034036759700484254,0,1.0,1.3145462522927946,5876.0,False,1.0,0.00034036759700484254
2019-12-16 14:10:00,0.002050423761829734,0.003062266076896858,0.003062266076896858,0,1.0,1.3176085183696915,5878.0,False,1.0,0.003062266076896858
2019-12-16 14:55:00,0.001389024779200554,0.006445047489823663,0.006445047489823663,0,1.0,1.324053565859515,5896.0,False,1.0,0.006445047489823663
2019-12-17 09:40:00,0.0013664370635524392,0.009437141894169221,0.009437141894169221,0,1.0,1.3334907077536844,5934.0,False,1.0,0.009437141894169221
2019-12-17 10:40:00,0.001389024779200554,-0.0016694490818029983,-0.0016694490818029983,0,1.0,1.3318212586718814,5990.0,False,1.0,-0.0016694490818029983
2019-12-17 11:25:00,0.001389024779200554,-0.0006688963210702559,-0.0006688963210702559,0,1.0,1.331152362350811,5980.0,False,1.0,-0.0006688963210702559
2019-12-17 14:10:00,0.0018661119975149632,0.0,0.0,0,1.0,1.331152362350811,5976.0,False,1.0,0.0
2019-12-17 14:55:00,0.0013357026036828756,-0.0016733601070950677,-0.0016733601070950677,0,1.0,1.329479002243716,5976.0,False,1.0,-0.0016733601070950677
2019-12-17 21:35:00,0.001569722080603242,-0.000670465973851786,-0.000670465973851786,0,1.0,1.328808536269864,5966.0,False,1.0,-0.000670465973851786
2019-12-18 09:40:00,0.0012589753605425358,-0.0013418316001342356,-0.0013418316001342356,0,1.0,1.32746670466973,5962.0,False,1.0,-0.0013418316001342356
2019-12-18 10:40:00,0.0013357026036828756,-0.0013436345314075115,-0.0013436345314075115,0,1.0,1.3261230701383224,5954.0,False,1.0,-0.0013436345314075115
2019-12-18 11:25:00,0.0021833819337189198,-0.0023545240497813147,-0.0023545240497813147,0,1.0,1.323768546088541,5946.0,False,1.0,-0.0023545240497813147
2019-12-18 14:10:00,0.0020609074272215366,-0.0030343897505057393,-0.0030343897505057393,0,1.0,1.3207341563380353,5932.0,False,1.0,-0.0030343897505057393
2019-12-18 14:55:00,0.0021833819337189198,-0.00304362529590807,-0.00304362529590807,0,1.0,1.3176905310421274,5914.0,False,1.0,-0.00304362529590807
2019-12-18 21:35:00,0.0022763232700526714,0.0030529172320217235,0.0030529172320217235,0,1.0,1.3207434482741491,5896.0,False,1.0,0.0030529172320217235
2019-12-19 09:40:00,0.001982311252504587,0.00405816706121076,0.00405816706121076,0,1.0,1.32480161533536,5914.0,False,1.0,0.00405816706121076
2019-12-19 10:40:00,0.0021833819337189198,-0.002694509936005396,-0.002694509936005396,0,1.0,1.3221071053993545,5938.0,False,1.0,-0.002694509936005396
2019-12-19 11:25:00,0.00204084231518209,0.0006754474839580915,0.0006754474839580915,0,1.0,1.3227825528833126,5922.0,False,1.0,0.0006754474839580915
2019-12-19 14:10:00,0.002163316821679473,-0.003712453594330034,-0.003712453594330034,0,1.0,1.3190700992889823,5926.0,False,1.0,-0.003712453594330034
2019-12-19 14:55:00,0.002107559936121106,0.003387533875338855,0.003387533875338855,0,1.0,1.3224576331643214,5904.0,False,1.0,0.003387533875338855
2019-12-19 21:35:00,0.0022562581580132246,0.013841998649561038,0.013841998649561038,0,1.0,1.3362996318138824,5924.0,False,1.0,0.013841998649561038
2019-12-20 09:40:00,0.0019269066397100687,0.004662004662004726,0.004662004662004726,0,1.0,1.3409616364758872,6006.0,False,1.0,0.004662004662004726
2019-12-20 10:40:00,0.0021171795669943094,0.0033145508783560818,0.0033145508783560818,0,1.0,1.344276187354243,6034.0,False,1.0,0.0033145508783560818
2019-12-20 11:25:00,0.0013546562986448407,0.00033036009250086984,0.00033036009250086984,0,1.0,1.3446065474467441,6054.0,False,1.0,0.00033036009250086984
2019-12-20 14:10:00,0.001426671864464879,-0.002311756935270859,-0.002311756935270859,0,1.0,1.342294790511473,6056.0,False,1.0,-0.002311756935270859
2019-12-20 14:55:00,0.0013069321867078543,-0.0003310162197948108,-0.0003310162197948108,0,1.0,1.3419637742916783,6042.0,False,1.0,-0.0003310162197948108
2019-12-20 21:35:00,0.0009889515349641442,0.004635761589403931,0.004635761589403931,0,1.0,1.3465995358810823,6040.0,False,1.0,0.004635761589403931
2019-12-23 09:40:00,0.000983213190920651,-0.007580751483190484,-0.007580751483190484,0,1.0,1.3390187843978918,6068.0,False,1.0,-0.007580751483190484
2019-12-23 10:40:00,0.0010099842911586165,-0.0016605778811026317,-0.0016605778811026317,0,1.0,1.337358206516789,6022.0,False,1.0,-0.0016605778811026317
2019-12-23 11:25:00,0.0010099842911586165,0.0,0.0,0,1.0,1.337358206516789,6012.0,False,1.0,0.0
2019-12-23 14:10:00,0.0015480057336390018,0.0026613439787093185,0.0026613439787093185,0,1.0,1.3400195504954984,6012.0,False,1.0,0.0026613439787093185
2019-12-23 14:55:00,0.0013886719243600965,0.0006635700066357497,0.0006635700066357497,0,1.0,1.3406831205021343,6028.0,False,1.0,0.0006635700066357497
2019-12-24 09:40:00,0.001366610755212605,0.0,0.0,0,1.0,1.3406831205021343,6032.0,False,1.0,0.0
2019-12-24 10:40:00,0.0013340057339519262,-0.0026525198938992522,-0.0026525198938992522,0,1.0,1.338030600608235,6032.0,False,1.0,-0.0026525198938992522
2019-12-24 11:25:00,0.0013886719243600965,0.007646276595744572,0.007646276595744572,0,1.0,1.3456768772039795,6016.0,False,1.0,0.007646276595744572
2019-12-24 14:10:00,0.001539164106361568,-0.00032992411745302874,-0.00032992411745302874,0,1.0,1.3453469530865265,6062.0,False,1.0,-0.00032992411745302874
2019-12-24 14:55:00,0.0012815877562388778,-0.0016501650165016146,-0.0016501650165016146,0,1.0,1.3436967880700248,6060.0,False,1.0,-0.0016501650165016146
2019-12-24 21:35:00,0.001491958275437355,0.0019834710743802386,0.0019834710743802386,0,1.0,1.3456802591444053,6050.0,False,1.0,0.0019834710743802386
2019-12-25 09:40:00,0.0012269216822460294,-0.0016496205872649217,-0.0016496205872649217,0,1.0,1.3440306385571401,6062.0,False,1.0,-0.0016496205872649217
2019-12-25 10:40:00,0.0012815877562388778,-0.0026437541308658163,-0.0026437541308658163,0,1.0,1.3413868844262744,6052.0,False,1.0,-0.0026437541308658163
2019-12-25 11:25:00,0.0017468500882387161,0.0023194168323392717,0.0023194168323392717,0,1.0,1.3437063012586137,6036.0,False,1.0,0.0023194168323392717
2019-12-25 14:10:00,0.0017468500882387161,-0.002975206611570247,-0.002975206611570247,0,1.0,1.3407310946470434,6050.0,False,1.0,-0.002975206611570247
2019-12-25 14:55:00,0.002145888051018119,0.0026525198938991412,0.0026525198938991412,0,1.0,1.3433836145409426,6032.0,False,1.0,0.0026525198938991412
2019-12-25 21:35:00,0.0021342902909964323,-0.001984126984126977,-0.001984126984126977,0,1.0,1.3413994875568156,6048.0,False,1.0,-0.001984126984126977
2019-12-26 09:40:00,0.0018886945908889174,0.003313452617627499,0.003313452617627499,0,1.0,1.344712940174443,6036.0,False,1.0,0.003313452617627499
2019-12-26 10:40:00,0.00201089377515018,0.004953764861294507,0.004953764861294507,0,1.0,1.3496667050357376,6056.0,False,1.0,0.004953764861294507
2019-12-26 11:25:00,0.002129655797034502,-0.0026289845547157187,-0.0026289845547157187,0,1.0,1.3470377204810218,6086.0,False,1.0,-0.0026289845547157187
2019-12-26 14:10:00,0.002129655797034502,0.0003294892915979286,0.0003294892915979286,0,1.0,1.34736720977262,6070.0,False,1.0,0.0003294892915979286
2019-12-26 14:55:00,0.0016879329923540354,0.0036231884057971175,0.0036231884057971175,0,1.0,1.3509903981784168,6072.0,False,1.0,0.0036231884057971175
2019-12-26 21:35:00,0.001885560224764049,0.015753199868723256,0.015753199868723256,0,1.0,1.3667435980471403,6094.0,False,1.0,0.015753199868723256
2019-12-27 09:40:00,0.001620134455151856,0.009693053311793154,0.009693053311793154,0,1.0,1.3764366513589334,6190.0,False,1.0,0.009693053311793154
2019-12-27 10:40:00,0.0018565445207059383,0.000320000000000098,0.000320000000000098,0,1.0,1.3767566513589333,6250.0,False,1.0,0.000320000000000098
2019-12-27 11:25:00,0.0014780688798055053,0.00031989763275741545,0.00031989763275741545,0,1.0,1.377076548991691,6252.0,False,1.0,0.00031989763275741545
2019-12-27 14:10:00,0.0015246925177052617,0.002558362647905321,0.002558362647905321,0,1.0,1.379634911639596,6254.0,False,1.0,0.002558362647905321
2019-12-27 14:55:00,0.0012544321361929178,0.0035087719298245723,0.0035087719298245723,0,1.0,1.3831436835694206,6270.0,False,1.0,0.0035087719298245723
2019-12-27 21:35:00,0.0010215892689302564,0.0028607755880483143,0.0028607755880483143,0,1.0,1.3860044591574692,6292.0,False,1.0,0.0028607755880483143
2019-12-30 09:40:00,0.0009948182851076126,-0.0034865293185419866,-0.0034865293185419866,0,1.0,1.3825179298389272,6310.0,False,1.0,-0.0034865293185419866
2019-12-30 10:40:00,0.00104698131326586,0.000954198473282375,0.000954198473282375,0,1.0,1.3834721283122096,6288.0,False,1.0,0.000954198473282375
2019-12-30 11:25:00,0.0010215892689302564,0.0022243406418811507,0.0022243406418811507,0,1.0,1.3856964689540905,6294.0,False,1.0,0.0022243406418811507
2019-12-30 14:10:00,0.0014943275600671768,-0.0028535193405200276,-0.0028535193405200276,0,1.0,1.3828429496135706,6308.0,False,1.0,-0.0028535193405200276
2019-12-30 14:55:00,0.0010215892689302564,0.014308426073131875,0.014308426073131875,0,1.0,1.3971513756867024,6290.0,False,1.0,0.014308426073131875
2019-12-31 09:40:00,0.0009551334078423679,-0.009404388714733591,-0.009404388714733591,0,1.0,1.387746986971969,6380.0,False,1.0,-0.009404388714733591
2019-12-31 10:40:00,0.00104698131326586,0.0031645569620253333,0.0031645569620253333,0,1.0,1.3909115439339943,6320.0,False,1.0,0.0031645569620253333
2019-12-31 11:25:00,0.00104698131326586,0.0006309148264984632,0.0006309148264984632,0,1.0,1.3915424587604925,6340.0,False,1.0,0.0006309148264984632
2019-12-31 14:10:00,0.001513155410066247,0.001891551071878883,0.001891551071878883,0,1.0,1.3934340098323714,6344.0,False,1.0,0.001891551071878883
2019-12-31 14:55:00,0.0009985340293496847,-0.001573316551290116,-0.001573316551290116,0,1.0,1.3918606932810813,6356.0,False,1.0,-0.001573316551290116
2019-12-31 21:35:00,0.0014038452645763755,-0.011030570438071208,-0.011030570438071208,0,1.0,1.3808301228430102,6346.0,False,1.0,-0.011030570438071208
2020-01-02 09:40:00,0.0012849512277171016,0.006692160611854625,0.006692160611854625,0,1.0,1.3875222834548648,6276.0,False,1.0,0.006692160611854625
2020-01-02 10:40:00,0.0013396174181252718,-0.0015827793605571738,-0.0015827793605571738,0,1.0,1.3859395040943077,6318.0,False,1.0,-0.0015827793605571738
2020-01-02 11:25:00,0.0013396174181252718,0.0015852885225111635,0.0015852885225111635,0,1.0,1.3875247926168188,6308.0,False,1.0,0.0015852885225111635
2020-01-02 14:10:00,0.0018475030083209276,0.0018993352326686086,0.0018993352326686086,0,1.0,1.3894241278494874,6318.0,False,1.0,0.0018993352326686086
2020-01-02 14:55:00,0.001386889605782926,0.009794628751974788,0.009794628751974788,0,1.0,1.3992187566014622,6330.0,False,1.0,0.009794628751974788
2020-01-03 09:40:00,0.0013750996440649033,-0.0012515644555695093,-0.0012515644555695093,0,1.0,1.3979671921458927,6392.0,False,1.0,-0.0012515644555695093
2020-01-03 10:40:00,0.001386889605782926,-0.0012531328320801727,-0.0012531328320801727,0,1.0,1.3967140593138125,6384.0,False,1.0,-0.0012531328320801727
2020-01-03 11:25:00,0.001386889605782926,-0.0012547051442910462,-0.0012547051442910462,0,1.0,1.3954593541695215,6376.0,False,1.0,-0.0012547051442910462
2020-01-03 14:10:00,0.0018651310820132494,-0.007537688442211032,-0.007537688442211032,0,1.0,1.3879216657273106,6368.0,False,1.0,-0.007537688442211032
2020-01-03 14:55:00,0.0014430113369598985,0.0018987341772152,0.0018987341772152,0,1.0,1.3898203999045258,6320.0,False,1.0,0.0018987341772152
2020-01-03 21:35:00,0.0015254636527970433,-0.0018951358180669953,-0.0018951358180669953,0,1.0,1.3879252640864586,6332.0,False,1.0,-0.0018951358180669953
2020-01-06 09:40:00,0.001309920335188508,0.007911392405063333,0.007911392405063333,0,1.0,1.395836656491522,6320.0,False,1.0,0.007911392405063333
2020-01-06 10:40:00,0.00141072366386652,0.0025117739403452966,0.0025117739403452966,0,1.0,1.3983484304318674,6370.0,False,1.0,0.0025117739403452966
2020-01-06 11:25:00,0.00141072366386652,-0.0006263701847791792,-0.0006263701847791792,0,1.0,1.3977220602470881,6386.0,False,1.0,-0.0006263701847791792
2020-01-06 14:10:00,0.0018237291369587183,-0.001566906925728584,-0.001566906925728584,0,1.0,1.3961551533213594,6382.0,False,1.0,-0.001566906925728584
2020-01-06 14:55:00,0.0016822215402498841,-0.014752040175769032,-0.014752040175769032,0,1.0,1.3814031131455904,6372.0,False,1.0,-0.014752040175769032
2020-01-07 09:40:00,0.0016961548244580626,0.004460019114367553,0.004460019114367553,0,1.0,1.3858631322599582,6278.0,False,1.0,0.004460019114367553
2020-01-07 10:40:00,0.001718215993605554,-0.002220107833809104,-0.002220107833809104,0,1.0,1.3836430244261488,6306.0,False,1.0,-0.002220107833809104
2020-01-07 11:25:00,0.001718215993605554,0.005085823267641398,0.005085823267641398,0,1.0,1.3887288476937902,6292.0,False,1.0,0.005085823267641398
2020-01-07 14:10:00,0.0020945912692695856,0.0034788108791903305,0.0034788108791903305,0,1.0,1.3922076585729806,6324.0,False,1.0,0.0034788108791903305
2020-01-07 14:55:00,0.0017524199793115258,0.0003151591553733901,0.0003151591553733901,0,1.0,1.392522817728354,6346.0,False,1.0,0.0003151591553733901
2020-01-07 21:35:00,0.001867160084657371,0.000315059861373701,0.000315059861373701,0,1.0,1.3928378775897277,6348.0,False,1.0,0.000315059861373701
2020-01-08 09:40:00,0.0016756926197558641,-0.0006299212598425141,-0.0006299212598425141,0,1.0,1.3922079563298853,6350.0,False,1.0,-0.0006299212598425141
2020-01-08 10:40:00,0.0017524199793115258,-0.0015757957768672837,-0.0015757957768672837,0,1.0,1.390632160553018,6346.0,False,1.0,-0.0015757957768672837
2020-01-08 11:25:00,0.000813281920272857,-0.0031565656565656353,-0.0031565656565656353,0,1.0,1.3874755948964523,6336.0,False,1.0,-0.0031565656565656353
2020-01-08 14:10:00,0.0008386369445361197,-0.0009499683343888732,-0.0009499683343888732,0,1.0,1.3865256265620634,6316.0,False,1.0,-0.0009499683343888732
2020-01-08 14:55:00,0.0007666212623007596,-0.0006339144215531389,-0.0006339144215531389,0,1.0,1.3858917121405103,6310.0,False,1.0,-0.0006339144215531389
2020-01-08 21:35:00,0.0009700849768705666,0.004123057405645447,0.004123057405645447,0,1.0,1.3900147695461558,6306.0,False,1.0,0.004123057405645447
2020-01-09 09:40:00,0.000740475719794631,-0.0012634238787112562,-0.0012634238787112562,0,1.0,1.3887513456674445,6332.0,False,1.0,-0.0012634238787112562
2020-01-09 10:40:00,0.0008386369445361197,0.0015812776723591604,0.0015812776723591604,0,1.0,1.3903326233398037,6324.0,False,1.0,0.0015812776723591604
2020-01-09 11:25:00,0.000813281920272857,0.005683612251341952,0.005683612251341952,0,1.0,1.3960162355911456,6334.0,False,1.0,0.005683612251341952
2020-01-09 14:10:00,0.0008386369445361197,0.0006279434850864352,0.0006279434850864352,0,1.0,1.396644179076232,6370.0,False,1.0,0.0006279434850864352
2020-01-09 14:55:00,0.0008642925531603396,-0.0006275494195168152,-0.0006275494195168152,0,1.0,1.3960166296567151,6374.0,False,1.0,-0.0006275494195168152
2020-01-09 21:35:00,0.0008877798682078719,0.0025117739403452966,0.0025117739403452966,0,1.0,1.3985284035970604,6370.0,False,1.0,0.0025117739403452966
2020-01-10 09:40:00,0.0006885724724270403,-0.0021922956467271826,-0.0021922956467271826,0,1.0,1.3963361079503334,6386.0,False,1.0,-0.0021922956467271826
2020-01-10 10:40:00,0.0008818900096230209,-0.0009416195856873921,-0.0009416195856873921,0,1.0,1.395394488364646,6372.0,False,1.0,-0.0009416195856873921
2020-01-10 11:25:00,0.0008386369445361197,-0.0006283380458687038,-0.0006283380458687038,0,1.0,1.3947661503187772,6366.0,False,1.0,-0.0006283380458687038
2020-01-10 14:10:00,0.0007452219724655151,0.013832128261553,0.013832128261553,0,1.0,1.4085982785803304,6362.0,False,1.0,0.013832128261553
2020-01-10 14:55:00,0.00041482795495539904,0.0018604651162790198,0.0018604651162790198,0,1.0,1.4104587436966094,6450.0,False,1.0,0.0018604651162790198
2020-01-10 21:35:00,-0.00030123506439849734,-0.0018570102135562205,-0.0018570102135562205,0,1.0,1.408601733483053,6462.0,False,0.0,-0.0018570102135562205
2020-01-13 09:40:00,-0.00029943959088996053,-0.0031007751937984773,-0.0,1,0.0,1.408601733483053,6450.0,False,0.0,-0.0031007751937984773
2020-01-13 10:40:00,-0.0003654628817457706,-0.002799377916018697,-0.0,1,0.0,1.408601733483053,6430.0,False,0.0,-0.002799377916018697
2020-01-13 11:25:00,-0.000335061049554497,-0.011852776044915747,-0.0,0,0.0,1.408601733483053,6412.0,False,0.0,-0.011852776044915747
2020-01-13 14:10:00,0.0007852475391700864,0.004103535353535248,0.0,0,0.0,1.408601733483053,6336.0,False,0.0,0.004103535353535248
2020-01-13 14:55:00,0.00028495167498476803,-0.009430996541967884,-0.0,1,0.0,1.408601733483053,6362.0,False,0.0,-0.009430996541967884
2020-01-14 09:40:00,0.0003183185763191432,-0.008886067914947615,-0.0,1,0.0,1.408601733483053,6302.0,False,0.0,-0.008886067914947615
2020-01-14 10:40:00,0.0002671363763511181,0.001280819724623683,0.0,0,0.0,1.408601733483053,6246.0,False,0.0,0.001280819724623683
2020-01-14 11:25:00,0.0002671363763511181,0.002238567316917184,0.0,0,0.0,1.408601733483053,6254.0,False,0.0,0.002238567316917184
2020-01-14 14:10:00,0.0008117801626212895,-0.0012763241863433805,-0.0,0,0.0,1.408601733483053,6268.0,False,0.0,-0.0012763241863433805
2020-01-14 14:55:00,0.0002808938443195075,-0.007028753993610248,-0.0,0,0.0,1.408601733483053,6260.0,False,0.0,-0.007028753993610248
2020-01-14 21:35:00,0.0004588235169649124,0.004826254826254761,0.0,0,0.0,1.408601733483053,6216.0,False,0.0,0.004826254826254761
2020-01-15 09:40:00,0.0003065494529437274,-0.00032020493115592075,-0.0,0,0.0,1.408601733483053,6246.0,False,0.0,-0.00032020493115592075
2020-01-15 10:40:00,0.00030655687442049384,0.0012812299807816174,0.0,0,0.0,1.408601733483053,6244.0,False,0.0,0.0012812299807816174
2020-01-15 11:25:00,0.0007860760088078678,-0.000639795265515053,-0.0,0,0.0,1.408601733483053,6252.0,False,1.0,-0.000639795265515053
2020-01-15 14:10:00,0.0006360115366987884,-0.013124199743918097,-0.013124199743918097,0,1.0,1.395477533739135,6248.0,False,1.0,-0.013124199743918097
2020-01-15 14:55:00,0.0007262054132297635,-0.0009730781706129843,-0.0009730781706129843,0,1.0,1.394504455568522,6166.0,False,1.0,-0.0009730781706129843
2020-01-15 21:35:00,0.0007473955629393458,-0.0009740259740259605,-0.0009740259740259605,0,1.0,1.3935304295944961,6160.0,False,1.0,-0.0009740259740259605
2020-01-16 09:40:00,0.000554560509044677,-0.0019499512512187733,-0.0019499512512187733,0,1.0,1.3915804783432772,6154.0,False,1.0,-0.0019499512512187733
2020-01-16 10:40:00,0.0007214666111394763,-0.0022793878215564556,-0.0022793878215564556,0,1.0,1.389301090521721,6142.0,False,1.0,-0.0022793878215564556
2020-01-16 11:25:00,0.0006961115868762136,0.004569190600522299,0.004569190600522299,0,1.0,1.393870281122243,6128.0,False,1.0,0.004569190600522299
2020-01-16 14:10:00,0.0007471222197636962,-0.00649772579597141,-0.00649772579597141,0,1.0,1.3873725553262717,6156.0,False,1.0,-0.00649772579597141
2020-01-16 14:55:00,0.0007214666111394763,-0.0029431000654022155,-0.0029431000654022155,0,1.0,1.3844294552608694,6116.0,False,1.0,-0.0029431000654022155
2020-01-16 21:35:00,0.0007730586221441627,0.0022958346999015777,0.0022958346999015777,0,1.0,1.3867252899607712,6098.0,False,1.0,0.0022958346999015777
2020-01-17 09:40:00,0.000660642224829644,0.0003272251308901186,0.0003272251308901186,0,1.0,1.387052515091661,6112.0,False,1.0,0.0003272251308901186
2020-01-17 10:40:00,0.0007214666111394763,0.003598298985934001,0.003598298985934001,0,1.0,1.390650814077595,6114.0,False,1.0,0.003598298985934001
2020-01-17 11:25:00,0.0005900661344639957,-0.0006518904823989979,-0.0006518904823989979,0,1.0,1.3899989235951962,6136.0,False,1.0,-0.0006518904823989979
2020-01-17 14:10:00,0.0006611799472011626,-0.001304631441617743,-0.001304631441617743,0,1.0,1.3886942921535783,6132.0,False,1.0,-0.001304631441617743
2020-01-17 14:55:00,0.0007606854196637869,0.0006531678641410466,0.0006531678641410466,0,1.0,1.3893474600177194,6124.0,False,1.0,0.0006531678641410466
2020-01-17 21:35:00,0.0005854667979292572,-0.007506527415143571,-0.007506527415143571,0,1.0,1.381840932602576,6128.0,False,1.0,-0.007506527415143571
2020-01-20 09:40:00,0.0004301994922570884,0.0013153567905295205,0.0013153567905295205,0,1.0,1.3831562893931055,6082.0,False,1.0,0.0013153567905295205
2020-01-20 10:40:00,0.00038623754517175257,0.0006568144499179418,0.0006568144499179418,0,1.0,1.3838131038430235,6090.0,False,1.0,0.0006568144499179418
2020-01-20 11:25:00,0.00038623754517175257,0.0009845749917951618,0.0009845749917951618,0,1.0,1.3847976788348184,6094.0,False,1.0,0.0009845749917951618
2020-01-20 14:10:00,0.000787742028478533,-0.002295081967213064,-0.002295081967213064,0,1.0,1.3825025968676055,6100.0,False,1.0,-0.002295081967213064
2020-01-20 14:55:00,0.00038623754517175257,0.0032862306933947316,0.0032862306933947316,0,1.0,1.3857888275610002,6086.0,False,1.0,0.0032862306933947316
2020-01-21 09:40:00,0.00038623754517175257,-0.0029479200786112214,-0.0029479200786112214,0,1.0,1.382840907482389,6106.0,False,1.0,-0.0029479200786112214
2020-01-21 10:40:00,0.00038623754517175257,-0.006898817345597941,-0.006898817345597941,0,1.0,1.3759420901367911,6088.0,False,1.0,-0.006898817345597941
2020-01-21 11:25:00,0.0004608047311194241,-0.010254713860403553,-0.010254713860403553,0,1.0,1.3656873762763875,6046.0,False,1.0,-0.010254713860403553
2020-01-21 14:10:00,0.0008520132396370173,-0.009692513368983913,-0.009692513368983913,0,1.0,1.3559948629074037,5984.0,False,1.0,-0.009692513368983913
2020-01-21 14:55:00,0.00032777039450593293,-0.002024974687816372,-0.002024974687816372,0,1.0,1.3539698882195872,5926.0,False,1.0,-0.002024974687816372
2020-01-21 21:35:00,0.000505700008943677,0.011159959418329368,0.011159959418329368,0,1.0,1.3651298476379166,5914.0,False,1.0,0.011159959418329368
2020-01-22 09:40:00,0.0003790890914388001,-0.00468227424749168,-0.00468227424749168,0,1.0,1.3604475733904249,5980.0,False,1.0,-0.00468227424749168
2020-01-22 10:40:00,0.0003534334828145802,0.0010080645161290036,0.0010080645161290036,0,1.0,1.3614556379065539,5952.0,False,1.0,0.0010080645161290036
2020-01-22 11:25:00,0.0008749385015107691,0.0016784155756965902,0.0016784155756965902,0,1.0,1.3631340534822505,5958.0,False,1.0,0.0016784155756965902
2020-01-22 14:10:00,0.0009985461365431547,-0.001005361930294879,-0.001005361930294879,0,1.0,1.3621286915519555,5968.0,False,1.0,-0.001005361930294879
2020-01-22 14:55:00,0.0006164123769849539,0.017443810801744286,0.017443810801744286,0,1.0,1.3795725023537,5962.0,False,1.0,0.017443810801744286
2020-01-22 21:35:00,0.000868647126480937,0.01879327398615227,0.01879327398615227,0,1.0,1.398365776339852,6066.0,False,1.0,0.01879327398615227
2020-01-23 09:40:00,0.0006449492066167295,-0.010679611650485477,-0.010679611650485477,0,1.0,1.3876861646893666,6180.0,False,1.0,-0.010679611650485477
2020-01-23 10:40:00,0.0007966314442455769,-0.001635590448151758,-0.001635590448151758,0,1.0,1.386050574241215,6114.0,False,1.0,-0.001635590448151758
2020-01-23 11:25:00,-0.00041009762207977474,-0.004259501965923951,-0.004259501965923951,0,1.0,1.3817910722752909,6104.0,False,0.0,-0.004259501965923951
2020-01-23 14:10:00,-0.0004416951269377023,-0.0026324448831852587,-0.0,1,0.0,1.3817910722752909,6078.0,False,-1.0,-0.0026324448831852587
2020-01-23 14:55:00,0.0002687405503820628,0.003629165291982872,-0.003629165291982872,1,-1.0,1.378161906983308,6062.0,False,0.0,0.003629165291982872
2020-01-23 21:35:00,-0.000754222390241921,-0.06706114398422092,-0.0,1,0.0,1.378161906983308,6084.0,False,-1.0,-0.06706114398422092
2020-02-03 09:40:00,-0.0008011761819943786,0.0,-0.0,1,-1.0,1.378161906983308,5676.0,False,-1.0,0.0
2020-02-03 10:40:00,-0.000836797640658915,0.0,-0.0,0,-1.0,1.378161906983308,5676.0,False,-1.0,0.0
2020-02-03 11:25:00,-0.0007526205154135823,0.0,-0.0,0,-1.0,1.378161906983308,5676.0,False,-1.0,0.0
2020-02-03 14:10:00,0.0007052197470329702,0.0,-0.0,0,-1.0,1.378161906983308,5676.0,False,0.0,0.0
2020-02-03 14:55:00,0.0010318647837266326,-0.02607470049330518,-0.0,1,0.0,1.378161906983308,5676.0,False,1.0,-0.02607470049330518
2020-02-04 09:40:00,0.0008870426681824028,0.02243125904486254,0.02243125904486254,1,1.0,1.4005931660281705,5528.0,False,1.0,0.02243125904486254
2020-02-04 10:40:00,0.0009417087421752512,0.00035385704175516786,0.00035385704175516786,0,1.0,1.400947023069926,5652.0,False,1.0,0.00035385704175516786
2020-02-04 11:25:00,0.0009417087421752512,-0.0035373187124160266,-0.0035373187124160266,0,1.0,1.3974097043575098,5654.0,False,1.0,-0.0035373187124160266
2020-02-04 14:10:00,0.0014790080022066832,0.0010649627263046302,0.0010649627263046302,0,1.0,1.3984746670838144,5634.0,False,1.0,0.0010649627263046302
2020-02-04 14:55:00,0.001024234457872808,0.00035460992907809796,0.00035460992907809796,0,1.0,1.3988292770128925,5640.0,False,1.0,0.00035460992907809796
2020-02-05 09:40:00,0.0008774242596700788,0.01382488479262678,0.01382488479262678,0,1.0,1.4126541618055193,5642.0,False,1.0,0.01382488479262678
2020-02-05 10:40:00,0.0009134187130257487,0.0062937062937062915,0.0062937062937062915,0,1.0,1.4189478680992256,5720.0,False,1.0,0.0062937062937062915
2020-02-05 11:25:00,0.0008781467331573367,-0.005211952744961779,-0.005211952744961779,0,1.0,1.413735915354264,5756.0,False,1.0,-0.005211952744961779
2020-02-05 14:10:00,0.00098002003505826,-0.004889975550122272,-0.004889975550122272,0,1.0,1.4088459398041415,5726.0,False,1.0,-0.004889975550122272
2020-02-05 14:55:00,0.0006507488433271646,0.02070902070902081,0.02070902070902081,0,1.0,1.4295549605131623,5698.0,False,1.0,0.02070902070902081
2020-02-06 09:40:00,0.0007120367372408509,0.00687757909215958,0.00687757909215958,0,1.0,1.436432539605322,5816.0,False,1.0,0.00687757909215958
2020-02-06 10:40:00,0.0007195888319984078,-0.0017076502732240595,-0.0017076502732240595,0,1.0,1.4347248893320979,5856.0,False,1.0,-0.0017076502732240595
2020-02-06 11:25:00,0.0006402004510164261,0.0051317139924735855,0.0051317139924735855,0,1.0,1.4398566033245714,5846.0,False,1.0,0.0051317139924735855
2020-02-06 14:10:00,-6.731888424837962e-05,0.001361470388019148,0.001361470388019148,0,1.0,1.4412180737125906,5876.0,False,0.0,0.001361470388019148
2020-02-06 14:55:00,-0.000868022907525301,-0.005778382053025166,-0.0,1,0.0,1.4412180737125906,5884.0,False,-1.0,-0.005778382053025166
2020-02-07 09:40:00,-0.0008324014488607645,-0.00034188034188031846,0.00034188034188031846,1,-1.0,1.4415599540544708,5850.0,False,-1.0,-0.00034188034188031846
2020-02-07 10:40:00,-0.000868022907525301,-0.0003419972640218427,0.0003419972640218427,0,-1.0,1.4419019513184927,5848.0,False,-1.0,-0.0003419972640218427
2020-02-07 11:25:00,-0.000868022907525301,0.0017105713308245285,-0.0017105713308245285,0,-1.0,1.4401913799876682,5846.0,False,-1.0,0.0017105713308245285
2020-02-07 14:10:00,-7.473075675079599e-05,0.002732240437158362,-0.002732240437158362,0,-1.0,1.4374591395505099,5856.0,False,-1.0,0.002732240437158362
2020-02-07 14:55:00,-0.0008425164269283414,-0.005108991825613085,0.005108991825613085,0,-1.0,1.442568131376123,5872.0,False,-1.0,-0.005108991825613085
2020-02-10 09:40:00,-0.0008068949682638049,0.0,-0.0,0,-1.0,1.442568131376123,5842.0,False,-1.0,0.0
2020-02-10 10:40:00,-0.0008425164269283414,0.006846970215679482,-0.006846970215679482,0,-1.0,1.4357211611604435,5842.0,False,-1.0,0.006846970215679482
2020-02-10 11:25:00,-0.0007782886968925595,-0.004760285617137039,0.004760285617137039,0,-1.0,1.4404814467775804,5882.0,False,-1.0,-0.004760285617137039
2020-02-10 14:10:00,-4.922433436149731e-05,-0.0020498804236419588,0.0020498804236419588,0,-1.0,1.4425313272012223,5854.0,False,-1.0,-0.0020498804236419588
2020-02-10 14:55:00,-0.00015665829414501786,-0.010270455323519334,0.010270455323519334,0,-1.0,1.452801782524742,5842.0,False,-1.0,-0.010270455323519334
2020-02-11 09:40:00,-0.00013729555939789861,-0.0010377032168800149,0.0010377032168800149,0,-1.0,1.453839485741622,5782.0,False,-1.0,-0.0010377032168800149
2020-02-11 10:40:00,-0.00010090138675877824,0.0031163434903047627,-0.0031163434903047627,0,-1.0,1.450723142251317,5776.0,False,-1.0,0.0031163434903047627
2020-02-11 11:25:00,-0.00010090138675877824,0.0037970314118052073,-0.0037970314118052073,0,-1.0,1.4469261108395117,5794.0,False,-1.0,0.0037970314118052073
2020-02-11 14:10:00,-5.46787996427156e-05,-0.010660247592847338,0.010660247592847338,0,-1.0,1.4575863584323592,5816.0,False,-1.0,-0.010660247592847338
2020-02-11 14:55:00,-9.120430331677198e-05,-0.009732360097323589,0.009732360097323589,0,-1.0,1.4673187185296828,5754.0,False,-1.0,-0.009732360097323589
2020-02-12 09:40:00,-8.058430830715224e-05,-0.002457002457002422,0.002457002457002422,0,-1.0,1.4697757209866853,5698.0,False,-1.0,-0.002457002457002422
2020-02-12 10:40:00,-0.00010623993148328736,-0.004574243490499619,0.004574243490499619,0,-1.0,1.474349964477185,5684.0,False,-1.0,-0.004574243490499619
2020-02-12 11:25:00,-0.00010390847455710173,-0.012725344644750836,0.012725344644750836,0,-1.0,1.4870753091219355,5658.0,False,-1.0,-0.012725344644750836
2020-02-12 14:10:00,8.121945575112477e-05,-0.004296455424274925,0.004296455424274925,0,-1.0,1.4913717645462106,5586.0,False,0.0,-0.004296455424274925
2020-02-12 14:55:00,-0.00016484918887726963,0.013304566702625031,0.0,1,0.0,1.4913717645462106,5562.0,False,0.0,0.013304566702625031
2020-02-13 09:40:00,-0.00015694444300606847,-0.002129169623846683,-0.0,1,0.0,1.4913717645462106,5636.0,False,0.0,-0.002129169623846683
2020-02-13 10:40:00,-0.00020335600129328668,0.0007112375533429027,0.0,0,0.0,1.4913717645462106,5624.0,False,-1.0,0.0007112375533429027
2020-02-13 11:25:00,-0.0001729541691020131,-0.015991471215351827,0.015991471215351827,0,-1.0,1.5073632357615625,5628.0,False,-1.0,-0.015991471215351827
2020-02-13 14:10:00,0.001057447399944067,0.006861682918021028,-0.006861682918021028,0,-1.0,1.5005015528435415,5538.0,False,0.0,0.006861682918021028
2020-02-13 14:55:00,0.0014654675032943487,-0.0025107604017217122,-0.0,1,0.0,1.5005015528435415,5576.0,False,1.0,-0.0025107604017217122
2020-02-14 09:40:00,0.0014837970957159996,-0.011866235167206085,-0.011866235167206085,1,1.0,1.4886353176763354,5562.0,False,1.0,-0.011866235167206085
2020-02-14 10:40:00,0.001475456403568387,0.0014556040756914523,0.0014556040756914523,0,1.0,1.4900909217520266,5496.0,False,1.0,0.0014556040756914523
2020-02-14 11:25:00,0.0015731350285932422,0.0025436046511628785,0.0025436046511628785,0,1.0,1.4926345264031897,5504.0,False,1.0,0.0025436046511628785
2020-02-14 14:10:00,0.0015640935162082314,0.002174700978615496,0.002174700978615496,0,1.0,1.494809227381805,5518.0,False,1.0,0.002174700978615496
2020-02-14 14:55:00,0.0008511563646607101,-0.0025316455696202667,-0.0025316455696202667,0,1.0,1.4922775818121847,5530.0,False,1.0,-0.0025316455696202667
2020-02-17 09:40:00,0.0008511563646607101,0.006889050036258171,0.006889050036258171,0,1.0,1.4991666318484431,5516.0,False,1.0,0.006889050036258171
2020-02-17 10:40:00,0.0008511563646607101,0.006481814908174233,0.006481814908174233,0,1.0,1.5056484467566174,5554.0,False,1.0,0.006481814908174233
2020-02-17 11:25:00,0.0008511563646607101,-0.0003577817531306149,-0.0003577817531306149,0,1.0,1.5052906650034865,5590.0,False,1.0,-0.0003577817531306149
2020-02-17 14:10:00,0.0017012163298204541,-0.0014316392269148048,-0.0014316392269148048,0,1.0,1.5038590257765718,5588.0,False,1.0,-0.0014316392269148048
2020-02-17 14:55:00,-9.43988052313216e-05,0.0021505376344086446,0.0021505376344086446,0,1.0,1.5060095634109805,5580.0,False,0.0,0.0021505376344086446
2020-02-18 09:40:00,-8.08385739219375e-05,-0.003576537911301858,-0.0,1,0.0,1.5060095634109805,5592.0,False,0.0,-0.003576537911301858
2020-02-18 10:40:00,-9.43988052313216e-05,-0.001435750179468731,-0.0,1,0.0,1.5060095634109805,5572.0,False,0.0,-0.001435750179468731
2020-02-18 11:25:00,-6.874318205518648e-05,-0.004313443565780006,-0.0,0,0.0,1.5060095634109805,5564.0,False,0.0,-0.004313443565780006
2020-02-18 14:10:00,0.0005820621736347675,-0.0007220216606498298,-0.0,0,0.0,1.5060095634109805,5540.0,False,1.0,-0.0007220216606498298
2020-02-18 14:55:00,-0.0001576854265294969,-0.0025289017341040276,-0.0025289017341040276,1,1.0,1.5034806616768766,5536.0,False,0.0,-0.0025289017341040276
2020-02-19 09:40:00,-0.00011917859228560701,0.004346251358203546,0.0,1,0.0,1.5034806616768766,5522.0,False,-1.0,0.004346251358203546
2020-02-19 10:40:00,-0.0001576854265294969,-0.009736747205192908,0.009736747205192908,0,-1.0,1.5132174088820693,5546.0,False,-1.0,-0.009736747205192908
2020-02-19 11:25:00,-0.0001016279638861306,-0.006919155134741395,0.006919155134741395,0,-1.0,1.5201365640168107,5492.0,False,-1.0,-0.006919155134741395
2020-02-19 14:10:00,0.0006725161802023649,0.001833516685001868,-0.001833516685001868,0,-1.0,1.5183030473318089,5454.0,False,0.0,0.001833516685001868
2020-02-19 14:55:00,-0.00011133212683489546,-0.008418740849194695,-0.0,1,0.0,1.5183030473318089,5464.0,False,-1.0,-0.008418740849194695
2020-02-20 09:40:00,-9.303315164288506e-05,-0.001107419712070845,0.001107419712070845,1,-1.0,1.5194104670438797,5418.0,False,-1.0,-0.001107419712070845
2020-02-20 10:40:00,-0.00010659335384843871,0.0011086474501109667,-0.0011086474501109667,0,-1.0,1.5183018195937688,5412.0,False,-1.0,0.0011086474501109667
2020-02-20 11:25:00,-0.00011133212683489546,0.0018456995201181492,-0.0018456995201181492,0,-1.0,1.5164561200736506,5418.0,False,-1.0,0.0018456995201181492
2020-02-20 14:10:00,0.0006299155647866428,0.0018422991893882745,-0.0018422991893882745,0,-1.0,1.5146138208842623,5428.0,False,0.0,0.0018422991893882745
2020-02-20 14:55:00,0.00038298475556075573,0.012504597278411245,0.0,1,0.0,1.5146138208842623,5438.0,False,1.0,0.012504597278411245
2020-02-21 09:40:00,0.0004086403641849756,0.0036324010170722953,0.0036324010170722953,1,1.0,1.5182462219013346,5506.0,False,1.0,0.0036324010170722953
2020-02-21 10:40:00,0.00035258286516182125,0.0007238508867173366,0.0007238508867173366,0,1.0,1.518970072788052,5526.0,False,1.0,0.0007238508867173366
2020-02-21 11:25:00,0.00038298475556075573,-0.0014466546112116285,-0.0014466546112116285,0,1.0,1.5175234181768404,5530.0,False,1.0,-0.0014466546112116285
2020-02-21 14:10:00,0.0005109065677970648,-0.0025353132922854016,-0.0025353132922854016,0,1.0,1.514988104884555,5522.0,False,1.0,-0.0025353132922854016
2020-02-21 14:55:00,-0.00020425120601430535,-0.0018155410312272746,-0.0018155410312272746,0,1.0,1.5131725638533275,5508.0,False,0.0,-0.0018155410312272746
2020-02-24 09:40:00,-0.00017384937382303178,-0.005092761004001467,-0.0,1,0.0,1.5131725638533275,5498.0,False,-1.0,-0.005092761004001467
2020-02-24 10:40:00,-0.00020425120601430535,-0.004021937842778822,0.004021937842778822,1,-1.0,1.5171945016961064,5470.0,False,-1.0,-0.004021937842778822
2020-02-24 11:25:00,-0.00020425120601430535,0.0011013215859030367,-0.0011013215859030367,0,-1.0,1.5160931801102033,5448.0,False,-1.0,0.0011013215859030367
2020-02-24 14:10:00,0.00048404638073407114,-0.001833516685001868,0.001833516685001868,0,-1.0,1.5179266967952052,5454.0,False,0.0,-0.001833516685001868
2020-02-24 14:55:00,-0.00016511805006302893,-0.018736223365172666,-0.0,1,0.0,1.5179266967952052,5444.0,False,-1.0,-0.018736223365172666
2020-02-25 09:40:00,-0.00011393590102670714,-0.008236615499812805,0.008236615499812805,1,-1.0,1.5261633122950182,5342.0,False,-1.0,-0.008236615499812805
2020-02-25 10:40:00,-0.00017070973990485072,0.003397508493771184,-0.003397508493771184,0,-1.0,1.522765803801247,5298.0,False,-1.0,0.003397508493771184
2020-02-25 11:25:00,-0.00018356097280047834,-0.0018811136192625755,0.0018811136192625755,0,-1.0,1.5246469174205095,5316.0,False,-1.0,-0.0018811136192625755
2020-02-25 14:10:00,0.000641520309727639,-0.0007538635506972868,0.0007538635506972868,0,-1.0,1.5254007809712067,5306.0,False,0.0,-0.0007538635506972868
2020-02-25 14:55:00,-0.00010400094470242038,-0.01735194266314599,-0.0,1,0.0,1.5254007809712067,5302.0,False,0.0,-0.01735194266314599
2020-02-26 09:40:00,-2.0697247236967087e-05,0.00499040307101728,0.0,1,0.0,1.5254007809712067,5210.0,False,0.0,0.00499040307101728
2020-02-26 10:40:00,-9.114977001445368e-05,0.0030557677616500634,0.0,0,0.0,1.5254007809712067,5236.0,False,0.0,0.0030557677616500634
2020-02-26 11:25:00,-0.00010400094470242038,-0.004569687738004591,-0.0,0,0.0,1.5254007809712067,5252.0,False,0.0,-0.004569687738004591
2020-02-26 14:10:00,0.0006530369282700121,-0.002295332823259333,-0.0,0,0.0,1.5254007809712067,5228.0,False,1.0,-0.002295332823259333
2020-02-26 14:55:00,-8.636143320472911e-07,-0.0038343558282208923,-0.0038343558282208923,1,1.0,1.521566425142986,5216.0,False,0.0,-0.0038343558282208923
2020-02-27 09:40:00,-2.4192726414185017e-05,0.009622786759045487,0.0,1,0.0,1.521566425142986,5196.0,False,0.0,0.009622786759045487
2020-02-27 10:40:00,-3.7752957723569125e-05,-0.009531071292413262,-0.0,0,0.0,1.521566425142986,5246.0,False,0.0,-0.009531071292413262
2020-02-27 11:25:00,1.1948182873311453e-05,0.00038491147036179285,0.0,0,0.0,1.521566425142986,5196.0,False,0.0,0.00038491147036179285
2020-02-27 14:10:00,0.000732551678083837,0.0003847633705271747,0.0,1,0.0,1.521566425142986,5198.0,False,1.0,0.0003847633705271747
2020-02-27 14:55:00,-9.247691923519596e-05,-0.010000000000000009,-0.010000000000000009,1,1.0,1.511566425142986,5200.0,False,0.0,-0.010000000000000009
2020-02-28 09:40:00,-7.417788583552465e-05,-0.004273504273504258,-0.0,1,0.0,1.511566425142986,5148.0,False,0.0,-0.004273504273504258
2020-02-28 10:40:00,-7.963312236825004e-05,0.005852516582130374,0.0,1,0.0,1.511566425142986,5126.0,False,0.0,0.005852516582130374
2020-02-28 11:25:00,-9.247691923519596e-05,-0.013188518231186941,-0.0,0,0.0,1.511566425142986,5156.0,False,0.0,-0.013188518231186941
2020-02-28 14:10:00,0.0006633642478846014,-0.014150943396226467,-0.0,0,0.0,1.511566425142986,5088.0,False,1.0,-0.014150943396226467
2020-02-28 14:55:00,0.0009264612453989685,-0.011562998405103664,-0.011562998405103664,1,1.0,1.5000034267378823,5016.0,False,1.0,-0.011562998405103664
2020-03-02 09:40:00,0.0008013017941266298,0.013715207745058411,0.013715207745058411,1,1.0,1.5137186344829408,4958.0,False,1.0,0.013715207745058411
2020-03-02 10:40:00,0.0007323931204155087,0.0023875845602865375,0.0023875845602865375,0,1.0,1.5161062190432273,5026.0,False,1.0,0.0023875845602865375
2020-03-02 11:25:00,0.0007323931204155087,0.001984914648670122,0.001984914648670122,0,1.0,1.5180911336918972,5038.0,False,1.0,0.001984914648670122
2020-03-02 14:10:00,0.0008483210694976151,-0.0011885895404120106,-0.0011885895404120106,0,1.0,1.5169025441514852,5048.0,False,1.0,-0.0011885895404120106
2020-03-02 14:55:00,2.5458077288931236e-05,0.00317334391114632,0.00317334391114632,0,1.0,1.5200758880626317,5042.0,False,1.0,0.00317334391114632
2020-03-03 09:40:00,4.375713979243301e-05,-0.002767892447607778,-0.002767892447607778,0,1.0,1.517307995615024,5058.0,False,1.0,-0.002767892447607778
2020-03-03 10:40:00,-2.049437171081081e-07,-0.005154639175257714,-0.005154639175257714,0,1.0,1.5121533564397662,5044.0,False,0.0,-0.005154639175257714
2020-03-03 11:25:00,0.00018256818293593824,-0.0035870864886409226,-0.0,1,0.0,1.5121533564397662,5018.0,False,1.0,-0.0035870864886409226
2020-03-03 14:10:00,0.0009863729355856776,-0.007199999999999984,-0.007199999999999984,1,1.0,1.5049533564397661,5000.0,False,1.0,-0.007199999999999984
2020-03-03 14:55:00,0.0009272856405004859,0.008460918614020985,0.008460918614020985,0,1.0,1.5134142750537871,4964.0,False,1.0,0.008460918614020985
2020-03-04 09:40:00,0.0009153192513622344,-0.0031961646024770696,-0.0031961646024770696,0,1.0,1.51021811045131,5006.0,False,1.0,-0.0031961646024770696
2020-03-04 10:40:00,0.0008896636427380145,0.0,0.0,0,1.0,1.51021811045131,4990.0,False,1.0,0.0
2020-03-04 11:25:00,0.0008896636427380145,-0.00040080160320643543,-0.00040080160320643543,0,1.0,1.5098173088481035,4990.0,False,1.0,-0.00040080160320643543
2020-03-04 14:10:00,0.000730703177396208,0.004811547714514752,0.004811547714514752,0,1.0,1.5146288565626183,4988.0,False,1.0,0.004811547714514752
2020-03-04 14:55:00,0.0004184293793514371,0.022346368715083775,0.022346368715083775,0,1.0,1.5369752252777023,5012.0,False,1.0,0.022346368715083775
2020-03-05 09:40:00,0.0004277271800674498,-0.004683840749414525,-0.004683840749414525,0,1.0,1.5322913845282877,5124.0,False,1.0,-0.004683840749414525
2020-03-05 10:40:00,0.0003509137313812971,0.005098039215686301,0.005098039215686301,0,1.0,1.5373894237439738,5100.0,False,1.0,0.005098039215686301
2020-03-05 11:25:00,0.0003509137313812971,-0.001170503316426097,-0.001170503316426097,0,1.0,1.5362189204275478,5126.0,False,1.0,-0.001170503316426097
2020-03-05 14:10:00,0.0005628978251479566,0.0234375,0.0234375,0,1.0,1.5596564204275478,5120.0,False,1.0,0.0234375
2020-03-05 14:55:00,-0.00020953905186615884,-0.01908396946564883,-0.01908396946564883,0,1.0,1.540572450961899,5240.0,False,0.0,-0.01908396946564883
2020-03-06 09:40:00,-0.00022031055414117873,-0.0023346303501945442,-0.0,1,0.0,1.540572450961899,5140.0,False,-1.0,-0.0023346303501945442
2020-03-06 10:40:00,-0.00020953905186615884,-0.001170046801872049,0.001170046801872049,1,-1.0,1.541742497763771,5128.0,False,-1.0,-0.001170046801872049
2020-03-06 11:25:00,-0.00020953905186615884,0.0007809449433815452,-0.0007809449433815452,0,-1.0,1.5409615528203895,5122.0,False,-1.0,0.0007809449433815452
2020-03-06 14:10:00,0.0003852394293062389,-0.0003901677721420693,0.0003901677721420693,0,-1.0,1.5413517205925316,5126.0,False,0.0,-0.0003901677721420693
2020-03-06 14:55:00,-0.00010428081441204995,-0.050741608118657244,-0.0,1,0.0,1.5413517205925316,5124.0,False,-1.0,-0.050741608118657244
2020-03-09 09:40:00,-0.00015740672824904323,0.0,-0.0,1,-1.0,1.5413517205925316,4864.0,False,-1.0,0.0
2020-03-09 10:40:00,0.00019869583775289357,0.0,-0.0,0,-1.0,1.5413517205925316,4864.0,False,0.0,0.0
2020-03-09 11:25:00,0.00017247325740754604,0.0,0.0,1,0.0,1.5413517205925316,4864.0,False,1.0,0.0
2020-03-09 14:10:00,0.000850445416290313,0.0,0.0,1,1.0,1.5413517205925316,4864.0,False,1.0,0.0
2020-03-09 14:55:00,0.00011536421516211703,0.00164473684210531,0.00164473684210531,0,1.0,1.5429964574346369,4864.0,False,1.0,0.00164473684210531
2020-03-10 09:40:00,4.2745778046082705e-06,0.0016420361247948545,0.0016420361247948545,0,1.0,1.5446384935594317,4872.0,False,1.0,0.0016420361247948545
2020-03-10 10:40:00,-5.1782873924821615e-05,0.0,0.0,0,1.0,1.5446384935594317,4880.0,False,0.0,0.0
2020-03-10 11:25:00,-7.983478280948475e-05,0.011885245901639419,0.0,1,0.0,1.5446384935594317,4880.0,False,0.0,0.011885245901639419
2020-03-10 14:10:00,0.0005569758941419423,0.002430133657351119,0.0,1,0.0,1.5446384935594317,4938.0,False,1.0,0.002430133657351119
2020-03-10 14:55:00,-0.0002831171150319278,-0.008080808080808133,-0.008080808080808133,1,1.0,1.5365576854786236,4950.0,False,0.0,-0.008080808080808133
2020-03-11 09:40:00,-0.00022521235223393887,0.0032586558044807035,0.0,1,0.0,1.5365576854786236,4910.0,False,-1.0,0.0032586558044807035
2020-03-11 10:40:00,-0.0002831171150319278,0.0012180267965895553,-0.0012180267965895553,0,-1.0,1.535339658682034,4926.0,False,-1.0,0.0012180267965895553
2020-03-11 11:25:00,-0.0002646742213983089,-0.00040551500405516805,0.00040551500405516805,0,-1.0,1.5357451736860892,4932.0,False,-1.0,-0.00040551500405516805
2020-03-11 14:10:00,0.000424454192398116,-0.0117647058823529,0.0117647058823529,0,-1.0,1.547509879568442,4930.0,False,0.0,-0.0117647058823529
2020-03-11 14:55:00,-0.0002852808975148946,-0.009852216748768461,-0.0,1,0.0,1.547509879568442,4872.0,False,-1.0,-0.009852216748768461
2020-03-12 09:40:00,-5.378310743253678e-05,-0.02529021558872302,0.02529021558872302,1,-1.0,1.5728000951571652,4824.0,False,-1.0,-0.02529021558872302
2020-03-12 10:40:00,-1.9738779883482493e-05,0.002552105487026779,-0.002552105487026779,0,-1.0,1.5702479896701385,4702.0,False,-1.0,0.002552105487026779
2020-03-12 11:25:00,-4.539440124062821e-05,-0.002969876962240159,0.002969876962240159,0,-1.0,1.5732178666323784,4714.0,False,-1.0,-0.002969876962240159
2020-03-12 14:10:00,0.0006722997641190886,0.003829787234042481,-0.003829787234042481,0,-1.0,1.569388079398336,4700.0,False,0.0,0.003829787234042481
2020-03-12 14:55:00,0.00013668429164681584,-0.018651971174226345,-0.0,1,0.0,1.569388079398336,4718.0,False,0.0,-0.018651971174226345
2020-03-13 09:40:00,0.000528395758010447,-0.00950323974082068,-0.0,1,0.0,1.569388079398336,4630.0,False,1.0,-0.00950323974082068
2020-03-13 10:40:00,0.0004844336654059589,-0.00043610989969466996,-0.00043610989969466996,0,1.0,1.5689519694986414,4586.0,False,1.0,-0.00043610989969466996
2020-03-13 11:25:00,0.0005200551240704954,-0.002617801047120394,-0.002617801047120394,0,1.0,1.566334168451521,4584.0,False,1.0,-0.002617801047120394
2020-03-13 14:10:00,0.0009189287666231394,0.014435695538057791,0.014435695538057791,0,1.0,1.5807698639895786,4572.0,False,1.0,0.014435695538057791
2020-03-13 14:55:00,0.00030240524210967124,-0.007330746011211753,-0.007330746011211753,0,1.0,1.573439117978367,4638.0,False,1.0,-0.007330746011211753
2020-03-16 09:40:00,0.00032333889976143837,0.013466550825369294,0.013466550825369294,0,1.0,1.5869056688037362,4604.0,False,1.0,0.013466550825369294
2020-03-16 10:40:00,0.00030374000198207796,-0.0004286326618088143,-0.0004286326618088143,0,1.0,1.5864770361419276,4666.0,False,1.0,-0.0004286326618088143
2020-03-16 11:25:00,0.0002612205862533301,-0.0017152658662092923,-0.0017152658662092923,0,1.0,1.5847617702757182,4664.0,False,1.0,-0.0017152658662092923
2020-03-16 14:10:00,0.0009933914989233017,-0.01632302405498287,-0.01632302405498287,0,1.0,1.5684387462207354,4656.0,False,1.0,-0.01632302405498287
2020-03-16 14:55:00,0.0004817959852516651,0.0013100436681223737,0.0013100436681223737,0,1.0,1.5697487898888576,4580.0,False,1.0,0.0013100436681223737
2020-03-17 09:40:00,0.00042598540312610567,0.0069777583951156075,0.0069777583951156075,0,1.0,1.5767265482839732,4586.0,False,1.0,0.0069777583951156075
2020-03-17 10:40:00,0.00046401406871154904,-0.006929406669553884,-0.006929406669553884,0,1.0,1.5697971416144194,4618.0,False,1.0,-0.006929406669553884
2020-03-17 11:25:00,0.0004567939031403512,0.0017444395987789019,0.0017444395987789019,0,1.0,1.5715415812131983,4586.0,False,1.0,0.0017444395987789019
2020-03-17 14:10:00,0.000837837578728795,0.016107966913365246,0.016107966913365246,0,1.0,1.5876495481265636,4594.0,False,1.0,0.016107966913365246
2020-03-17 14:55:00,0.0005765071837231517,0.014138817480719768,0.014138817480719768,0,1.0,1.6017883656072833,4668.0,False,1.0,0.014138817480719768
2020-03-18 09:40:00,0.0006120133330114186,0.013941698352344822,0.013941698352344822,0,1.0,1.6157300639596281,4734.0,False,1.0,0.013941698352344822
2020-03-18 10:40:00,0.0005559558630920947,0.006666666666666599,0.006666666666666599,0,1.0,1.6223967306262947,4800.0,False,1.0,0.006666666666666599
2020-03-18 11:25:00,0.0005863577243871987,-0.0008278145695364003,-0.0008278145695364003,0,1.0,1.6215689160567583,4832.0,False,1.0,-0.0008278145695364003
2020-03-18 14:10:00,0.0006040101870894432,-0.025683512841756406,-0.025683512841756406,0,1.0,1.5958854032150018,4828.0,False,1.0,-0.025683512841756406
2020-03-18 14:55:00,4.495171378948726e-05,0.001700680272108901,0.001700680272108901,0,1.0,1.5975860834871107,4704.0,False,1.0,0.001700680272108901
2020-03-19 09:40:00,5.133222657605074e-06,0.001697792869269854,0.001697792869269854,0,1.0,1.5992838763563806,4712.0,False,1.0,0.001697792869269854
2020-03-19 10:40:00,0.00023203571618068963,-0.02627118644067794,-0.02627118644067794,0,1.0,1.5730126899157026,4720.0,False,1.0,-0.02627118644067794
2020-03-19 11:25:00,0.0001363158953608945,0.016971279373368064,0.016971279373368064,0,1.0,1.589983969289071,4596.0,False,1.0,0.016971279373368064
2020-03-19 14:10:00,0.0007783223409205675,-0.0004278990158322893,-0.0004278990158322893,0,1.0,1.5895560702732385,4674.0,False,1.0,-0.0004278990158322893
2020-03-19 14:55:00,7.821206236258149e-05,0.016267123287671215,0.016267123287671215,0,1.0,1.6058231935609097,4672.0,False,1.0,0.016267123287671215
2020-03-20 09:40:00,-7.557870412711054e-05,-0.00716090985678175,-0.00716090985678175,0,1.0,1.598662283704128,4748.0,False,0.0,-0.00716090985678175
2020-03-20 10:40:00,-0.00012199024786241353,0.0008485362749257597,0.0,1,0.0,1.598662283704128,4714.0,False,0.0,0.0008485362749257597
2020-03-20 11:25:00,7.707403710810468e-06,-0.008902077151335286,-0.0,1,0.0,1.598662283704128,4718.0,False,0.0,-0.008902077151335286
2020-03-20 14:10:00,0.0008148932829499245,-0.008554319931565413,-0.0,1,0.0,1.598662283704128,4676.0,False,1.0,-0.008554319931565413
2020-03-20 14:55:00,0.00010404140630271286,-0.0051768766177739955,-0.0051768766177739955,1,1.0,1.593485407086354,4636.0,False,1.0,-0.0051768766177739955
2020-03-23 09:40:00,0.00031444893102161586,-0.0039028620988724727,-0.0039028620988724727,0,1.0,1.5895825449874814,4612.0,False,1.0,-0.0039028620988724727
2020-03-23 10:40:00,0.00035434970050118864,-0.003918154114061823,-0.003918154114061823,0,1.0,1.5856643908734198,4594.0,False,1.0,-0.003918154114061823
2020-03-23 11:25:00,0.00032868675771169364,-0.006555944055944063,-0.006555944055944063,0,1.0,1.5791084468174756,4576.0,False,1.0,-0.006555944055944063
2020-03-23 14:10:00,0.0009385214652866125,0.012758468983721905,0.012758468983721905,0,1.0,1.5918669158011975,4546.0,False,1.0,0.012758468983721905
2020-03-23 14:55:00,0.00029742150218226016,0.011728931364031192,0.011728931364031192,0,1.0,1.6035958471652287,4604.0,False,1.0,0.011728931364031192
2020-03-24 09:40:00,6.161058263387531e-05,0.00944611421210828,0.00944611421210828,0,1.0,1.613041961377337,4658.0,False,1.0,0.00944611421210828
2020-03-24 10:40:00,4.11745895689819e-05,0.002126754572522316,0.002126754572522316,0,1.0,1.6151687159498593,4702.0,False,1.0,0.002126754572522316
2020-03-24 11:25:00,5.5531236284878105e-06,-0.0038200339558573937,-0.0038200339558573937,0,1.0,1.611348681994002,4712.0,False,1.0,-0.0038200339558573937
2020-03-24 14:10:00,0.0002593987446743995,0.003408606731998276,0.003408606731998276,0,1.0,1.6147572887260002,4694.0,False,1.0,0.003408606731998276
2020-03-24 14:55:00,-0.0003598734037950635,0.017409766454352438,0.017409766454352438,0,1.0,1.6321670551803527,4710.0,False,0.0,0.017409766454352438
2020-03-25 09:40:00,-0.0003249199944548309,-0.0008347245409014992,-0.0,1,0.0,1.6321670551803527,4792.0,False,-1.0,-0.0008347245409014992
2020-03-25 10:40:00,-0.00037133152363821864,-0.007518796992481258,0.007518796992481258,1,-1.0,1.639685852172834,4788.0,False,-1.0,-0.007518796992481258
2020-03-25 11:25:00,-0.0003598734037950635,0.010942760942761032,-0.010942760942761032,0,-1.0,1.6287430912300729,4752.0,False,-1.0,0.010942760942761032
2020-03-25 14:10:00,0.00015059720317367464,0.0062447960033304994,-0.0062447960033304994,0,-1.0,1.6224982952267424,4804.0,False,0.0,0.0062447960033304994
2020-03-25 14:55:00,-0.0005809299182146788,0.009102192800992892,0.0,1,0.0,1.6224982952267424,4834.0,False,-1.0,0.009102192800992892
2020-03-26 09:40:00,-0.0005567666376009583,-0.0016400164001639794,0.0016400164001639794,1,-1.0,1.6241383116269064,4878.0,False,-1.0,-0.0016400164001639794
2020-03-26 10:40:00,-0.000592387979850173,0.00246406570841895,-0.00246406570841895,0,-1.0,1.6216742459184874,4870.0,False,-1.0,0.00246406570841895
2020-03-26 11:25:00,-0.0005402615061029792,-0.010651372388365443,0.010651372388365443,0,-1.0,1.6323256183068529,4882.0,False,-1.0,-0.010651372388365443
2020-03-26 14:10:00,4.81989627587609e-05,-0.00952380952380949,0.00952380952380949,0,-1.0,1.6418494278306623,4830.0,False,0.0,-0.00952380952380949
2020-03-26 14:55:00,0.0003745695867110044,-0.0033444816053511683,-0.0,1,0.0,1.6418494278306623,4784.0,False,1.0,-0.0033444816053511683
2020-03-27 09:40:00,0.0003887670754920691,0.005453020134228215,0.005453020134228215,1,1.0,1.6473024479648906,4768.0,False,1.0,0.005453020134228215
2020-03-27 10:40:00,0.00036311146686784923,0.0004171881518564291,0.0004171881518564291,0,1.0,1.647719636116747,4794.0,False,1.0,0.0004171881518564291
2020-03-27 11:25:00,0.0003581635537557304,0.015429524603836509,0.015429524603836509,0,1.0,1.6631491607205835,4796.0,False,1.0,0.015429524603836509
2020-03-27 14:10:00,0.00029369600815698504,-0.003285420944558526,-0.003285420944558526,0,1.0,1.659863739776025,4870.0,False,1.0,-0.003285420944558526
2020-03-27 14:55:00,-0.00025623090914450586,-0.009476720230737534,-0.009476720230737534,0,1.0,1.6503870195452874,4854.0,False,0.0,-0.009476720230737534
2020-03-30 09:40:00,-0.0002898430684581399,0.0,0.0,1,0.0,1.6503870195452874,4808.0,True,-1.0,0.013727121464226277
2020-03-30 10:40:00,-9.007877088151872e-05,-0.0036930652441526934,0.0036930652441526934,1,-1.0,1.6540800847894401,4874.0,False,-1.0,-0.0036930652441526934
2020-03-30 11:25:00,-9.007877088151872e-05,0.0016474464579900872,-0.0016474464579900872,0,-1.0,1.65243263833145,4856.0,False,-1.0,0.0016474464579900872
2020-03-30 14:10:00,0.0001745676709106192,-0.000822368421052655,0.000822368421052655,0,-1.0,1.6532550067525027,4864.0,False,0.0,-0.000822368421052655
2020-03-30 14:55:00,-0.0004965115222148597,0.00864197530864197,0.0,1,0.0,1.6532550067525027,4860.0,False,-1.0,0.00864197530864197
2020-03-31 09:40:00,-0.0005656518042087555,-0.003263973888208871,0.003263973888208871,1,-1.0,1.6565189806407115,4902.0,False,-1.0,-0.003263973888208871
2020-03-31 10:40:00,-0.0005227816291153431,-0.008595988538681931,0.008595988538681931,0,-1.0,1.6651149691793936,4886.0,False,-1.0,-0.008595988538681931
2020-03-31 11:25:00,-0.0004965115222148597,0.0008257638315440907,-0.0008257638315440907,0,-1.0,1.6642892053478495,4844.0,False,-1.0,0.0008257638315440907
2020-03-31 14:10:00,0.0002452802727930248,-0.014026402640264002,0.014026402640264002,0,-1.0,1.6783156079881134,4848.0,False,0.0,-0.014026402640264002
2020-03-31 14:55:00,-0.0002041239058598876,0.0016736401673640433,0.0,1,0.0,1.6783156079881134,4780.0,False,-1.0,0.0016736401673640433
2020-04-01 09:40:00,-0.0002409742446616292,-0.00417710944026739,0.00417710944026739,1,-1.0,1.6824927174283808,4788.0,False,-1.0,-0.00417710944026739
2020-04-01 10:40:00,-0.0002584459725767374,-0.004614093959731558,0.004614093959731558,0,-1.0,1.6871068113881122,4768.0,False,-1.0,-0.004614093959731558
2020-04-01 11:25:00,-0.0002409742446616292,0.010956595027391547,-0.010956595027391547,0,-1.0,1.6761502163607207,4746.0,False,-1.0,0.010956595027391547
2020-04-01 14:10:00,0.0005120170535519719,-0.020425177157148866,0.020425177157148866,0,-1.0,1.6965753935178696,4798.0,False,0.0,-0.020425177157148866
2020-04-01 14:55:00,0.00023162896104622632,-0.008510638297872353,-0.0,1,0.0,1.6965753935178696,4700.0,False,1.0,-0.008510638297872353
2020-04-02 09:40:00,0.0001781712198862806,0.0042918454935623185,0.0042918454935623185,1,1.0,1.700867239011432,4660.0,False,1.0,0.0042918454935623185
2020-04-02 10:40:00,0.0002798598725348711,0.004273504273504258,0.004273504273504258,0,1.0,1.7051407432849364,4680.0,False,1.0,0.004273504273504258
2020-04-02 11:25:00,0.00015056908887345344,-0.00042553191489358433,-0.00042553191489358433,0,1.0,1.7047152113700426,4700.0,False,1.0,-0.00042553191489358433
2020-04-02 14:10:00,0.0009212938020937145,0.004257130693912314,0.004257130693912314,0,1.0,1.708972342063955,4698.0,False,1.0,0.004257130693912314
2020-04-02 14:55:00,-6.374752047122456e-06,0.009325985587113284,0.009325985587113284,0,1.0,1.7182983276510684,4718.0,False,0.0,0.009325985587113284
2020-04-03 09:40:00,-6.374752047122456e-06,-0.010499790004199872,-0.0,1,0.0,1.7182983276510684,4762.0,False,0.0,-0.010499790004199872
2020-04-03 10:40:00,4.045628156745806e-05,-0.002546689303904892,-0.0,1,0.0,1.7182983276510684,4712.0,False,0.0,-0.002546689303904892
2020-04-03 11:25:00,5.3766663768328726e-05,-0.009787234042553217,-0.0,1,0.0,1.7182983276510684,4700.0,False,0.0,-0.009787234042553217
2020-04-03 14:10:00,0.0007792914984747767,-0.0008594757198109315,-0.0,1,0.0,1.7182983276510684,4654.0,False,1.0,-0.0008594757198109315
2020-04-03 14:55:00,0.00048062673886306584,0.01333333333333342,0.01333333333333342,0,1.0,1.7316316609844016,4650.0,False,1.0,0.01333333333333342
2020-04-07 09:40:00,0.00027543320902623236,0.0029711375212224667,0.0029711375212224667,0,1.0,1.734602798505624,4712.0,False,1.0,0.0029711375212224667
2020-04-07 10:40:00,0.00043871442903764546,0.007194244604316502,0.007194244604316502,0,1.0,1.7417970431099405,4726.0,False,1.0,0.007194244604316502
2020-04-07 11:25:00,0.00041244435124099255,-0.006722689075630228,-0.006722689075630228,0,1.0,1.7350743540343103,4760.0,False,1.0,-0.006722689075630228
2020-04-07 14:10:00,0.0008843024261295795,0.0029610829103214886,0.0029610829103214886,0,1.0,1.738035436944632,4728.0,False,1.0,0.0029610829103214886
2020-04-07 14:55:00,0.0006585638038814068,0.001687051876845258,0.001687051876845258,0,1.0,1.739722488821477,4742.0,False,1.0,0.001687051876845258
2020-04-08 09:40:00,0.000706235587131232,0.015157894736842037,0.015157894736842037,0,1.0,1.7548803835583193,4750.0,False,1.0,0.015157894736842037
2020-04-08 10:40:00,0.0007836740696802735,0.0037328909166320923,0.0037328909166320923,0,1.0,1.7586132744749512,4822.0,False,1.0,0.0037328909166320923
2020-04-08 11:25:00,0.0007836740696802735,-0.0012396694214875659,-0.0012396694214875659,0,1.0,1.7573736050534636,4840.0,False,1.0,-0.0012396694214875659
2020-04-08 14:10:00,0.0005283628706820309,-0.004964832436905264,-0.004964832436905264,0,1.0,1.7524087726165585,4834.0,False,1.0,-0.004964832436905264
2020-04-08 14:55:00,-0.0002460711111780256,0.008731808731808677,0.008731808731808677,0,1.0,1.7611405813483672,4810.0,False,0.0,0.008731808731808677
2020-04-09 09:40:00,-0.000268244300968945,0.007007419620775002,0.0,1,0.0,1.7611405813483672,4852.0,False,-1.0,0.007007419620775002
2020-04-09 10:40:00,-0.00027970242081210017,0.004093327875562824,-0.004093327875562824,1,-1.0,1.7570472534728043,4886.0,False,-1.0,0.004093327875562824
2020-04-09 11:25:00,-0.0002460711111780256,-0.004891969017529529,0.004891969017529529,0,-1.0,1.7619392224903339,4906.0,False,-1.0,-0.004891969017529529
2020-04-09 14:10:00,0.000574883131776005,0.004096681687832948,-0.004096681687832948,0,-1.0,1.757842540802501,4882.0,False,0.0,0.004096681687832948
2020-04-09 14:55:00,-0.0002583831374067813,-0.019583843329253336,-0.0,1,0.0,1.757842540802501,4902.0,False,-1.0,-0.019583843329253336
2020-04-10 09:40:00,-0.00021346216090023518,0.0016645859342487856,-0.0016645859342487856,1,-1.0,1.7561779548682521,4806.0,False,-1.0,0.0016645859342487856
2020-04-10 10:40:00,-0.00022475188598036766,0.002492729538845051,-0.002492729538845051,0,-1.0,1.753685225329407,4814.0,False,-1.0,0.002492729538845051
2020-04-10 11:25:00,-0.00022475188598036766,-0.0033153750518026825,0.0033153750518026825,0,-1.0,1.7570006003812098,4826.0,False,-1.0,-0.0033153750518026825
2020-04-10 14:10:00,0.0006528461817651987,-0.01496881496881497,0.01496881496881497,0,-1.0,1.7719694153500247,4810.0,False,0.0,-0.01496881496881497
2020-04-10 14:55:00,-0.00021736178314313293,0.013085690164626351,0.0,1,0.0,1.7719694153500247,4738.0,False,0.0,0.013085690164626351
2020-04-13 09:40:00,-0.00021736178314313293,-0.009166666666666656,-0.0,1,0.0,1.7719694153500247,4800.0,False,0.0,-0.009166666666666656
2020-04-13 10:40:00,-0.00021736178314313293,0.000841042893187538,0.0,0,0.0,1.7719694153500247,4756.0,False,0.0,0.000841042893187538
2020-04-13 11:25:00,-0.00021014170488342643,-0.001680672268907557,-0.0,0,0.0,1.7719694153500247,4760.0,False,0.0,-0.001680672268907557
2020-04-13 14:10:00,0.0006974498392082751,-0.002946127946127919,-0.0,0,0.0,1.7719694153500247,4752.0,False,1.0,-0.002946127946127919
2020-04-13 14:55:00,-4.211056875647046e-06,-0.013507809202194965,-0.013507809202194965,1,1.0,1.7584616061478298,4738.0,False,0.0,-0.013507809202194965
2020-04-14 09:40:00,3.466857742751017e-05,0.00042789901583217826,0.0,1,0.0,1.7584616061478298,4674.0,False,0.0,0.00042789901583217826
2020-04-14 10:40:00,3.466857742751017e-05,0.0047048759623609104,0.0,1,0.0,1.7584616061478298,4676.0,False,0.0,0.0047048759623609104
2020-04-14 11:25:00,4.8710397095419466e-05,-0.009791400595998256,-0.0,1,0.0,1.7584616061478298,4698.0,False,0.0,-0.009791400595998256
2020-04-14 14:10:00,0.0006866332259960473,0.005159071367153878,0.0,0,0.0,1.7584616061478298,4652.0,False,1.0,0.005159071367153878
2020-04-14 14:55:00,0.00010728585766628385,-0.002138579982891353,-0.002138579982891353,0,1.0,1.7563230261649383,4676.0,False,1.0,-0.002138579982891353
2020-04-15 09:40:00,0.00012453817180357873,0.0072867552507500655,0.0072867552507500655,0,1.0,1.7636097814156884,4666.0,False,1.0,0.0072867552507500655
2020-04-15 10:40:00,0.00011168690980412066,0.0008510638297871687,0.0008510638297871687,0,1.0,1.7644608452454755,4700.0,False,1.0,0.0008510638297871687
2020-04-15 11:25:00,0.00011168690980412066,0.0,0.0,0,1.0,1.7644608452454755,4704.0,False,1.0,0.0
2020-04-15 14:10:00,0.0007364546763710678,-0.00042517006802722523,-0.00042517006802722523,0,1.0,1.7640356751774484,4704.0,False,1.0,-0.00042517006802722523
2020-04-15 14:55:00,2.0031062376801856e-05,-0.004678860059549095,-0.004678860059549095,0,1.0,1.7593568151178993,4702.0,False,1.0,-0.004678860059549095
2020-04-16 09:40:00,2.0031062376801856e-05,0.0012820512820512775,0.0012820512820512775,0,1.0,1.7606388663999506,4680.0,False,1.0,0.0012820512820512775
2020-04-16 10:40:00,2.0031062376801856e-05,0.008536064874093086,0.008536064874093086,0,1.0,1.7691749312740437,4686.0,False,1.0,0.008536064874093086
2020-04-16 11:25:00,2.0031062376801856e-05,-0.010156580617858624,-0.010156580617858624,0,1.0,1.7590183506561852,4726.0,False,1.0,-0.010156580617858624
2020-04-16 14:10:00,0.0007868994143791497,-0.005130397605814463,-0.005130397605814463,0,1.0,1.7538879530503706,4678.0,False,1.0,-0.005130397605814463
2020-04-16 14:55:00,0.000637306016869843,-0.010743446497636477,-0.010743446497636477,0,1.0,1.743144506552734,4654.0,False,1.0,-0.010743446497636477
2020-04-17 09:40:00,0.0006849486962892115,0.0008688097306690512,0.0008688097306690512,0,1.0,1.7440133162834033,4604.0,False,1.0,0.0008688097306690512
2020-04-17 10:40:00,0.0006481620366685092,-0.0060763888888888395,-0.0060763888888888395,0,1.0,1.7379369273945144,4608.0,False,1.0,-0.0060763888888888395
2020-04-17 11:25:00,0.0007093786261975765,0.005240174672489051,0.005240174672489051,0,1.0,1.7431771020670035,4580.0,False,1.0,0.005240174672489051
2020-04-17 14:10:00,0.0008416342316195369,0.01476976542137276,0.01476976542137276,0,1.0,1.7579468674883763,4604.0,False,1.0,0.01476976542137276
2020-04-17 14:55:00,4.199134127702564e-05,0.001712328767123239,0.001712328767123239,0,1.0,1.7596591962554995,4672.0,False,1.0,0.001712328767123239
2020-04-20 09:40:00,4.199134127702564e-05,-0.002991452991452981,-0.002991452991452981,0,1.0,1.7566677432640465,4680.0,False,1.0,-0.002991452991452981
2020-04-20 10:40:00,5.603316458291374e-05,0.0,0.0,0,1.0,1.7566677432640465,4666.0,False,1.0,0.0
2020-04-20 11:25:00,5.603316458291374e-05,0.0030004286326617002,0.0030004286326617002,0,1.0,1.759668171896708,4666.0,False,1.0,0.0030004286326617002
2020-04-20 14:10:00,0.0007468690164387226,0.0,0.0,0,1.0,1.759668171896708,4680.0,False,1.0,0.0
2020-04-20 14:55:00,0.0002990522771142423,-0.015811965811965867,-0.015811965811965867,0,1.0,1.7438562060847422,4680.0,False,1.0,-0.015811965811965867
2020-04-21 09:40:00,0.0005003409460186958,-0.01953973078593141,-0.01953973078593141,0,1.0,1.724316475298811,4606.0,False,1.0,-0.01953973078593141
2020-04-21 10:40:00,0.0005408450379036367,-0.00310008857395927,-0.00310008857395927,0,1.0,1.7212163867248516,4516.0,False,1.0,-0.00310008857395927
2020-04-21 11:25:00,0.0005755276069976389,-0.011994669035984007,-0.011994669035984007,0,1.0,1.7092217176888675,4502.0,False,1.0,-0.011994669035984007
2020-04-21 14:10:00,0.0013452081475406885,0.006744604316546665,0.006744604316546665,0,1.0,1.7159663220054142,4448.0,False,1.0,0.006744604316546665
2020-04-21 14:55:00,0.0009338042582385242,-0.01831174631531929,-0.01831174631531929,0,1.0,1.697654575690095,4478.0,False,1.0,-0.01831174631531929
2020-04-22 09:40:00,0.0009639449999667704,0.009554140127388644,0.009554140127388644,0,1.0,1.7072087158174836,4396.0,False,1.0,0.009554140127388644
2020-04-22 10:40:00,0.0009860062273219228,0.004055881027489772,0.004055881027489772,0,1.0,1.7112645968449733,4438.0,False,1.0,0.004055881027489772
2020-04-22 11:25:00,0.0009860062273219228,-0.006732495511669656,-0.006732495511669656,0,1.0,1.7045321013333037,4456.0,False,1.0,-0.006732495511669656
2020-04-22 14:10:00,0.001271948218345642,0.0,0.0,0,1.0,1.7045321013333037,4426.0,False,1.0,0.0
2020-04-22 14:55:00,0.0008550984784960747,0.00451875282422054,0.00451875282422054,0,1.0,1.7090508541575242,4426.0,False,1.0,0.00451875282422054
2020-04-23 09:40:00,0.0008270465768873692,0.003598740440845738,0.003598740440845738,0,1.0,1.71264959459837,4446.0,False,1.0,0.003598740440845738
2020-04-23 10:40:00,0.0008270465768873692,0.00044822949350065144,0.00044822949350065144,0,1.0,1.7130978240918706,4462.0,False,1.0,0.00044822949350065144
2020-04-23 11:25:00,0.0008454894414171576,-0.0013440860215053752,-0.0013440860215053752,0,1.0,1.7117537380703651,4464.0,False,1.0,-0.0013440860215053752
2020-04-23 14:10:00,0.0012010547798126936,0.004486316733961493,0.004486316733961493,0,1.0,1.7162400548043268,4458.0,False,1.0,0.004486316733961493
2020-04-23 14:55:00,0.0006474983529187739,0.0008932559178205235,0.0008932559178205235,0,1.0,1.7171333107221471,4478.0,False,1.0,0.0008932559178205235
2020-04-24 09:40:00,0.0006474983529187739,-0.009370816599732268,-0.009370816599732268,0,1.0,1.707762494122415,4482.0,False,1.0,-0.009370816599732268
2020-04-24 10:40:00,0.0006765140569768846,-0.0018018018018017834,-0.0018018018018017834,0,1.0,1.7059606923206132,4440.0,False,1.0,-0.0018018018018017834
2020-04-24 11:25:00,0.0006474983529187739,0.0027075812274368616,0.0027075812274368616,0,1.0,1.70866827354805,4432.0,False,1.0,0.0027075812274368616
2020-04-24 14:10:00,0.0011351816356182098,-0.013501350135013523,-0.013501350135013523,0,1.0,1.6951669234130367,4444.0,False,1.0,-0.013501350135013523
2020-04-24 14:55:00,0.0010409340029582381,-0.012773722627737238,-0.012773722627737238,0,1.0,1.6823932007852993,4384.0,False,1.0,-0.012773722627737238
2020-04-27 09:40:00,0.0009648764389567077,0.00600739371534198,0.00600739371534198,0,1.0,1.6884005945006413,4328.0,False,1.0,0.00600739371534198
2020-04-27 10:40:00,0.0010409340029582381,-0.00413412953605885,-0.00413412953605885,0,1.0,1.6842664649645824,4354.0,False,1.0,-0.00413412953605885
2020-04-27 11:25:00,0.0010224912548437715,-0.01060885608856088,-0.01060885608856088,0,1.0,1.6736576088760216,4336.0,False,1.0,-0.01060885608856088
2020-04-27 14:10:00,0.0011621718294918537,0.013053613053612967,0.013053613053612967,0,1.0,1.6867112219296345,4290.0,False,1.0,0.013053613053612967
2020-04-27 14:55:00,0.0008061452535912395,-0.00046019328117807845,-0.00046019328117807845,0,1.0,1.6862510286484564,4346.0,False,1.0,-0.00046019328117807845
2020-04-28 09:40:00,0.0007804822525940835,-0.0032228360957642366,-0.0032228360957642366,0,1.0,1.6830281925526922,4344.0,False,1.0,-0.0032228360957642366
2020-04-28 10:40:00,0.0007804822525940835,-0.0009237875288683473,-0.0009237875288683473,0,1.0,1.6821044050238239,4330.0,False,1.0,-0.0009237875288683473
2020-04-28 11:25:00,0.0008061452535912395,-0.00277392510402219,-0.00277392510402219,0,1.0,1.6793304799198017,4326.0,False,1.0,-0.00277392510402219
2020-04-28 14:10:00,0.0011724872747436166,0.0027816411682892728,0.0027816411682892728,0,1.0,1.682112121088091,4314.0,False,1.0,0.0027816411682892728
2020-04-28 14:55:00,0.0007284951861947775,0.00832177531206657,0.00832177531206657,0,1.0,1.6904338964001575,4326.0,False,1.0,0.00832177531206657
2020-04-29 09:40:00,0.00074693065835163,0.0009170105456213218,0.0009170105456213218,0,1.0,1.6913509069457788,4362.0,False,1.0,0.0009170105456213218
2020-04-29 10:40:00,0.0007212750497274101,0.001832340815391742,0.001832340815391742,0,1.0,1.6931832477611706,4366.0,False,1.0,0.001832340815391742
2020-04-29 11:25:00,0.0009035185794346035,-0.0009144947416552807,-0.0009144947416552807,0,1.0,1.6922687530195153,4374.0,False,1.0,-0.0009144947416552807
2020-04-29 14:10:00,0.0011988437036052346,-0.004576659038901587,-0.004576659038901587,0,1.0,1.6876920939806137,4370.0,False,1.0,-0.004576659038901587
2020-04-29 14:55:00,0.000836333550978452,0.009195402298850519,0.009195402298850519,0,1.0,1.6968874962794642,4350.0,False,1.0,0.009195402298850519
2020-04-30 09:40:00,0.000683647464029491,0.0054669703872436415,0.0054669703872436415,0,1.0,1.7023544666667079,4390.0,False,1.0,0.0054669703872436415
2020-04-30 10:40:00,0.000718859548214823,0.0009062075215224841,0.0009062075215224841,0,1.0,1.7032606741882304,4414.0,False,1.0,0.0009062075215224841
2020-04-30 11:25:00,0.0008665054920129478,0.004526935264825616,0.004526935264825616,0,1.0,1.707787609453056,4418.0,False,1.0,0.004526935264825616
2020-04-30 14:10:00,0.0007483407389372587,-0.0013519603424966276,-0.0013519603424966276,0,1.0,1.7064356491105594,4438.0,False,1.0,-0.0013519603424966276
2020-04-30 14:55:00,7.874540460761636e-05,-0.013537906137184086,-0.013537906137184086,0,1.0,1.6928977429733751,4432.0,False,1.0,-0.013537906137184086
2020-05-06 09:40:00,9.266137931263074e-05,-0.0018298261665141702,-0.0018298261665141702,0,1.0,1.691067916806861,4372.0,False,1.0,-0.0018298261665141702
2020-05-06 10:40:00,6.764304998796433e-05,-0.002749770852429001,-0.002749770852429001,0,1.0,1.688318145954432,4364.0,False,1.0,-0.002749770852429001
2020-05-06 11:25:00,7.910116983111948e-05,-0.007352941176470562,-0.007352941176470562,0,1.0,1.6809652047779615,4352.0,False,1.0,-0.007352941176470562
2020-05-06 14:10:00,0.0009848220506682992,0.0009259259259259967,0.0009259259259259967,0,1.0,1.6818911307038875,4320.0,False,1.0,0.0009259259259259967
2020-05-06 14:55:00,0.0005772782606072724,-0.0037002775208140326,-0.0037002775208140326,0,1.0,1.6781908531830734,4324.0,False,1.0,-0.0037002775208140326
2020-05-07 09:40:00,0.0004119550285395235,0.006499535747446661,0.006499535747446661,0,1.0,1.68469038893052,4308.0,False,1.0,0.006499535747446661
2020-05-07 10:40:00,0.0006069084629416466,0.0004612546125462025,0.0004612546125462025,0,1.0,1.6851516435430662,4336.0,False,1.0,0.0004612546125462025
2020-05-07 11:25:00,0.00039839488454163074,0.006454587367450415,0.006454587367450415,0,1.0,1.6916062309105167,4338.0,False,1.0,0.006454587367450415
2020-05-07 14:10:00,0.0011038017692044377,0.0013742556115436955,0.0013742556115436955,0,1.0,1.6929804865220603,4366.0,False,1.0,0.0013742556115436955
2020-05-07 14:55:00,0.0005209980881772935,-0.006404391582799596,-0.006404391582799596,0,1.0,1.686576094939261,4372.0,False,1.0,-0.006404391582799596
2020-05-07 21:35:00,0.0007640229305252433,0.01012891344383049,0.01012891344383049,0,1.0,1.6967050083830912,4344.0,False,1.0,0.01012891344383049
2020-05-08 09:40:00,0.0005137779517099261,-0.00592525068368277,-0.00592525068368277,0,1.0,1.6907797576994086,4388.0,False,1.0,-0.00592525068368277
2020-05-08 10:40:00,0.0007222916465252638,0.0009170105456213218,0.0009170105456213218,0,1.0,1.69169676824503,4362.0,False,1.0,0.0009170105456213218
2020-05-08 11:25:00,0.0008747709216549993,0.005497022446175004,0.005497022446175004,0,1.0,1.697193790691205,4366.0,False,1.0,0.005497022446175004
2020-05-08 14:10:00,0.0007075080648064613,-0.0027334851936218207,-0.0027334851936218207,0,1.0,1.694460305497583,4390.0,False,1.0,-0.0027334851936218207
2020-05-08 14:55:00,0.0009763634297996759,0.0,0.0,0,1.0,1.694460305497583,4378.0,False,1.0,0.0
2020-05-08 21:35:00,0.000847205868922174,0.009136592051165016,0.009136592051165016,0,1.0,1.703596897548748,4378.0,False,1.0,0.009136592051165016
2020-05-11 09:40:00,0.0006442122394219041,0.008148483476686286,0.008148483476686286,0,1.0,1.7117453810254344,4418.0,False,1.0,0.008148483476686286
2020-05-11 10:40:00,0.000804027309641242,0.0004490345756622549,0.0004490345756622549,0,1.0,1.7121944156010966,4454.0,False,1.0,0.0004490345756622549
2020-05-11 11:25:00,0.0006134007126092911,-0.005834829443447043,-0.005834829443447043,0,1.0,1.7063595861576495,4456.0,False,1.0,-0.005834829443447043
2020-05-11 14:10:00,0.0007189224706962705,-0.0027088036117381975,-0.0027088036117381975,0,1.0,1.7036507825459113,4430.0,False,1.0,-0.0027088036117381975
2020-05-11 14:55:00,0.00035361331538297236,-0.002263467632412808,-0.002263467632412808,0,1.0,1.7013873149134986,4418.0,False,1.0,-0.002263467632412808
2020-05-12 09:40:00,0.00033155208802782,-0.0068058076225044895,-0.0068058076225044895,0,1.0,1.694581507290994,4408.0,False,1.0,-0.0068058076225044895
2020-05-12 10:40:00,0.0004178411327302456,0.0,0.0,0,1.0,1.694581507290994,4378.0,False,1.0,0.0
2020-05-12 11:25:00,0.00035361331538297236,-0.006395614435815489,-0.006395614435815489,0,1.0,1.6881858928551785,4378.0,False,1.0,-0.006395614435815489
2020-05-12 14:10:00,0.0011511339107528329,-0.0036781609195402076,-0.0036781609195402076,0,1.0,1.6845077319356383,4350.0,False,1.0,-0.0036781609195402076
2020-05-12 14:55:00,0.0018140043830499053,0.0,0.0,0,1.0,1.6845077319356383,4334.0,False,1.0,0.0
2020-05-12 21:35:00,0.001924603246152401,0.0032302722658053007,0.0032302722658053007,0,1.0,1.6877380042014436,4334.0,False,1.0,0.0032302722658053007
2020-05-13 09:40:00,0.0017303224885836244,-0.0032198712051517697,-0.0032198712051517697,0,1.0,1.684518132996292,4348.0,False,1.0,-0.0032198712051517697
2020-05-13 10:40:00,0.0019247641321271658,0.0027688047992615594,0.0027688047992615594,0,1.0,1.6872869377955535,4334.0,False,1.0,0.0027688047992615594
2020-05-13 11:25:00,0.001992681762203574,0.0046019328117810065,0.0046019328117810065,0,1.0,1.6918888706073345,4346.0,False,1.0,0.0046019328117810065
2020-05-13 14:10:00,0.0021377436351031065,0.0013742556115436955,0.0013742556115436955,0,1.0,1.6932631262188782,4366.0,False,1.0,0.0013742556115436955
2020-05-13 14:55:00,0.002035596175119281,0.006861848124428249,0.006861848124428249,0,1.0,1.7001249743433064,4372.0,False,1.0,0.006861848124428249
2020-05-13 21:35:00,0.002127508632838726,-0.003180372557928246,-0.003180372557928246,0,1.0,1.6969446017853782,4402.0,False,1.0,-0.003180372557928246
2020-05-14 09:40:00,0.0018027429468929768,-0.008204193254329972,-0.008204193254329972,0,1.0,1.6887404085310482,4388.0,False,1.0,-0.008204193254329972
2020-05-14 10:40:00,0.002127508632838726,0.0013786764705883137,0.0013786764705883137,0,1.0,1.6901190850016365,4352.0,False,1.0,0.0013786764705883137
2020-05-14 11:25:00,0.002127508632838726,0.0027535566773748688,0.0027535566773748688,0,1.0,1.6928726416790114,4358.0,False,1.0,0.0027535566773748688
2020-05-14 14:10:00,0.002199524315074086,-0.005491990846681949,-0.005491990846681949,0,1.0,1.6873806508323295,4370.0,False,1.0,-0.005491990846681949
2020-05-14 14:55:00,0.0022159770596772432,0.005982512655315242,0.005982512655315242,0,1.0,1.6933631634876447,4346.0,False,1.0,0.005982512655315242
2020-05-14 21:35:00,0.002143961377441883,0.011893870082342106,0.011893870082342106,0,1.0,1.7052570335699868,4372.0,False,1.0,0.011893870082342106
2020-05-15 09:40:00,0.001901333569549024,0.011301989150090508,0.011301989150090508,0,1.0,1.7165590227200773,4424.0,False,1.0,0.011301989150090508
2020-05-15 10:40:00,0.0021377436351031065,0.0,0.0,0,1.0,1.7165590227200773,4474.0,False,1.0,0.0
2020-05-15 11:25:00,0.001370066194795072,-0.004470272686633914,-0.004470272686633914,0,1.0,1.7120887500334434,4474.0,False,1.0,-0.004470272686633914
2020-05-15 14:10:00,0.001370066194795072,0.005388414907947947,0.005388414907947947,0,1.0,1.7174771649413914,4454.0,False,1.0,0.005388414907947947
2020-05-15 14:55:00,0.0013108367566019297,0.001786511835640825,0.001786511835640825,0,1.0,1.7192636767770322,4478.0,False,1.0,0.001786511835640825
2020-05-15 21:35:00,0.0012315692147240043,0.006687472135532779,0.006687472135532779,0,1.0,1.725951148912565,4486.0,False,1.0,0.006687472135532779
2020-05-18 09:40:00,0.000925716944038868,0.005314437555358653,0.005314437555358653,0,1.0,1.7312655864679236,4516.0,False,1.0,0.005314437555358653
2020-05-18 10:40:00,0.0010510935680940747,0.0022026431718060735,0.0022026431718060735,0,1.0,1.7334682296397297,4540.0,False,1.0,0.0022026431718060735
2020-05-18 11:25:00,0.001012257649563253,-0.004835164835164885,-0.004835164835164885,0,1.0,1.7286330648045647,4550.0,False,1.0,-0.004835164835164885
2020-05-18 14:10:00,0.0014553200453519821,-0.0004416961130742081,-0.0004416961130742081,0,1.0,1.7281913686914905,4528.0,False,1.0,-0.0004416961130742081
2020-05-18 14:55:00,0.0010554073378443718,0.008395934600088362,0.008395934600088362,0,1.0,1.736587303291579,4526.0,False,1.0,0.008395934600088362
2020-05-19 09:40:00,0.0009858175180852413,0.0013146362839613346,0.0013146362839613346,0,1.0,1.7379019395755404,4564.0,False,1.0,0.0013146362839613346
2020-05-19 10:40:00,0.0010455871233716607,-0.0004376367614880028,-0.0004376367614880028,0,1.0,1.7374643028140522,4570.0,False,1.0,-0.0004376367614880028
2020-05-19 11:25:00,0.0010194447822868824,-0.007005253940455369,-0.007005253940455369,0,1.0,1.730459048873597,4568.0,False,1.0,-0.007005253940455369
2020-05-19 14:10:00,0.001624800730496645,0.0057319223985889955,0.0057319223985889955,0,1.0,1.736190971272186,4536.0,False,1.0,0.0057319223985889955
2020-05-19 14:55:00,0.0010440935147926211,-0.0013152126260411734,-0.0013152126260411734,0,1.0,1.7348757586461447,4562.0,False,1.0,-0.0013152126260411734
2020-05-19 21:35:00,0.0012704642722383142,0.003950834064969211,0.003950834064969211,0,1.0,1.738826592711114,4556.0,False,1.0,0.003950834064969211
2020-05-20 09:40:00,0.000989427324384451,0.0021862702229995534,0.0021862702229995534,0,1.0,1.7410128629341135,4574.0,False,1.0,0.0021862702229995534
2020-05-20 10:40:00,0.0010440935147926211,0.0,0.0,0,1.0,1.7410128629341135,4584.0,False,1.0,0.0
2020-05-20 11:25:00,0.0015506618656218052,-0.0008726003490401313,-0.0008726003490401313,0,1.0,1.7401402625850735,4584.0,False,1.0,-0.0008726003490401313
2020-05-20 14:10:00,0.001323298318311572,-0.006113537117903967,-0.006113537117903967,0,1.0,1.7340267254671695,4580.0,False,1.0,-0.006113537117903967
2020-05-20 14:55:00,0.001579677569679916,0.0017574692442883233,0.0017574692442883233,0,1.0,1.7357841947114578,4552.0,False,1.0,0.0017574692442883233
2020-05-20 21:35:00,0.0015276994090527296,0.0030701754385964453,0.0030701754385964453,0,1.0,1.738854370150054,4560.0,False,1.0,0.0030701754385964453
2020-05-21 09:40:00,0.0012641004286706448,0.0056843025797987945,0.0056843025797987945,0,1.0,1.744538672729853,4574.0,False,1.0,0.0056843025797987945
2020-05-21 10:40:00,0.0014146881876513362,-0.003913043478260825,-0.003913043478260825,0,1.0,1.7406256292515923,4600.0,False,1.0,-0.003913043478260825
2020-05-21 11:25:00,0.0013920544879510999,0.0030554343081623525,0.0030554343081623525,0,1.0,1.7436810635597544,4582.0,False,1.0,0.0030554343081623525
2020-05-21 14:10:00,0.0013920544879510999,-0.004786771105309007,-0.004786771105309007,0,1.0,1.7388942924544455,4596.0,False,1.0,-0.004786771105309007
2020-05-21 14:55:00,0.0014778891345486045,-0.0008745080891998658,-0.0008745080891998658,0,1.0,1.7380197843652456,4574.0,False,1.0,-0.0008745080891998658
2020-05-21 21:35:00,0.0015998085727915168,0.0026258205689277947,0.0026258205689277947,0,1.0,1.7406456049341734,4570.0,False,1.0,0.0026258205689277947
2020-05-22 09:40:00,0.0012994062853977084,-0.004364906154517678,-0.004364906154517678,0,1.0,1.7362806987796557,4582.0,False,1.0,-0.004364906154517678
2020-05-22 10:40:00,0.0014432099414989352,-0.006137658921525624,-0.006137658921525624,0,1.0,1.7301430398581301,4562.0,False,1.0,-0.006137658921525624
2020-05-22 11:25:00,0.001605228753760457,-0.006175562417291558,-0.006175562417291558,0,1.0,1.7239674774408384,4534.0,False,1.0,-0.006175562417291558
2020-05-22 14:10:00,0.0017233815742656589,-0.0013315579227696217,-0.0013315579227696217,0,1.0,1.722635919518069,4506.0,False,1.0,-0.0013315579227696217
2020-05-22 14:55:00,0.0017996750539168715,-0.0040000000000000036,-0.0040000000000000036,0,1.0,1.718635919518069,4500.0,False,1.0,-0.0040000000000000036
2020-05-22 21:35:00,0.0015952734975144267,0.0035698348951360703,0.0035698348951360703,0,1.0,1.722205754413205,4482.0,False,1.0,0.0035698348951360703
2020-05-25 09:40:00,0.0014343223301693797,0.006224988883948512,0.006224988883948512,0,1.0,1.7284307432971535,4498.0,False,1.0,0.006224988883948512
2020-05-25 10:40:00,0.001488988404162228,0.003977021652673551,0.003977021652673551,0,1.0,1.732407764949827,4526.0,False,1.0,0.003977021652673551
2020-05-25 11:25:00,0.0014664006885141134,0.004841549295774739,0.004841549295774739,0,1.0,1.7372493142456018,4544.0,False,1.0,0.004841549295774739
2020-05-25 14:10:00,0.0018262536032125354,0.001752080595707417,0.001752080595707417,0,1.0,1.7390013948413092,4566.0,False,1.0,0.001752080595707417
2020-05-25 14:55:00,0.0012989818351343274,0.003060778312199419,0.003060778312199419,0,1.0,1.7420621731535086,4574.0,False,1.0,0.003060778312199419
2020-05-26 09:40:00,0.0012295631458982825,0.005666957279860441,0.005666957279860441,0,1.0,1.747729130433369,4588.0,False,1.0,0.005666957279860441
2020-05-26 10:40:00,0.0012521508615463972,-0.0013003901170350884,-0.0013003901170350884,0,1.0,1.7464287403163339,4614.0,False,1.0,-0.0013003901170350884
2020-05-26 11:25:00,0.001281166565604508,-0.00434027777777779,-0.00434027777777779,0,1.0,1.7420884625385562,4608.0,False,1.0,-0.00434027777777779
2020-05-26 14:10:00,0.0014053519116714597,0.0030514385353095363,0.0030514385353095363,0,1.0,1.7451399010738657,4588.0,False,1.0,0.0030514385353095363
2020-05-26 14:55:00,0.0009886982152238488,0.0021729682746631784,0.0021729682746631784,0,1.0,1.747312869348529,4602.0,False,1.0,0.0021729682746631784
2020-05-26 21:35:00,0.0010701168794184923,0.00823937554206422,0.00823937554206422,0,1.0,1.7555522448905931,4612.0,False,1.0,0.00823937554206422
2020-05-27 09:40:00,0.0007510583964176476,0.001290322580645098,0.001290322580645098,0,1.0,1.7568425674712382,4650.0,False,1.0,0.001290322580645098
2020-05-27 10:40:00,0.0008233535918407142,0.0008591065292096189,0.0008591065292096189,0,1.0,1.7577016740004479,4656.0,False,1.0,0.0008591065292096189
2020-05-27 11:25:00,0.0014054978964850307,-0.0012875536480686511,-0.0012875536480686511,0,1.0,1.756414120352379,4660.0,False,1.0,-0.0012875536480686511
2020-05-27 14:10:00,0.0011839295038953424,0.00644606789858182,0.00644606789858182,0,1.0,1.762860188250961,4654.0,False,1.0,0.00644606789858182
2020-05-27 14:55:00,0.0011143883457407355,0.00256191289496166,0.00256191289496166,0,1.0,1.7654221011459228,4684.0,False,1.0,0.00256191289496166
2020-05-27 21:35:00,0.0012583727948367596,0.005536626916524678,0.005536626916524678,0,1.0,1.7709587280624475,4696.0,False,1.0,0.005536626916524678
2020-05-28 09:40:00,0.000874438090249896,0.008047437526471857,0.008047437526471857,0,1.0,1.7790061655889193,4722.0,False,1.0,0.008047437526471857
2020-05-28 10:40:00,0.0010755088878795505,0.0,0.0,0,1.0,1.7790061655889193,4760.0,False,1.0,0.0
2020-05-28 11:25:00,0.0010755088878795505,-0.00546218487394956,-0.00546218487394956,0,1.0,1.7735439807149698,4760.0,False,1.0,-0.00546218487394956
2020-05-28 14:10:00,0.0010755088878795505,0.00042247570764675224,0.00042247570764675224,0,1.0,1.7739664564226163,4734.0,False,1.0,0.00042247570764675224
2020-05-28 14:55:00,0.0015189426485449076,-0.0008445945945946276,-0.0008445945945946276,0,1.0,1.7731218618280218,4736.0,False,1.0,-0.0008445945945946276
2020-05-28 21:35:00,0.001599714974872768,-0.0008453085376162184,-0.0008453085376162184,0,1.0,1.7722765532904057,4732.0,False,1.0,-0.0008453085376162184
2020-05-29 09:40:00,0.0011895763454958797,0.0050761421319796,0.0050761421319796,0,1.0,1.777352695422385,4728.0,False,1.0,0.0050761421319796
2020-05-29 10:40:00,0.001396813546307385,-0.002525252525252486,-0.002525252525252486,0,1.0,1.7748274428971327,4752.0,False,1.0,-0.002525252525252486
2020-05-29 11:25:00,0.001396813546307385,0.0037974683544304,0.0037974683544304,0,1.0,1.778624911251563,4740.0,False,1.0,0.0037974683544304
2020-05-29 14:10:00,0.001396813546307385,-0.0012610340479193294,-0.0012610340479193294,0,1.0,1.7773638772036437,4758.0,False,1.0,-0.0012610340479193294
2020-05-29 14:55:00,0.001396813546307385,0.0,0.0,0,1.0,1.7773638772036437,4752.0,False,1.0,0.0
2020-05-29 21:35:00,0.0012704642722383142,0.004208754208754106,0.004208754208754106,0,1.0,1.7815726314123979,4752.0,False,1.0,0.004208754208754106
2020-06-01 09:40:00,0.0010449682595208287,-0.005448449287510426,-0.005448449287510426,0,1.0,1.7761241821248874,4772.0,False,1.0,-0.005448449287510426
2020-06-01 10:40:00,0.0010717392433434725,0.006742520016856268,0.006742520016856268,0,1.0,1.7828667021417437,4746.0,False,1.0,0.006742520016856268
2020-06-01 11:25:00,0.0010131571907550097,0.008790288823775638,0.008790288823775638,0,1.0,1.7916569909655193,4778.0,False,1.0,0.008790288823775638
2020-06-01 14:10:00,0.0014858825597912073,0.004564315352697079,0.004564315352697079,0,1.0,1.7962213063182164,4820.0,False,1.0,0.004564315352697079
2020-06-01 14:55:00,0.0009910922963172197,-0.00950020652622885,-0.00950020652622885,0,1.0,1.7867210997919876,4842.0,False,1.0,-0.00950020652622885
2020-06-02 09:40:00,0.0011818037601187825,-0.0012510425354461674,-0.0012510425354461674,0,1.0,1.7854700572565414,4796.0,False,1.0,-0.0012510425354461674
2020-06-02 10:40:00,0.0012356397928670049,-0.00041753653444676075,-0.00041753653444676075,0,1.0,1.7850525207220946,4790.0,False,1.0,-0.00041753653444676075
2020-06-02 11:25:00,0.0009550979011692107,0.007518796992481258,0.007518796992481258,0,1.0,1.792571317714576,4788.0,False,1.0,0.007518796992481258
2020-06-02 14:10:00,0.0014782454818487167,-0.0008291873963516272,-0.0008291873963516272,0,1.0,1.7917421303182244,4824.0,False,1.0,-0.0008291873963516272
2020-06-02 14:55:00,0.0011256863363087177,-0.004564315352697079,-0.004564315352697079,0,1.0,1.7871778149655273,4820.0,False,1.0,-0.004564315352697079
2020-06-02 21:35:00,0.0012565163196995854,0.01542309295539801,0.01542309295539801,0,1.0,1.802600907920925,4798.0,False,1.0,0.01542309295539801
2020-06-03 09:40:00,0.000925956352148205,0.004515599343185572,0.004515599343185572,0,1.0,1.8071165072641109,4872.0,False,1.0,0.004515599343185572
2020-06-03 10:40:00,0.0011382645461708307,0.0,0.0,0,1.0,1.8071165072641109,4894.0,False,1.0,0.0
2020-06-03 11:25:00,0.0013479524059221148,-0.000408663669799747,-0.000408663669799747,0,1.0,1.8067078435943111,4894.0,False,1.0,-0.000408663669799747
2020-06-03 14:10:00,0.0015654799062758684,-0.00040883074407194187,-0.00040883074407194187,0,1.0,1.8062990128502392,4892.0,False,1.0,-0.00040883074407194187
2020-06-03 14:55:00,0.001288795843720436,0.00040899795501014857,0.00040899795501014857,0,1.0,1.8067080108052491,4890.0,False,1.0,0.00040899795501014857
2020-06-03 21:35:00,0.0015385235892608762,-0.0008176614881438837,-0.0008176614881438837,0,1.0,1.8058903493171052,4892.0,False,1.0,-0.0008176614881438837
2020-06-04 09:40:00,0.0011256791185587645,0.002454991816693841,0.002454991816693841,0,1.0,1.808345341133799,4888.0,False,1.0,0.002454991816693841
2020-06-04 10:40:00,0.0013908175751566887,-0.001224489795918382,-0.001224489795918382,0,1.0,1.807120851337881,4900.0,False,1.0,-0.001224489795918382
2020-06-04 11:25:00,0.001579845673404634,-0.004086636697997581,-0.004086636697997581,0,1.0,1.8030342146398832,4894.0,False,1.0,-0.004086636697997581
2020-06-04 14:10:00,0.0013275394449010491,0.006155108740254489,0.006155108740254489,0,1.0,1.8091893233801377,4874.0,False,1.0,0.006155108740254489
2020-06-04 14:55:00,0.0013579680817201734,0.0032626427406199365,0.0032626427406199365,0,1.0,1.8124519661207577,4904.0,False,1.0,0.0032626427406199365
2020-06-04 21:35:00,0.0015703594544902444,-0.004065040650406471,-0.004065040650406471,0,1.0,1.808386925470351,4920.0,False,1.0,-0.004065040650406471
2020-06-05 09:40:00,0.001168973045423627,-0.004489795918367401,-0.004489795918367401,0,1.0,1.803897129551984,4900.0,False,1.0,-0.004489795918367401
2020-06-05 10:40:00,0.0014729117974638939,0.002460024600245969,0.002460024600245969,0,1.0,1.8063571541522299,4878.0,False,1.0,0.002460024600245969
2020-06-05 11:25:00,0.0015480098081752658,0.0016359918200408163,0.0016359918200408163,0,1.0,1.8079931459722705,4890.0,False,1.0,0.0016359918200408163
2020-06-05 14:10:00,0.0013399728341028094,0.002858309514087276,0.002858309514087276,0,1.0,1.810851455486358,4898.0,False,1.0,0.002858309514087276
2020-06-05 14:55:00,0.0018129475647583604,0.0004071661237785573,0.0004071661237785573,0,1.0,1.8112586216101363,4912.0,False,1.0,0.0004071661237785573
2020-06-05 21:35:00,0.0015470351791009307,-0.008954008954008996,-0.008954008954008996,0,1.0,1.8023046126561275,4914.0,False,1.0,-0.008954008954008996
2020-06-08 09:40:00,0.0014038186054676771,-0.004928131416837789,-0.004928131416837789,0,1.0,1.7973764812392896,4870.0,False,1.0,-0.004928131416837789
2020-06-08 10:40:00,0.001504621934145689,0.0024762690879076565,0.0024762690879076565,0,1.0,1.7998527503271973,4846.0,False,1.0,0.0024762690879076565
2020-06-08 11:25:00,0.0016287816688418388,0.0,0.0,0,1.0,1.7998527503271973,4858.0,False,1.0,0.0
2020-06-08 14:10:00,0.0016824300400912762,0.008233841086866978,0.008233841086866978,0,1.0,1.8080865914140642,4858.0,False,1.0,0.008233841086866978
2020-06-08 14:55:00,0.0015284559922292829,-0.0004083299305839283,-0.0004083299305839283,0,1.0,1.8076782614834803,4898.0,False,1.0,-0.0004083299305839283
2020-06-09 09:40:00,0.0015284559922292829,-0.0028594771241829964,-0.0028594771241829964,0,1.0,1.8048187843592973,4896.0,False,1.0,-0.0028594771241829964
2020-06-09 10:40:00,0.0015574716962873936,0.004096681687832948,0.004096681687832948,0,1.0,1.8089154660471303,4882.0,False,1.0,0.004096681687832948
2020-06-09 11:25:00,0.0014924616552889347,0.013871889024887896,0.013871889024887896,0,1.0,1.8227873550720182,4902.0,False,1.0,0.013871889024887896
2020-06-09 14:10:00,0.0013635111972689629,0.009657947686116719,0.009657947686116719,0,1.0,1.8324453027581349,4970.0,False,1.0,0.009657947686116719
2020-06-09 14:55:00,0.0008377489866688848,0.004384216819449893,0.004384216819449893,0,1.0,1.8368295195775848,5018.0,False,1.0,0.004384216819449893
2020-06-09 21:35:00,0.0011554782977327704,-0.0031746031746031633,-0.0031746031746031633,0,1.0,1.8336549164029816,5040.0,False,1.0,-0.0031746031746031633
2020-06-10 09:40:00,0.0008056707447394729,0.0,0.0,0,1.0,1.8336549164029816,5024.0,False,1.0,0.0
2020-06-10 10:40:00,0.0008349447743967175,0.0003980891719745916,0.0003980891719745916,0,1.0,1.8340530055749562,5024.0,False,1.0,0.0003980891719745916
2020-06-10 11:25:00,0.0012977041769772768,-0.0023875845602865375,-0.0023875845602865375,0,1.0,1.8316654210146697,5026.0,False,1.0,-0.0023875845602865375
2020-06-10 14:10:00,0.0011939676478505135,0.00518548065416824,0.00518548065416824,0,1.0,1.836850901668838,5014.0,False,1.0,0.00518548065416824
2020-06-10 14:55:00,0.0012460554717108607,-0.00436507936507935,-0.00436507936507935,0,1.0,1.8324858223037586,5040.0,False,1.0,-0.00436507936507935
2020-06-10 21:35:00,0.0015130172250792384,-0.008369868473495412,-0.008369868473495412,0,1.0,1.8241159538302631,5018.0,False,1.0,-0.008369868473495412
2020-06-11 09:40:00,0.001037065521813929,0.00562700964630225,0.00562700964630225,0,1.0,1.8297429634765654,4976.0,False,1.0,0.00562700964630225
2020-06-11 10:40:00,0.001272197812795639,-0.0007993605115906854,-0.0007993605115906854,0,1.0,1.8289436029649746,5004.0,False,1.0,-0.0007993605115906854
2020-06-11 11:25:00,0.0013000927865505219,0.0020000000000000018,0.0020000000000000018,0,1.0,1.8309436029649748,5000.0,False,1.0,0.0020000000000000018
2020-06-11 14:10:00,0.00125004758592695,-0.006387225548902142,-0.006387225548902142,0,1.0,1.8245563774160725,5010.0,False,1.0,-0.006387225548902142
2020-06-11 14:55:00,0.00117837218567729,0.0016070711128968185,0.0016070711128968185,0,1.0,1.8261634485289693,4978.0,False,1.0,0.0016070711128968185
2020-06-11 21:35:00,0.001347106066532433,-0.019253910950661868,-0.019253910950661868,0,1.0,1.8069095375783075,4986.0,False,1.0,-0.019253910950661868
2020-06-12 09:40:00,0.0010068925330415368,-0.0016359918200409274,-0.0016359918200409274,0,1.0,1.8052735457582667,4890.0,False,1.0,-0.0016359918200409274
2020-06-12 10:40:00,0.001268167165108025,0.005325686194182611,0.005325686194182611,0,1.0,1.810599231952449,4882.0,False,1.0,0.005325686194182611
2020-06-12 11:25:00,0.0020637696143239737,-0.0012224938875305957,-0.0012224938875305957,0,1.0,1.8093767380649186,4908.0,False,1.0,-0.0012224938875305957
2020-06-12 14:10:00,0.0020637696143239737,0.004487964096287156,0.004487964096287156,0,1.0,1.8138647021612058,4902.0,False,1.0,0.004487964096287156
2020-06-12 14:55:00,0.0020891602616757154,0.0012185215272135785,0.0012185215272135785,0,1.0,1.8150832236884193,4924.0,False,1.0,0.0012185215272135785
2020-06-12 21:35:00,0.0014774001901969314,0.0020283975659229903,0.0020283975659229903,0,1.0,1.8171116212543423,4930.0,False,1.0,0.0020283975659229903
2020-06-15 09:40:00,0.0013014987343922257,-0.0008097165991902688,-0.0008097165991902688,0,1.0,1.816301904655152,4940.0,False,1.0,-0.0008097165991902688
2020-06-15 10:40:00,0.0013370654778555036,0.006888168557536378,0.006888168557536378,0,1.0,1.8231900732126884,4936.0,False,1.0,0.006888168557536378
2020-06-15 11:25:00,0.0013255912344902754,-0.009255533199195143,-0.009255533199195143,0,1.0,1.8139345400134932,4970.0,False,1.0,-0.009255533199195143
2020-06-15 14:10:00,0.001926890341565013,-0.010154346060113784,-0.010154346060113784,0,1.0,1.8037801939533795,4924.0,False,1.0,-0.010154346060113784
2020-06-15 14:55:00,0.001347943558357656,0.011079195732457858,0.011079195732457858,0,1.0,1.8148593896858374,4874.0,False,1.0,0.011079195732457858
2020-06-16 09:40:00,0.0013773591490462422,0.0028409090909091717,0.0028409090909091717,0,1.0,1.8177002987767465,4928.0,False,1.0,0.0028409090909091717
2020-06-16 10:40:00,0.0014272117987275124,0.002428166734115722,0.002428166734115722,0,1.0,1.8201284655108623,4942.0,False,1.0,0.002428166734115722
2020-06-16 11:25:00,0.0014272117987275124,0.002422285022204207,0.002422285022204207,0,1.0,1.8225507505330665,4954.0,False,1.0,0.002422285022204207
2020-06-16 14:10:00,0.0020199548453092575,-0.001208215867901763,-0.001208215867901763,0,1.0,1.8213425346651646,4966.0,False,1.0,-0.001208215867901763
2020-06-16 14:55:00,0.0002927559253294021,0.005645161290322553,0.005645161290322553,0,1.0,1.8269876959554874,4960.0,False,1.0,0.005645161290322553
2020-06-16 21:35:00,0.0005201768362894654,0.003207698476343168,0.003207698476343168,0,1.0,1.8301953944318305,4988.0,False,1.0,0.003207698476343168
2020-06-17 09:40:00,0.0002927559253294021,0.00199840127897688,0.00199840127897688,0,1.0,1.8321937957108072,5004.0,False,1.0,0.00199840127897688
2020-06-17 10:40:00,0.0002927559253294021,-0.0023932987634622815,-0.0023932987634622815,0,1.0,1.8298004969473451,5014.0,False,1.0,-0.0023932987634622815
2020-06-17 11:25:00,0.0008714656578376889,-0.002399040383846418,-0.002399040383846418,0,1.0,1.8274014565634986,5002.0,False,1.0,-0.002399040383846418
2020-06-17 14:10:00,0.0008714656578376889,0.0052104208416834386,0.0052104208416834386,0,1.0,1.832611877405182,4990.0,False,1.0,0.0052104208416834386
2020-06-17 14:55:00,0.0002521705173421651,0.0035885167464115852,0.0035885167464115852,0,1.0,1.8362003941515936,5016.0,False,1.0,0.0035885167464115852
2020-06-17 21:35:00,0.0005928435130044818,-0.0003972983710767153,-0.0003972983710767153,0,1.0,1.835803095780517,5034.0,False,1.0,-0.0003972983710767153
2020-06-18 09:40:00,0.00011315945448586717,0.0015898251192367763,0.0015898251192367763,0,1.0,1.8373929208997537,5032.0,False,1.0,0.0015898251192367763
2020-06-18 10:40:00,0.0002840102242771536,-0.002777777777777768,-0.002777777777777768,0,1.0,1.834615143121976,5040.0,False,1.0,-0.002777777777777768
2020-06-18 11:25:00,0.0004220209375489503,-0.0035813768404298063,-0.0035813768404298063,0,1.0,1.8310337662815461,5026.0,False,1.0,-0.0035813768404298063
2020-06-18 14:10:00,0.0005457205115817487,-0.0003993610223642641,-0.0003993610223642641,0,1.0,1.8306344052591819,5008.0,False,1.0,-0.0003993610223642641
2020-06-18 14:55:00,0.00043421186273917556,-0.0007990411506192396,-0.0007990411506192396,0,1.0,1.8298353641085625,5006.0,False,1.0,-0.0007990411506192396
2020-06-18 21:35:00,0.0007247756002470851,0.003998400639743993,0.003998400639743993,0,1.0,1.8338337647483067,5002.0,False,1.0,0.003998400639743993
2020-06-19 09:40:00,0.000205553398700431,0.009956192751891635,0.009956192751891635,0,1.0,1.8437899575001984,5022.0,False,1.0,0.009956192751891635
2020-06-19 10:40:00,0.0002646619686856866,0.009069400630914881,0.009069400630914881,0,1.0,1.8528593581311132,5072.0,False,1.0,0.009069400630914881
2020-06-19 11:25:00,0.00042078373371623456,0.003516998827667095,0.003516998827667095,0,1.0,1.8563763569587803,5118.0,False,1.0,0.003516998827667095
2020-06-19 14:10:00,0.00044643934234045446,0.0,0.0,0,1.0,1.8563763569587803,5136.0,False,1.0,0.0
2020-06-19 14:55:00,0.0002310409618075937,0.004283489096573279,0.004283489096573279,0,1.0,1.8606598460553534,5136.0,False,1.0,0.004283489096573279
2020-06-19 21:35:00,-0.0007435176521539688,0.0011632415664986073,0.0011632415664986073,0,1.0,1.8618230876218522,5158.0,False,0.0,0.0011632415664986073
2020-06-22 09:40:00,-0.000981755554676056,-0.0007745933384972759,-0.0,1,0.0,1.8618230876218522,5164.0,False,-1.0,-0.0007745933384972759
2020-06-22 10:40:00,-0.0010771661764010787,-0.005426356589147252,0.005426356589147252,1,-1.0,1.8672494442109993,5160.0,False,-1.0,-0.005426356589147252
2020-06-22 11:25:00,-0.0010771661764010787,0.0038971161340608518,-0.0038971161340608518,0,-1.0,1.8633523280769384,5132.0,False,-1.0,0.0038971161340608518
2020-06-22 14:10:00,-0.0001768856163835153,-0.0038819875776398005,0.0038819875776398005,0,-1.0,1.8672343156545783,5152.0,False,-1.0,-0.0038819875776398005
2020-06-22 14:55:00,-0.000748072168789804,0.0011691348402183,-0.0011691348402183,0,-1.0,1.86606518081436,5132.0,False,-1.0,0.0011691348402183
2020-06-23 09:40:00,-0.0009941734606400132,-0.005838847800700653,0.005838847800700653,0,-1.0,1.8719040286150608,5138.0,False,-1.0,-0.005838847800700653
2020-06-23 10:40:00,-0.0009993930580094457,0.00469851213782313,-0.00469851213782313,0,-1.0,1.8672055164772376,5108.0,False,-1.0,0.00469851213782313
2020-06-23 11:25:00,-0.0010297949193045497,0.0011691348402183,-0.0011691348402183,0,-1.0,1.8660363816370191,5132.0,False,-1.0,0.0011691348402183
2020-06-23 14:10:00,-0.00020383742230478674,-0.003114052160373637,0.003114052160373637,0,-1.0,1.869150433797393,5138.0,False,-1.0,-0.003114052160373637
2020-06-23 14:55:00,-0.0009245793335139751,-0.002733307301835186,0.002733307301835186,0,-1.0,1.8718837410992282,5122.0,False,-1.0,-0.002733307301835186
2020-06-23 21:35:00,-0.0006674794713035226,-0.0003915426781518905,0.0003915426781518905,0,-1.0,1.87227528377738,5108.0,False,-1.0,-0.0003915426781518905
2020-06-24 09:40:00,-0.0009245793335139751,0.0015667841754798406,-0.0015667841754798406,0,-1.0,1.8707084996019,5106.0,False,-1.0,0.0015667841754798406
2020-06-24 10:40:00,-0.0007570515153929591,-0.002346499804458335,0.002346499804458335,0,-1.0,1.8730549994063583,5114.0,False,-1.0,-0.002346499804458335
2020-06-24 11:25:00,8.530499326298013e-05,0.001960015680125382,-0.001960015680125382,0,-1.0,1.8710949837262332,5102.0,False,0.0,0.001960015680125382
2020-06-24 14:10:00,5.987291660858318e-05,0.0007824726134584292,0.0,1,0.0,1.8710949837262332,5112.0,False,0.0,0.0007824726134584292
2020-06-24 14:55:00,0.00033895086380653083,-0.0003909304143862036,-0.0,1,0.0,1.8710949837262332,5116.0,False,0.0,-0.0003909304143862036
2020-06-24 21:35:00,0.0011730184778571129,-0.023073914743840462,-0.0,0,0.0,1.8710949837262332,5114.0,False,1.0,-0.023073914743840462
2020-06-29 09:40:00,0.0010744250612333417,-0.0032025620496397567,-0.0032025620496397567,0,1.0,1.8678924216765933,4996.0,False,1.0,-0.0032025620496397567
2020-06-29 10:40:00,0.0011888649314641953,-0.004819277108433773,-0.004819277108433773,0,1.0,1.8630731445681596,4980.0,False,1.0,-0.004819277108433773
2020-06-29 11:25:00,0.0012356959050521255,-0.003631961259079941,-0.003631961259079941,0,1.0,1.8594411833090796,4956.0,False,1.0,-0.003631961259079941
2020-06-29 14:10:00,0.001649138517677784,-0.0036452004860266785,-0.0036452004860266785,0,1.0,1.8557959828230528,4938.0,False,1.0,-0.0036452004860266785
2020-06-29 14:55:00,0.0012937549035996199,0.010569105691056846,0.010569105691056846,0,1.0,1.8663650885141099,4920.0,False,1.0,0.010569105691056846
2020-06-30 09:40:00,0.001327033038251102,0.0068382944489138175,0.0068382944489138175,0,1.0,1.8732033829630237,4972.0,False,1.0,0.0068382944489138175
2020-06-30 10:40:00,0.0014511927729472518,0.0,0.0,0,1.0,1.8732033829630237,5006.0,False,1.0,0.0
2020-06-30 11:25:00,0.0013666439335793257,-0.00039952057530967533,-0.00039952057530967533,0,1.0,1.872803862387714,5006.0,False,1.0,-0.00039952057530967533
2020-06-30 14:10:00,0.0018568184459581971,-0.001598721023181482,-0.001598721023181482,0,1.0,1.8712051413645323,5004.0,False,1.0,-0.001598721023181482
2020-06-30 14:55:00,0.001568597392179072,-0.0016012810248198228,-0.0016012810248198228,0,1.0,1.8696038603397125,4996.0,False,1.0,-0.0016012810248198228
2020-06-30 21:35:00,0.0015466408804059029,-0.01844426623897355,-0.01844426623897355,0,1.0,1.851159594100739,4988.0,False,1.0,-0.01844426623897355
2020-07-01 09:40:00,0.0012820196570828557,0.009803921568627416,0.009803921568627416,0,1.0,1.8609635156693665,4896.0,False,1.0,0.009803921568627416
2020-07-01 10:40:00,0.001463678083382547,0.0020226537216827545,0.0020226537216827545,0,1.0,1.8629861693910492,4944.0,False,1.0,0.0020226537216827545
2020-07-01 11:25:00,0.001760711194947362,-0.002422285022204318,-0.002422285022204318,0,1.0,1.8605638843688448,4954.0,False,1.0,-0.002422285022204318
2020-07-01 14:10:00,0.0017384279053658247,-0.0016187778227437777,-0.0016187778227437777,0,1.0,1.8589451065461011,4942.0,False,1.0,-0.0016187778227437777
2020-07-01 14:55:00,0.001910935970954597,0.004053506282934771,0.004053506282934771,0,1.0,1.862998612829036,4934.0,False,1.0,0.004053506282934771
2020-07-01 21:35:00,0.0019489986589178443,-0.0032297133629390906,-0.0032297133629390906,0,1.0,1.8597688994660968,4954.0,False,1.0,-0.0032297133629390906
2020-07-02 09:40:00,0.0015956972492858768,0.004860267314702238,0.004860267314702238,0,1.0,1.864629166780799,4938.0,False,1.0,0.004860267314702238
2020-07-02 10:40:00,0.0018528907094150782,-0.0012091898428052694,-0.0012091898428052694,0,1.0,1.8634199769379938,4962.0,False,1.0,-0.0012091898428052694
2020-07-02 11:25:00,0.001965980278328061,0.0004035512510087713,0.0004035512510087713,0,1.0,1.8638235281890025,4956.0,False,1.0,0.0004035512510087713
2020-07-02 14:10:00,0.0018835219088941813,0.0024203307785397588,0.0024203307785397588,0,1.0,1.8662438589675423,4958.0,False,1.0,0.0024203307785397588
2020-07-02 14:55:00,0.0018675510073080659,0.0032193158953721657,0.0032193158953721657,0,1.0,1.8694631748629145,4970.0,False,1.0,0.0032193158953721657
2020-07-02 21:35:00,0.0019938976038247347,0.010429201764941887,0.010429201764941887,0,1.0,1.8798923766278564,4986.0,False,1.0,0.010429201764941887
2020-07-03 09:40:00,0.0015812963247299194,0.0,0.0,0,1.0,1.8798923766278564,5038.0,False,1.0,0.0
2020-07-03 10:40:00,0.001926805474795401,-0.0007939658594680044,-0.0007939658594680044,0,1.0,1.8790984107683883,5038.0,False,1.0,-0.0007939658594680044
2020-07-03 11:25:00,0.0016413397388532758,0.001589193484306639,0.001589193484306639,0,1.0,1.880687604252695,5034.0,False,1.0,0.001589193484306639
2020-07-03 14:10:00,0.0018435781821608543,-0.00158667195557316,-0.00158667195557316,0,1.0,1.879100932297122,5042.0,False,1.0,-0.00158667195557316
2020-07-03 14:55:00,0.0018994321580976248,-0.0019864918553833544,-0.0019864918553833544,0,1.0,1.8771144404417384,5034.0,False,1.0,-0.0019864918553833544
2020-07-03 21:35:00,0.0015052005182951689,-0.0031847133757961776,-0.0031847133757961776,0,1.0,1.8739297270659423,5024.0,False,1.0,-0.0031847133757961776
2020-07-06 09:40:00,0.001318602473475039,0.0027955271565496265,0.0027955271565496265,0,1.0,1.876725254222492,5008.0,False,1.0,0.0027955271565496265
2020-07-06 10:40:00,0.0011573348892852664,0.010354440461967318,0.010354440461967318,0,1.0,1.8870796946844592,5022.0,False,1.0,0.010354440461967318
2020-07-06 11:25:00,0.001179922604933381,0.0019708316909736734,0.0019708316909736734,0,1.0,1.889050526375433,5074.0,False,1.0,0.0019708316909736734
2020-07-06 14:10:00,0.0013145635602995753,0.005114083398898517,0.005114083398898517,0,1.0,1.8941646097743314,5084.0,False,1.0,0.005114083398898517
2020-07-06 14:55:00,0.0008465402643196285,-0.003522504892367939,-0.003522504892367939,0,1.0,1.8906421048819635,5110.0,False,1.0,-0.003522504892367939
2020-07-07 09:40:00,0.0007623423007316887,-0.00314218381775333,-0.00314218381775333,0,1.0,1.8874999210642103,5092.0,False,1.0,-0.00314218381775333
2020-07-07 10:40:00,0.0008465402643196285,-0.0015760441292356209,-0.0015760441292356209,0,1.0,1.8859238769349744,5076.0,False,1.0,-0.0015760441292356209
2020-07-07 11:25:00,0.0010899794287979603,-0.0011838989739542116,-0.0011838989739542116,0,1.0,1.8847399779610203,5068.0,False,1.0,-0.0011838989739542116
2020-07-07 14:10:00,0.0015708040446043015,-0.013828526274199948,-0.013828526274199948,0,1.0,1.8709114516868204,5062.0,False,1.0,-0.013828526274199948
2020-07-07 14:55:00,0.0013947138795629144,0.0008012820512821595,0.0008012820512821595,0,1.0,1.8717127337381025,4992.0,False,1.0,0.0008012820512821595
2020-07-07 21:35:00,0.0016153103206306696,0.010808646917534137,0.010808646917534137,0,1.0,1.8825213806556367,4996.0,False,1.0,0.010808646917534137
2020-07-08 09:40:00,0.0013117236085236073,-0.0003960396039603964,-0.0003960396039603964,0,1.0,1.8821253410516763,5050.0,False,1.0,-0.0003960396039603964
2020-07-08 10:40:00,0.001341983093880117,0.006339144215530945,0.006339144215530945,0,1.0,1.8884644852672072,5048.0,False,1.0,0.006339144215530945
2020-07-08 11:25:00,0.0012583727948367596,-0.0011811023622047,-0.0011811023622047,0,1.0,1.8872833829050024,5080.0,False,1.0,-0.0011811023622047
2020-07-08 14:10:00,0.0009752935147844255,-0.0019708316909735624,-0.0019708316909735624,0,1.0,1.885312551214029,5074.0,False,1.0,-0.0019708316909735624
2020-07-08 14:55:00,0.0011863572290167212,0.0,0.0,0,1.0,1.885312551214029,5064.0,False,1.0,0.0
2020-07-08 21:35:00,0.0012063946342095733,0.00750394944707744,0.00750394944707744,0,1.0,1.8928165006611064,5064.0,False,1.0,0.00750394944707744
2020-07-09 09:40:00,0.0007643225253559649,-0.004312034496275929,-0.004312034496275929,0,1.0,1.8885044661648305,5102.0,False,1.0,-0.004312034496275929
2020-07-09 10:40:00,0.0011528856121003628,0.0015748031496063408,0.0015748031496063408,0,1.0,1.8900792693144368,5080.0,False,1.0,0.0015748031496063408
2020-07-09 11:25:00,0.0009496891289018095,-0.0019654088050314877,-0.0019654088050314877,0,1.0,1.8881138605094052,5088.0,False,1.0,-0.0019654088050314877
2020-07-09 14:10:00,0.0010139168007299304,0.0011815675462780728,0.0011815675462780728,0,1.0,1.8892954280556835,5078.0,False,1.0,0.0011815675462780728
2020-07-09 14:55:00,0.0011528856121003628,0.002360346184107076,0.002360346184107076,0,1.0,1.8916557742397906,5084.0,False,1.0,0.002360346184107076
2020-07-09 21:35:00,0.0011783174704760313,-0.01883830455259028,-0.01883830455259028,0,1.0,1.8728174696872002,5096.0,False,1.0,-0.01883830455259028
2020-07-10 09:40:00,0.0008494908106513321,-0.0048000000000000265,-0.0048000000000000265,0,1.0,1.8680174696872003,5000.0,False,1.0,-0.0048000000000000265
2020-07-10 10:40:00,0.0010755088878795505,0.001607717041800738,0.001607717041800738,0,1.0,1.8696251867290008,4976.0,False,1.0,0.001607717041800738
2020-07-10 11:25:00,0.0011370826978236437,0.002808988764045006,0.002808988764045006,0,1.0,1.872434175493046,4984.0,False,1.0,0.002808988764045006
2020-07-10 14:10:00,0.0011370826978236437,-0.004801920768307322,-0.004801920768307322,0,1.0,1.8676322547247386,4998.0,False,1.0,-0.004801920768307322
2020-07-10 14:55:00,0.001266106846742332,-0.002010454362685987,-0.002010454362685987,0,1.0,1.8656218003620526,4974.0,False,1.0,-0.002010454362685987
2020-07-10 21:35:00,0.0009593448485247791,0.0040290088638195165,0.0040290088638195165,0,1.0,1.8696508092258721,4964.0,False,1.0,0.0040290088638195165
2020-07-13 09:40:00,0.0007637311355210841,-0.008426966292134797,-0.008426966292134797,0,1.0,1.8612238429337373,4984.0,False,1.0,-0.008426966292134797
2020-07-13 10:40:00,0.0007620296673849225,0.009712666936462888,0.009712666936462888,0,1.0,1.8709365098702002,4942.0,False,1.0,0.009712666936462888
2020-07-13 11:25:00,0.0007620296673849225,0.005611222444889874,0.005611222444889874,0,1.0,1.87654773231509,4990.0,False,1.0,0.005611222444889874
2020-07-13 14:10:00,0.0011058880481868982,0.006775607811877249,0.006775607811877249,0,1.0,1.8833233401269673,5018.0,False,1.0,0.006775607811877249
2020-07-13 14:55:00,0.0005955385277047753,0.0071258907363420665,0.0071258907363420665,0,1.0,1.8904492308633094,5052.0,False,1.0,0.0071258907363420665
2020-07-14 09:40:00,0.0005955385277047753,-0.005896226415094352,-0.005896226415094352,0,1.0,1.884553004448215,5088.0,False,1.0,-0.005896226415094352
2020-07-14 10:40:00,0.0005955385277047753,-0.003558718861209953,-0.003558718861209953,0,1.0,1.880994285587005,5058.0,False,1.0,-0.003558718861209953
2020-07-14 11:25:00,0.0005826631677336991,0.012698412698412653,0.012698412698412653,0,1.0,1.8936926982854176,5040.0,False,1.0,0.012698412698412653
2020-07-14 14:10:00,0.0008599429274909198,0.0015673981191222097,0.0015673981191222097,0,1.0,1.8952600964045399,5104.0,False,1.0,0.0015673981191222097
2020-07-14 14:55:00,7.239710976136848e-05,0.015258215962441257,0.015258215962441257,0,1.0,1.9105183123669813,5112.0,False,1.0,0.015258215962441257
2020-07-14 21:35:00,0.00029434412135742605,0.006165703275529788,0.006165703275529788,0,1.0,1.916684015642511,5190.0,False,1.0,0.006165703275529788
2020-07-15 09:40:00,7.239710976136848e-05,0.003446955189582601,0.003446955189582601,0,1.0,1.9201309708320937,5222.0,False,1.0,0.003446955189582601
2020-07-15 10:40:00,0.00020234892144799232,-0.0003816793893129944,-0.0003816793893129944,0,1.0,1.9197492914427805,5240.0,False,1.0,-0.0003816793893129944
2020-07-15 11:25:00,3.275885683251545e-05,0.002290950744558984,0.002290950744558984,0,1.0,1.9220402421873395,5238.0,False,1.0,0.002290950744558984
2020-07-15 14:10:00,0.0002799982321448624,0.0007619047619047414,0.0007619047619047414,0,1.0,1.9228021469492442,5250.0,False,1.0,0.0007619047619047414
2020-07-15 14:55:00,0.00013781714369542897,0.0,0.0,0,1.0,1.9228021469492442,5254.0,False,1.0,0.0
2020-07-15 21:35:00,0.0005018875817768276,0.00685192234488019,0.00685192234488019,0,1.0,1.9296540692941244,5254.0,False,1.0,0.00685192234488019
2020-07-16 09:40:00,6.265131378313527e-05,0.006427221172022657,0.006427221172022657,0,1.0,1.9360812904661473,5290.0,False,1.0,0.006427221172022657
2020-07-16 10:40:00,8.382071246160194e-05,0.004132231404958775,0.004132231404958775,0,1.0,1.9402135218711059,5324.0,False,1.0,0.004132231404958775
2020-07-16 11:25:00,0.000262329907855019,0.001122334455667895,0.001122334455667895,0,1.0,1.941335856326774,5346.0,False,1.0,0.001122334455667895
2020-07-16 14:10:00,0.00027518111164681613,-0.0037369207772794955,-0.0037369207772794955,0,1.0,1.9375989355494943,5352.0,False,1.0,-0.0037369207772794955
2020-07-16 14:55:00,0.000181342737050727,-0.005251312828207011,-0.005251312828207011,0,1.0,1.9323476227212875,5332.0,False,1.0,-0.005251312828207011
2020-07-16 21:35:00,0.0005253760027699172,0.006033182503770718,0.006033182503770718,0,1.0,1.9383808052250582,5304.0,False,1.0,0.006033182503770718
2020-07-17 09:40:00,0.00010617696534609422,0.004872563718140821,0.004872563718140821,0,1.0,1.943253368943199,5336.0,False,1.0,0.004872563718140821
2020-07-17 10:40:00,0.00013704397133551538,0.007832898172323688,0.007832898172323688,0,1.0,1.9510862671155227,5362.0,False,1.0,0.007832898172323688
2020-07-17 11:25:00,0.00026352881104685366,0.002960769800148144,0.002960769800148144,0,1.0,1.9540470369156706,5404.0,False,1.0,0.002960769800148144
2020-07-17 14:10:00,0.00035630041384138167,0.006642066420664117,0.006642066420664117,0,1.0,1.960689103336335,5420.0,False,1.0,0.006642066420664117
2020-07-17 14:55:00,0.00022603358956985176,-0.0021994134897360684,-0.0021994134897360684,0,1.0,1.9584896898465987,5456.0,False,1.0,-0.0021994134897360684
2020-07-17 21:35:00,-0.00010725847096182406,0.0073475385745775945,0.0073475385745775945,0,1.0,1.9658372284211763,5444.0,False,0.0,0.0073475385745775945
2020-07-20 09:40:00,-0.000498400186188519,0.017505470459518557,0.0,1,0.0,1.9658372284211763,5484.0,False,-1.0,0.017505470459518557
2020-07-20 10:40:00,-0.0005752892466261983,0.0010752688172042113,-0.0010752688172042113,1,-1.0,1.964761959603972,5580.0,False,-1.0,0.0010752688172042113
2020-07-20 11:25:00,-0.0005377533962018788,-0.002148227712137518,0.002148227712137518,0,-1.0,1.9669101873161097,5586.0,False,-1.0,-0.002148227712137518
2020-07-20 14:10:00,7.506907422794029e-05,0.00035880875493354836,-0.00035880875493354836,0,-1.0,1.9665513785611761,5574.0,False,0.0,0.00035880875493354836
2020-07-20 14:55:00,-0.0005752892466261983,-0.022596843615494966,-0.0,1,0.0,1.9665513785611761,5576.0,False,-1.0,-0.022596843615494966
2020-07-21 09:40:00,-0.0004793436673935503,-0.0007339449541284848,0.0007339449541284848,1,-1.0,1.9672853235153047,5450.0,False,-1.0,-0.0007339449541284848
2020-07-21 10:40:00,-0.0004793436673935503,0.0011017260374586169,-0.0011017260374586169,0,-1.0,1.9661835974778459,5446.0,False,-1.0,0.0011017260374586169
2020-07-21 11:25:00,-0.0004793436673935503,0.004768892149669801,-0.004768892149669801,0,-1.0,1.9614147053281763,5452.0,False,-1.0,0.004768892149669801
2020-07-21 14:10:00,0.0002087787725031376,0.004016064257028162,-0.004016064257028162,0,-1.0,1.9573986410711481,5478.0,False,0.0,0.004016064257028162
2020-07-21 14:55:00,0.0002432476612739265,0.0,0.0,1,0.0,1.9573986410711481,5500.0,False,0.0,0.0
2020-07-21 21:35:00,0.0005189485382288694,0.010181818181818292,0.0,1,0.0,1.9573986410711481,5500.0,False,1.0,0.010181818181818292
2020-07-22 09:40:00,0.00011838188947876915,0.0028797696184306165,0.0028797696184306165,0,1.0,1.9602784106895785,5556.0,False,1.0,0.0028797696184306165
2020-07-22 10:40:00,0.00011262293992331252,0.007178750897343766,0.007178750897343766,0,1.0,1.9674571615869225,5572.0,False,1.0,0.007178750897343766
2020-07-22 11:25:00,0.0009693988831713796,-0.004632929436920841,-0.004632929436920841,0,1.0,1.9628242321500016,5612.0,False,1.0,-0.004632929436920841
2020-07-22 14:10:00,0.0009693988831713796,0.00358037952022916,0.00358037952022916,0,1.0,1.9664046116702307,5586.0,False,1.0,0.00358037952022916
2020-07-22 14:55:00,0.0012948251096531749,-0.016054227613271466,-0.016054227613271466,0,1.0,1.9503503840569594,5606.0,False,1.0,-0.016054227613271466
2020-07-22 21:35:00,0.001614925335161388,0.00870195794053652,0.00870195794053652,0,1.0,1.959052341997496,5516.0,False,1.0,0.00870195794053652
2020-07-23 09:40:00,0.0012454992393031716,0.0032350826743350325,0.0032350826743350325,0,1.0,1.962287424671831,5564.0,False,1.0,0.0032350826743350325
2020-07-23 10:40:00,0.0014733078423887491,-0.007524184879971307,-0.007524184879971307,0,1.0,1.9547632397918595,5582.0,False,1.0,-0.007524184879971307
2020-07-23 11:25:00,0.0014802167424932122,0.0021660649819494893,0.0021660649819494893,0,1.0,1.956929304773809,5540.0,False,1.0,0.0021660649819494893
2020-07-23 14:10:00,0.0015350811881944537,0.007204610951008661,0.007204610951008661,0,1.0,1.9641339157248177,5552.0,False,1.0,0.007204610951008661
2020-07-23 14:55:00,0.0009332774206995964,0.018240343347639465,0.018240343347639465,0,1.0,1.9823742590724571,5592.0,False,1.0,0.018240343347639465
2020-07-23 21:35:00,0.0012176843592897058,0.017562346329469625,0.017562346329469625,0,1.0,1.9999366054019267,5694.0,False,1.0,0.017562346329469625
2020-07-24 09:40:00,0.0008017197251319885,-0.0010355540214014303,-0.0010355540214014303,0,1.0,1.9989010513805252,5794.0,False,1.0,-0.0010355540214014303
2020-07-24 10:40:00,0.0010399724123999476,-0.004837595024188013,-0.004837595024188013,0,1.0,1.9940634563563373,5788.0,False,1.0,-0.004837595024188013
2020-07-24 11:25:00,0.0009564926149323583,-0.006249999999999978,-0.006249999999999978,0,1.0,1.9878134563563372,5760.0,False,1.0,-0.006249999999999978
2020-07-24 14:10:00,0.0010122496169060469,-0.006988120195667413,-0.006988120195667413,0,1.0,1.9808253361606698,5724.0,False,1.0,-0.006988120195667413
2020-07-24 14:55:00,0.0010976853081956506,0.001055594651653724,0.001055594651653724,0,1.0,1.9818809308123235,5684.0,False,1.0,0.001055594651653724
2020-07-24 21:35:00,0.0005359883652999997,0.008084358523725799,0.008084358523725799,0,1.0,1.9899652893360495,5690.0,False,1.0,0.008084358523725799
2020-07-27 09:40:00,0.00024540972663089633,0.010111576011157641,0.010111576011157641,0,1.0,2.000076865347207,5736.0,False,1.0,0.010111576011157641
2020-07-27 10:40:00,0.0003580031043384224,-0.004487400759406235,-0.004487400759406235,0,1.0,1.995589464587801,5794.0,False,1.0,-0.004487400759406235
2020-07-27 11:25:00,0.0003580031043384224,0.0003467406380028848,0.0003467406380028848,0,1.0,1.9959362052258038,5768.0,False,1.0,0.0003467406380028848
2020-07-27 14:10:00,0.0011375201866030693,-0.008318890814558055,-0.008318890814558055,0,1.0,1.9876173144112457,5770.0,False,1.0,-0.008318890814558055
2020-07-27 14:55:00,0.0007781367748975754,0.002097168822090101,0.002097168822090101,0,1.0,1.9897144832333358,5722.0,False,1.0,0.002097168822090101
2020-07-28 09:40:00,0.0007663468131795526,-0.00732472968259501,-0.00732472968259501,0,1.0,1.9823897535507409,5734.0,False,1.0,-0.00732472968259501
2020-07-28 10:40:00,0.0007853569695726037,-0.014406184118060383,-0.014406184118060383,0,1.0,1.9679835694326804,5692.0,False,1.0,-0.014406184118060383
2020-07-28 11:25:00,0.0007853569695726037,0.0007130124777183777,0.0007130124777183777,0,1.0,1.968696581910399,5610.0,False,1.0,0.0007130124777183777
2020-07-28 14:10:00,0.001494082622230053,-0.0053437833986462735,-0.0053437833986462735,0,1.0,1.9633527985117527,5614.0,False,1.0,-0.0053437833986462735
2020-07-28 14:55:00,0.0012383267749100924,-0.0014326647564469885,-0.0014326647564469885,0,1.0,1.9619201337553056,5584.0,False,1.0,-0.0014326647564469885
2020-07-28 21:35:00,0.0014631213853135705,0.0028694404591105283,0.0028694404591105283,0,1.0,1.9647895742144161,5576.0,False,1.0,0.0028694404591105283
2020-07-29 09:40:00,0.001183660700917244,-0.0003576537911301747,-0.0003576537911301747,0,1.0,1.9644319204232858,5592.0,False,1.0,-0.0003576537911301747
2020-07-29 10:40:00,0.0012383267749100924,0.0075134168157424686,0.0075134168157424686,0,1.0,1.9719453372390285,5590.0,False,1.0,0.0075134168157424686
2020-07-29 11:25:00,0.0019990825094282627,-0.00390625,-0.00390625,0,1.0,1.9680390872390285,5632.0,False,1.0,-0.00390625
2020-07-29 14:10:00,0.0019270670600235462,-0.00035650623885918886,-0.00035650623885918886,0,1.0,1.9676825810001692,5610.0,False,1.0,-0.00035650623885918886
2020-07-29 14:55:00,0.001497184857726097,0.0028530670470756636,0.0028530670470756636,0,1.0,1.970535648047245,5608.0,False,1.0,0.0028530670470756636
2020-07-29 21:35:00,0.0016678180545568466,0.006401137980085458,0.006401137980085458,0,1.0,1.9769367860273304,5624.0,False,1.0,0.006401137980085458
2020-07-30 09:40:00,0.0013069119304418564,-0.003886925795053009,-0.003886925795053009,0,1.0,1.9730498602322775,5660.0,False,1.0,-0.003886925795053009
2020-07-30 10:40:00,0.0016258159885182977,0.0003547357218871561,0.0003547357218871561,0,1.0,1.9734045959541646,5638.0,False,1.0,0.0003547357218871561
2020-07-30 11:25:00,0.0016776124248281121,0.0017730496453900457,0.0017730496453900457,0,1.0,1.9751776455995547,5640.0,False,1.0,0.0017730496453900457
2020-07-30 14:10:00,0.0013803698820993304,0.0077876106194689765,0.0077876106194689765,0,1.0,1.9829652562190234,5650.0,False,1.0,0.0077876106194689765
2020-07-30 14:55:00,0.0020915509667247534,-0.0010537407797681642,-0.0010537407797681642,0,1.0,1.9819115154392555,5694.0,False,1.0,-0.0010537407797681642
2020-07-30 21:35:00,0.0022621843963861465,-0.011251758087201136,-0.011251758087201136,0,1.0,1.9706597573520543,5688.0,False,1.0,-0.011251758087201136
2020-07-31 09:40:00,0.0018343572737649083,0.005334281650071215,0.005334281650071215,0,1.0,1.9759940390021256,5624.0,False,1.0,0.005334281650071215
2020-07-31 10:40:00,0.0020915509667247534,-0.00601344181110719,-0.00601344181110719,0,1.0,1.9699805971910183,5654.0,False,1.0,-0.00601344181110719
2020-07-31 11:25:00,0.0021483206655830145,0.005693950177935836,0.005693950177935836,0,1.0,1.975674547368954,5620.0,False,1.0,0.005693950177935836
2020-07-31 14:10:00,0.0019422508776187897,0.005307855626327074,0.005307855626327074,0,1.0,1.9809824029952812,5652.0,False,1.0,0.005307855626327074
2020-07-31 14:55:00,0.002107506850734353,-0.0007039774727208847,-0.0007039774727208847,0,1.0,1.9802784255225603,5682.0,False,1.0,-0.0007039774727208847
2020-07-31 21:35:00,0.00132121448405087,0.021486438886932024,0.021486438886932024,0,1.0,2.001764864409492,5678.0,False,1.0,0.021486438886932024
2020-08-03 09:40:00,0.00105418567545712,0.007931034482758559,0.007931034482758559,0,1.0,2.009695898892251,5800.0,False,1.0,0.007931034482758559
2020-08-03 10:40:00,0.001143229310400784,0.0013684570646594896,0.0013684570646594896,0,1.0,2.0110643559569104,5846.0,False,1.0,0.0013684570646594896
2020-08-03 11:25:00,0.001168621238321066,-0.003074820635462938,-0.003074820635462938,0,1.0,2.0079895353214474,5854.0,False,1.0,-0.003074820635462938
2020-08-03 14:10:00,0.001791472896002233,0.002741603838245288,0.002741603838245288,0,1.0,2.0107311391596925,5836.0,False,1.0,0.002741603838245288
2020-08-03 14:55:00,-5.3930409194435924e-05,0.004442925495557137,0.004442925495557137,0,1.0,2.01517406465525,5852.0,False,0.0,0.004442925495557137
2020-08-04 09:40:00,-7.599163654958829e-05,-0.0013610071452875294,-0.0,1,0.0,2.01517406465525,5878.0,False,0.0,-0.0013610071452875294
2020-08-04 10:40:00,0.00020236018463037908,0.0013628620102215105,0.0,1,0.0,2.01517406465525,5870.0,False,0.0,0.0013628620102215105
2020-08-04 11:25:00,0.00020236018463037908,-0.0013610071452875294,-0.0,1,0.0,2.01517406465525,5878.0,False,0.0,-0.0013610071452875294
2020-08-04 14:10:00,0.0002708901301957667,0.014310051107325306,0.0,1,0.0,2.01517406465525,5870.0,False,0.0,0.014310051107325306
2020-08-04 14:55:00,-0.00016076714382506907,0.008061807188444847,0.0,0,0.0,2.01517406465525,5954.0,False,0.0,0.008061807188444847
2020-08-04 21:35:00,0.0001570434687891975,-0.008997000999666827,-0.0,1,0.0,2.01517406465525,6002.0,False,0.0,-0.008997000999666827
2020-08-05 09:40:00,-0.00024704012321308255,-0.0006724949562878502,-0.0,1,0.0,2.01517406465525,5948.0,False,0.0,-0.0006724949562878502
2020-08-05 10:40:00,-0.00016076714382506907,-0.008075370121130576,-0.0,1,0.0,2.01517406465525,5944.0,False,0.0,-0.008075370121130576
2020-08-05 11:25:00,9.407682955497876e-05,0.003731343283582156,0.0,1,0.0,2.01517406465525,5896.0,False,0.0,0.003731343283582156
2020-08-05 14:10:00,9.407682955497876e-05,-0.012166272389320665,-0.0,1,0.0,2.01517406465525,5918.0,False,0.0,-0.012166272389320665
2020-08-05 14:55:00,-4.007294774055481e-05,0.00855285665412242,0.0,1,0.0,2.01517406465525,5846.0,False,0.0,0.00855285665412242
2020-08-05 21:35:00,0.0003239974903408438,0.0013568521031208647,0.0,1,0.0,2.01517406465525,5896.0,False,0.0,0.0013568521031208647
2020-08-06 09:40:00,-0.0001359946618322283,-0.0013550135501354532,-0.0,1,0.0,2.01517406465525,5904.0,False,0.0,-0.0013550135501354532
2020-08-06 10:40:00,0.0001881657517515123,0.002374491180461291,0.0,1,0.0,2.01517406465525,5896.0,False,0.0,0.002374491180461291
2020-08-06 11:25:00,-0.0001576994836796075,-0.003045685279187804,-0.0,1,0.0,2.01517406465525,5910.0,False,0.0,-0.003045685279187804
2020-08-06 14:10:00,-0.0001576994836796075,0.004073319755600879,0.0,1,0.0,2.01517406465525,5892.0,False,0.0,0.004073319755600879
2020-08-06 14:55:00,-0.00022971515136305243,0.0040567951318457585,0.0,1,0.0,2.01517406465525,5916.0,False,0.0,0.0040567951318457585
2020-08-06 21:35:00,-6.81274468661286e-05,0.0063973063973064015,0.0,0,0.0,2.01517406465525,5940.0,False,0.0,0.0063973063973064015
2020-08-07 09:40:00,-0.0004209922335576266,-0.0016728002676480447,-0.0,0,0.0,2.01517406465525,5978.0,False,-1.0,-0.0016728002676480447
2020-08-07 10:40:00,-0.000322830950608477,-0.00536193029490617,0.00536193029490617,0,-1.0,2.020535994950156,5968.0,False,-1.0,-0.00536193029490617
2020-08-07 11:25:00,-0.0001322672760579735,-0.0010107816711589779,0.0010107816711589779,0,-1.0,2.021546776621315,5936.0,False,-1.0,-0.0010107816711589779
2020-08-07 14:10:00,-0.0004466478421818465,-0.006070826306914023,0.006070826306914023,0,-1.0,2.0276176029282293,5930.0,False,-1.0,-0.006070826306914023
2020-08-07 14:55:00,-0.00035455968463793397,-0.000678656260604038,0.000678656260604038,0,-1.0,2.028296259188833,5894.0,False,-1.0,-0.000678656260604038
2020-08-07 21:35:00,-0.0004943763487972319,-0.005772495755517859,0.005772495755517859,0,-1.0,2.034068754944351,5890.0,False,-1.0,-0.005772495755517859
2020-08-10 09:40:00,-0.0006651559378951788,-0.01741803278688525,0.01741803278688525,0,-1.0,2.0514867877312364,5856.0,False,-1.0,-0.01741803278688525
2020-08-10 10:40:00,-0.0007120670052245259,0.001737921445950752,-0.001737921445950752,0,-1.0,2.0497488662852854,5754.0,False,-1.0,0.001737921445950752
2020-08-10 11:25:00,-0.0006101708859205246,0.010756419153365782,-0.010756419153365782,0,-1.0,2.03899244713192,5764.0,False,-1.0,0.010756419153365782
2020-08-10 14:10:00,-0.00013477580796461552,0.005492619292825296,-0.005492619292825296,0,-1.0,2.0334998278390946,5826.0,False,-1.0,0.005492619292825296
2020-08-10 14:55:00,-0.000683944090269506,-0.031068624103789744,0.031068624103789744,0,-1.0,2.0645684519428844,5858.0,False,-1.0,-0.031068624103789744
2020-08-11 09:40:00,-0.0006522085750475526,0.0,0.0,0,-1.0,2.0645684519428844,5676.0,True,-1.0,-0.013037350246652535
2020-08-11 10:40:00,-0.0006623978260904551,0.003213138164941176,-0.003213138164941176,0,-1.0,2.061355313777943,5602.0,False,-1.0,0.003213138164941176
2020-08-11 11:25:00,-0.0005982579896226525,-0.000711743772242035,0.000711743772242035,0,-1.0,2.0620670575501854,5620.0,False,-1.0,-0.000711743772242035
2020-08-11 14:10:00,0.0008854984189383686,-0.013176638176638167,0.013176638176638167,0,-1.0,2.0752436957268237,5616.0,False,0.0,-0.013176638176638167
2020-08-11 14:55:00,0.0018070591613650322,0.00036088054853844476,0.0,1,0.0,2.0752436957268237,5542.0,False,1.0,0.00036088054853844476
2020-08-11 21:35:00,0.0019101169891655445,-0.0018037518037518074,-0.0018037518037518074,1,1.0,2.0734399439230717,5544.0,False,1.0,-0.0018037518037518074
2020-08-12 09:40:00,0.001698055537417531,-0.009035056017347332,-0.009035056017347332,0,1.0,2.0644048879057246,5534.0,False,1.0,-0.009035056017347332
2020-08-12 10:40:00,0.0018610554980114102,-0.006564551422319487,-0.006564551422319487,0,1.0,2.057840336483405,5484.0,False,1.0,-0.006564551422319487
2020-08-12 11:25:00,0.0020917572546750307,-0.0007342143906020615,-0.0007342143906020615,0,1.0,2.0571061220928026,5448.0,False,1.0,-0.0007342143906020615
2020-08-12 14:10:00,0.0020663251634687185,0.009551800146950784,0.009551800146950784,0,1.0,2.066657922239753,5444.0,False,1.0,0.009551800146950784
2020-08-12 14:55:00,0.0020663251634687185,0.00363901018922852,0.00363901018922852,0,1.0,2.070296932428982,5496.0,False,1.0,0.00363901018922852
2020-08-12 21:35:00,0.0021083273459225893,0.014503263234227681,0.014503263234227681,0,1.0,2.0848001956632096,5516.0,False,1.0,0.014503263234227681
2020-08-13 09:40:00,0.001773084164597094,0.002859185132237263,0.002859185132237263,0,1.0,2.087659380795447,5596.0,False,1.0,0.002859185132237263
2020-08-13 10:40:00,0.0020919882226735353,0.007483962936564614,0.007483962936564614,0,1.0,2.0951433437320115,5612.0,False,1.0,0.007483962936564614
2020-08-13 11:25:00,0.002059191232547164,-0.00601344181110719,-0.00601344181110719,0,1.0,2.0891299019209044,5654.0,False,1.0,-0.00601344181110719
2020-08-13 14:10:00,0.0020315914880484343,-0.000355871886120962,-0.000355871886120962,0,1.0,2.0887740300347835,5620.0,False,1.0,-0.000355871886120962
2020-08-13 14:55:00,0.0020083540584892035,0.009255962976148169,0.009255962976148169,0,1.0,2.0980299930109316,5618.0,False,1.0,0.009255962976148169
2020-08-13 21:35:00,0.00222512474283576,-0.005643738977072266,-0.005643738977072266,0,1.0,2.092386254033859,5670.0,False,1.0,-0.005643738977072266
2020-08-14 09:40:00,0.0017972978530451655,0.0007094714437743121,0.0007094714437743121,0,1.0,2.0930957254776335,5638.0,False,1.0,0.0007094714437743121
2020-08-14 10:40:00,0.002101322403177619,-0.0028358738036157183,-0.0028358738036157183,0,1.0,2.090259851674018,5642.0,False,1.0,-0.0028358738036157183
2020-08-14 11:25:00,0.0021525209303945303,0.0003554923569142332,0.0003554923569142332,0,1.0,2.0906153440309323,5626.0,False,1.0,0.0003554923569142332
2020-08-14 14:10:00,0.0022343210875988007,0.0010660980810235365,0.0010660980810235365,0,1.0,2.091681442111956,5628.0,False,1.0,0.0010660980810235365
2020-08-14 14:55:00,0.002243300434201956,-0.0017749378771743096,-0.0017749378771743096,0,1.0,2.0899065042347815,5634.0,False,1.0,-0.0017749378771743096
2020-08-14 21:35:00,0.0017318667378276587,0.0074679943100994794,0.0074679943100994794,0,1.0,2.0973744985448812,5624.0,False,1.0,0.0074679943100994794
2020-08-17 09:40:00,0.001408925629220903,0.013060360042357999,0.013060360042357999,0,1.0,2.1104348585872392,5666.0,False,1.0,0.013060360042357999
2020-08-17 10:40:00,0.0014700742904096842,0.002090592334494712,0.002090592334494712,0,1.0,2.1125254509217335,5740.0,False,1.0,0.002090592334494712
2020-08-17 11:25:00,0.0014700742904096842,-0.004172461752433909,-0.004172461752433909,0,1.0,2.1083529891693,5752.0,False,1.0,-0.004172461752433909
2020-08-17 14:10:00,0.001634485786780715,0.0,0.0,0,1.0,2.1083529891693,5728.0,False,1.0,0.0
2020-08-17 14:55:00,0.001062827417626977,-0.0017458100558659373,-0.0017458100558659373,0,1.0,2.1066071791134338,5728.0,False,1.0,-0.0017458100558659373
2020-08-18 09:40:00,0.001062827417626977,-0.0034977264777894534,-0.0034977264777894534,0,1.0,2.1031094526356444,5718.0,False,1.0,-0.0034977264777894534
2020-08-18 10:40:00,0.0012524307239800692,-0.004914004914004955,-0.004914004914004955,0,1.0,2.0981954477216394,5698.0,False,1.0,-0.004914004914004955
2020-08-18 11:25:00,0.0010042451322078705,0.007407407407407307,0.007407407407407307,0,1.0,2.105602855129047,5670.0,False,1.0,0.007407407407407307
2020-08-18 14:10:00,0.0016728050541132689,-0.0045518207282913,-0.0045518207282913,0,1.0,2.101051034400755,5712.0,False,1.0,-0.0045518207282913
2020-08-18 14:55:00,0.0010522952070459723,-0.00140696447414701,-0.00140696447414701,0,1.0,2.099644069926608,5686.0,False,1.0,-0.00140696447414701
2020-08-18 21:35:00,0.0013911031419411302,0.003874603733708959,0.003874603733708959,0,1.0,2.103518673660317,5678.0,False,1.0,0.003874603733708959
2020-08-19 09:40:00,0.0010255241068080068,-0.004561403508771877,-0.004561403508771877,0,1.0,2.0989572701515455,5700.0,False,1.0,-0.004561403508771877
2020-08-19 10:40:00,0.0012957341969013214,0.005992245329573542,0.005992245329573542,0,1.0,2.104949515481119,5674.0,False,1.0,0.005992245329573542
2020-08-19 11:25:00,0.0014740624465048313,0.010861948142957267,0.010861948142957267,0,1.0,2.1158114636240763,5708.0,False,1.0,0.010861948142957267
2020-08-19 14:10:00,0.0015245212707668543,0.004852686308492116,0.004852686308492116,0,1.0,2.1206641499325682,5770.0,False,1.0,0.004852686308492116
2020-08-19 14:55:00,0.001082104630768299,0.0010348395998620585,0.0010348395998620585,0,1.0,2.1216989895324305,5798.0,False,1.0,0.0010348395998620585
2020-08-19 21:35:00,0.0013394937850534916,-0.003790489317711976,-0.003790489317711976,0,1.0,2.1179085002147184,5804.0,False,1.0,-0.003790489317711976
2020-08-20 09:40:00,0.0008774792077019811,-0.01210653753026636,-0.01210653753026636,0,1.0,2.105801962684452,5782.0,False,1.0,-0.01210653753026636
2020-08-20 10:40:00,0.001082104630768299,0.0014005602240896309,0.0014005602240896309,0,1.0,2.107202522908542,5712.0,False,1.0,0.0014005602240896309
2020-08-20 11:25:00,0.001215047319419682,-0.0006993006993006867,-0.0006993006993006867,0,1.0,2.1065032222092412,5720.0,False,1.0,-0.0006993006993006867
2020-08-20 14:10:00,0.000851547927595675,-0.009097270818754333,-0.009097270818754333,0,1.0,2.097405951390487,5716.0,False,1.0,-0.009097270818754333
2020-08-20 14:55:00,0.0010431327391415834,-0.009887005649717562,-0.009887005649717562,0,1.0,2.0875189457407695,5664.0,False,1.0,-0.009887005649717562
2020-08-20 21:35:00,0.0013630629982799292,-0.003566333808844524,-0.003566333808844524,0,1.0,2.0839526119319247,5608.0,False,1.0,-0.003566333808844524
2020-08-21 09:40:00,0.000898436177521944,0.0017895490336434783,0.0017895490336434783,0,1.0,2.0857421609655686,5588.0,False,1.0,0.0017895490336434783
2020-08-21 10:40:00,0.0013210609322413802,0.0025008931761343334,0.0025008931761343334,0,1.0,2.088243054141703,5598.0,False,1.0,0.0025008931761343334
2020-08-21 11:25:00,0.0010967653943225741,0.004632929436920952,0.004632929436920952,0,1.0,2.0928759835786237,5612.0,False,1.0,0.004632929436920952
2020-08-21 14:10:00,0.0011687809601426125,-0.008158921603405478,-0.008158921603405478,0,1.0,2.084717061975218,5638.0,False,1.0,-0.008158921603405478
2020-08-21 14:55:00,0.002208658028393984,0.0032188841201716833,0.0032188841201716833,0,1.0,2.08793594609539,5592.0,False,1.0,0.0032188841201716833
2020-08-21 21:35:00,0.0015575229190289974,-0.002139037433155133,-0.002139037433155133,0,1.0,2.0857969086622346,5610.0,False,1.0,-0.002139037433155133
2020-08-24 09:40:00,0.0012821104610338807,-0.0025008931761343334,-0.0025008931761343334,0,1.0,2.0832960154861,5598.0,False,1.0,-0.0025008931761343334
2020-08-24 10:40:00,0.0015409529441967607,0.0010744985673352137,0.0010744985673352137,0,1.0,2.0843705140534357,5584.0,False,1.0,0.0010744985673352137
2020-08-24 11:25:00,0.0013588377041742206,-0.002862254025044697,-0.002862254025044697,0,1.0,2.081508260028391,5590.0,False,1.0,-0.002862254025044697
2020-08-24 14:10:00,0.0021729113068431616,0.0043057050592034685,0.0043057050592034685,0,1.0,2.0858139650875946,5574.0,False,1.0,0.0043057050592034685
2020-08-24 14:55:00,0.0013489654520526528,-0.0025008931761343334,-0.0025008931761343334,0,1.0,2.0833130719114603,5598.0,False,1.0,-0.0025008931761343334
2020-08-25 09:40:00,0.0013043165672570467,0.009670487106017145,0.009670487106017145,0,1.0,2.092983559017477,5584.0,False,1.0,0.009670487106017145
2020-08-25 10:40:00,0.0013489654520526528,0.004256828662646317,0.004256828662646317,0,1.0,2.0972403876801238,5638.0,False,1.0,0.004256828662646317
2020-08-25 11:25:00,0.0013489654520526528,-0.010243730130695905,-0.010243730130695905,0,1.0,2.0869966575494274,5662.0,False,1.0,-0.010243730130695905
2020-08-25 14:10:00,0.001847817562520504,-0.01142041399000715,-0.01142041399000715,0,1.0,2.0755762435594205,5604.0,False,1.0,-0.01142041399000715
2020-08-25 14:55:00,0.0012843559961766005,-0.002527075812274404,-0.002527075812274404,0,1.0,2.073049167747146,5540.0,False,1.0,-0.002527075812274404
2020-08-25 21:35:00,0.0015163705684244633,0.0003619254433586683,0.0003619254433586683,0,1.0,2.0734110931905048,5526.0,False,1.0,0.0003619254433586683
2020-08-26 09:40:00,0.001229689922183752,0.0032561505065122898,0.0032561505065122898,0,1.0,2.076667243697017,5528.0,False,1.0,0.0032561505065122898
2020-08-26 10:40:00,0.0014927414013072848,0.0007212405337180261,0.0007212405337180261,0,1.0,2.077388484230735,5546.0,False,1.0,0.0007212405337180261
2020-08-26 11:25:00,0.002177090849727392,0.0028828828828828534,0.0028828828828828534,0,1.0,2.080271367113618,5550.0,False,1.0,0.0028828828828828534
2020-08-26 14:10:00,0.00204845960251987,0.0,0.0,0,1.0,2.080271367113618,5566.0,False,1.0,0.0
2020-08-26 14:55:00,0.00204845960251987,0.0014372978799856995,0.0014372978799856995,0,1.0,2.0817086649936036,5566.0,False,1.0,0.0014372978799856995
2020-08-26 21:35:00,0.0022190927993506193,0.008252601363473167,0.008252601363473167,0,1.0,2.0899612663570766,5574.0,False,1.0,0.008252601363473167
2020-08-27 09:40:00,0.001858186675235629,-0.001779359430605032,-0.001779359430605032,0,1.0,2.0881819069264718,5620.0,False,1.0,-0.001779359430605032
2020-08-27 10:40:00,0.00204845960251987,-0.0017825311942959443,-0.0017825311942959443,0,1.0,2.0863993757321757,5610.0,False,1.0,-0.0017825311942959443
2020-08-27 11:25:00,0.002186028752475977,0.004285714285714226,0.004285714285714226,0,1.0,2.0906850900178897,5600.0,False,1.0,0.004285714285714226
2020-08-27 14:10:00,0.001994290156289935,-0.0014224751066855834,-0.0014224751066855834,0,1.0,2.0892626149112044,5624.0,False,1.0,-0.0014224751066855834
2020-08-27 14:55:00,0.0019090197747573256,0.008903133903133797,0.008903133903133797,0,1.0,2.0981657488143384,5616.0,False,1.0,0.008903133903133797
2020-08-27 21:35:00,0.00218889769166708,0.009883515707730384,0.009883515707730384,0,1.0,2.1080492645220685,5666.0,False,1.0,0.009883515707730384
2020-08-28 09:40:00,0.0017422965029254556,0.004194337644180424,0.004194337644180424,0,1.0,2.1122436021662487,5722.0,False,1.0,0.004194337644180424
2020-08-28 10:40:00,0.002121503697708249,0.002436477549599747,0.002436477549599747,0,1.0,2.114680079715849,5746.0,False,1.0,0.002436477549599747
2020-08-28 11:25:00,0.0016479779733344913,0.0010416666666666075,0.0010416666666666075,0,1.0,2.1157217463825155,5760.0,False,1.0,0.0010416666666666075
2020-08-28 14:10:00,0.0017991372151300311,-0.0003468609087755592,-0.0003468609087755592,0,1.0,2.1153748854737398,5766.0,False,1.0,-0.0003468609087755592
2020-08-28 14:55:00,0.000899868318811059,0.00346981263011803,0.00346981263011803,0,1.0,2.1188446981038576,5764.0,False,1.0,0.00346981263011803
2020-08-28 21:35:00,0.00046815560199320316,0.0027662517289073207,0.0027662517289073207,0,1.0,2.121610949832765,5784.0,False,1.0,0.0027662517289073207
2020-08-31 09:40:00,6.99033189448528e-05,0.010344827586206806,0.010344827586206806,0,1.0,2.131955777418972,5800.0,False,1.0,0.010344827586206806
2020-08-31 10:40:00,0.00013105213292874396,-0.0023890784982935065,-0.0023890784982935065,0,1.0,2.1295666989206783,5860.0,False,1.0,-0.0023890784982935065
2020-08-31 11:25:00,0.00019527992117218673,0.0051317139924735855,0.0051317139924735855,0,1.0,2.134698412913152,5846.0,False,1.0,0.0051317139924735855
2020-08-31 14:10:00,0.0010632362682372332,0.0,0.0,0,1.0,2.134698412913152,5876.0,False,1.0,0.0
2020-08-31 14:55:00,6.255361222429201e-05,-0.0030633083730429167,-0.0030633083730429167,0,1.0,2.131635104540109,5876.0,False,1.0,-0.0030633083730429167
2020-09-01 09:40:00,2.6559218895272352e-05,-0.005121201775349915,-0.005121201775349915,0,1.0,2.126513902764759,5858.0,False,1.0,-0.005121201775349915
2020-09-01 10:40:00,6.255361222429201e-05,0.008236101578586119,0.008236101578586119,0,1.0,2.134750004343345,5828.0,False,1.0,0.008236101578586119
2020-09-01 11:25:00,0.0003059930168092251,-0.002042205582028611,-0.002042205582028611,0,1.0,2.1327077987613166,5876.0,False,1.0,-0.002042205582028611
2020-09-01 14:10:00,0.0011038014199584723,0.0006821282401090478,0.0006821282401090478,0,1.0,2.1333899270014256,5864.0,False,1.0,0.0006821282401090478
2020-09-01 14:55:00,0.0002733346482273191,0.0030674846625766694,0.0030674846625766694,0,1.0,2.1364574116640025,5868.0,False,1.0,0.0030674846625766694
2020-09-01 21:35:00,0.0003424332244321704,-0.004757050628610315,-0.004757050628610315,0,1.0,2.131700361035392,5886.0,False,1.0,-0.004757050628610315
2020-09-02 09:40:00,0.00019239838002249599,-0.0023898941618299974,-0.0023898941618299974,0,1.0,2.129310466873562,5858.0,False,1.0,-0.0023898941618299974
2020-09-02 10:40:00,6.785292498534545e-05,-0.0017111567419575424,-0.0017111567419575424,0,1.0,2.1275993101316044,5844.0,False,1.0,-0.0017111567419575424
2020-09-02 11:25:00,0.0011413779575377703,-0.0003428179636613127,-0.0003428179636613127,0,1.0,2.127256492167943,5834.0,False,1.0,-0.0003428179636613127
2020-09-02 14:10:00,0.0007566463900730014,0.010973936899862924,0.010973936899862924,0,1.0,2.1382304290678062,5832.0,False,1.0,0.010973936899862924
2020-09-02 14:55:00,0.0007462104549631476,0.0050881953867027985,0.0050881953867027985,0,1.0,2.143318624454509,5896.0,False,1.0,0.0050881953867027985
2020-09-02 21:35:00,0.0010035999584943056,0.008774890313871131,0.008774890313871131,0,1.0,2.1520935147683797,5926.0,False,1.0,0.008774890313871131
2020-09-03 09:40:00,0.0006092166295275092,0.0016728002676480447,0.0016728002676480447,0,1.0,2.153766315036028,5978.0,False,1.0,0.0016728002676480447
2020-09-03 10:40:00,0.0009615980088710785,0.00033400133600536286,0.00033400133600536286,0,1.0,2.154100316372033,5988.0,False,1.0,0.00033400133600536286
2020-09-03 11:25:00,0.0005702689522877336,-0.006677796327211993,-0.006677796327211993,0,1.0,2.147422520044821,5990.0,False,1.0,-0.006677796327211993
2020-09-03 14:10:00,0.0006207277765497565,0.006050420168067117,0.006050420168067117,0,1.0,2.1534729402128887,5950.0,False,1.0,0.006050420168067117
2020-09-03 14:55:00,0.0006329186726361513,-0.004343468092215197,-0.004343468092215197,0,1.0,2.1491294721206735,5986.0,False,1.0,-0.004343468092215197
2020-09-03 21:35:00,0.0009701700182631612,-0.004697986577181235,-0.004697986577181235,0,1.0,2.144431485543492,5960.0,False,1.0,-0.004697986577181235
2020-09-04 09:40:00,0.0004976970376446843,-0.0006743088334457692,-0.0006743088334457692,0,1.0,2.1437571767100465,5932.0,False,1.0,-0.0006743088334457692
2020-09-04 10:40:00,0.0007049343548715115,0.002024291497975783,0.002024291497975783,0,1.0,2.145781468208022,5928.0,False,1.0,0.002024291497975783
2020-09-04 11:25:00,0.0007558505749329925,0.00033670033670030186,0.00033670033670030186,0,1.0,2.1461181685447226,5940.0,False,1.0,0.00033670033670030186
2020-09-04 14:10:00,0.0006739717209711671,-0.017502524402558062,-0.017502524402558062,0,1.0,2.1286156441421644,5942.0,False,1.0,-0.017502524402558062
2020-09-04 14:55:00,0.0011467078002169728,0.0037684138403561995,0.0037684138403561995,0,1.0,2.1323840579825206,5838.0,False,1.0,0.0037684138403561995
2020-09-04 21:35:00,0.00016609983867965639,-0.0071672354948805195,-0.0071672354948805195,0,1.0,2.12521682248764,5860.0,False,1.0,-0.0071672354948805195
2020-09-07 09:40:00,-3.5376633604755625e-06,0.009281540048126535,0.009281540048126535,0,1.0,2.1344983625357665,5818.0,False,0.0,0.009281540048126535
2020-09-07 10:40:00,0.00013131782179698348,-0.0006811989100817817,-0.0,1,0.0,2.1344983625357665,5872.0,False,0.0,-0.0006811989100817817
2020-09-07 11:25:00,1.350655838905368e-05,0.006134969325153339,0.0,1,0.0,2.1344983625357665,5868.0,False,0.0,0.006134969325153339
2020-09-07 14:10:00,0.0010747797787189484,-0.005420054200542035,-0.0,0,0.0,2.1344983625357665,5904.0,False,1.0,-0.005420054200542035
2020-09-07 14:55:00,0.0002982053847517818,0.009196185286103553,0.009196185286103553,0,1.0,2.1436945478218705,5872.0,False,1.0,0.009196185286103553
2020-09-08 09:40:00,0.0002756176108960062,0.0013499831252108407,0.0013499831252108407,0,1.0,2.1450445309470814,5926.0,False,1.0,0.0013499831252108407
2020-09-08 10:40:00,0.0004548884753603488,0.001685203909673083,0.001685203909673083,0,1.0,2.1467297348567542,5934.0,False,1.0,0.001685203909673083
2020-09-08 11:25:00,0.0004268365737516433,-0.0013458950201884479,-0.0013458950201884479,0,1.0,2.145383839836566,5944.0,False,1.0,-0.0013458950201884479
2020-09-08 14:10:00,0.0009564905194565654,0.006401617250673786,0.006401617250673786,0,1.0,2.1517854570872395,5936.0,False,1.0,0.006401617250673786
2020-09-08 14:55:00,0.00027383113047108054,-0.001004352192835567,-0.001004352192835567,0,1.0,2.150781104894404,5974.0,False,1.0,-0.001004352192835567
2020-09-08 21:35:00,0.0004590146418195218,-0.00871313672922247,-0.00871313672922247,0,1.0,2.1420679681651817,5968.0,False,1.0,-0.00871313672922247
2020-09-09 09:40:00,0.00017233393737114966,-0.005409060175794456,-0.005409060175794456,0,1.0,2.1366589079893874,5916.0,False,1.0,-0.005409060175794456
2020-09-09 10:40:00,0.00022700009867548943,-0.0013596193065941176,-0.0013596193065941176,0,1.0,2.135299288682793,5884.0,False,1.0,-0.0013596193065941176
2020-09-09 11:25:00,0.0010164163541048765,0.008168822328114445,0.008168822328114445,0,1.0,2.1434681110109075,5876.0,False,1.0,0.008168822328114445
2020-09-09 14:10:00,0.0010982166277244687,-0.0030384875084402685,-0.0030384875084402685,0,1.0,2.1404296235024676,5924.0,False,1.0,-0.0030384875084402685
2020-09-09 14:55:00,0.0011220506858080626,-0.005079580088046098,-0.005079580088046098,0,1.0,2.1353500434144213,5906.0,False,1.0,-0.005079580088046098
2020-09-09 21:35:00,0.0011640527518466115,-0.007828454731109602,-0.007828454731109602,0,1.0,2.1275215886833116,5876.0,False,1.0,-0.007828454731109602
2020-09-10 09:40:00,0.0008869182784110308,-0.0006861063464836947,-0.0006861063464836947,0,1.0,2.126835482336828,5830.0,False,1.0,-0.0006861063464836947
2020-09-10 10:40:00,0.0009934194386005402,0.00686577411603162,0.00686577411603162,0,1.0,2.1337012564528597,5826.0,False,1.0,0.00686577411603162
2020-09-10 11:25:00,0.0016583511605858803,-0.007159904534606243,-0.007159904534606243,0,1.0,2.126541351918253,5866.0,False,1.0,-0.007159904534606243
2020-09-10 14:10:00,0.0014798681950196624,0.005151098901098994,0.005151098901098994,0,1.0,2.1316924508193527,5824.0,False,1.0,0.005151098901098994
2020-09-10 14:55:00,0.001672490150667727,0.008199521694567835,0.008199521694567835,0,1.0,2.1398919725139205,5854.0,False,1.0,0.008199521694567835
2020-09-10 21:35:00,0.0018431232310831547,-0.008810572687224627,-0.008810572687224627,0,1.0,2.1310813998266958,5902.0,False,1.0,-0.008810572687224627
2020-09-11 09:40:00,0.0014152965741232038,-0.0034188034188034067,-0.0034188034188034067,0,1.0,2.1276625964078923,5850.0,False,1.0,-0.0034188034188034067
2020-09-11 10:40:00,0.001672490150667727,0.0017152658662091813,0.0017152658662091813,0,1.0,2.1293778622741018,5830.0,False,1.0,0.0017152658662091813
2020-09-11 11:25:00,0.001672490150667727,0.004109589041095818,0.004109589041095818,0,1.0,2.1334874513151973,5840.0,False,1.0,0.004109589041095818
2020-09-11 14:10:00,0.001672490150667727,-0.0013642564802183177,-0.0013642564802183177,0,1.0,2.1321231948349793,5864.0,False,1.0,-0.0013642564802183177
2020-09-11 14:55:00,0.001726606977172196,0.003415300546448119,0.003415300546448119,0,1.0,2.135538495381427,5856.0,False,1.0,0.003415300546448119
2020-09-11 21:35:00,0.0015773213235661387,0.007147719537100139,0.007147719537100139,0,1.0,2.1426862149185273,5876.0,False,1.0,0.007147719537100139
2020-09-14 09:40:00,0.001289592357352376,0.00878675228117598,0.00878675228117598,0,1.0,2.1514729671997035,5918.0,False,1.0,0.00878675228117598
2020-09-14 10:40:00,0.0013786361087113619,0.009045226130653283,0.009045226130653283,0,1.0,2.1605181933303568,5970.0,False,1.0,0.009045226130653283
2020-09-14 11:25:00,0.0014076518127694726,-0.0009960159362549792,-0.0009960159362549792,0,1.0,2.1595221773941016,6024.0,False,1.0,-0.0009960159362549792
2020-09-14 14:10:00,0.001624062191694975,0.004652708541043493,0.004652708541043493,0,1.0,2.164174885935145,6018.0,False,1.0,0.004652708541043493
2020-09-14 14:55:00,0.00020908250007778406,0.012239497188223591,0.012239497188223591,0,1.0,2.176414383123369,6046.0,False,1.0,0.012239497188223591
2020-09-15 09:40:00,0.00021988025400787592,-0.006535947712418277,-0.006535947712418277,0,1.0,2.1698784354109506,6120.0,False,1.0,-0.006535947712418277
2020-09-15 10:40:00,0.00044971771421842277,0.0,0.0,0,1.0,2.1698784354109506,6080.0,False,1.0,0.0
2020-09-15 11:25:00,0.00020627840422093868,-0.001315789473684159,-0.001315789473684159,0,1.0,2.168562645937266,6080.0,False,1.0,-0.001315789473684159
2020-09-15 14:10:00,0.0011699723545461893,0.0013175230566535578,0.0013175230566535578,0,1.0,2.1698801689939198,6072.0,False,1.0,0.0013175230566535578
2020-09-15 14:55:00,0.0005941292038187385,-0.0009868421052631193,-0.0009868421052631193,0,1.0,2.1688933268886568,6080.0,False,1.0,-0.0009868421052631193
2020-09-15 21:35:00,0.0008631797973066568,0.0069147184721765065,0.0069147184721765065,0,1.0,2.1758080453608333,6074.0,False,1.0,0.0069147184721765065
2020-09-16 09:40:00,0.0005465267458930612,-0.0006540222367560355,-0.0006540222367560355,0,1.0,2.1751540231240774,6116.0,False,1.0,-0.0006540222367560355
2020-09-16 10:40:00,0.0006759969983249903,0.005562827225130906,0.005562827225130906,0,1.0,2.1807168503492083,6112.0,False,1.0,0.005562827225130906
2020-09-16 11:25:00,0.0011008145520463586,-0.008135372600065138,-0.008135372600065138,0,1.0,2.172581477749143,6146.0,False,1.0,-0.008135372600065138
2020-09-16 14:10:00,0.0010829399107024074,0.005249343832020914,0.005249343832020914,0,1.0,2.177830821581164,6096.0,False,1.0,0.005249343832020914
2020-09-16 14:55:00,0.0009698327630758286,-0.0013054830287205776,-0.0013054830287205776,0,1.0,2.1765253385524432,6128.0,False,1.0,-0.0013054830287205776
2020-09-16 21:35:00,0.0012017899425700307,0.015686274509803866,0.015686274509803866,0,1.0,2.192211613062247,6120.0,False,1.0,0.015686274509803866
2020-09-17 09:40:00,0.0008027419680729508,0.009009009009008917,0.009009009009008917,0,1.0,2.201220622071256,6216.0,False,1.0,0.009009009009008917
2020-09-17 10:40:00,0.0009877074044197798,-0.0015943877551020114,-0.0015943877551020114,0,1.0,2.199626234316154,6272.0,False,1.0,-0.0015943877551020114
2020-09-17 11:25:00,0.0008359020575881004,-0.0015969338869370464,-0.0015969338869370464,0,1.0,2.1980293004292166,6262.0,False,1.0,-0.0015969338869370464
2020-09-17 14:10:00,0.0009369334438815713,0.002559181062060212,0.002559181062060212,0,1.0,2.200588481491277,6252.0,False,1.0,0.002559181062060212
2020-09-17 14:55:00,0.0007941358489915729,-0.007019783024888371,-0.007019783024888371,0,1.0,2.1935686984663887,6268.0,False,1.0,-0.007019783024888371
2020-09-17 21:35:00,0.0010082186199724674,0.006105398457583622,0.006105398457583622,0,1.0,2.1996740969239723,6224.0,False,1.0,0.006105398457583622
2020-09-18 09:40:00,0.0005716871237382293,0.014691791759821049,0.014691791759821049,0,1.0,2.214365888683793,6262.0,False,1.0,0.014691791759821049
2020-09-18 10:40:00,0.0007687440374866128,0.0037771482530688516,0.0037771482530688516,0,1.0,2.218143036936862,6354.0,False,1.0,0.0037771482530688516
2020-09-18 11:25:00,0.00042708206456154585,0.004390090937598012,0.004390090937598012,0,1.0,2.2225331278744602,6378.0,False,1.0,0.004390090937598012
2020-09-18 14:10:00,0.00042708206456154585,-0.0009366219169528733,-0.0009366219169528733,0,1.0,2.2215965059575074,6406.0,False,1.0,-0.0009366219169528733
2020-09-18 14:55:00,0.0004330459050834179,-0.003750000000000031,-0.003750000000000031,0,1.0,2.217846505957507,6400.0,False,1.0,-0.003750000000000031
2020-09-18 21:35:00,-0.0001600664108991623,0.019134253450439065,0.019134253450439065,0,1.0,2.2369807594079463,6376.0,False,0.0,0.019134253450439065
2020-09-21 09:40:00,-0.00031910688267089427,-0.002462296091104932,-0.0,1,0.0,2.2369807594079463,6498.0,False,0.0,-0.002462296091104932
2020-09-21 10:40:00,-0.0003227377019356936,0.000617093489663656,0.0,1,0.0,2.2369807594079463,6482.0,False,0.0,0.000617093489663656
2020-09-21 11:25:00,-0.00036054113297723234,-0.0012334258402713072,-0.0,0,0.0,2.2369807594079463,6486.0,False,0.0,-0.0012334258402713072
2020-09-21 14:10:00,0.000478671194287017,-0.0003087372645877995,-0.0,0,0.0,2.2369807594079463,6478.0,False,0.0,-0.0003087372645877995
2020-09-21 14:55:00,-0.0003505632048472762,-0.027177269919703484,-0.0,1,0.0,2.2369807594079463,6476.0,False,0.0,-0.027177269919703484
2020-09-22 09:40:00,-0.0005727022653445601,-0.004444444444444473,-0.0,1,0.0,2.2369807594079463,6300.0,False,-1.0,-0.004444444444444473
2020-09-22 10:40:00,-0.0005348987178876996,0.0022321428571427937,-0.0022321428571427937,0,-1.0,2.2347486165508035,6272.0,False,-1.0,0.0022321428571427937
2020-09-22 11:25:00,-0.0005348987178876996,0.0038180082723513475,-0.0038180082723513475,0,-1.0,2.2309306082784524,6286.0,False,-1.0,0.0038180082723513475
2020-09-22 14:10:00,0.00037397444248199463,-0.013946117274167946,0.013946117274167946,0,-1.0,2.2448767255526203,6310.0,False,0.0,-0.013946117274167946
2020-09-22 14:55:00,-2.776198925857898e-05,-0.005785920925747368,-0.0,1,0.0,2.2448767255526203,6222.0,False,0.0,-0.005785920925747368
2020-09-22 21:35:00,0.00014243531040847301,0.0032331070158422293,0.0,1,0.0,2.2448767255526203,6186.0,False,0.0,0.0032331070158422293
2020-09-23 09:40:00,-9.1586283815559e-05,-0.012246213341927215,-0.0,1,0.0,2.2448767255526203,6206.0,False,0.0,-0.012246213341927215
2020-09-23 10:40:00,2.6432282538735308e-05,-0.001957585644371984,-0.0,1,0.0,2.2448767255526203,6130.0,False,0.0,-0.001957585644371984
2020-09-23 11:25:00,0.0007506534457206726,0.004249754821837204,0.0,1,0.0,2.2448767255526203,6118.0,False,1.0,0.004249754821837204
2020-09-23 14:10:00,0.0005811898736283183,-0.013671875,-0.013671875,1,1.0,2.2312048505526203,6144.0,False,1.0,-0.013671875
2020-09-23 14:55:00,0.001181238447315991,-0.0046204620462045876,-0.0046204620462045876,0,1.0,2.2265843885064154,6060.0,False,1.0,-0.0046204620462045876
2020-09-23 21:35:00,0.001367646618746221,0.004641909814323553,0.004641909814323553,0,1.0,2.231226298320739,6032.0,False,1.0,0.004641909814323553
2020-09-24 09:40:00,0.0010618179803714156,-0.018151815181518205,-0.018151815181518205,0,1.0,2.213074483139221,6060.0,False,1.0,-0.018151815181518205
2020-09-24 10:40:00,0.0012451841030269861,-0.007394957983193229,-0.007394957983193229,0,1.0,2.2056795251560275,5950.0,False,1.0,-0.007394957983193229
2020-09-24 11:25:00,0.001432693563401699,-0.002031832035218395,-0.002031832035218395,0,1.0,2.203647693120809,5906.0,False,1.0,-0.002031832035218395
2020-09-24 14:10:00,0.0014637880958616734,0.008143875127248013,0.008143875127248013,0,1.0,2.2117915682480573,5894.0,False,1.0,0.008143875127248013
2020-09-24 14:55:00,0.0016484137158840895,-0.009087849209020504,-0.009087849209020504,0,1.0,2.202703719039037,5942.0,False,1.0,-0.009087849209020504
2020-09-24 21:35:00,0.001712139812298119,-0.008491847826086918,-0.008491847826086918,0,1.0,2.19421187121295,5888.0,False,1.0,-0.008491847826086918
2020-09-25 09:40:00,0.0014241404132917523,0.0037684138403561995,0.0037684138403561995,0,1.0,2.1979802850533057,5838.0,False,1.0,0.0037684138403561995
2020-09-25 10:40:00,0.0017061589751392603,0.0013651877133105117,0.0013651877133105117,0,1.0,2.199345472766616,5860.0,False,1.0,0.0013651877133105117
2020-09-25 11:25:00,0.0008615850820206106,0.002044989775051187,0.002044989775051187,0,1.0,2.2013904625416676,5868.0,False,1.0,0.002044989775051187
2020-09-25 14:10:00,0.0010419618338346481,-0.0006802721088435826,-0.0006802721088435826,0,1.0,2.200710190432824,5880.0,False,1.0,-0.0006802721088435826
2020-09-25 14:55:00,0.0009016533149406314,0.004765146358066685,0.004765146358066685,0,1.0,2.205475336790891,5876.0,False,1.0,0.004765146358066685
2020-09-25 21:35:00,0.0006537050358019769,0.0003387533875338633,0.0003387533875338633,0,1.0,2.205814090178425,5904.0,False,1.0,0.0003387533875338633
2020-09-28 09:40:00,0.0005274802097119391,0.010497798848628559,0.010497798848628559,0,1.0,2.216311889027053,5906.0,False,1.0,0.010497798848628559
2020-09-28 10:40:00,0.0005309024127200246,0.0030160857908847483,0.0030160857908847483,0,1.0,2.219327974817938,5968.0,False,1.0,0.0030160857908847483
2020-09-28 11:25:00,0.0005643398617394269,0.0003341129301703827,0.0003341129301703827,0,1.0,2.2196620877481084,5986.0,False,1.0,0.0003341129301703827
2020-09-28 14:10:00,0.0007826958317309618,-0.010354041416165694,-0.010354041416165694,0,1.0,2.2093080463319428,5988.0,False,1.0,-0.010354041416165694
2020-09-28 14:55:00,0.0004135292547289282,-0.009787377657779261,-0.009787377657779261,0,1.0,2.1995206686741637,5926.0,False,1.0,-0.009787377657779261
2020-09-29 09:40:00,0.0004391848633531481,0.005453306066802943,0.005453306066802943,0,1.0,2.2049739747409665,5868.0,False,1.0,0.005453306066802943
2020-09-29 10:40:00,0.00031030821264721453,0.003728813559322086,0.003728813559322086,0,1.0,2.2087027883002888,5900.0,False,1.0,0.003728813559322086
2020-09-29 11:25:00,0.0005922574200667441,-0.00033772374197904576,-0.00033772374197904576,0,1.0,2.2083650645583095,5922.0,False,1.0,-0.00033772374197904576
2020-09-29 14:10:00,0.0009289268054999411,0.004054054054054124,0.004054054054054124,0,1.0,2.2124191186123636,5920.0,False,1.0,0.004054054054054124
2020-09-29 14:55:00,0.0005370869766920805,-0.003364737550471064,-0.003364737550471064,0,1.0,2.2090543810618923,5944.0,False,1.0,-0.003364737550471064
2020-09-29 21:35:00,0.0009775453945621848,-0.0357866306549629,-0.0357866306549629,0,1.0,2.1732677504069295,5924.0,False,1.0,-0.0357866306549629
2020-09-30 09:40:00,0.0005693180137313902,0.010504201680672232,0.010504201680672232,0,1.0,2.1837719520876018,5712.0,False,1.0,0.010504201680672232
2020-09-30 10:40:00,0.0007533864118158817,-0.006930006930006893,-0.006930006930006893,0,1.0,2.176841945157595,5772.0,False,1.0,-0.006930006930006893
2020-09-30 11:25:00,0.0012260335497558117,0.00488485694347518,0.00488485694347518,0,1.0,2.1817268021010703,5732.0,False,1.0,0.00488485694347518
2020-09-30 14:10:00,0.0011027479777112603,0.0003472222222222765,0.0003472222222222765,0,1.0,2.1820740243232923,5760.0,False,1.0,0.0003472222222222765
2020-09-30 14:55:00,0.001138855703175068,-0.0013884068031932983,-0.0013884068031932983,0,1.0,2.180685617520099,5762.0,False,1.0,-0.0013884068031932983
2020-09-30 21:35:00,0.0009440754656679928,0.03406326034063256,0.03406326034063256,0,1.0,2.214748877860732,5754.0,False,1.0,0.03406326034063256
2020-10-09 09:40:00,0.0005987449549138546,0.002016806722689113,0.002016806722689113,0,1.0,2.2167656845834207,5950.0,False,1.0,0.002016806722689113
2020-10-09 10:40:00,0.0005451942561194301,0.011070110701107083,0.011070110701107083,0,1.0,2.227835795284528,5962.0,False,1.0,0.011070110701107083
2020-10-09 11:25:00,0.0008875353960320354,0.00033178500331776384,0.00033178500331776384,0,1.0,2.2281675802878453,6028.0,False,1.0,0.00033178500331776384
2020-10-09 14:10:00,0.0011659248266369104,0.0006633499170811685,0.0006633499170811685,0,1.0,2.2288309302049267,6030.0,False,1.0,0.0006633499170811685
2020-10-09 14:55:00,0.000431948050390929,0.0275107722903547,0.0275107722903547,0,1.0,2.2563417024952814,6034.0,False,1.0,0.0275107722903547
2020-10-12 09:40:00,0.00041326976497657597,0.007096774193548372,0.007096774193548372,0,1.0,2.2634384766888296,6200.0,False,1.0,0.007096774193548372
2020-10-12 10:40:00,0.00046813260996714234,0.004163997437540035,0.004163997437540035,0,1.0,2.26760247412637,6244.0,False,1.0,0.004163997437540035
2020-10-12 11:25:00,0.000578557956032455,-0.00191387559808609,-0.00191387559808609,0,1.0,2.2656885985282837,6270.0,False,1.0,-0.00191387559808609
2020-10-12 14:10:00,0.0003106551885139197,0.003515500159795515,0.003515500159795515,0,1.0,2.2692040986880793,6258.0,False,1.0,0.003515500159795515
2020-10-12 14:55:00,-0.0003750973555725068,-0.018152866242038268,-0.018152866242038268,0,1.0,2.251051232446041,6280.0,False,0.0,-0.018152866242038268
2020-10-13 09:40:00,-0.00034035445423796773,0.0038923126824521592,0.0,1,0.0,2.251051232446041,6166.0,False,0.0,0.0038923126824521592
2020-10-13 10:40:00,-0.0002676000876817852,0.0025848142164781596,0.0,1,0.0,2.251051232446041,6190.0,False,0.0,0.0025848142164781596
2020-10-13 11:25:00,-0.0002676000876817852,0.0032226877215597582,0.0,0,0.0,2.251051232446041,6206.0,False,0.0,0.0032226877215597582
2020-10-13 14:10:00,0.0005015753558836877,-0.002248634757468726,-0.0,0,0.0,2.251051232446041,6226.0,False,0.0,-0.002248634757468726
2020-10-13 14:55:00,-0.0001521502563264221,0.003219575016097931,0.0,1,0.0,2.251051232446041,6212.0,False,0.0,0.003219575016097931
2020-10-13 21:35:00,2.13884050026536e-07,-0.00224646983311938,-0.0,1,0.0,2.251051232446041,6232.0,False,0.0,-0.00224646983311938
2020-10-14 09:40:00,-0.00039901540731079876,0.0003216468317785992,0.0,1,0.0,2.251051232446041,6218.0,False,0.0,0.0003216468317785992
2020-10-14 10:40:00,-5.8680729125626385e-05,-0.001607717041800627,-0.0,1,0.0,2.251051232446041,6220.0,False,0.0,-0.001607717041800627
2020-10-14 11:25:00,0.00039251084672287107,0.0009661835748793202,0.0,0,0.0,2.251051232446041,6210.0,False,0.0,0.0009661835748793202
2020-10-14 14:10:00,0.0003270932356826961,-0.0019305019305019266,-0.0,1,0.0,2.251051232446041,6216.0,False,0.0,-0.0019305019305019266
2020-10-14 14:55:00,0.00011354551679687575,0.012250161186331487,0.0,1,0.0,2.251051232446041,6204.0,False,0.0,0.012250161186331487
2020-10-14 21:35:00,0.0003876454720739275,-0.0031847133757961776,-0.0,0,0.0,2.251051232446041,6280.0,False,0.0,-0.0031847133757961776
2020-10-15 09:40:00,-1.1163856470375322e-05,-0.006070287539936103,-0.0,0,0.0,2.251051232446041,6260.0,False,0.0,-0.006070287539936103
2020-10-15 10:40:00,-2.5333194571430795e-05,-0.0022500803600128405,-0.0,1,0.0,2.251051232446041,6222.0,False,0.0,-0.0022500803600128405
2020-10-15 11:25:00,-2.3796728783054277e-06,-0.006121134020618535,-0.0,1,0.0,2.251051232446041,6208.0,False,0.0,-0.006121134020618535
2020-10-15 14:10:00,-5.5489181249868125e-05,-0.0019448946515396859,-0.0,0,0.0,2.251051232446041,6170.0,False,0.0,-0.0019448946515396859
2020-10-15 14:55:00,0.00021828533499501646,-0.003572588502760654,-0.0,0,0.0,2.251051232446041,6158.0,False,0.0,-0.003572588502760654
2020-10-15 21:35:00,0.0004632623749785125,-0.01988265971316816,-0.0,1,0.0,2.251051232446041,6136.0,False,1.0,-0.01988265971316816
2020-10-16 09:40:00,-7.160542736528441e-06,0.0036581310276022627,0.0036581310276022627,1,1.0,2.2547093634736433,6014.0,False,0.0,0.0036581310276022627
2020-10-16 10:40:00,5.922649143030867e-05,0.0016567263088138606,0.0,1,0.0,2.2547093634736433,6036.0,False,0.0,0.0016567263088138606
2020-10-16 11:25:00,0.0008143058512359858,0.0003307972213033583,0.0,1,0.0,2.2547093634736433,6046.0,False,1.0,0.0003307972213033583
2020-10-16 14:10:00,0.0008184491307474673,0.005621693121693028,0.005621693121693028,0,1.0,2.2603310565953363,6048.0,False,1.0,0.005621693121693028
2020-10-16 14:55:00,0.0003413742233533412,-0.005919105557382398,-0.005919105557382398,0,1.0,2.254411951037954,6082.0,False,1.0,-0.005919105557382398
2020-10-16 21:35:00,1.5654235539841466e-05,-0.008600727753886872,-0.008600727753886872,0,1.0,2.245811223284067,6046.0,False,1.0,-0.008600727753886872
2020-10-19 09:40:00,-0.00024266261607408524,-0.005005005005005003,-0.005005005005005003,0,1.0,2.240806218279062,5994.0,False,0.0,-0.005005005005005003
2020-10-19 10:40:00,-0.00016990824951790273,-0.008048289738430636,-0.0,1,0.0,2.240806218279062,5964.0,False,0.0,-0.008048289738430636
2020-10-19 11:25:00,-0.00013056659372523427,-0.011832319134550406,-0.0,1,0.0,2.240806218279062,5916.0,False,0.0,-0.011832319134550406
2020-10-19 14:10:00,0.0005132933147251606,0.0003421142661648169,0.0,0,0.0,2.240806218279062,5846.0,False,1.0,0.0003421142661648169
2020-10-19 14:55:00,0.0005786298424936831,0.0034199726402188713,0.0034199726402188713,1,1.0,2.2442261909192807,5848.0,False,1.0,0.0034199726402188713
2020-10-20 09:40:00,0.0005786298424936831,-0.0047716428084526585,-0.0047716428084526585,1,1.0,2.239454548110828,5868.0,False,1.0,-0.0047716428084526585
2020-10-20 10:40:00,0.0007132726605050266,0.0,0.0,0,1.0,2.239454548110828,5840.0,False,1.0,0.0
2020-10-20 11:25:00,0.0006357145612128079,0.006849315068493178,0.006849315068493178,0,1.0,2.246303863179321,5840.0,False,1.0,0.006849315068493178
2020-10-20 14:10:00,0.000998820411041379,0.0013605442176871652,0.0013605442176871652,0,1.0,2.2476644073970085,5880.0,False,1.0,0.0013605442176871652
2020-10-20 14:55:00,0.0009469923097640276,0.008831521739130377,0.008831521739130377,0,1.0,2.256495929136139,5888.0,False,1.0,0.008831521739130377
2020-10-20 21:35:00,0.0011596267577260733,0.006734006734006703,0.006734006734006703,0,1.0,2.2632299358701458,5940.0,False,1.0,0.006734006734006703
2020-10-21 09:40:00,0.0008543259464204311,-0.003010033444816096,-0.003010033444816096,0,1.0,2.2602199024253293,5980.0,False,1.0,-0.003010033444816096
2020-10-21 10:40:00,0.0009212005534209311,0.008386447500838612,0.008386447500838612,0,1.0,2.268606349926168,5962.0,False,1.0,0.008386447500838612
2020-10-21 11:25:00,0.0011863813269883394,-0.003659347970725202,-0.003659347970725202,0,1.0,2.2649470019554427,6012.0,False,1.0,-0.003659347970725202
2020-10-21 14:10:00,0.0011046729050576687,0.0033388981636059967,0.0033388981636059967,0,1.0,2.2682859001190487,5990.0,False,1.0,0.0033388981636059967
2020-10-21 14:55:00,0.0011043677804991603,0.0023294509151414733,0.0023294509151414733,0,1.0,2.2706153510341904,6010.0,False,1.0,0.0023294509151414733
2020-10-21 21:35:00,0.0014231271343305707,-0.009960159362549792,-0.009960159362549792,0,1.0,2.26065519167164,6024.0,False,1.0,-0.009960159362549792
2020-10-22 09:40:00,0.0010020644403994083,0.0003353454057679617,0.0003353454057679617,0,1.0,2.2609905370774084,5964.0,False,1.0,0.0003353454057679617
2020-10-22 10:40:00,0.0011933024507015944,0.0030170968823333144,0.0030170968823333144,0,1.0,2.264007633959742,5966.0,False,1.0,0.0030170968823333144
2020-10-22 11:25:00,0.0011474023340269923,0.009692513368984024,0.009692513368984024,0,1.0,2.273700147328726,5984.0,False,1.0,0.009692513368984024
2020-10-22 14:10:00,0.001120084896683693,0.0006620324395896215,0.0006620324395896215,0,1.0,2.2743621797683153,6042.0,False,1.0,0.0006620324395896215
2020-10-22 14:55:00,0.0010867256205528975,0.010916308303010158,0.010916308303010158,0,1.0,2.2852784880713255,6046.0,False,1.0,0.010916308303010158
2020-10-22 21:35:00,0.0013534351019188762,0.0062172774869109215,0.0062172774869109215,0,1.0,2.2914957655582366,6112.0,False,1.0,0.0062172774869109215
2020-10-23 09:40:00,0.0010010090190917253,-0.0019512195121951237,-0.0019512195121951237,0,1.0,2.2895445460460415,6150.0,False,1.0,-0.0019512195121951237
2020-10-23 10:40:00,0.00125250150449574,0.0009775171065493637,0.0009775171065493637,0,1.0,2.290522063152591,6138.0,False,1.0,0.0009775171065493637
2020-10-23 11:25:00,0.0011558558326214552,-0.00032552083333337034,-0.00032552083333337034,0,1.0,2.2901965423192574,6144.0,False,1.0,-0.00032552083333337034
2020-10-23 14:10:00,0.0009180897613987327,-0.009443178117876871,-0.009443178117876871,0,1.0,2.2807533642013804,6142.0,False,1.0,-0.009443178117876871
2020-10-23 14:55:00,0.001049661892466247,-0.0006574621959237748,-0.0006574621959237748,0,1.0,2.2800959020054568,6084.0,False,1.0,-0.0006574621959237748
2020-10-23 21:35:00,0.0005528780166059732,0.011184210526315796,0.011184210526315796,0,1.0,2.2912801125317728,6080.0,False,1.0,0.011184210526315796
2020-10-26 09:40:00,0.00036247310345061123,0.013337670787247902,0.013337670787247902,0,1.0,2.3046177833190207,6148.0,False,1.0,0.013337670787247902
2020-10-26 10:40:00,0.0003565245133358985,0.0003210272873195308,0.0003210272873195308,0,1.0,2.30493881060634,6230.0,False,1.0,0.0003210272873195308
2020-10-26 11:25:00,0.000425587291829288,-0.0009627727856226231,-0.0009627727856226231,0,1.0,2.3039760378207172,6232.0,False,1.0,-0.0009627727856226231
2020-10-26 14:10:00,0.0006996996235102415,-0.00032123353678126243,-0.00032123353678126243,0,1.0,2.303654804283936,6226.0,False,1.0,-0.00032123353678126243
2020-10-26 14:55:00,0.00010589009616523981,-0.0003213367609254947,-0.0003213367609254947,0,1.0,2.3033334675230104,6224.0,False,1.0,-0.0003213367609254947
2020-10-27 09:40:00,1.756992787704803e-05,0.0006428801028608433,0.0006428801028608433,0,1.0,2.3039763476258712,6222.0,False,1.0,0.0006428801028608433
2020-10-27 10:40:00,0.00024580853641964495,0.0019274012206873525,0.0019274012206873525,0,1.0,2.305903748846559,6226.0,False,1.0,0.0019274012206873525
2020-10-27 11:25:00,0.00010589009616523981,-0.002885540237255513,-0.002885540237255513,0,1.0,2.303018208609303,6238.0,False,1.0,-0.002885540237255513
2020-10-27 14:10:00,0.00038940756348893046,0.0112540192926045,0.0112540192926045,0,1.0,2.3142722279019075,6220.0,False,1.0,0.0112540192926045
2020-10-27 14:55:00,-0.00044369889656081796,-0.003815580286168574,-0.003815580286168574,0,1.0,2.310456647615739,6290.0,False,0.0,-0.003815580286168574
2020-10-27 21:35:00,-1.824703940656036e-05,0.0012767315671879942,0.0,1,0.0,2.310456647615739,6266.0,False,0.0,0.0012767315671879942
2020-10-28 09:40:00,-0.00035068285069428384,-0.002231431303793441,-0.0,1,0.0,2.310456647615739,6274.0,False,0.0,-0.002231431303793441
2020-10-28 10:40:00,-0.0003404777671676129,-0.006070287539936103,-0.0,0,0.0,2.310456647615739,6260.0,False,0.0,-0.006070287539936103
2020-10-28 11:25:00,9.051335655385628e-05,0.006107360977177789,0.0,0,0.0,2.310456647615739,6222.0,False,0.0,0.006107360977177789
2020-10-28 14:10:00,-6.386765016941354e-05,0.003514376996805124,0.0,1,0.0,2.310456647615739,6260.0,False,0.0,0.003514376996805124
2020-10-28 14:55:00,-0.00015651081048417836,0.0019102196752627254,0.0,1,0.0,2.310456647615739,6282.0,False,0.0,0.0019102196752627254
2020-10-28 21:35:00,0.00015388531028293073,-0.0012710517953606892,-0.0,0,0.0,2.310456647615739,6294.0,False,0.0,-0.0012710517953606892
2020-10-29 09:40:00,-0.00032758843735791743,-0.0044543429844098315,-0.0,1,0.0,2.310456647615739,6286.0,False,0.0,-0.0044543429844098315
2020-10-29 10:40:00,-0.0002597319253254682,-0.0015979546180888704,-0.0,1,0.0,2.310456647615739,6258.0,False,0.0,-0.0015979546180888704
2020-10-29 11:25:00,-6.926039350219071e-05,-0.003841229193341844,-0.0,0,0.0,2.310456647615739,6248.0,False,0.0,-0.003841229193341844
2020-10-29 14:10:00,-0.0002389493165537715,0.010925449871465265,0.0,0,0.0,2.310456647615739,6224.0,False,0.0,0.010925449871465265
2020-10-29 14:55:00,0.0002311630523763597,0.0034965034965035446,0.0,0,0.0,2.310456647615739,6292.0,False,0.0,0.0034965034965035446
2020-10-29 21:35:00,0.0005362862721085548,-0.0015837820715869366,-0.0,1,0.0,2.310456647615739,6314.0,False,1.0,-0.0015837820715869366
2020-10-30 09:40:00,0.00013524135283660144,0.017766497461928932,0.017766497461928932,1,1.0,2.3282231450776676,6304.0,False,1.0,0.017766497461928932
2020-10-30 10:40:00,0.0001249552733497694,0.0015586034912717928,0.0015586034912717928,0,1.0,2.32978174856894,6416.0,False,1.0,0.0015586034912717928
2020-10-30 11:25:00,0.00023884593974798918,-0.0018674136321195078,-0.0018674136321195078,0,1.0,2.3279143349368203,6426.0,False,1.0,-0.0018674136321195078
2020-10-30 14:10:00,0.00018596259178593755,-0.0258808855628313,-0.0258808855628313,0,1.0,2.302033449373989,6414.0,False,1.0,-0.0258808855628313
2020-10-30 14:55:00,0.00017712573753669858,-0.0016005121638924535,-0.0016005121638924535,0,1.0,2.3004329372100965,6248.0,False,1.0,-0.0016005121638924535
2020-10-30 21:35:00,0.0006739466334693134,0.003526771401090034,0.003526771401090034,0,1.0,2.3039597086111865,6238.0,False,1.0,0.003526771401090034
2020-11-02 09:40:00,0.0004688631452154368,-0.0015974440894568342,-0.0015974440894568342,0,1.0,2.3023622645217294,6260.0,False,1.0,-0.0015974440894568342
2020-11-02 10:40:00,0.0004688631452154368,-0.006399999999999961,-0.006399999999999961,0,1.0,2.2959622645217297,6250.0,False,1.0,-0.006399999999999961
2020-11-02 11:25:00,0.0004385126521810889,-0.006119162640901732,-0.006119162640901732,0,1.0,2.289843101880828,6210.0,False,1.0,-0.006119162640901732
2020-11-02 14:10:00,0.0011407246347516775,0.0006480881399870686,0.0006480881399870686,0,1.0,2.2904911900208154,6172.0,False,1.0,0.0006480881399870686
2020-11-02 14:55:00,0.0007309323409572244,0.008095854922279822,0.008095854922279822,0,1.0,2.298587044943095,6176.0,False,1.0,0.008095854922279822
2020-11-03 09:40:00,0.0007427730015479028,0.007067137809187329,0.007067137809187329,0,1.0,2.3056541827522823,6226.0,False,1.0,0.007067137809187329
2020-11-03 10:40:00,0.0007118929643183947,0.0006379585326954373,0.0006379585326954373,0,1.0,2.3062921412849775,6270.0,False,1.0,0.0006379585326954373
2020-11-03 11:25:00,0.0006472326931543648,0.006694293911380322,0.006694293911380322,0,1.0,2.312986435196358,6274.0,False,1.0,0.006694293911380322
2020-11-03 14:10:00,0.0011385689722374082,0.0028499050031665085,0.0028499050031665085,0,1.0,2.3158363401995246,6316.0,False,1.0,0.0028499050031665085
2020-11-03 14:55:00,0.0009488924406468868,0.005052099778970698,0.005052099778970698,0,1.0,2.3208884399784955,6334.0,False,1.0,0.005052099778970698
2020-11-03 21:35:00,0.0010858885943889618,-0.0003141690229343519,-0.0003141690229343519,0,1.0,2.320574270955561,6366.0,False,1.0,-0.0003141690229343519
2020-11-04 09:40:00,0.0008940296829678118,-0.0003142677561281948,-0.0003142677561281948,0,1.0,2.3202600031994325,6364.0,False,1.0,-0.0003142677561281948
2020-11-04 10:40:00,0.0007998209330253303,-0.0018861993083936213,-0.0018861993083936213,0,1.0,2.318373803891039,6362.0,False,1.0,-0.0018861993083936213
2020-11-04 11:25:00,0.0011245758505538106,0.005984251968503829,0.005984251968503829,0,1.0,2.324358055859543,6350.0,False,1.0,0.005984251968503829
2020-11-04 14:10:00,0.0011588330380618572,0.00970569818409528,0.00970569818409528,0,1.0,2.3340637540436378,6388.0,False,1.0,0.00970569818409528
2020-11-04 14:55:00,0.0008246781653724611,-0.006201550387596955,-0.006201550387596955,0,1.0,2.327862203656041,6450.0,False,1.0,-0.006201550387596955
2020-11-04 21:35:00,0.0011412592139095068,-0.009048361934477334,-0.009048361934477334,0,1.0,2.3188138417215636,6410.0,False,1.0,-0.009048361934477334
2020-11-05 09:40:00,0.00065004569478333,0.010705289672544138,0.010705289672544138,0,1.0,2.3295191313941075,6352.0,False,1.0,0.010705289672544138
2020-11-05 10:40:00,0.0006493658293038607,-0.00031152647975074554,-0.00031152647975074554,0,1.0,2.329207604914357,6420.0,False,1.0,-0.00031152647975074554
2020-11-05 11:25:00,0.0007962543168105185,0.01277656590838272,0.01277656590838272,0,1.0,2.34198417082274,6418.0,False,1.0,0.01277656590838272
2020-11-05 14:10:00,0.0008787195547483861,0.0,0.0,0,1.0,2.34198417082274,6500.0,False,1.0,0.0
2020-11-05 14:55:00,0.00034058152232319117,-0.0012307692307692575,-0.0012307692307692575,0,1.0,2.3407534015919707,6500.0,False,1.0,-0.0012307692307692575
2020-11-05 21:35:00,0.0006810505874454975,0.012939001848428777,0.012939001848428777,0,1.0,2.3536924034403994,6492.0,False,1.0,0.012939001848428777
2020-11-06 09:40:00,0.00038815202424302697,-0.0015206812652067692,-0.0015206812652067692,0,1.0,2.3521717221751928,6576.0,False,1.0,-0.0015206812652067692
2020-11-06 10:40:00,0.0004863132198806852,0.003959792872372914,0.003959792872372914,0,1.0,2.356131515047566,6566.0,False,1.0,0.003959792872372914
2020-11-06 11:25:00,0.0003126898664049804,-0.007584951456310662,-0.007584951456310662,0,1.0,2.3485465635912552,6592.0,False,1.0,-0.007584951456310662
2020-11-06 14:10:00,0.00038347835652530193,-0.004585753592173614,-0.004585753592173614,0,1.0,2.343960809999081,6542.0,False,1.0,-0.004585753592173614
2020-11-06 14:55:00,0.0004033928271383047,0.0015356265356265553,0.0015356265356265553,0,1.0,2.3454964365347077,6512.0,False,1.0,0.0015356265356265553
2020-11-06 21:35:00,1.878120565379504e-05,0.0,0.0,0,1.0,2.3454964365347077,6522.0,False,1.0,0.0
2020-11-09 09:40:00,-0.00020732410484924912,0.0,0.0,0,1.0,2.3454964365347077,6522.0,False,0.0,0.0
2020-11-09 10:40:00,-0.00036380402161739767,0.0036798528058876734,0.0,1,0.0,2.3454964365347077,6522.0,False,-1.0,0.0036798528058876734
2020-11-09 11:25:00,-0.00036380402161739767,-0.0006110601894286916,0.0006110601894286916,1,-1.0,2.3461074967241364,6546.0,False,-1.0,-0.0006110601894286916
2020-11-09 14:10:00,0.0004404451174195856,-0.010088657902782017,0.010088657902782017,0,-1.0,2.3561961546269186,6542.0,False,0.0,-0.010088657902782017
2020-11-09 14:55:00,0.00043585989624261856,0.004323656578134605,0.0,1,0.0,2.3561961546269186,6476.0,False,1.0,0.004323656578134605
2020-11-10 09:40:00,0.0004993189359083772,-0.004305043050430557,-0.004305043050430557,1,1.0,2.351891111576488,6504.0,False,1.0,-0.004305043050430557
2020-11-10 10:40:00,0.00046151550486683846,0.0,0.0,0,1.0,2.351891111576488,6476.0,False,1.0,0.0
2020-11-10 11:25:00,0.0005009807064197958,0.005558987029030238,0.005558987029030238,0,1.0,2.3574500986055185,6476.0,False,1.0,0.005558987029030238
2020-11-10 14:10:00,0.0005082831485196948,-0.011670761670761642,-0.011670761670761642,0,1.0,2.345779336934757,6512.0,False,1.0,-0.011670761670761642
2020-11-10 14:55:00,-5.5291315220529214e-05,0.003729024238657619,0.003729024238657619,0,1.0,2.349508361173414,6436.0,False,0.0,0.003729024238657619
2020-11-10 21:35:00,0.00012204577069496736,0.015789473684210575,0.0,1,0.0,2.349508361173414,6460.0,False,0.0,0.015789473684210575
2020-11-11 09:40:00,-6.508611841127276e-05,0.012496190185918854,0.0,1,0.0,2.349508361173414,6562.0,False,0.0,0.012496190185918854
2020-11-11 10:40:00,-6.936225690878928e-05,-0.0006020469596628164,-0.0,1,0.0,2.349508361173414,6644.0,False,0.0,-0.0006020469596628164
2020-11-11 11:25:00,0.00024253292940557003,-0.001506024096385561,-0.0,1,0.0,2.349508361173414,6640.0,False,0.0,-0.001506024096385561
2020-11-11 14:10:00,0.0004924883833155036,-0.0012066365007541435,-0.0,1,0.0,2.349508361173414,6630.0,False,1.0,-0.0012066365007541435
2020-11-11 14:55:00,0.0011922525009140372,0.0012080942313501541,0.0012080942313501541,1,1.0,2.3507164554047644,6622.0,False,1.0,0.0012080942313501541
2020-11-11 21:35:00,0.0010874827858060598,0.007541478129713397,0.007541478129713397,0,1.0,2.3582579335344778,6630.0,False,1.0,0.007541478129713397
2020-11-12 09:40:00,0.000803791219368577,-0.006586826347305341,-0.006586826347305341,0,1.0,2.3516711071871725,6680.0,False,1.0,-0.006586826347305341
2020-11-12 10:40:00,0.0010689881164580584,0.0,0.0,0,1.0,2.3516711071871725,6636.0,False,1.0,0.0
2020-11-12 11:25:00,0.001070755417458713,0.0012055455093429313,0.0012055455093429313,0,1.0,2.3528766526965157,6636.0,False,1.0,0.0012055455093429313
2020-11-12 14:10:00,0.0010474469745531678,0.0009030704394943356,0.0009030704394943356,0,1.0,2.35377972313601,6644.0,False,1.0,0.0009030704394943356
2020-11-12 14:55:00,0.0007734920363873243,-0.004812030075187934,-0.004812030075187934,0,1.0,2.348967693060822,6650.0,False,1.0,-0.004812030075187934
2020-11-12 21:35:00,0.0012416832614690065,0.012390450287095733,0.012390450287095733,0,1.0,2.3613581433479176,6618.0,False,1.0,0.012390450287095733
2020-11-13 09:40:00,0.0009195002494379878,-0.008955223880596996,-0.008955223880596996,0,1.0,2.3524029194673206,6700.0,False,1.0,-0.008955223880596996
2020-11-13 10:40:00,0.000873171491548419,-0.004518072289156572,-0.004518072289156572,0,1.0,2.347884847178164,6640.0,False,1.0,-0.004518072289156572
2020-11-13 11:25:00,0.0013476632302626967,-0.0009077155824508409,-0.0009077155824508409,0,1.0,2.3469771315957133,6610.0,False,1.0,-0.0009077155824508409
2020-11-13 14:10:00,0.0013580812374129891,0.010296789824348895,0.010296789824348895,0,1.0,2.357273921420062,6604.0,False,1.0,0.010296789824348895
2020-11-13 14:55:00,0.0012585122603923082,-0.0002997601918465209,-0.0002997601918465209,0,1.0,2.356974161228216,6672.0,False,1.0,-0.0002997601918465209
2020-11-13 21:35:00,0.0006375458324328065,0.008395802098950522,0.008395802098950522,0,1.0,2.3653699633271663,6670.0,False,1.0,0.008395802098950522
2020-11-16 09:40:00,0.00013614087947644293,-0.003568242640499597,-0.003568242640499597,0,1.0,2.3618017206866666,6726.0,False,1.0,-0.003568242640499597
2020-11-16 10:40:00,0.0001805405190680176,-0.003282602208296015,-0.003282602208296015,0,1.0,2.3585191184783705,6702.0,False,1.0,-0.003282602208296015
2020-11-16 11:25:00,0.00021481403382495046,0.0059880239520957446,0.0059880239520957446,0,1.0,2.3645071424304662,6680.0,False,1.0,0.0059880239520957446
2020-11-16 14:10:00,0.0010934446472674608,-0.002083333333333326,-0.002083333333333326,0,1.0,2.362423809097133,6720.0,False,1.0,-0.002083333333333326
2020-11-16 14:55:00,0.00044134186464361846,0.0023859230539815535,0.0023859230539815535,0,1.0,2.3648097321511146,6706.0,False,1.0,0.0023859230539815535
2020-11-17 09:40:00,0.00018283107783645391,0.00892591490627792,0.00892591490627792,0,1.0,2.3737356470573925,6722.0,False,1.0,0.00892591490627792
2020-11-17 10:40:00,0.00044134186464361846,0.005897965202005251,0.005897965202005251,0,1.0,2.379633612259398,6782.0,False,1.0,0.005897965202005251
2020-11-17 11:25:00,0.00042452450725249946,-0.0020521841102315586,-0.0020521841102315586,0,1.0,2.377581428149166,6822.0,False,1.0,-0.0020521841102315586
2020-11-17 14:10:00,0.000965419108979404,0.00528789659224449,0.00528789659224449,0,1.0,2.3828693247414106,6808.0,False,1.0,0.00528789659224449
2020-11-17 14:55:00,0.00036107253981754184,0.004091174751607252,0.004091174751607252,0,1.0,2.386960499493018,6844.0,False,1.0,0.004091174751607252
2020-11-17 21:35:00,0.0003541175101418048,-0.006693830034924297,-0.006693830034924297,0,1.0,2.3802666694580936,6872.0,False,1.0,-0.006693830034924297
2020-11-18 09:40:00,2.9097829610691406e-05,-0.0005859947260474785,-0.0005859947260474785,0,1.0,2.3796806747320463,6826.0,False,1.0,-0.0005859947260474785
2020-11-18 10:40:00,0.0001281301665585488,-0.0017590149516271136,-0.0017590149516271136,0,1.0,2.3779216597804194,6822.0,False,1.0,-0.0017590149516271136
2020-11-18 11:25:00,0.0004968312568962574,0.002936857562408246,0.002936857562408246,0,1.0,2.380858517342827,6810.0,False,1.0,0.002936857562408246
2020-11-18 14:10:00,0.0006571672856807709,-0.0011713030746706155,-0.0011713030746706155,0,1.0,2.3796872142681567,6830.0,False,1.0,-0.0011713030746706155
2020-11-18 14:55:00,0.0005855717463418841,-0.0008795074758135568,-0.0008795074758135568,0,1.0,2.378807706792343,6822.0,False,1.0,-0.0008795074758135568
2020-11-18 21:35:00,0.0009383967844769359,0.02611502347417849,0.02611502347417849,0,1.0,2.4049227302665215,6816.0,False,1.0,0.02611502347417849
2020-11-19 09:40:00,0.0006036936538293958,-0.0037174721189591198,-0.0037174721189591198,0,1.0,2.4012052581475625,6994.0,False,1.0,-0.0037174721189591198
2020-11-19 10:40:00,0.0007292508380487561,0.0040183696900115695,0.0040183696900115695,0,1.0,2.4052236278375743,6968.0,False,1.0,0.0040183696900115695
2020-11-19 11:25:00,0.0006433803355321288,0.0002858776443681599,0.0002858776443681599,0,1.0,2.405509505481942,6996.0,False,1.0,0.0002858776443681599
2020-11-19 14:10:00,0.00040115421870723367,-0.0017147756501857403,-0.0017147756501857403,0,1.0,2.4037947298317563,6998.0,False,1.0,-0.0017147756501857403
2020-11-19 14:55:00,0.0005129839992150664,0.0,0.0,0,1.0,2.4037947298317563,6986.0,False,1.0,0.0
2020-11-19 21:35:00,0.00043897019349969923,-0.006012024048096198,-0.006012024048096198,0,1.0,2.3977827057836603,6986.0,False,1.0,-0.006012024048096198
2020-11-20 09:40:00,0.00024305333499796689,0.003456221198156584,0.003456221198156584,0,1.0,2.401238926981817,6944.0,False,1.0,0.003456221198156584
2020-11-20 10:40:00,0.00044726181658916175,-0.0011481056257175437,-0.0011481056257175437,0,1.0,2.400090821356099,6968.0,False,1.0,-0.0011481056257175437
2020-11-20 11:25:00,0.0004656463861465454,0.0002873563218390718,0.0002873563218390718,0,1.0,2.400378177677938,6960.0,False,1.0,0.0002873563218390718
2020-11-20 14:10:00,0.0002570134529378265,-0.0068945705257109635,-0.0068945705257109635,0,1.0,2.3934836071522274,6962.0,False,1.0,-0.0068945705257109635
2020-11-20 14:55:00,0.0006190710701048374,-0.019670234307202827,-0.019670234307202827,0,1.0,2.3738133728450244,6914.0,False,1.0,-0.019670234307202827
2020-11-20 21:35:00,0.00015998957678675652,-0.0011802891708468932,-0.0011802891708468932,0,1.0,2.372633083674178,6778.0,False,1.0,-0.0011802891708468932
2020-11-23 09:40:00,5.2590730774682015e-05,-0.011816838995568735,-0.011816838995568735,0,1.0,2.360816244678609,6770.0,False,1.0,-0.011816838995568735
2020-11-23 10:40:00,0.00013634830247610807,-0.0005979073243647104,-0.0005979073243647104,0,1.0,2.3602183373542447,6690.0,False,1.0,-0.0005979073243647104
2020-11-23 11:25:00,0.0001135534475906752,0.0017947950942267532,0.0017947950942267532,0,1.0,2.362013132448471,6686.0,False,1.0,0.0017947950942267532
2020-11-23 14:10:00,0.0009979861788451672,-0.007464914899970143,-0.007464914899970143,0,1.0,2.3545482175485013,6698.0,False,1.0,-0.007464914899970143
2020-11-23 14:55:00,0.0005202942993491888,0.001203369434416457,0.001203369434416457,0,1.0,2.3557515869829175,6648.0,False,1.0,0.001203369434416457
2020-11-24 09:40:00,0.0006623767549172044,-0.009314903846153855,-0.009314903846153855,0,1.0,2.346436683136764,6656.0,False,1.0,-0.009314903846153855
2020-11-24 10:40:00,0.0004942734958603978,0.004852896572641763,0.004852896572641763,0,1.0,2.3512895797094053,6594.0,False,1.0,0.004852896572641763
2020-11-24 11:25:00,0.0006472686072811484,0.012375490492001262,0.012375490492001262,0,1.0,2.3636650702014066,6626.0,False,1.0,0.012375490492001262
2020-11-24 14:10:00,0.0018448245245963335,-0.0005963029218842841,-0.0005963029218842841,0,1.0,2.3630687672795228,6708.0,False,1.0,-0.0005963029218842841
2020-11-24 14:55:00,-0.000440998119302094,0.0035799522673030104,0.0035799522673030104,0,1.0,2.3666487195468253,6704.0,False,0.0,0.0035799522673030104
2020-11-24 21:35:00,-0.000174088025232777,-0.0026753864447086606,-0.0,1,0.0,2.3666487195468253,6728.0,False,0.0,-0.0026753864447086606
2020-11-25 09:40:00,-0.00041259676800109446,0.01162444113263783,0.0,1,0.0,2.3666487195468253,6710.0,False,-1.0,0.01162444113263783
2020-11-25 10:40:00,-0.0005638839211314917,-0.006187389510901586,0.006187389510901586,0,-1.0,2.3728361090577272,6788.0,False,-1.0,-0.006187389510901586
2020-11-25 11:25:00,0.0010206360602751374,-0.002668247850578065,0.002668247850578065,0,-1.0,2.3755043569083054,6746.0,False,0.0,-0.002668247850578065
2020-11-25 14:10:00,0.001110201352275908,0.0014863258026158732,0.0,1,0.0,2.3755043569083054,6728.0,False,1.0,0.0014863258026158732
2020-11-25 14:55:00,0.001586914760991931,-0.00029682398337782523,-0.00029682398337782523,1,1.0,2.375207532924928,6738.0,False,1.0,-0.00029682398337782523
2020-11-25 21:35:00,0.0018153159180656075,-0.0017814726840854611,-0.0017814726840854611,0,1.0,2.373426060240842,6736.0,False,1.0,-0.0017814726840854611
2020-11-26 09:40:00,0.0012884287862107158,-0.005948839976204656,-0.005948839976204656,0,1.0,2.3674772202646377,6724.0,False,1.0,-0.005948839976204656
2020-11-26 10:40:00,0.0015880331629887223,0.009275882704967042,0.009275882704967042,0,1.0,2.3767531029696043,6684.0,False,1.0,0.009275882704967042
2020-11-26 11:25:00,0.0017462735995650291,-0.008004743551734306,-0.008004743551734306,0,1.0,2.36874835941787,6746.0,False,1.0,-0.008004743551734306
2020-11-26 14:10:00,0.001881138770841062,-0.0002988643156006665,-0.0002988643156006665,0,1.0,2.3684494951022694,6692.0,False,1.0,-0.0002988643156006665
2020-11-26 14:55:00,0.0017889675218611956,-0.0005979073243647104,-0.0005979073243647104,0,1.0,2.3678515877779045,6690.0,False,1.0,-0.0005979073243647104
2020-11-26 21:35:00,0.0017926706932485104,0.005982650314089177,0.005982650314089177,0,1.0,2.3738342380919937,6686.0,False,1.0,0.005982650314089177
2020-11-27 09:40:00,0.0013485121307894588,0.0,0.0,0,1.0,2.3738342380919937,6726.0,False,1.0,0.0
2020-11-27 10:40:00,0.0018615017179399729,0.000892060660124816,0.000892060660124816,0,1.0,2.374726298752119,6726.0,False,1.0,0.000892060660124816
2020-11-27 11:25:00,0.0015398496761918068,-0.004753416518122444,-0.004753416518122444,0,1.0,2.3699728822339963,6732.0,False,1.0,-0.004753416518122444
2020-11-27 14:10:00,0.0015458028065040708,0.00417910447761205,0.00417910447761205,0,1.0,2.3741519867116083,6700.0,False,1.0,0.00417910447761205
2020-11-27 14:55:00,0.0016893050633370876,0.004161712247324534,0.004161712247324534,0,1.0,2.378313698958933,6728.0,False,1.0,0.004161712247324534
2020-11-27 21:35:00,0.0009003242594189942,0.010657193605683846,0.010657193605683846,0,1.0,2.3889708925646165,6756.0,False,1.0,0.010657193605683846
2020-11-30 09:40:00,0.0006483939359895885,-0.003222026947861778,-0.003222026947861778,0,1.0,2.3857488656167547,6828.0,False,1.0,-0.003222026947861778
2020-11-30 10:40:00,0.0007401935290545225,-0.0035263003232441914,-0.0035263003232441914,0,1.0,2.3822225652935107,6806.0,False,1.0,-0.0035263003232441914
2020-11-30 11:25:00,0.0006742753903381526,-0.014450014744913031,-0.014450014744913031,0,1.0,2.367772550548598,6782.0,False,1.0,-0.014450014744913031
2020-11-30 14:10:00,0.001744622248224914,-0.010472770795930564,-0.010472770795930564,0,1.0,2.357299779752667,6684.0,False,1.0,-0.010472770795930564
2020-11-30 14:55:00,0.0011012335307896137,-0.005442999697611084,-0.005442999697611084,0,1.0,2.351856780055056,6614.0,False,1.0,-0.005442999697611084
2020-12-01 09:40:00,0.001315609086304903,0.003648525387655921,0.003648525387655921,0,1.0,2.355505305442712,6578.0,False,1.0,0.003648525387655921
2020-12-01 10:40:00,0.0011279629543423653,0.0024235080278702803,0.0024235080278702803,0,1.0,2.3579288134705823,6602.0,False,1.0,0.0024235080278702803
2020-12-01 11:25:00,0.001252122689038515,0.0018132366273799772,0.0018132366273799772,0,1.0,2.359742050097962,6618.0,False,1.0,0.0018132366273799772
2020-12-01 14:10:00,0.0020485096611082554,0.006033182503770718,0.006033182503770718,0,1.0,2.3657752326017327,6630.0,False,1.0,0.006033182503770718
2020-12-01 14:55:00,0.0007273161318153143,-0.0026986506746626837,-0.0026986506746626837,0,1.0,2.3630765819270705,6670.0,False,1.0,-0.0026986506746626837
2020-12-01 21:35:00,0.0009955376153811812,-0.0003006614552014675,-0.0003006614552014675,0,1.0,2.3627759204718686,6652.0,False,1.0,-0.0003006614552014675
2020-12-02 09:40:00,0.0007705960888415575,-0.009323308270676733,-0.009323308270676733,0,1.0,2.353452612201192,6650.0,False,1.0,-0.009323308270676733
2020-12-02 10:40:00,0.0007622643606737256,-0.00030358227079541056,-0.00030358227079541056,0,1.0,2.3531490299303965,6588.0,False,1.0,-0.00030358227079541056
2020-12-02 11:25:00,0.0013166583376005292,0.0015183723048890485,0.0015183723048890485,0,1.0,2.3546674022352856,6586.0,False,1.0,0.0015183723048890485
2020-12-02 14:10:00,0.0012208912521600723,-0.0015160703456640334,-0.0015160703456640334,0,1.0,2.3531513318896216,6596.0,False,1.0,-0.0015160703456640334
2020-12-02 14:55:00,0.001685821684077382,-0.007895535985423585,-0.007895535985423585,0,1.0,2.345255795904198,6586.0,False,1.0,-0.007895535985423585
2020-12-02 21:35:00,0.001999431289732456,-0.0027548209366391463,-0.0027548209366391463,0,1.0,2.342500974967559,6534.0,False,1.0,-0.0027548209366391463
2020-12-03 09:40:00,0.0018759358208626509,-0.0015346838551258957,-0.0015346838551258957,0,1.0,2.340966291112433,6516.0,False,1.0,-0.0015346838551258957
2020-12-03 10:40:00,0.0019195601344108582,0.007377805102981805,0.007377805102981805,0,1.0,2.348344096215415,6506.0,False,1.0,0.007377805102981805
2020-12-03 11:25:00,0.001992207020521164,0.011595971925541626,0.011595971925541626,0,1.0,2.359940068140957,6554.0,False,1.0,0.011595971925541626
2020-12-03 14:10:00,0.0021192298736423254,0.0006033182503770718,0.0006033182503770718,0,1.0,2.360543386391334,6630.0,False,1.0,0.0006033182503770718
2020-12-03 14:55:00,0.0020244240295141935,0.004522158577027424,0.004522158577027424,0,1.0,2.365065544968361,6634.0,False,1.0,0.004522158577027424
2020-12-03 21:35:00,0.0021530031226575375,0.004501800720288163,0.004501800720288163,0,1.0,2.3695673456886492,6664.0,False,1.0,0.004501800720288163
2020-12-04 09:40:00,0.001887603779323399,-0.0029877502240812648,-0.0029877502240812648,0,1.0,2.366579595464568,6694.0,False,1.0,-0.0029877502240812648
2020-12-04 10:40:00,0.0021237472537904978,-0.00029967036260114543,-0.00029967036260114543,0,1.0,2.366279925101967,6674.0,False,1.0,-0.00029967036260114543
2020-12-04 11:25:00,0.0013688041362911463,0.0026978417266187993,0.0026978417266187993,0,1.0,2.3689777668285856,6672.0,False,1.0,0.0026978417266187993
2020-12-04 14:10:00,0.0012691981391981244,0.0023916292974588416,0.0023916292974588416,0,1.0,2.3713693961260445,6690.0,False,1.0,0.0023916292974588416
2020-12-04 14:55:00,0.0013300024438649416,0.002982403817476831,0.002982403817476831,0,1.0,2.3743517999435215,6706.0,False,1.0,0.002982403817476831
2020-12-04 21:35:00,0.00033028313191607594,0.009812667261373864,0.009812667261373864,0,1.0,2.3841644672048954,6726.0,False,1.0,0.009812667261373864
2020-12-07 09:40:00,9.30631285882555e-05,-0.007950530035335635,-0.007950530035335635,0,1.0,2.3762139371695596,6792.0,False,1.0,-0.007950530035335635
2020-12-07 10:40:00,0.0003655014734249562,0.0020777678836449986,0.0020777678836449986,0,1.0,2.3782917050532046,6738.0,False,1.0,0.0020777678836449986
2020-12-07 11:25:00,0.00032331037800759077,0.0023696682464455776,0.0023696682464455776,0,1.0,2.38066137329965,6752.0,False,1.0,0.0023696682464455776
2020-12-07 14:10:00,0.001096086110919714,0.002068557919621794,0.002068557919621794,0,1.0,2.382729931219272,6768.0,False,1.0,0.002068557919621794
2020-12-07 14:55:00,-0.00010537538764765486,-0.00855204954290767,-0.00855204954290767,0,1.0,2.3741778816763643,6782.0,False,0.0,-0.00855204954290767
2020-12-08 09:40:00,-0.00028250919422134757,-0.0002974419988102106,-0.0,1,0.0,2.3741778816763643,6724.0,False,0.0,-0.0002974419988102106
2020-12-08 10:40:00,0.0001251620997209102,0.00386789645938701,0.0,1,0.0,2.3741778816763643,6722.0,False,0.0,0.00386789645938701
2020-12-08 11:25:00,-0.00021828139142598957,0.0011855364552459946,0.0,1,0.0,2.3741778816763643,6748.0,False,0.0,0.0011855364552459946
2020-12-08 14:10:00,-6.468187348218635e-05,-0.003552397868561319,-0.0,1,0.0,2.3741778816763643,6756.0,False,0.0,-0.003552397868561319
2020-12-08 14:55:00,3.150868360535242e-05,-0.010398098633392805,-0.0,0,0.0,2.3741778816763643,6732.0,False,0.0,-0.010398098633392805
2020-12-08 21:35:00,0.00017790644778870046,-0.05463824677274087,-0.0,1,0.0,2.3741778816763643,6662.0,False,0.0,-0.05463824677274087
2020-12-09 09:40:00,7.937665213830769e-05,0.0,0.0,1,0.0,2.3741778816763643,6298.0,True,0.0,0.0028580501746586773
2020-12-09 10:40:00,0.00010143787221750244,-0.001266624445851794,-0.0,0,0.0,2.3741778816763643,6316.0,False,0.0,-0.001266624445851794
2020-12-09 11:25:00,0.001490740804001689,0.005389980976537645,0.0,0,0.0,2.3741778816763643,6308.0,False,1.0,0.005389980976537645
2020-12-09 14:10:00,0.0014169547939673066,0.002207505518763808,0.002207505518763808,0,1.0,2.3763853871951284,6342.0,False,1.0,0.002207505518763808
2020-12-09 14:55:00,0.0014701341278851032,0.0006293266205159576,0.0006293266205159576,0,1.0,2.377014713815644,6356.0,False,1.0,0.0006293266205159576
2020-12-09 21:35:00,0.0013963481178507209,0.008805031446540879,0.008805031446540879,0,1.0,2.385819745262185,6360.0,False,1.0,0.008805031446540879
2020-12-10 09:40:00,0.0012695074547082186,-0.005610972568578565,-0.005610972568578565,0,1.0,2.3802087726936065,6416.0,False,1.0,-0.005610972568578565
2020-12-10 10:40:00,0.0014844601973891258,0.0,0.0,0,1.0,2.3802087726936065,6380.0,False,1.0,0.0
2020-12-10 11:25:00,0.0013520416105166078,-0.006269592476489061,-0.006269592476489061,0,1.0,2.3739391802171177,6380.0,False,1.0,-0.006269592476489061
2020-12-10 14:10:00,0.0014086910523474216,0.0028391167192429734,0.0028391167192429734,0,1.0,2.3767782969363607,6340.0,False,1.0,0.0028391167192429734
2020-12-10 14:55:00,0.0014844601973891258,-0.002201950298836075,-0.002201950298836075,0,1.0,2.3745763466375243,6358.0,False,1.0,-0.002201950298836075
2020-12-10 21:35:00,0.0012985753128305078,0.027427490542244692,0.027427490542244692,0,1.0,2.4020038371797687,6344.0,False,1.0,0.027427490542244692
2020-12-11 09:40:00,0.0012005192693322897,-0.001227370359005775,-0.001227370359005775,0,1.0,2.400776466820763,6518.0,False,1.0,-0.001227370359005775
2020-12-11 10:40:00,0.001435335143469274,-0.003072196620583667,-0.003072196620583667,0,1.0,2.3977042702001796,6510.0,False,1.0,-0.003072196620583667
2020-12-11 11:25:00,0.0011990736238658428,0.003389830508474523,0.003389830508474523,0,1.0,2.4010941007086544,6490.0,False,1.0,0.003389830508474523
2020-12-11 14:10:00,0.0012326021678745747,0.011056511056511065,0.011056511056511065,0,1.0,2.412150611765165,6512.0,False,1.0,0.011056511056511065
2020-12-11 14:55:00,0.0012670672731474042,-0.003341433778857872,-0.003341433778857872,0,1.0,2.4088091779863072,6584.0,False,1.0,-0.003341433778857872
2020-12-11 21:35:00,0.000725805526599288,-0.013410545565376464,-0.013410545565376464,0,1.0,2.395398632420931,6562.0,False,1.0,-0.013410545565376464
2020-12-14 09:40:00,0.0004916596226394176,0.01297497683039861,0.01297497683039861,0,1.0,2.4083736092513295,6474.0,False,1.0,0.01297497683039861
2020-12-14 10:40:00,0.0005153187084943056,0.002134797194266458,0.002134797194266458,0,1.0,2.410508406445596,6558.0,False,1.0,0.002134797194266458
2020-12-14 11:25:00,0.0005596739938482642,0.0006086427267193439,0.0006086427267193439,0,1.0,2.411117049172315,6572.0,False,1.0,0.0006086427267193439
2020-12-14 14:10:00,0.0013585404958575964,0.0,0.0,0,1.0,2.411117049172315,6576.0,False,1.0,0.0
2020-12-14 14:55:00,0.0006469281506724656,0.0027372262773721623,0.0027372262773721623,0,1.0,2.4138542754496877,6576.0,False,1.0,0.0027372262773721623
2020-12-15 09:40:00,0.0005053130444139242,0.0,0.0,0,1.0,2.4138542754496877,6594.0,False,1.0,0.0
2020-12-15 10:40:00,0.0009051442611962557,0.0015165301789505925,0.0015165301789505925,0,1.0,2.415370805628638,6594.0,False,1.0,0.0015165301789505925
2020-12-15 11:25:00,0.000863236840814352,-0.005148394912174448,-0.005148394912174448,0,1.0,2.4102224107164636,6604.0,False,1.0,-0.005148394912174448
2020-12-15 14:10:00,0.001376717584207654,0.0,0.0,0,1.0,2.4102224107164636,6570.0,False,1.0,0.0
2020-12-15 14:55:00,0.000863236840814352,0.005175038051750347,0.005175038051750347,0,1.0,2.415397448768214,6570.0,False,1.0,0.005175038051750347
2020-12-15 21:35:00,0.0008829170255921781,-0.0027256208358570344,-0.0027256208358570344,0,1.0,2.412671827932357,6604.0,False,1.0,-0.0027256208358570344
2020-12-16 09:40:00,0.0006345566362142563,0.007895535985423585,0.007895535985423585,0,1.0,2.4205673639177805,6586.0,False,1.0,0.007895535985423585
2020-12-16 10:40:00,0.000891005271114409,0.0,0.0,0,1.0,2.4205673639177805,6638.0,False,1.0,0.0
2020-12-16 11:25:00,0.0007367404759861529,0.012051822838204274,0.012051822838204274,0,1.0,2.4326191867559848,6638.0,False,1.0,0.012051822838204274
2020-12-16 14:10:00,0.0008772778091952205,0.0,0.0,0,1.0,2.4326191867559848,6718.0,False,1.0,0.0
2020-12-16 14:55:00,0.0009635065798647702,0.0005954153021732189,0.0005954153021732189,0,1.0,2.433214602058158,6718.0,False,1.0,0.0005954153021732189
2020-12-16 21:35:00,0.0010099781211465597,-0.005653079440642639,-0.005653079440642639,0,1.0,2.4275615226175153,6722.0,False,1.0,-0.005653079440642639
2020-12-17 09:40:00,0.0008569409837946296,0.00418910831837227,0.00418910831837227,0,1.0,2.4317506309358876,6684.0,False,1.0,0.00418910831837227
2020-12-17 10:40:00,0.0009278208599425852,-0.0011918951132300348,-0.0011918951132300348,0,1.0,2.4305587358226575,6712.0,False,1.0,-0.0011918951132300348
2020-12-17 11:25:00,0.000988408224657178,-0.004474940334128874,-0.004474940334128874,0,1.0,2.4260837954885286,6704.0,False,1.0,-0.004474940334128874
2020-12-17 14:10:00,0.0008012322941794991,0.0005993407252022909,0.0005993407252022909,0,1.0,2.4266831362137307,6674.0,False,1.0,0.0005993407252022909
2020-12-17 14:55:00,0.0001506545813754201,0.0,0.0,0,1.0,2.4266831362137307,6678.0,False,1.0,0.0
2020-12-17 21:35:00,0.0002846900897566229,0.0,0.0,0,1.0,2.4266831362137307,6678.0,False,1.0,0.0
2020-12-18 09:40:00,-9.038319694809616e-05,0.004492362982928988,0.004492362982928988,0,1.0,2.4311754991966597,6678.0,False,0.0,0.004492362982928988
2020-12-18 10:40:00,0.0001579334493726492,0.004770423375074495,0.0,1,0.0,2.4311754991966597,6708.0,False,0.0,0.004770423375074495
2020-12-18 11:25:00,-0.000185842378414236,0.007418397626112849,0.0,1,0.0,2.4311754991966597,6740.0,False,0.0,0.007418397626112849
2020-12-18 14:10:00,0.0001579334493726492,0.001178203240058906,0.0,1,0.0,2.4311754991966597,6790.0,False,0.0,0.001178203240058906
2020-12-18 14:55:00,0.00011983329750364646,0.00029420417769943086,0.0,1,0.0,2.4311754991966597,6798.0,False,0.0,0.00029420417769943086
2020-12-18 21:35:00,-0.00033645270741544664,0.0008823529411765563,0.0,0,0.0,2.4311754991966597,6800.0,False,0.0,0.0008823529411765563
2020-12-21 09:40:00,-0.0005197965074330568,0.002938583602703604,0.0,1,0.0,2.4311754991966597,6806.0,False,-1.0,0.002938583602703604
2020-12-21 10:40:00,-0.0005306850653141737,-0.008496923527688272,0.008496923527688272,1,-1.0,2.4396724227243483,6826.0,False,-1.0,-0.008496923527688272
2020-12-21 11:25:00,-0.0006307491566985846,-0.002955082742316817,0.002955082742316817,0,-1.0,2.442627505466665,6768.0,False,-1.0,-0.002955082742316817
2020-12-21 14:10:00,0.0002030248288065195,0.0,-0.0,0,-1.0,2.442627505466665,6748.0,False,0.0,0.0
2020-12-21 14:55:00,-0.0005867742002010345,-0.00652045050385297,-0.0,1,0.0,2.442627505466665,6748.0,False,-1.0,-0.00652045050385297
2020-12-22 09:40:00,-0.0007931174477562308,0.009844868735083612,-0.009844868735083612,1,-1.0,2.4327826367315817,6704.0,False,-1.0,0.009844868735083612
2020-12-22 10:40:00,-0.0005350719438865781,0.0017725258493352936,-0.0017725258493352936,0,-1.0,2.431010110882246,6770.0,False,-1.0,0.0017725258493352936
2020-12-22 11:25:00,-0.0009319600649178028,0.005603066941904933,-0.005603066941904933,0,-1.0,2.425407043940341,6782.0,False,-1.0,0.005603066941904933
2020-12-22 14:10:00,-0.0001990454038605094,-0.021407624633431044,0.021407624633431044,0,-1.0,2.446814668573772,6820.0,False,-1.0,-0.021407624633431044
2020-12-22 14:55:00,-0.00046172941802069545,-0.010788133053641014,0.010788133053641014,0,-1.0,2.457602801627413,6674.0,False,-1.0,-0.010788133053641014
2020-12-22 21:35:00,-0.00021932454546913505,-0.0018176310209027102,0.0018176310209027102,0,-1.0,2.459420432648316,6602.0,False,-1.0,-0.0018176310209027102
2020-12-23 09:40:00,-0.0004473635635804385,0.0021244309559940167,-0.0021244309559940167,0,-1.0,2.457296001692322,6590.0,False,-1.0,0.0021244309559940167
2020-12-23 10:40:00,-0.00036331950104795396,0.00726832222895224,-0.00726832222895224,0,-1.0,2.4500276794633695,6604.0,False,-1.0,0.00726832222895224
2020-12-23 11:25:00,0.0010205678408965468,0.0009019843656044024,-0.0009019843656044024,0,-1.0,2.4491256950977656,6652.0,False,0.0,0.0009019843656044024
2020-12-23 14:10:00,0.0009928398067131639,0.00540702913787916,0.0,1,0.0,2.4491256950977656,6658.0,False,1.0,0.00540702913787916
2020-12-23 14:55:00,0.0010479914490133524,-0.0005975500448162085,-0.0005975500448162085,1,1.0,2.4485281450529492,6694.0,False,1.0,-0.0005975500448162085
2020-12-23 21:35:00,0.0010632851626724005,0.024813153961136036,0.024813153961136036,0,1.0,2.473341299014085,6690.0,False,1.0,0.024813153961136036
2020-12-24 09:40:00,0.0006484462064690888,0.0008751458576430338,0.0008751458576430338,0,1.0,2.474216444871728,6856.0,False,1.0,0.0008751458576430338
2020-12-24 10:40:00,0.0009004874737001956,0.003206062372486107,0.003206062372486107,0,1.0,2.4774225072442144,6862.0,False,1.0,0.003206062372486107
2020-12-24 11:25:00,-0.000125829508760944,0.007844276583381715,0.007844276583381715,0,1.0,2.485266783827596,6884.0,False,0.0,0.007844276583381715
2020-12-24 14:10:00,-6.727272193529643e-06,0.002594407610262417,0.0,1,0.0,2.485266783827596,6938.0,False,0.0,0.002594407610262417
2020-12-24 14:55:00,-2.9033048122073524e-05,-0.002012650948821193,-0.0,1,0.0,2.485266783827596,6956.0,False,0.0,-0.002012650948821193
2020-12-24 21:35:00,0.00013900810154154897,0.004033419763756818,0.0,0,0.0,2.485266783827596,6942.0,False,0.0,0.004033419763756818
2020-12-25 09:40:00,-0.00017783483781386167,0.002008608321377281,0.0,1,0.0,2.485266783827596,6970.0,False,0.0,0.002008608321377281
2020-12-25 10:40:00,0.0001798333105398342,-0.000286368843069873,-0.0,1,0.0,2.485266783827596,6984.0,False,0.0,-0.000286368843069873
2020-12-25 11:25:00,0.00013073469744995236,-0.0022916069894013402,-0.0,1,0.0,2.485266783827596,6982.0,False,0.0,-0.0022916069894013402
2020-12-25 14:10:00,0.0001798333105398342,0.0028710881424058865,0.0,1,0.0,2.485266783827596,6966.0,False,0.0,0.0028710881424058865
2020-12-25 14:55:00,6.792118801968172e-05,0.007157171485828728,0.0,0,0.0,2.485266783827596,6986.0,False,0.0,0.007157171485828728
2020-12-25 21:35:00,3.0894581868778914e-05,-0.011654349061967051,-0.0,0,0.0,2.485266783827596,7036.0,False,0.0,-0.011654349061967051
2020-12-28 09:40:00,-0.000377629796275869,-0.0017256255392580355,-0.0,0,0.0,2.485266783827596,6954.0,False,-1.0,-0.0017256255392580355
2020-12-28 10:40:00,-8.422660175710917e-05,-0.0017286084701815252,0.0017286084701815252,1,-1.0,2.4869953922977777,6942.0,False,-1.0,-0.0017286084701815252
2020-12-28 11:25:00,-0.00017246868810616434,-0.005483405483405535,0.005483405483405535,1,-1.0,2.492478797781183,6930.0,False,-1.0,-0.005483405483405535
2020-12-28 14:10:00,0.0003340058319736272,-0.008995937318630243,0.008995937318630243,0,-1.0,2.5014747350998134,6892.0,False,0.0,-0.008995937318630243
2020-12-28 14:55:00,-3.967989323427901e-05,-0.0011713030746706155,-0.0,1,0.0,2.5014747350998134,6830.0,False,0.0,-0.0011713030746706155
2020-12-29 09:40:00,0.00018051234656013548,0.0020521841102316696,0.0,1,0.0,2.5014747350998134,6822.0,False,1.0,0.0020521841102316696
2020-12-29 10:40:00,0.00022464495850726962,-0.0014628437682855377,-0.0014628437682855377,1,1.0,2.500011891331528,6836.0,False,1.0,-0.0014628437682855377
2020-12-29 11:25:00,0.00021674821618944407,-0.0026369762672135977,-0.0026369762672135977,1,1.0,2.4973749150643143,6826.0,False,1.0,-0.0026369762672135977
2020-12-29 14:10:00,0.0008571750950068235,-0.003231492361927102,-0.003231492361927102,0,1.0,2.494143422702387,6808.0,False,1.0,-0.003231492361927102
2020-12-29 14:55:00,0.00031178208882920444,-0.0011788977306218529,-0.0011788977306218529,0,1.0,2.4929645249717653,6786.0,False,1.0,-0.0011788977306218529
2020-12-29 21:35:00,0.0004364403721410781,0.02035998819710838,0.02035998819710838,0,1.0,2.5133245131688735,6778.0,False,1.0,0.02035998819710838
2020-12-30 09:40:00,0.00016457081073895097,0.0,0.0,0,1.0,2.5133245131688735,6916.0,False,1.0,0.0
2020-12-30 10:40:00,0.0003992285346612334,-0.002024291497975672,-0.002024291497975672,0,1.0,2.511300221670898,6916.0,False,1.0,-0.002024291497975672
2020-12-30 11:25:00,0.0007114717736840248,0.006374963778614795,0.006374963778614795,0,1.0,2.5176751854495127,6902.0,False,1.0,0.006374963778614795
2020-12-30 14:10:00,0.0008139732526615262,-0.004319032536711731,-0.004319032536711731,0,1.0,2.513356152912801,6946.0,False,1.0,-0.004319032536711731
2020-12-30 14:55:00,0.0004432972928043455,-0.0023134759976864983,-0.0023134759976864983,0,1.0,2.5110426769151144,6916.0,False,1.0,-0.0023134759976864983
2020-12-30 21:35:00,0.0005480757681652904,0.008115942028985579,0.008115942028985579,0,1.0,2.5191586189441,6900.0,False,1.0,0.008115942028985579
2020-12-31 09:40:00,0.0002757750335149467,0.003162737205290478,0.003162737205290478,0,1.0,2.5223213561493907,6956.0,False,1.0,0.003162737205290478
2020-12-31 10:40:00,0.000455840170616284,0.0022929206076238717,0.0022929206076238717,0,1.0,2.5246142767570143,6978.0,False,1.0,0.0022929206076238717
2020-12-31 11:25:00,0.000445381534518674,-0.009150700600514705,-0.009150700600514705,0,1.0,2.5154635761565,6994.0,False,1.0,-0.009150700600514705
2020-12-31 14:10:00,0.0005832049064338207,-0.0025974025974025983,-0.0025974025974025983,0,1.0,2.512866173559097,6930.0,False,1.0,-0.0025974025974025983
2020-12-31 14:55:00,0.0011541962157934904,0.0026041666666667407,0.0026041666666667407,0,1.0,2.5154703402257637,6912.0,False,1.0,0.0026041666666667407
2020-12-31 21:35:00,0.0003391737409401685,0.00721500721500723,0.00721500721500723,0,1.0,2.5226853474407713,6930.0,False,1.0,0.00721500721500723
2021-01-04 09:40:00,8.200457523344085e-05,0.0166189111747852,0.0166189111747852,0,1.0,2.539304258615556,6980.0,False,1.0,0.0166189111747852
2021-01-04 10:40:00,0.00019760141731239855,0.0005636978579481866,0.0005636978579481866,0,1.0,2.5398679564735045,7096.0,False,1.0,0.0005636978579481866
2021-01-04 11:25:00,0.00020883596152998507,-0.0008450704225352323,-0.0008450704225352323,0,1.0,2.539022886050969,7100.0,False,1.0,-0.0008450704225352323
2021-01-04 14:10:00,0.0007253311341628432,-0.008457851705666708,-0.008457851705666708,0,1.0,2.5305650343453023,7094.0,False,1.0,-0.008457851705666708
2021-01-04 14:55:00,0.000296562269795686,0.006255331248222973,0.006255331248222973,0,1.0,2.5368203655935253,7034.0,False,1.0,0.006255331248222973
2021-01-05 09:40:00,-5.332882210495882e-06,-0.012432890647075423,-0.012432890647075423,0,1.0,2.52438747494645,7078.0,False,0.0,-0.012432890647075423
2021-01-05 10:40:00,0.0003222437226213515,0.006008583690987113,0.0,1,0.0,2.52438747494645,6990.0,False,1.0,0.006008583690987113
2021-01-05 11:25:00,0.00034826446790248156,-0.0019908987485779406,-0.0019908987485779406,1,1.0,2.522396576197872,7032.0,False,1.0,-0.0019908987485779406
2021-01-05 14:10:00,0.0011306891683489084,-0.005129666571672797,-0.005129666571672797,0,1.0,2.517266909626199,7018.0,False,1.0,-0.005129666571672797
2021-01-05 14:55:00,0.0005576696712523699,0.00687482096820391,0.00687482096820391,0,1.0,2.524141730594403,6982.0,False,1.0,0.00687482096820391
2021-01-05 21:35:00,0.0006040186854079366,0.006827880512090934,0.006827880512090934,0,1.0,2.530969611106494,7030.0,False,1.0,0.006827880512090934
2021-01-06 09:40:00,0.00028846156783401966,0.007346708109635447,0.007346708109635447,0,1.0,2.538316319216129,7078.0,False,1.0,0.007346708109635447
2021-01-06 10:40:00,0.0005237859440967441,0.0058906030855538916,0.0058906030855538916,0,1.0,2.544206922301683,7130.0,False,1.0,0.0058906030855538916
2021-01-06 11:25:00,0.000922325998544693,-0.000557724484104849,-0.000557724484104849,0,1.0,2.5436491978175786,7172.0,False,1.0,-0.000557724484104849
2021-01-06 14:10:00,0.0010739575373008847,0.002790178571428603,0.002790178571428603,0,1.0,2.546439376389007,7168.0,False,1.0,0.002790178571428603
2021-01-06 14:55:00,0.0007069743005558848,0.008069003895381233,0.008069003895381233,0,1.0,2.554508380284388,7188.0,False,1.0,0.008069003895381233
2021-01-06 21:35:00,0.0009338499512523413,0.009936516698868303,0.009936516698868303,0,1.0,2.5644448969832565,7246.0,False,1.0,0.009936516698868303
2021-01-07 09:40:00,0.0006208299892023206,-0.0038261820169445127,-0.0038261820169445127,0,1.0,2.5606187149663118,7318.0,False,1.0,-0.0038261820169445127
2021-01-07 10:40:00,0.0009700333466753364,-0.002743484224965731,-0.002743484224965731,0,1.0,2.557875230741346,7290.0,False,1.0,-0.002743484224965731
2021-01-07 11:25:00,0.0006789980689063668,0.0013755158184318717,0.0013755158184318717,0,1.0,2.559250746559778,7270.0,False,1.0,0.0013755158184318717
2021-01-07 14:10:00,0.0008179552387446165,-0.0016483516483516425,-0.0016483516483516425,0,1.0,2.5576023949114264,7280.0,False,1.0,-0.0016483516483516425
2021-01-07 14:55:00,0.0007891022833064198,0.0038525041276828986,0.0038525041276828986,0,1.0,2.5614548990391093,7268.0,False,1.0,0.0038525041276828986
2021-01-07 21:35:00,0.0005839673103764653,-0.006578947368421018,-0.006578947368421018,0,1.0,2.554875951670688,7296.0,False,1.0,-0.006578947368421018
2021-01-08 09:40:00,0.00038922810927033424,-0.001103752759381904,-0.001103752759381904,0,1.0,2.5537721989113065,7248.0,False,1.0,-0.001103752759381904
2021-01-08 10:40:00,0.00048593361862003803,0.005801104972375626,0.005801104972375626,0,1.0,2.559573303883682,7240.0,False,1.0,0.005801104972375626
2021-01-08 11:25:00,0.0005219279555603862,-0.00027464982147762385,-0.00027464982147762385,0,1.0,2.5592986540622045,7282.0,False,1.0,-0.00027464982147762385
2021-01-08 14:10:00,0.0003123532223980874,-0.005494505494505475,-0.005494505494505475,0,1.0,2.553804148567699,7280.0,False,1.0,-0.005494505494505475
2021-01-08 14:55:00,0.0007667957106605172,0.0002762430939227123,0.0002762430939227123,0,1.0,2.5540803916616217,7240.0,False,1.0,0.0002762430939227123
2021-01-08 21:35:00,-4.360422826721333e-05,0.0008285004142503105,0.0008285004142503105,0,1.0,2.554908892075872,7242.0,False,0.0,0.0008285004142503105
2021-01-11 09:40:00,-0.0002170836232835427,0.00938189845474624,0.0,1,0.0,2.554908892075872,7248.0,False,0.0,0.00938189845474624
2021-01-11 10:40:00,-0.000139755749842152,-0.010388190267905939,-0.0,1,0.0,2.554908892075872,7316.0,False,0.0,-0.010388190267905939
2021-01-11 11:25:00,-0.00022580161748919636,-0.010220994475138134,-0.0,0,0.0,2.554908892075872,7240.0,False,0.0,-0.010220994475138134
2021-01-11 14:10:00,0.000550701399333775,-0.0044655316773652975,-0.0,0,0.0,2.554908892075872,7166.0,False,1.0,-0.0044655316773652975
2021-01-11 14:55:00,0.00011326561070745811,-0.02298850574712641,-0.02298850574712641,1,1.0,2.5319203863287454,7134.0,False,1.0,-0.02298850574712641
2021-01-12 09:40:00,0.0003856624534819275,0.0057388809182210565,0.0057388809182210565,1,1.0,2.5376592672469664,6970.0,False,1.0,0.0057388809182210565
2021-01-12 10:40:00,0.00019271339988335967,0.011412268188302432,0.011412268188302432,0,1.0,2.549071535435269,7010.0,False,1.0,0.011412268188302432
2021-01-12 11:25:00,0.0002349628775846213,-0.00394922425952049,-0.00394922425952049,0,1.0,2.5451223111757484,7090.0,False,1.0,-0.00394922425952049
2021-01-12 14:10:00,0.0010475129820406437,0.0022656471254602906,0.0022656471254602906,0,1.0,2.5473879583012087,7062.0,False,1.0,0.0022656471254602906
2021-01-12 14:55:00,0.000488688237965107,0.005368748233964382,0.005368748233964382,0,1.0,2.552756706535173,7078.0,False,1.0,0.005368748233964382
2021-01-12 21:35:00,0.0005158488638699055,-0.010118043844856706,-0.010118043844856706,0,1.0,2.5426386626903166,7116.0,False,1.0,-0.010118043844856706
2021-01-13 09:40:00,0.0002566543989814818,0.013912549687677522,0.013912549687677522,0,1.0,2.556551212377994,7044.0,False,1.0,0.013912549687677522
2021-01-13 10:40:00,0.00046988751273602247,-0.008120974516942048,-0.008120974516942048,0,1.0,2.548430237861052,7142.0,False,1.0,-0.008120974516942048
2021-01-13 11:25:00,0.0007645627483725548,0.000564652738565874,0.000564652738565874,0,1.0,2.5489948905996176,7084.0,False,1.0,0.000564652738565874
2021-01-13 14:10:00,0.0008919534739106894,-0.009029345372460473,-0.009029345372460473,0,1.0,2.5399655452271572,7088.0,False,1.0,-0.009029345372460473
2021-01-13 14:55:00,0.000758455484174192,0.004555808656036442,0.004555808656036442,0,1.0,2.5445213538831934,7024.0,False,1.0,0.004555808656036442
2021-01-13 21:35:00,0.0008665919303894043,-0.022959183673469385,-0.022959183673469385,0,1.0,2.5215621702097244,7056.0,False,1.0,-0.022959183673469385
2021-01-14 09:40:00,0.0005795697215944529,-0.0005802146794313678,-0.0005802146794313678,0,1.0,2.520981955530293,6894.0,False,1.0,-0.0005802146794313678
2021-01-14 10:40:00,0.0008597142295911908,0.0014513788098693414,0.0014513788098693414,0,1.0,2.522433334340162,6890.0,False,1.0,0.0014513788098693414
2021-01-14 11:25:00,0.0013583870604634285,0.0005797101449276365,0.0005797101449276365,0,1.0,2.52301304448509,6900.0,False,1.0,0.0005797101449276365
2021-01-14 14:10:00,0.0013383865589275956,-0.0055040556199305035,-0.0055040556199305035,0,1.0,2.5175089888651594,6904.0,False,1.0,-0.0055040556199305035
2021-01-14 14:55:00,0.0006596223684027791,-0.00932129332944942,-0.00932129332944942,0,1.0,2.50818769553571,6866.0,False,1.0,-0.00932129332944942
2021-01-14 21:35:00,0.000904134358279407,-0.0005880623346075087,-0.0005880623346075087,0,1.0,2.507599633201102,6802.0,False,1.0,-0.0005880623346075087
2021-01-15 09:40:00,0.0006015932303853333,0.008826125330979595,0.008826125330979595,0,1.0,2.516425758532082,6798.0,False,1.0,0.008826125330979595
2021-01-15 10:40:00,0.0007380028255283833,-0.0032079323417906203,-0.0032079323417906203,0,1.0,2.5132178261902913,6858.0,False,1.0,-0.0032079323417906203
2021-01-15 11:25:00,0.0007040118216536939,0.00029256875365701873,0.00029256875365701873,0,1.0,2.5135103949439483,6836.0,False,1.0,0.00029256875365701873
2021-01-15 14:10:00,0.0006238144706003368,-0.017841474115238398,-0.017841474115238398,0,1.0,2.49566892082871,6838.0,False,1.0,-0.017841474115238398
2021-01-15 14:55:00,0.0009305076091550291,-0.01310303752233477,-0.01310303752233477,0,1.0,2.4825658833063753,6716.0,False,1.0,-0.01310303752233477
2021-01-15 21:35:00,0.0007183916750364006,-0.0009052504526252392,-0.0009052504526252392,0,1.0,2.48166063285375,6628.0,False,1.0,-0.0009052504526252392
2021-01-18 09:40:00,0.0005166647606529295,0.007852612503775225,0.007852612503775225,0,1.0,2.489513245357525,6622.0,False,1.0,0.007852612503775225
2021-01-18 10:40:00,0.0006192671717144549,0.005394066526820396,0.005394066526820396,0,1.0,2.4949073118843454,6674.0,False,1.0,0.005394066526820396
2021-01-18 11:25:00,0.0006411572103388608,-0.0011922503725781963,-0.0011922503725781963,0,1.0,2.4937150615117676,6710.0,False,1.0,-0.0011922503725781963
2021-01-18 14:10:00,0.0007025527884252369,0.00656520441659203,0.00656520441659203,0,1.0,2.5002802659283594,6702.0,False,1.0,0.00656520441659203
2021-01-18 14:55:00,0.00040339012048207223,-0.007411799584939205,-0.007411799584939205,0,1.0,2.4928684663434204,6746.0,False,1.0,-0.007411799584939205
2021-01-19 09:40:00,0.00030328333377838135,-0.0044802867383512135,-0.0044802867383512135,0,1.0,2.488388179605069,6696.0,False,1.0,-0.0044802867383512135
2021-01-19 10:40:00,0.0005141224828548729,-0.005400540054005365,-0.005400540054005365,0,1.0,2.4829876395510637,6666.0,False,1.0,-0.005400540054005365
2021-01-19 11:25:00,0.0003873273963108659,0.008446455505279005,0.008446455505279005,0,1.0,2.4914340950563427,6630.0,False,1.0,0.008446455505279005
2021-01-19 14:10:00,0.0007188761373981833,-0.008973975471133766,-0.008973975471133766,0,1.0,2.482460119585209,6686.0,False,1.0,-0.008973975471133766
2021-01-19 14:55:00,0.0005642365431413054,0.009658919408391142,0.009658919408391142,0,1.0,2.4921190389936,6626.0,False,1.0,0.009658919408391142
2021-01-19 21:35:00,0.0006596859311684966,-0.0053811659192825045,-0.0053811659192825045,0,1.0,2.4867378730743175,6690.0,False,1.0,-0.0053811659192825045
2021-01-20 09:40:00,0.0004261045251041651,-0.012323414487526274,-0.012323414487526274,0,1.0,2.474414458586791,6654.0,False,1.0,-0.012323414487526274
2021-01-20 10:40:00,0.0003228834248147905,0.0033475349969567247,0.0033475349969567247,0,1.0,2.477761993583748,6572.0,False,1.0,0.0033475349969567247
2021-01-20 11:25:00,0.0009569552494212985,-0.004852896572641763,-0.004852896572641763,0,1.0,2.4729090970111063,6594.0,False,1.0,-0.004852896572641763
2021-01-20 14:10:00,0.0007875188603065908,-0.00883876866808897,-0.00883876866808897,0,1.0,2.464070328343017,6562.0,False,1.0,-0.00883876866808897
2021-01-20 14:55:00,0.0008596552652306855,0.003382533825338152,0.003382533825338152,0,1.0,2.467452862168355,6504.0,False,1.0,0.003382533825338152
2021-01-20 21:35:00,0.0009883068269118667,0.001225865767698453,0.001225865767698453,0,1.0,2.468678727936054,6526.0,False,1.0,0.001225865767698453
2021-01-21 09:40:00,0.0007877532043494284,0.0045913682277318735,0.0045913682277318735,0,1.0,2.4732700961637857,6534.0,False,1.0,0.0045913682277318735
2021-01-21 10:40:00,0.000965853629168123,0.002742230347349217,0.002742230347349217,0,1.0,2.476012326511135,6564.0,False,1.0,0.002742230347349217
2021-01-21 11:25:00,0.0009769486496225,0.0030385900941962696,0.0030385900941962696,0,1.0,2.479050916605331,6582.0,False,1.0,0.0030385900941962696
2021-01-21 14:10:00,0.0009148103999905288,-0.0009088155104514106,-0.0009088155104514106,0,1.0,2.4781421010948796,6602.0,False,1.0,-0.0009088155104514106
2021-01-21 14:55:00,0.0011931206099689007,0.0009096422073984201,0.0009096422073984201,0,1.0,2.479051743302278,6596.0,False,1.0,0.0009096422073984201
2021-01-21 21:35:00,0.0013377059949561954,-0.006058770069675812,-0.006058770069675812,0,1.0,2.472992973232602,6602.0,False,1.0,-0.006058770069675812
2021-01-22 09:40:00,0.0008661378524266183,-0.009753124047546469,-0.009753124047546469,0,1.0,2.463239849185056,6562.0,False,1.0,-0.009753124047546469
2021-01-22 10:40:00,0.001218145596794784,0.0015389350569405824,0.0015389350569405824,0,1.0,2.4647787842419966,6498.0,False,1.0,0.0015389350569405824
2021-01-22 11:25:00,0.0010872818529605865,-0.007682851874615815,-0.007682851874615815,0,1.0,2.4570959323673804,6508.0,False,1.0,-0.007682851874615815
2021-01-22 14:10:00,0.001188710331916809,0.0018581604211829195,0.0018581604211829195,0,1.0,2.4589540927885634,6458.0,False,1.0,0.0018581604211829195
2021-01-22 14:55:00,0.001284492784179747,-0.00030911901081920323,-0.00030911901081920323,0,1.0,2.4586449737777443,6470.0,False,1.0,-0.00030911901081920323
2021-01-22 21:35:00,0.0014139810809865594,0.0030921459492887493,0.0030921459492887493,0,1.0,2.461737119727033,6468.0,False,1.0,0.0030921459492887493
2021-01-25 09:40:00,0.001191814080812037,-0.004315659679408168,-0.004315659679408168,0,1.0,2.457421460047625,6488.0,False,1.0,-0.004315659679408168
2021-01-25 10:40:00,0.0010671562049537897,-0.004953560371517063,-0.004953560371517063,0,1.0,2.452467899676108,6460.0,False,1.0,-0.004953560371517063
2021-01-25 11:25:00,0.0012908809585496783,0.007778469197261995,0.007778469197261995,0,1.0,2.46024636887337,6428.0,False,1.0,0.007778469197261995
2021-01-25 14:10:00,0.0014552038628607988,0.007409694350108076,0.007409694350108076,0,1.0,2.467656063223478,6478.0,False,1.0,0.007409694350108076
2021-01-25 14:55:00,0.0007907302351668477,0.016855654305853562,0.016855654305853562,0,1.0,2.4845117175293314,6526.0,False,1.0,0.016855654305853562
2021-01-26 09:40:00,0.000583614397328347,-0.002712477396021651,-0.002712477396021651,0,1.0,2.4817992401333098,6636.0,False,1.0,-0.002712477396021651
2021-01-26 10:40:00,0.0010341695742681623,-0.00906618313689933,-0.00906618313689933,0,1.0,2.4727330569964105,6618.0,False,1.0,-0.00906618313689933
2021-01-26 11:25:00,0.0009987391531467438,-0.0036596523330283404,-0.0036596523330283404,0,1.0,2.469073404663382,6558.0,False,1.0,-0.0036596523330283404
2021-01-26 14:10:00,0.0007780203595757484,-0.0055096418732781816,-0.0055096418732781816,0,1.0,2.463563762790104,6534.0,False,1.0,-0.0055096418732781816
2021-01-26 14:55:00,0.000782456248998642,0.001846722068328699,0.001846722068328699,0,1.0,2.465410484858433,6498.0,False,1.0,0.001846722068328699
2021-01-26 21:35:00,0.0011425027623772621,0.028264208909370092,0.028264208909370092,0,1.0,2.4936746937678027,6510.0,False,1.0,0.028264208909370092
2021-01-27 09:40:00,0.0006284088594838977,0.0002987750224081598,0.0002987750224081598,0,1.0,2.493973468790211,6694.0,False,1.0,0.0002987750224081598
2021-01-27 10:40:00,0.0010661421110853553,-0.0005973715651135247,-0.0005973715651135247,0,1.0,2.493376097225098,6696.0,False,1.0,-0.0005973715651135247
2021-01-27 11:25:00,0.0008097380632534623,0.001195457262402888,0.001195457262402888,0,1.0,2.4945715544875005,6692.0,False,1.0,0.001195457262402888
2021-01-27 14:10:00,0.0005666487850248814,0.00388059701492538,0.00388059701492538,0,1.0,2.498452151502426,6700.0,False,1.0,0.00388059701492538
2021-01-27 14:55:00,0.000734872417524457,0.0023788284269996574,0.0023788284269996574,0,1.0,2.5008309799294253,6726.0,False,1.0,0.0023788284269996574
2021-01-27 21:35:00,0.0007921347860246897,-0.004449718184515006,-0.004449718184515006,0,1.0,2.4963812617449106,6742.0,False,1.0,-0.004449718184515006
2021-01-28 09:40:00,0.0005309573607519269,0.005959475566150285,0.005959475566150285,0,1.0,2.502340737311061,6712.0,False,1.0,0.005959475566150285
2021-01-28 10:40:00,0.0007894348818808794,-0.0038507109004739526,-0.0038507109004739526,0,1.0,2.498490026410587,6752.0,False,1.0,-0.0038507109004739526
2021-01-28 11:25:00,0.0008227864746004343,0.00267618198037467,0.00267618198037467,0,1.0,2.501166208390962,6726.0,False,1.0,0.00267618198037467
2021-01-28 14:10:00,0.0007961825467646122,-0.0032621589561091513,-0.0032621589561091513,0,1.0,2.4979040494348523,6744.0,False,1.0,-0.0032621589561091513
2021-01-28 14:55:00,0.0005872762994840741,-0.0014876524843796535,-0.0014876524843796535,0,1.0,2.4964163969504725,6722.0,False,1.0,-0.0014876524843796535
2021-01-28 21:35:00,0.000687119085341692,0.0074493444576877454,0.0074493444576877454,0,1.0,2.5038657414081604,6712.0,False,1.0,0.0074493444576877454
2021-01-29 09:40:00,0.0002591045049484819,-0.00236616385684707,-0.00236616385684707,0,1.0,2.5014995775513134,6762.0,False,1.0,-0.00236616385684707
2021-01-29 10:40:00,0.0005132353398948908,-0.004150607767565928,-0.004150607767565928,0,1.0,2.497348969783747,6746.0,False,1.0,-0.004150607767565928
2021-01-29 11:25:00,0.0005970302736386657,0.01041976778803222,0.01041976778803222,0,1.0,2.5077687375717796,6718.0,False,1.0,0.01041976778803222
2021-01-29 14:10:00,0.0005538358818739653,-0.0023571007660577736,-0.0023571007660577736,0,1.0,2.505411636805722,6788.0,False,1.0,-0.0023571007660577736
2021-01-29 14:55:00,0.0002804886025842279,0.001476668635558287,0.001476668635558287,0,1.0,2.5068883054412803,6772.0,False,1.0,0.001476668635558287
2021-01-29 21:35:00,-0.00023914761550258845,0.0026540843409024184,0.0026540843409024184,0,1.0,2.5095423897821827,6782.0,False,0.0,0.0026540843409024184
2021-02-01 09:40:00,-0.0004317247658036649,-0.011470588235294121,-0.0,1,0.0,2.5095423897821827,6800.0,False,0.0,-0.011470588235294121
2021-02-01 10:40:00,-0.0002456348738633096,0.0011901219875036784,0.0,1,0.0,2.5095423897821827,6722.0,False,0.0,0.0011901219875036784
2021-02-01 11:25:00,-0.00017183698946610093,-0.0014858841010401136,-0.0,0,0.0,2.5095423897821827,6730.0,False,0.0,-0.0014858841010401136
2021-02-01 14:10:00,0.0007047116523608565,-0.002678571428571419,-0.0,0,0.0,2.5095423897821827,6720.0,False,1.0,-0.002678571428571419
2021-02-01 14:55:00,0.00034014115226455033,-0.0077588779468815705,-0.0077588779468815705,1,1.0,2.501783511835301,6702.0,False,1.0,-0.0077588779468815705
2021-02-02 09:40:00,0.0004142691905144602,0.0033082706766918157,0.0033082706766918157,1,1.0,2.505091782511993,6650.0,False,1.0,0.0033082706766918157
2021-02-02 10:40:00,0.00012746120046358556,0.0005995203836930418,0.0005995203836930418,0,1.0,2.505691302895686,6672.0,False,1.0,0.0005995203836930418
2021-02-02 11:25:00,-2.8549546186695807e-05,0.0011983223487117556,0.0011983223487117556,0,1.0,2.5068896252443977,6676.0,False,0.0,0.0011983223487117556
2021-02-02 14:10:00,0.0007288721390068531,0.00418910831837227,0.0,1,0.0,2.5068896252443977,6684.0,False,1.0,0.00418910831837227
2021-02-02 14:55:00,7.587210711790249e-05,-0.004767580452920139,-0.004767580452920139,1,1.0,2.5021220447914776,6712.0,False,1.0,-0.004767580452920139
2021-02-02 21:35:00,0.00027185361250303686,-0.026347305389221587,-0.026347305389221587,0,1.0,2.4757747394022562,6680.0,False,1.0,-0.026347305389221587
2021-02-03 09:40:00,7.563741382909939e-05,0.0,0.0,0,1.0,2.4757747394022562,6504.0,False,1.0,0.0
2021-02-03 10:40:00,0.00029296745196916163,0.0015375153751537862,0.0015375153751537862,0,1.0,2.47731225477741,6504.0,False,1.0,0.0015375153751537862
2021-02-03 11:25:00,0.0015526824863627553,-0.006140620202640501,-0.006140620202640501,0,1.0,2.471171634574769,6514.0,False,1.0,-0.006140620202640501
2021-02-03 14:10:00,0.0016404264606535435,0.002780352177942591,0.002780352177942591,0,1.0,2.473951986752712,6474.0,False,1.0,0.002780352177942591
2021-02-03 14:55:00,0.001766147674061358,-0.0009242144177449285,-0.0009242144177449285,0,1.0,2.4730277723349667,6492.0,False,1.0,-0.0009242144177449285
2021-02-03 21:35:00,0.0017516231164336205,-0.0046253469010175685,-0.0046253469010175685,0,1.0,2.468402425433949,6486.0,False,1.0,-0.0046253469010175685
2021-02-04 09:40:00,0.0015114900888875127,0.0024783147459728205,0.0024783147459728205,0,1.0,2.470880740179922,6456.0,False,1.0,0.0024783147459728205
2021-02-04 10:40:00,0.0017558162799105048,0.0015451174289244918,0.0015451174289244918,0,1.0,2.4724258576088465,6472.0,False,1.0,0.0015451174289244918
2021-02-04 11:25:00,0.0016978508792817593,-0.000617093489663656,-0.000617093489663656,0,1.0,2.471808764119183,6482.0,False,1.0,-0.000617093489663656
2021-02-04 14:10:00,0.002057710662484169,0.000617474529175599,0.000617474529175599,0,1.0,2.4724262386483584,6478.0,False,1.0,0.000617474529175599
2021-02-04 14:55:00,0.0019302316941320896,0.00987349583461894,0.00987349583461894,0,1.0,2.4822997344829774,6482.0,False,1.0,0.00987349583461894
2021-02-04 21:35:00,0.002117093885317445,0.003971891231286273,0.003971891231286273,0,1.0,2.486271625714264,6546.0,False,1.0,0.003971891231286273
2021-02-05 09:40:00,0.0019738792907446623,0.0009129640900791269,0.0009129640900791269,0,1.0,2.4871845898043428,6572.0,False,1.0,0.0009129640900791269
2021-02-05 10:40:00,0.0021509770303964615,-0.0003040437823046416,-0.0003040437823046416,0,1.0,2.486880546022038,6578.0,False,1.0,-0.0003040437823046416
2021-02-05 11:25:00,0.002098802011460066,0.005170316301703171,0.005170316301703171,0,1.0,2.492050862323741,6576.0,False,1.0,0.005170316301703171
2021-02-05 14:10:00,0.0021635324228554964,-0.003328290468986417,-0.003328290468986417,0,1.0,2.4887225718547548,6610.0,False,1.0,-0.003328290468986417
2021-02-05 14:55:00,0.00216029048897326,0.0018214936247722413,0.0018214936247722413,0,1.0,2.490544065479527,6588.0,False,1.0,0.0018214936247722413
2021-02-05 21:35:00,0.0017556129023432732,0.004242424242424159,0.004242424242424159,0,1.0,2.4947864897219514,6600.0,False,1.0,0.004242424242424159
2021-02-08 09:40:00,0.0014345396775752306,-0.0003017501508750797,-0.0003017501508750797,0,1.0,2.4944847395710763,6628.0,False,1.0,-0.0003017501508750797
2021-02-08 10:40:00,0.001722509739920497,0.0,0.0,0,1.0,2.4944847395710763,6626.0,False,1.0,0.0
2021-02-08 11:25:00,0.0017292482079938054,0.004527618472683459,0.004527618472683459,0,1.0,2.4990123580437595,6626.0,False,1.0,0.004527618472683459
2021-02-08 14:10:00,0.001786211272701621,0.00390625,0.00390625,0,1.0,2.5029186080437595,6656.0,False,1.0,0.00390625
2021-02-08 14:55:00,0.0012949195224791765,0.01825800658485477,0.01825800658485477,0,1.0,2.5211766146286143,6682.0,False,1.0,0.01825800658485477
2021-02-09 09:40:00,0.0010852719424292445,0.0011757789535566943,0.0011757789535566943,0,1.0,2.522352393582171,6804.0,False,1.0,0.0011757789535566943
2021-02-09 10:40:00,0.0011218341533094645,0.003816793893129722,0.003816793893129722,0,1.0,2.5261691874753005,6812.0,False,1.0,0.003816793893129722
2021-02-09 11:25:00,0.0011126305907964706,0.0008774495466510324,0.0008774495466510324,0,1.0,2.527046637021952,6838.0,False,1.0,0.0008774495466510324
2021-02-09 14:10:00,0.0015757041983306408,0.0023378141437755406,0.0023378141437755406,0,1.0,2.5293844511657273,6844.0,False,1.0,0.0023378141437755406
2021-02-09 14:55:00,0.0014170027570798993,0.004956268221574245,0.004956268221574245,0,1.0,2.5343407193873015,6860.0,False,1.0,0.004956268221574245
2021-02-09 21:35:00,0.0014695314457640052,0.0008703220191470518,0.0008703220191470518,0,1.0,2.5352110414064484,6894.0,False,1.0,0.0008703220191470518
2021-02-10 09:40:00,0.0013014960568398237,-0.003768115942028971,-0.003768115942028971,0,1.0,2.5314429254644195,6900.0,False,1.0,-0.003768115942028971
2021-02-10 10:40:00,0.0014424348482862115,0.0017457084666860911,0.0017457084666860911,0,1.0,2.533188633931106,6874.0,False,1.0,0.0017457084666860911
2021-02-10 11:25:00,0.0014839469222351909,0.0011617775196048896,0.0011617775196048896,0,1.0,2.5343504114507107,6886.0,False,1.0,0.0011617775196048896
2021-02-10 14:10:00,0.0013658711686730385,-0.0014505366985784196,-0.0014505366985784196,0,1.0,2.532899874752132,6894.0,False,1.0,-0.0014505366985784196
2021-02-10 14:55:00,0.00144653778988868,0.0017431725740848503,0.0017431725740848503,0,1.0,2.5346430473262167,6884.0,False,1.0,0.0017431725740848503
2021-02-10 21:35:00,0.0010868957033380866,0.031032482598607913,0.031032482598607913,0,1.0,2.5656755299248246,6896.0,False,1.0,0.031032482598607913
2021-02-18 09:40:00,0.0007195017533376813,0.007313642756680672,0.007313642756680672,0,1.0,2.5729891726815053,7110.0,False,1.0,0.007313642756680672
2021-02-18 10:40:00,0.0007562508690170944,0.00027925160569663987,0.00027925160569663987,0,1.0,2.5732684242872024,7162.0,False,1.0,0.00027925160569663987
2021-02-18 11:25:00,0.0008254885906353593,-0.0027917364600781314,-0.0027917364600781314,0,1.0,2.570476687827124,7164.0,False,1.0,-0.0027917364600781314
2021-02-18 14:10:00,0.0008961550192907453,0.0005599104143336753,0.0005599104143336753,0,1.0,2.5710365982414576,7144.0,False,1.0,0.0005599104143336753
2021-02-18 14:55:00,0.0006766502046957612,-0.004756575265808638,-0.004756575265808638,0,1.0,2.566280022975649,7148.0,False,1.0,-0.004756575265808638
2021-02-19 09:40:00,0.0005871717585250735,0.0022490863086870316,0.0022490863086870316,0,1.0,2.568529109284336,7114.0,False,1.0,0.0022490863086870316
2021-02-19 10:40:00,0.0006766502046957612,-0.001683029453015461,-0.001683029453015461,0,1.0,2.56684607983132,7130.0,False,1.0,-0.001683029453015461
2021-02-19 11:25:00,0.0005148669006302953,0.014610845743186385,0.014610845743186385,0,1.0,2.581456925574507,7118.0,False,1.0,0.014610845743186385
2021-02-19 14:10:00,0.0007722850423306227,0.002769315978953246,0.002769315978953246,0,1.0,2.58422624155346,7222.0,False,1.0,0.002769315978953246
2021-02-19 14:55:00,0.000833517755381763,-0.003314001657000798,-0.003314001657000798,0,1.0,2.5809122398964592,7242.0,False,1.0,-0.003314001657000798
2021-02-19 21:35:00,0.0006742153782397509,0.01801052923247437,0.01801052923247437,0,1.0,2.598922769128934,7218.0,False,1.0,0.01801052923247437
2021-02-22 09:40:00,0.000358204182703048,-0.00544365813826897,-0.00544365813826897,0,1.0,2.5934791109906645,7348.0,False,1.0,-0.00544365813826897
2021-02-22 10:40:00,0.0007987192366272211,0.0005473453749316182,0.0005473453749316182,0,1.0,2.5940264563655964,7308.0,False,1.0,0.0005473453749316182
2021-02-22 11:25:00,0.0008116284152492881,-0.002461706783369766,-0.002461706783369766,0,1.0,2.5915647495822265,7312.0,False,1.0,-0.002461706783369766
2021-02-22 14:10:00,0.001113129430450499,-0.0013709898546750976,-0.0013709898546750976,0,1.0,2.5901937597275513,7294.0,False,1.0,-0.0013709898546750976
2021-02-22 14:55:00,0.0008620313019491732,-0.003569467325645226,-0.003569467325645226,0,1.0,2.586624292401906,7284.0,False,1.0,-0.003569467325645226
2021-02-23 09:40:00,0.0006098155863583088,0.004960044089280746,0.004960044089280746,0,1.0,2.591584336491187,7258.0,False,1.0,0.004960044089280746
2021-02-23 10:40:00,0.0008620313019491732,0.004387167534960268,0.004387167534960268,0,1.0,2.595971504026147,7294.0,False,1.0,0.004387167534960268
2021-02-23 11:25:00,0.0008006047573871911,0.00354900354900356,0.00354900354900356,0,1.0,2.599520507575151,7326.0,False,1.0,0.00354900354900356
2021-02-23 14:10:00,0.0011714586289599538,0.005440696409140466,0.005440696409140466,0,1.0,2.604961203984291,7352.0,False,1.0,0.005440696409140466
2021-02-23 14:55:00,0.0008154980605468154,-0.0032467532467532756,-0.0032467532467532756,0,1.0,2.601714450737538,7392.0,False,1.0,-0.0032467532467532756
2021-02-23 21:35:00,0.0007878578617237508,0.002714440825190012,0.002714440825190012,0,1.0,2.604428891562728,7368.0,False,1.0,0.002714440825190012
2021-02-24 09:40:00,0.0005333437002263963,0.010016242555495491,0.010016242555495491,0,1.0,2.614445134118223,7388.0,False,1.0,0.010016242555495491
2021-02-24 10:40:00,0.0007542569655925035,0.00482444384883407,0.00482444384883407,0,1.0,2.6192695779670574,7462.0,False,1.0,0.00482444384883407
2021-02-24 11:25:00,0.0011023147962987423,-0.002400640170712176,-0.002400640170712176,0,1.0,2.616868937796345,7498.0,False,1.0,-0.002400640170712176
2021-02-24 14:10:00,0.0012059322325512767,0.0,0.0,0,1.0,2.616868937796345,7480.0,False,1.0,0.0
2021-02-24 14:55:00,0.001155475270934403,0.0018716577540107693,0.0018716577540107693,0,1.0,2.618740595550356,7480.0,False,1.0,0.0018716577540107693
2021-02-24 21:35:00,0.0009083384065888822,-0.002668801708033075,-0.002668801708033075,0,1.0,2.616071793842323,7494.0,False,1.0,-0.002668801708033075
2021-02-25 09:40:00,0.0005486469017341733,0.008027829810008047,0.008027829810008047,0,1.0,2.624099623652331,7474.0,False,1.0,0.008027829810008047
2021-02-25 10:40:00,0.0010086632100865245,0.010883992567029432,0.010883992567029432,0,1.0,2.63498361621936,7534.0,False,1.0,0.010883992567029432
2021-02-25 11:25:00,0.000995710026472807,-0.007615546218487368,-0.007615546218487368,0,1.0,2.627368070000873,7616.0,False,1.0,-0.007615546218487368
2021-02-25 14:10:00,0.0010748988715931773,0.0,0.0,0,1.0,2.627368070000873,7558.0,False,1.0,0.0
2021-02-25 14:55:00,0.0008177016861736774,0.005821645938078879,0.005821645938078879,0,1.0,2.6331897159389515,7558.0,False,1.0,0.005821645938078879
2021-02-25 21:35:00,0.0008125845342874527,-0.023941068139963217,-0.023941068139963217,0,1.0,2.6092486477989887,7602.0,False,1.0,-0.023941068139963217
2021-02-26 09:40:00,0.0004181375552434474,0.015363881401617263,0.015363881401617263,0,1.0,2.624612529200606,7420.0,False,1.0,0.015363881401617263
2021-02-26 10:40:00,0.0006334264762699604,-0.0039819485001327815,-0.0039819485001327815,0,1.0,2.620630580700473,7534.0,False,1.0,-0.0039819485001327815
2021-02-26 11:25:00,0.0007890280103310943,0.0071961620469083165,0.0071961620469083165,0,1.0,2.627826742747381,7504.0,False,1.0,0.0071961620469083165
2021-02-26 14:10:00,0.0004143378755543381,-0.0007938608097379785,-0.0007938608097379785,0,1.0,2.627032881937643,7558.0,False,1.0,-0.0007938608097379785
2021-02-26 14:55:00,0.0006316609214991331,-0.0010593220338983578,-0.0010593220338983578,0,1.0,2.625973559903745,7552.0,False,1.0,-0.0010593220338983578
2021-02-26 21:35:00,8.402857201872393e-05,0.03101802757158012,0.03101802757158012,0,1.0,2.656991587475325,7544.0,False,1.0,0.03101802757158012
2021-03-01 09:40:00,-0.00010059889609692618,-0.013885317562355337,-0.013885317562355337,0,1.0,2.6431062699129697,7778.0,False,0.0,-0.013885317562355337
2021-03-01 10:40:00,0.00010345296323066577,0.0026075619295957697,0.0,1,0.0,2.6431062699129697,7670.0,False,0.0,0.0026075619295957697
2021-03-01 11:25:00,8.663563494337723e-05,0.001040312093627982,0.0,1,0.0,2.6431062699129697,7690.0,False,0.0,0.001040312093627982
2021-03-01 14:10:00,0.0005762301152572036,-0.008573655494933718,-0.0,0,0.0,2.6431062699129697,7698.0,False,0.0,-0.008573655494933718
2021-03-01 14:55:00,0.00032916615600697696,-0.010744234800838526,-0.0,0,0.0,2.6431062699129697,7632.0,False,0.0,-0.010744234800838526
2021-03-02 09:40:00,1.641586459300015e-05,-0.015099337748344377,-0.0,0,0.0,2.6431062699129697,7550.0,False,0.0,-0.015099337748344377
2021-03-02 10:40:00,5.241025792201981e-05,-0.00591715976331364,-0.0,0,0.0,2.6431062699129697,7436.0,False,0.0,-0.00591715976331364
2021-03-02 11:25:00,0.00014241907047107816,-0.0029761904761904656,-0.0,0,0.0,2.6431062699129697,7392.0,False,0.0,-0.0029761904761904656
2021-03-02 14:10:00,0.0003701156238093972,0.0029850746268655914,0.0,0,0.0,2.6431062699129697,7370.0,False,0.0,0.0029850746268655914
2021-03-02 14:55:00,0.0003034623514395207,-0.0027056277056276556,-0.0,0,0.0,2.6431062699129697,7392.0,False,0.0,-0.0027056277056276556
2021-03-02 21:35:00,0.00034227207652293146,-0.007867607162235446,-0.0,0,0.0,2.6431062699129697,7372.0,False,0.0,-0.007867607162235446
2021-03-03 09:40:00,3.5838991607306525e-05,0.009570686354935631,0.0,0,0.0,2.6431062699129697,7314.0,False,0.0,0.009570686354935631
2021-03-03 10:40:00,0.00020001031225547194,-0.008938244853737842,-0.0,0,0.0,2.6431062699129697,7384.0,False,0.0,-0.008938244853737842
2021-03-03 11:25:00,0.000709016399923712,-0.0035528833014484285,-0.0,0,0.0,2.6431062699129697,7318.0,False,1.0,-0.0035528833014484285
2021-03-03 14:10:00,0.0007668337784707546,0.005485463521667677,0.005485463521667677,0,1.0,2.648591733434637,7292.0,False,1.0,0.005485463521667677
2021-03-03 14:55:00,0.0006791881169192493,0.0027277686852154037,0.0027277686852154037,0,1.0,2.651319502119853,7332.0,False,1.0,0.0027277686852154037
2021-03-03 21:35:00,0.0008122442523017526,-0.008161044613710589,-0.008161044613710589,0,1.0,2.643158457506142,7352.0,False,1.0,-0.008161044613710589
2021-03-04 09:40:00,0.0005876594223082066,0.01810202962150309,0.01810202962150309,0,1.0,2.6612604871276453,7292.0,False,1.0,0.01810202962150309
2021-03-04 10:40:00,0.0007321685552597046,-0.0005387931034482873,-0.0005387931034482873,0,1.0,2.660721694024197,7424.0,False,1.0,-0.0005387931034482873
2021-03-04 11:25:00,0.000808098295237869,0.009433962264151052,0.009433962264151052,0,1.0,2.670155656288348,7420.0,False,1.0,0.009433962264151052
2021-03-04 14:10:00,0.0006469509680755436,-0.004005340453938633,-0.004005340453938633,0,1.0,2.6661503158344093,7490.0,False,1.0,-0.004005340453938633
2021-03-04 14:55:00,0.0007814943674020469,0.0005361930294907058,0.0005361930294907058,0,1.0,2.6666865088639,7460.0,False,1.0,0.0005361930294907058
2021-03-04 21:35:00,0.0010111582232639194,0.003483386923901488,0.003483386923901488,0,1.0,2.6701698957878017,7464.0,False,1.0,0.003483386923901488
2021-03-05 09:40:00,0.0006897804560139775,-0.0050734312416554905,-0.0050734312416554905,0,1.0,2.665096464546146,7490.0,False,1.0,-0.0050734312416554905
2021-03-05 10:40:00,0.0006924382178112864,-0.005099302200751499,-0.005099302200751499,0,1.0,2.6599971623453946,7452.0,False,1.0,-0.005099302200751499
2021-03-05 11:25:00,0.0006731137982569635,0.012678715942811003,0.012678715942811003,0,1.0,2.6726758782882056,7414.0,False,1.0,0.012678715942811003
2021-03-05 14:10:00,0.0009670235449448228,0.0005327650506126158,0.0005327650506126158,0,1.0,2.6732086433388185,7508.0,False,1.0,0.0005327650506126158
2021-03-05 14:55:00,0.0009449189528822899,-0.004792332268370614,-0.004792332268370614,0,1.0,2.6684163110704477,7512.0,False,1.0,-0.004792332268370614
2021-03-05 21:35:00,0.0005785271059721708,0.032637774210807935,0.032637774210807935,0,1.0,2.701054085281256,7476.0,False,1.0,0.032637774210807935
2021-03-08 09:40:00,0.00038106818101368845,0.014766839378238306,0.014766839378238306,0,1.0,2.7158209246594938,7720.0,False,1.0,0.014766839378238306
2021-03-08 10:40:00,0.000305599212879315,-0.004084758743936656,-0.004084758743936656,0,1.0,2.7117361659155574,7834.0,False,1.0,-0.004084758743936656
2021-03-08 11:25:00,0.00040186435217037797,-0.0033324788515765036,-0.0033324788515765036,0,1.0,2.708403687063981,7802.0,False,1.0,-0.0033324788515765036
2021-03-08 14:10:00,0.0007409795070998371,0.007458847736625529,0.007458847736625529,0,1.0,2.7158625348006065,7776.0,False,1.0,0.007458847736625529
2021-03-08 14:55:00,0.0004576037172228098,-0.006382435537401032,-0.006382435537401032,0,1.0,2.7094800992632053,7834.0,False,1.0,-0.006382435537401032
2021-03-09 09:40:00,0.00035865866811946034,0.0010277492291881352,0.0010277492291881352,0,1.0,2.7105078484923935,7784.0,False,1.0,0.0010277492291881352
2021-03-09 10:40:00,0.000475815701065585,-0.0007700205338808663,-0.0007700205338808663,0,1.0,2.7097378279585125,7792.0,False,1.0,-0.0007700205338808663
2021-03-09 11:25:00,0.0003917716385331005,0.004109940919599264,0.004109940919599264,0,1.0,2.7138477688781117,7786.0,False,1.0,0.004109940919599264
2021-03-09 14:10:00,0.0008281204500235617,0.0,0.0,0,1.0,2.7138477688781117,7818.0,False,1.0,0.0
2021-03-09 14:55:00,0.0005346934776753187,-0.019186492709132752,-0.019186492709132752,0,1.0,2.694661276168979,7818.0,False,1.0,-0.019186492709132752
2021-03-09 21:35:00,0.0008022102992981672,-0.0015649452269170805,-0.0015649452269170805,0,1.0,2.693096330942062,7668.0,False,1.0,-0.0015649452269170805
2021-03-10 09:40:00,0.0005709201213903725,-0.004963427377220442,-0.004963427377220442,0,1.0,2.6881329035648416,7656.0,False,1.0,-0.004963427377220442
2021-03-10 10:40:00,0.0005807827692478895,-0.007876082961407183,-0.007876082961407183,0,1.0,2.6802568206034345,7618.0,False,1.0,-0.007876082961407183
2021-03-10 11:25:00,0.0008301890338771045,0.015083355385022479,0.015083355385022479,0,1.0,2.695340175988457,7558.0,False,1.0,0.015083355385022479
2021-03-10 14:10:00,0.0006391927017830312,0.009124087591240837,0.009124087591240837,0,1.0,2.704464263579698,7672.0,False,1.0,0.009124087591240837
2021-03-10 14:55:00,0.0005659076268784702,0.011108240764660327,0.011108240764660327,0,1.0,2.715572504344358,7742.0,False,1.0,0.011108240764660327
2021-03-10 21:35:00,0.0007207219023257494,-0.019161982626469065,-0.019161982626469065,0,1.0,2.696410521717889,7828.0,False,1.0,-0.019161982626469065
2021-03-11 09:40:00,0.0002733857836574316,0.004688721021099296,0.004688721021099296,0,1.0,2.701099242738988,7678.0,False,1.0,0.004688721021099296
2021-03-11 10:40:00,0.0007798583246767521,0.0033704952035260582,0.0033704952035260582,0,1.0,2.7044697379425147,7714.0,False,1.0,0.0033704952035260582
2021-03-11 11:25:00,0.0003582729259505868,0.0015503875968991832,0.0015503875968991832,0,1.0,2.7060201255394136,7740.0,False,1.0,0.0015503875968991832
2021-03-11 14:10:00,0.0005340853822417557,0.0038699690402477227,0.0038699690402477227,0,1.0,2.709890094579661,7752.0,False,1.0,0.0038699690402477227
2021-03-11 14:55:00,0.0004020080086775124,0.005654073502955548,0.005654073502955548,0,1.0,2.7155441680826167,7782.0,False,1.0,0.005654073502955548
2021-03-11 21:35:00,0.0005790569121018052,0.03296703296703307,0.03296703296703307,0,1.0,2.74851120104965,7826.0,False,1.0,0.03296703296703307
2021-03-12 09:40:00,0.0002885409339796752,-0.00272142503711037,-0.00272142503711037,0,1.0,2.74578977601254,8084.0,False,1.0,-0.00272142503711037
2021-03-12 10:40:00,0.00045864764251746237,-0.003969238402381503,-0.003969238402381503,0,1.0,2.741820537610158,8062.0,False,1.0,-0.003969238402381503
2021-03-12 11:25:00,0.00035144176217727363,-0.0022415940224159714,-0.0022415940224159714,0,1.0,2.739578943587742,8030.0,False,1.0,-0.0022415940224159714
2021-03-12 14:10:00,0.00024216377642005682,-0.007738392411382966,-0.007738392411382966,0,1.0,2.731840551176359,8012.0,False,1.0,-0.007738392411382966
2021-03-12 14:55:00,0.0002633035182952881,0.002515723270440251,0.002515723270440251,0,1.0,2.7343562744467995,7950.0,False,1.0,0.002515723270440251
2021-03-12 21:35:00,4.362082836451009e-05,0.006273525721455453,0.006273525721455453,0,1.0,2.7406298001682545,7970.0,False,1.0,0.006273525721455453
2021-03-15 09:40:00,-0.0002212784020230174,0.010473815461346625,0.010473815461346625,0,1.0,2.751103615629601,8020.0,False,0.0,0.010473815461346625
2021-03-15 10:40:00,-0.00022541949874721467,-0.008390918065153019,-0.0,1,0.0,2.751103615629601,8104.0,False,0.0,-0.008390918065153019
2021-03-15 11:25:00,-8.527077443432063e-05,-0.00149328023892481,-0.0,1,0.0,2.751103615629601,8036.0,False,0.0,-0.00149328023892481
2021-03-15 14:10:00,0.0005568534252233803,-0.002243270189431712,-0.0,0,0.0,2.751103615629601,8024.0,False,1.0,-0.002243270189431712
2021-03-15 14:55:00,-6.281546666286886e-05,-0.000999250562078391,-0.000999250562078391,1,1.0,2.750104365067523,8006.0,False,0.0,-0.000999250562078391
2021-03-16 09:40:00,-6.281546666286886e-05,0.002500625156289127,0.0,1,0.0,2.750104365067523,7998.0,False,0.0,0.002500625156289127
2021-03-16 10:40:00,-0.00012823304859921336,0.002743826390621207,0.0,0,0.0,2.750104365067523,8018.0,False,0.0,0.002743826390621207
2021-03-16 11:25:00,-3.7383255403256044e-05,0.0034825870646766344,0.0,0,0.0,2.750104365067523,8040.0,False,0.0,0.0034825870646766344
2021-03-16 14:10:00,0.0005550191272050142,0.001983143282102029,0.0,0,0.0,2.750104365067523,8068.0,False,1.0,0.001983143282102029
2021-03-16 14:55:00,0.0002497055975254625,-0.022761009401286447,-0.022761009401286447,1,1.0,2.7273433556662363,8084.0,False,1.0,-0.022761009401286447
2021-03-16 21:35:00,0.0005110428901389241,-0.013924050632911356,-0.013924050632911356,1,1.0,2.7134193050333253,7900.0,False,1.0,-0.013924050632911356
2021-03-17 09:40:00,0.0003552256675902754,0.0002567394094994402,0.0002567394094994402,0,1.0,2.713676044442825,7790.0,False,1.0,0.0002567394094994402
2021-03-17 10:40:00,0.0004743550671264529,0.0038501026694044427,0.0038501026694044427,0,1.0,2.7175261471122294,7792.0,False,1.0,0.0038501026694044427
2021-03-17 11:25:00,0.0008692722767591476,-0.002301201738685754,-0.002301201738685754,0,1.0,2.7152249453735435,7822.0,False,1.0,-0.002301201738685754
2021-03-17 14:10:00,0.0008692722767591476,0.0023065094823166987,0.0023065094823166987,0,1.0,2.7175314548558602,7804.0,False,1.0,0.0023065094823166987
2021-03-17 14:55:00,0.0007750256336294115,0.004346714395295326,0.004346714395295326,0,1.0,2.7218781692511556,7822.0,False,1.0,0.004346714395295326
2021-03-17 21:35:00,0.0008558440604247153,-0.014256619144602856,-0.014256619144602856,0,1.0,2.707621550106553,7856.0,False,1.0,-0.014256619144602856
2021-03-18 09:40:00,0.0005011062603443861,0.004132231404958775,0.004132231404958775,0,1.0,2.7117537815115114,7744.0,False,1.0,0.004132231404958775
2021-03-18 10:40:00,0.0008486656006425619,-0.0010288065843621075,-0.0010288065843621075,0,1.0,2.7107249749271496,7776.0,False,1.0,-0.0010288065843621075
2021-03-18 11:25:00,0.0006499579758383334,-0.0002574665293512135,-0.0002574665293512135,0,1.0,2.7104675083977985,7768.0,False,1.0,-0.0002574665293512135
2021-03-18 14:10:00,0.0004937885678373277,-0.004120525366984262,-0.004120525366984262,0,1.0,2.706346983030814,7766.0,False,1.0,-0.004120525366984262
2021-03-18 14:55:00,0.0001102075693779625,0.0038789759503490284,0.0038789759503490284,0,1.0,2.7102259589811633,7734.0,False,1.0,0.0038789759503490284
2021-03-18 21:35:00,0.00030863037682138383,-0.0012879958784132173,-0.0012879958784132173,0,1.0,2.70893796310275,7764.0,False,1.0,-0.0012879958784132173
2021-03-19 09:40:00,-7.95296800788492e-05,-0.012896569512509726,-0.012896569512509726,0,1.0,2.6960413935902405,7754.0,False,0.0,-0.012896569512509726
2021-03-19 10:40:00,0.00022028782404959202,-0.001567807682257616,-0.0,1,0.0,2.6960413935902405,7654.0,False,0.0,-0.001567807682257616
2021-03-19 11:25:00,0.0006081625469960272,0.0020936927505887937,0.0,1,0.0,2.6960413935902405,7642.0,False,1.0,0.0020936927505887937
2021-03-19 14:10:00,0.0006081625469960272,-0.0007834943849569509,-0.0007834943849569509,0,1.0,2.6952578992052834,7658.0,False,1.0,-0.0007834943849569509
2021-03-19 14:55:00,0.0005151514778845012,-0.001045478306325176,-0.001045478306325176,0,1.0,2.6942124208989586,7652.0,False,1.0,-0.001045478306325176
2021-03-19 21:35:00,0.0004179684037808329,0.017530088958660484,0.017530088958660484,0,1.0,2.711742509857619,7644.0,False,1.0,0.017530088958660484
2021-03-22 09:40:00,0.0002693467540666461,-0.003599897145795783,-0.003599897145795783,0,1.0,2.708142612711823,7778.0,False,1.0,-0.003599897145795783
2021-03-22 10:40:00,0.0003478377766441554,-0.004387096774193577,-0.004387096774193577,0,1.0,2.7037555159376296,7750.0,False,1.0,-0.004387096774193577
2021-03-22 11:25:00,0.00023836155014578253,0.0025920165889061764,0.0025920165889061764,0,1.0,2.706347532526536,7716.0,False,1.0,0.0025920165889061764
2021-03-22 14:10:00,0.0006811029743403196,0.003619441571871773,0.003619441571871773,0,1.0,2.709966974098408,7736.0,False,1.0,0.003619441571871773
2021-03-22 14:55:00,0.00045567049528472126,0.027047913446677008,0.027047913446677008,0,1.0,2.737014887545085,7764.0,False,1.0,0.027047913446677008
2021-03-23 09:40:00,0.00035994200152345,0.018058690744920947,0.018058690744920947,0,1.0,2.7550735782900055,7974.0,False,1.0,0.018058690744920947
2021-03-23 10:40:00,0.00040545061347074807,0.0007390983000739038,0.0007390983000739038,0,1.0,2.7558126765900797,8118.0,False,1.0,0.0007390983000739038
2021-03-23 11:25:00,0.00043088270467706025,-0.0012309207287051205,-0.0012309207287051205,0,1.0,2.7545817558613743,8124.0,False,1.0,-0.0012309207287051205
2021-03-23 14:10:00,0.0002104497398249805,-0.0032043381809219174,-0.0032043381809219174,0,1.0,2.7513774176804526,8114.0,False,1.0,-0.0032043381809219174
2021-03-23 14:55:00,-0.000518574845045805,0.0012363996043520675,0.0012363996043520675,0,1.0,2.7526138172848045,8088.0,False,0.0,0.0012363996043520675
2021-03-23 21:35:00,-0.00033344197436235845,-0.006174364040503866,-0.0,1,0.0,2.7526138172848045,8098.0,False,-1.0,-0.006174364040503866
2021-03-24 09:40:00,-0.00041325969505123794,-0.0009940357852882276,0.0009940357852882276,1,-1.0,2.7536078530700925,8048.0,False,-1.0,-0.0009940357852882276
2021-03-24 10:40:00,-0.0005266700172796845,-0.00024875621890552146,0.00024875621890552146,0,-1.0,2.7538566092889982,8040.0,False,-1.0,-0.00024875621890552146
2021-03-24 11:25:00,0.00012959280866198242,0.0017417267977108963,-0.0017417267977108963,0,-1.0,2.7521148824912873,8038.0,False,0.0,0.0017417267977108963
2021-03-24 14:10:00,0.00013754350948147476,-0.0009935419771485154,-0.0,1,0.0,2.7521148824912873,8052.0,False,0.0,-0.0009935419771485154
2021-03-24 14:55:00,0.00019501044880598783,0.0024863252113376255,0.0,1,0.0,2.7521148824912873,8044.0,False,0.0,0.0024863252113376255
2021-03-24 21:35:00,0.00014197539712768048,-0.004216269841269882,-0.0,0,0.0,2.7521148824912873,8064.0,False,0.0,-0.004216269841269882
2021-03-25 09:40:00,-6.054975528968498e-05,-0.0002490660024906388,-0.0,0,0.0,2.7521148824912873,8030.0,False,0.0,-0.0002490660024906388
2021-03-25 10:40:00,0.00019501044880598783,0.0034877927254608476,0.0,1,0.0,2.7521148824912873,8028.0,False,0.0,0.0034877927254608476
2021-03-25 11:25:00,0.00011203703616047278,-0.002979145978152964,-0.0,1,0.0,2.7521148824912873,8056.0,False,0.0,-0.002979145978152964
2021-03-25 14:10:00,0.00016950398276094347,-0.0009960159362549792,-0.0,0,0.0,2.7521148824912873,8032.0,False,0.0,-0.0009960159362549792
2021-03-25 14:55:00,-2.6498042643652298e-05,0.0004985044865404298,0.0,0,0.0,2.7521148824912873,8024.0,False,0.0,0.0004985044865404298
2021-03-25 21:35:00,7.262266444740817e-05,-0.039611360239162896,-0.0,1,0.0,2.7521148824912873,8028.0,False,0.0,-0.039611360239162896
2021-03-26 09:40:00,-0.00022566290863323957,0.0057068741893644415,0.0,1,0.0,2.7521148824912873,7710.0,False,-1.0,0.0057068741893644415
2021-03-26 10:40:00,-0.00013897837197873741,-0.005674490585504288,0.005674490585504288,1,-1.0,2.7577893730767915,7754.0,False,-1.0,-0.005674490585504288
2021-03-26 11:25:00,0.0007201359258033335,-0.026199740596627774,0.026199740596627774,1,-1.0,2.783989113673419,7710.0,False,0.0,-0.026199740596627774
2021-03-26 14:10:00,0.000682402984239161,0.003462972828982336,0.0,1,0.0,2.783989113673419,7508.0,False,1.0,0.003462972828982336
2021-03-26 14:55:00,0.0008572822553105652,-0.00026546323334220023,-0.00026546323334220023,1,1.0,2.783723650440077,7534.0,False,1.0,-0.00026546323334220023
2021-03-26 21:35:00,0.0004730458604171872,-0.023101433882103062,-0.023101433882103062,0,1.0,2.760622216557974,7532.0,False,1.0,-0.023101433882103062
2021-03-29 09:40:00,0.0003263834223616868,0.02174503941288397,0.02174503941288397,0,1.0,2.7823672559708577,7358.0,False,1.0,0.02174503941288397
2021-03-29 10:40:00,0.00047432369319722056,-0.0002660281989891322,-0.0002660281989891322,0,1.0,2.782101227771869,7518.0,False,1.0,-0.0002660281989891322
2021-03-29 11:25:00,0.00047432369319722056,0.0018626929217668842,0.0018626929217668842,0,1.0,2.783963920693636,7516.0,False,1.0,0.0018626929217668842
2021-03-29 14:10:00,0.0007464136579073966,-0.0029216467463479834,-0.0029216467463479834,0,1.0,2.7810422739472878,7530.0,False,1.0,-0.0029216467463479834
2021-03-29 14:55:00,0.0005536116077564657,0.0013319126265316505,0.0013319126265316505,0,1.0,2.7823741865738194,7508.0,False,1.0,0.0013319126265316505
2021-03-30 09:40:00,0.0005106010939925909,-0.0007980845969672856,-0.0007980845969672856,0,1.0,2.781576101976852,7518.0,False,1.0,-0.0007980845969672856
2021-03-30 10:40:00,0.0005777243641205132,0.006389776357827559,0.006389776357827559,0,1.0,2.7879658783346795,7512.0,False,1.0,0.006389776357827559
2021-03-30 11:25:00,0.0006984563078731298,-0.002116402116402072,-0.002116402116402072,0,1.0,2.7858494762182775,7560.0,False,1.0,-0.002116402116402072
2021-03-30 14:10:00,0.000607379013672471,-0.02492046659597036,-0.02492046659597036,0,1.0,2.7609290096223074,7544.0,False,1.0,-0.02492046659597036
2021-03-30 14:55:00,0.0007906804094091058,0.00897226753670477,0.00897226753670477,0,1.0,2.769901277159012,7356.0,False,1.0,0.00897226753670477
2021-03-30 21:35:00,0.0009450652869418263,-0.017246025330099668,-0.017246025330099668,0,1.0,2.7526552518289122,7422.0,False,1.0,-0.017246025330099668
2021-03-31 09:40:00,0.0005532188806682825,0.00027419797093508613,0.00027419797093508613,0,1.0,2.752929449799847,7294.0,False,1.0,0.00027419797093508613
2021-03-31 10:40:00,0.0008827144047245383,-0.0013706140350877583,-0.0013706140350877583,0,1.0,2.75155883576476,7296.0,False,1.0,-0.0013706140350877583
2021-03-31 11:25:00,0.0009083774057216942,0.005489980785067239,0.005489980785067239,0,1.0,2.757048816549827,7286.0,False,1.0,0.005489980785067239
2021-03-31 14:10:00,0.0008051563054323196,-0.001092001092001138,-0.001092001092001138,0,1.0,2.7559568154578256,7326.0,False,1.0,-0.001092001092001138
2021-03-31 14:55:00,0.0011158444685861468,-0.0010931948619841148,-0.0010931948619841148,0,1.0,2.7548636205958417,7318.0,False,1.0,-0.0010931948619841148
2021-03-31 21:35:00,0.0010621388209983706,-0.010396716826265417,-0.010396716826265417,0,1.0,2.744466903769576,7310.0,False,1.0,-0.010396716826265417
2021-04-01 09:40:00,0.0007507275440730155,0.008017694221730709,0.008017694221730709,0,1.0,2.752484597991307,7234.0,False,1.0,0.008017694221730709
2021-04-01 10:40:00,0.0010004380019381642,0.022216127262753682,0.022216127262753682,0,1.0,2.7747007252540605,7292.0,False,1.0,0.022216127262753682
2021-04-01 11:25:00,0.000942050653975457,0.007781057150523241,0.007781057150523241,0,1.0,2.7824817824045835,7454.0,False,1.0,0.007781057150523241
2021-04-01 14:10:00,0.000942050653975457,0.010383386581469756,0.010383386581469756,0,1.0,2.7928651689860535,7512.0,False,1.0,0.010383386581469756
2021-04-01 14:55:00,0.0010946831898763776,0.00026350461133062275,0.00026350461133062275,0,1.0,2.7931286735973844,7590.0,False,1.0,0.00026350461133062275
2021-04-01 21:35:00,0.0010520181385800242,-0.009483667017913588,-0.009483667017913588,0,1.0,2.7836450065794707,7592.0,False,1.0,-0.009483667017913588
2021-04-02 09:40:00,0.0008068725583143532,-0.0066489361702127825,-0.0066489361702127825,0,1.0,2.776996070409258,7520.0,False,1.0,-0.0066489361702127825
2021-04-02 10:40:00,0.0011682994663715363,-0.0010709504685407767,-0.0010709504685407767,0,1.0,2.7759251199407173,7470.0,False,1.0,-0.0010709504685407767
2021-04-02 11:25:00,0.0010935113532468677,0.006968641114982521,0.006968641114982521,0,1.0,2.7828937610557,7462.0,False,1.0,0.006968641114982521
2021-04-02 14:10:00,0.0011316115269437432,0.005323396326856633,0.005323396326856633,0,1.0,2.7882171573825563,7514.0,False,1.0,0.005323396326856633
2021-04-02 14:55:00,0.0010947725968435407,0.001323801959226989,0.001323801959226989,0,1.0,2.7895409593417835,7554.0,False,1.0,0.001323801959226989
2021-04-02 21:35:00,0.0006255378248170018,0.003701745108408261,0.003701745108408261,0,1.0,2.7932427044501917,7564.0,False,1.0,0.003701745108408261
2021-04-06 09:40:00,0.00039286684477701783,-0.005268703898840932,-0.005268703898840932,0,1.0,2.7879740005513507,7592.0,False,1.0,-0.005268703898840932
2021-04-06 10:40:00,0.0005993152735754848,0.002913135593220373,0.002913135593220373,0,1.0,2.790887136144571,7552.0,False,1.0,0.002913135593220373
2021-04-06 11:25:00,0.0005245272186584771,0.009242144177449063,0.009242144177449063,0,1.0,2.80012928032202,7574.0,False,1.0,0.009242144177449063
2021-04-06 14:10:00,0.0005274286959320307,0.012558869701726927,0.012558869701726927,0,1.0,2.812688150023747,7644.0,False,1.0,0.012558869701726927
2021-04-06 14:55:00,0.0003967048542108387,0.016537467700258324,0.016537467700258324,0,1.0,2.8292256177240054,7740.0,False,1.0,0.016537467700258324
2021-04-07 09:40:00,0.00033259065821766853,-0.0015251652262328053,-0.0015251652262328053,0,1.0,2.8277004524977727,7868.0,False,1.0,-0.0015251652262328053
2021-04-07 10:40:00,0.00036173389526084065,0.0002545824847250966,0.0002545824847250966,0,1.0,2.827955034982498,7856.0,False,1.0,0.0002545824847250966
2021-04-07 11:25:00,0.00038725402555428445,-0.004835836090608336,-0.004835836090608336,0,1.0,2.8231191988918893,7858.0,False,1.0,-0.004835836090608336
2021-04-07 14:10:00,0.0008327307878062129,-0.009207161125319718,-0.009207161125319718,0,1.0,2.8139120377665696,7820.0,False,1.0,-0.009207161125319718
2021-04-07 14:55:00,0.00037339635309763253,0.0030975735673721694,0.0030975735673721694,0,1.0,2.817009611333942,7748.0,False,1.0,0.0030975735673721694
2021-04-07 21:35:00,0.0004403713101055473,-0.011065362840967596,-0.011065362840967596,0,1.0,2.805944248492974,7772.0,False,1.0,-0.011065362840967596
2021-04-08 09:40:00,0.00032870389986783266,0.003382773874577083,0.003382773874577083,0,1.0,2.809327022367551,7686.0,False,1.0,0.003382773874577083
2021-04-08 10:40:00,0.00018649132107384503,0.0018153526970954292,0.0018153526970954292,0,1.0,2.8111423750646467,7712.0,False,1.0,0.0018153526970954292
2021-04-08 11:25:00,0.0006772592896595597,-0.005953921822417829,-0.005953921822417829,0,1.0,2.805188453242229,7726.0,False,1.0,-0.005953921822417829
2021-04-08 14:10:00,0.0006400611018761992,-0.006249999999999978,-0.006249999999999978,0,1.0,2.798938453242229,7680.0,False,1.0,-0.006249999999999978
2021-04-08 14:55:00,0.0006975280120968819,0.004192872117400492,0.004192872117400492,0,1.0,2.8031313253596295,7632.0,False,1.0,0.004192872117400492
2021-04-08 21:35:00,0.000770129612646997,-0.098643006263048,-0.098643006263048,0,1.0,2.704488319096581,7664.0,False,1.0,-0.098643006263048
2021-04-09 09:40:00,0.0004983583930879831,0.0,0.0,0,1.0,2.704488319096581,6908.0,True,1.0,0.0
2021-04-09 10:40:00,0.000643465667963028,-0.001447596988998212,-0.001447596988998212,0,1.0,2.703040722107583,6908.0,False,1.0,-0.001447596988998212
2021-04-09 11:25:00,0.0013976918999105692,0.007828356045230578,0.007828356045230578,0,1.0,2.7108690781528137,6898.0,False,1.0,0.007828356045230578
2021-04-09 14:10:00,0.0014955061487853527,0.0020138089758343636,0.0020138089758343636,0,1.0,2.712882887128648,6952.0,False,1.0,0.0020138089758343636
2021-04-09 14:55:00,0.0013075205497443676,-0.008900373241458537,-0.008900373241458537,0,1.0,2.7039825138871896,6966.0,False,1.0,-0.008900373241458537
2021-04-09 21:35:00,0.0009730127640068531,-0.013035921205098444,-0.013035921205098444,0,1.0,2.690946592682091,6904.0,False,1.0,-0.013035921205098444
2021-04-12 09:40:00,0.0007943972013890743,0.006457293806868103,0.006457293806868103,0,1.0,2.697403886488959,6814.0,False,1.0,0.006457293806868103
2021-04-12 10:40:00,0.0009875374380499125,-0.002916302128900594,-0.002916302128900594,0,1.0,2.694487584360058,6858.0,False,1.0,-0.002916302128900594
2021-04-12 11:25:00,0.0009621052304282784,-0.0020473822755191495,-0.0020473822755191495,0,1.0,2.692440202084539,6838.0,False,1.0,-0.0020473822755191495
2021-04-12 14:10:00,0.001027216436341405,-0.016998827667057403,-0.016998827667057403,0,1.0,2.6754413744174816,6824.0,False,1.0,-0.016998827667057403
2021-04-12 14:55:00,0.0009875374380499125,-0.0062611806797853164,-0.0062611806797853164,0,1.0,2.6691801937376964,6708.0,False,1.0,-0.0062611806797853164
2021-04-13 09:40:00,0.0011622122256085277,0.0006000600060005468,0.0006000600060005468,0,1.0,2.669780253743697,6666.0,False,1.0,0.0006000600060005468
2021-04-13 10:40:00,0.0010656386148184538,0.0059970014992503096,0.0059970014992503096,0,1.0,2.6757772552429473,6670.0,False,1.0,0.0059970014992503096
2021-04-13 11:25:00,0.0009942821925505996,0.0023845007451563927,0.0023845007451563927,0,1.0,2.6781617559881035,6710.0,False,1.0,0.0023845007451563927
2021-04-13 14:10:00,0.0012730469461530447,0.0023788284269996574,0.0023788284269996574,0,1.0,2.6805405844151036,6726.0,False,1.0,0.0023788284269996574
2021-04-13 14:55:00,0.001195574295707047,0.005932957579353415,0.005932957579353415,0,1.0,2.6864735419944568,6742.0,False,1.0,0.005932957579353415
2021-04-13 21:35:00,0.0011951660271734,0.005603066941904933,0.005603066941904933,0,1.0,2.692076608936362,6782.0,False,1.0,0.005603066941904933
2021-04-14 09:40:00,0.0010928824776783586,-0.002346041055718451,-0.002346041055718451,0,1.0,2.6897305678806434,6820.0,False,1.0,-0.002346041055718451
2021-04-14 10:40:00,0.0011694715358316898,0.004703115814226999,0.004703115814226999,0,1.0,2.6944336836948706,6804.0,False,1.0,0.004703115814226999
2021-04-14 11:25:00,0.0016035743756219745,-0.008484493856056208,-0.008484493856056208,0,1.0,2.685949189838814,6836.0,False,1.0,-0.008484493856056208
2021-04-14 14:10:00,0.0013522261288017035,-0.00029507229271175106,-0.00029507229271175106,0,1.0,2.685654117546102,6778.0,False,1.0,-0.00029507229271175106
2021-04-14 14:55:00,0.0015908400528132915,0.004427390791027053,0.004427390791027053,0,1.0,2.6900815083371294,6776.0,False,1.0,0.004427390791027053
2021-04-14 21:35:00,0.0015495313564315438,0.00969732588892147,0.00969732588892147,0,1.0,2.699778834226051,6806.0,False,1.0,0.00969732588892147
2021-04-15 09:40:00,0.00132781732827425,0.0052386495925493826,0.0052386495925493826,0,1.0,2.7050174838186,6872.0,False,1.0,0.0052386495925493826
2021-04-15 10:40:00,0.0016280650161206722,-0.0011580775911985697,-0.0011580775911985697,0,1.0,2.7038594062274015,6908.0,False,1.0,-0.0011580775911985697
2021-04-15 11:25:00,0.0014262970071285963,0.0014492753623187582,0.0014492753623187582,0,1.0,2.7053086815897203,6900.0,False,1.0,0.0014492753623187582
2021-04-15 14:10:00,0.0015596157172694802,-0.0046309696092619035,-0.0046309696092619035,0,1.0,2.7006777119804584,6910.0,False,1.0,-0.0046309696092619035
2021-04-15 14:55:00,0.0015301868552342057,0.007560337307356724,0.007560337307356724,0,1.0,2.7082380492878153,6878.0,False,1.0,0.007560337307356724
2021-04-15 21:35:00,0.0015880872961133718,0.0049062049062049695,0.0049062049062049695,0,1.0,2.7131442541940203,6930.0,False,1.0,0.0049062049062049695
2021-04-16 09:40:00,0.001164816552773118,0.012349224583572571,0.012349224583572571,0,1.0,2.725493478777593,6964.0,False,1.0,0.012349224583572571
2021-04-16 10:40:00,0.0014879957307130098,0.006808510638297793,0.006808510638297793,0,1.0,2.7323019894158906,7050.0,False,1.0,0.006808510638297793
2021-04-16 11:25:00,0.001463924185372889,-0.0008453085376162184,-0.0008453085376162184,0,1.0,2.7314566808782743,7098.0,False,1.0,-0.0008453085376162184
2021-04-16 14:10:00,0.0015853041550144553,0.0028200789622110367,0.0028200789622110367,0,1.0,2.734276759840485,7092.0,False,1.0,0.0028200789622110367
2021-04-16 14:55:00,0.0015961441677063704,-0.0016872890888638414,-0.0016872890888638414,0,1.0,2.7325894707516216,7112.0,False,1.0,-0.0016872890888638414
2021-04-16 21:35:00,0.001206305343657732,0.008450704225352101,0.008450704225352101,0,1.0,2.7410401749769737,7100.0,False,1.0,0.008450704225352101
2021-04-19 09:40:00,0.0009001617436297238,-0.008100558659217882,-0.008100558659217882,0,1.0,2.732939616317756,7160.0,False,1.0,-0.008100558659217882
2021-04-19 10:40:00,0.0009578781900927424,-0.001689664883131492,-0.001689664883131492,0,1.0,2.7312499514346245,7102.0,False,1.0,-0.001689664883131492
2021-04-19 11:25:00,0.0009578781900927424,-0.0025387870239774735,-0.0025387870239774735,0,1.0,2.728711164410647,7090.0,False,1.0,-0.0025387870239774735
2021-04-19 14:10:00,0.00128950085490942,0.004242081447963786,0.004242081447963786,0,1.0,2.732953245858611,7072.0,False,1.0,0.004242081447963786
2021-04-19 14:55:00,-0.00013490364653989673,-0.001689664883131492,-0.001689664883131492,0,1.0,2.7312635809754795,7102.0,False,0.0,-0.001689664883131492
2021-04-20 09:40:00,-0.0002443798875901848,-0.0025387870239774735,-0.0,1,0.0,2.7312635809754795,7090.0,False,0.0,-0.0025387870239774735
2021-04-20 10:40:00,-0.00023812477593310177,-0.0005656108597285048,-0.0,1,0.0,2.7312635809754795,7072.0,False,0.0,-0.0005656108597285048
2021-04-20 11:25:00,-0.0001883876830106601,0.00339558573853993,0.0,0,0.0,2.7312635809754795,7068.0,False,0.0,0.00339558573853993
2021-04-20 14:10:00,0.00023275852436199784,0.01212633953750708,0.0,0,0.0,2.7312635809754795,7092.0,False,0.0,0.01212633953750708
2021-04-20 14:55:00,-1.8063417883240618e-05,0.005015324602953397,0.0,1,0.0,2.7312635809754795,7178.0,False,0.0,0.005015324602953397
2021-04-20 21:35:00,0.00019446882652118802,0.014970889936235077,0.0,1,0.0,2.7312635809754795,7214.0,False,0.0,0.014970889936235077
2021-04-21 09:40:00,8.661027095513418e-05,0.0008194482381862489,0.0,1,0.0,2.7312635809754795,7322.0,False,0.0,0.0008194482381862489
2021-04-21 10:40:00,0.00022128131240606308,0.0010917030567685337,0.0,1,0.0,2.7312635809754795,7328.0,False,0.0,0.0010917030567685337
2021-04-21 11:25:00,8.406925917370245e-05,0.0002726281352236626,0.0,0,0.0,2.7312635809754795,7336.0,False,0.0,0.0002726281352236626
2021-04-21 14:10:00,9.26281136344187e-05,0.004088307440719641,0.0,0,0.0,2.7312635809754795,7338.0,False,0.0,0.004088307440719641
2021-04-21 14:55:00,7.939303031889722e-05,0.008686210640608039,0.0,0,0.0,2.7312635809754795,7368.0,False,0.0,0.008686210640608039
2021-04-21 21:35:00,0.0002514025545679033,0.0121097954790097,0.0,0,0.0,2.7312635809754795,7432.0,False,0.0,0.0121097954790097
2021-04-22 09:40:00,-5.88952680118382e-05,0.00398830098378089,0.0,0,0.0,2.7312635809754795,7522.0,False,0.0,0.00398830098378089
2021-04-22 10:40:00,8.406925917370245e-05,0.0005296610169491789,0.0,1,0.0,2.7312635809754795,7552.0,False,0.0,0.0005296610169491789
2021-04-22 11:25:00,-9.673638123786077e-05,-0.0034409740603493777,-0.0,1,0.0,2.7312635809754795,7556.0,False,0.0,-0.0034409740603493777
2021-04-22 14:10:00,-2.4294758986798115e-05,-0.002124833997343978,-0.0,1,0.0,2.7312635809754795,7530.0,False,0.0,-0.002124833997343978
2021-04-22 14:55:00,1.5043546227389015e-05,0.0031940377961139355,0.0,1,0.0,2.7312635809754795,7514.0,False,0.0,0.0031940377961139355
2021-04-22 21:35:00,3.306207509012893e-05,0.014858052533828658,0.0,1,0.0,2.7312635809754795,7538.0,False,0.0,0.014858052533828658
2021-04-23 09:40:00,-0.000213097024243325,-0.0028758169934640643,-0.0,1,0.0,2.7312635809754795,7650.0,False,0.0,-0.0028758169934640643
2021-04-23 10:40:00,4.164747224422172e-05,-0.001048767697954922,-0.0,1,0.0,2.7312635809754795,7628.0,False,0.0,-0.001048767697954922
2021-04-23 11:25:00,-0.00011583540617721155,-0.005511811023622082,-0.0,1,0.0,2.7312635809754795,7620.0,False,0.0,-0.005511811023622082
2021-04-23 14:10:00,-0.00018107779033016413,0.010820797044075015,0.0,1,0.0,2.7312635809754795,7578.0,False,0.0,0.010820797044075015
2021-04-23 14:55:00,-1.0462821592227556e-05,0.0005221932114882755,0.0,1,0.0,2.7312635809754795,7660.0,False,0.0,0.0005221932114882755
2021-04-23 21:35:00,-0.0005169006763026118,-0.0005219206680584509,-0.0,0,0.0,2.7312635809754795,7664.0,False,-1.0,-0.0005219206680584509
2021-04-26 09:40:00,-0.0007271425565704703,-0.0033942558746736795,0.0033942558746736795,0,-1.0,2.734657836850153,7660.0,False,-1.0,-0.0033942558746736795
2021-04-26 10:40:00,-0.0007744031026959419,-0.009955462405030091,0.009955462405030091,0,-1.0,2.744613299255183,7634.0,False,-1.0,-0.009955462405030091
2021-04-26 11:25:00,-0.0008965323213487864,-0.013231013495633714,0.013231013495633714,0,-1.0,2.7578443127508168,7558.0,False,-1.0,-0.013231013495633714
2021-04-26 14:10:00,-0.0001403634960297495,-0.0096540627514079,0.0096540627514079,0,-1.0,2.7674983755022247,7458.0,False,-1.0,-0.0096540627514079
2021-04-26 14:55:00,-0.0006542016053572297,-0.00920660709450316,0.00920660709450316,0,-1.0,2.776704982596728,7386.0,False,-1.0,-0.00920660709450316
2021-04-27 09:40:00,-0.0006185801466926932,0.008198961464881194,-0.008198961464881194,0,-1.0,2.768506021131847,7318.0,False,-1.0,0.008198961464881194
2021-04-27 10:40:00,-0.0005521683488041162,0.0029818378964487913,-0.0029818378964487913,0,-1.0,2.7655241832353976,7378.0,False,-1.0,0.0029818378964487913
2021-04-27 11:25:00,-0.0007368908263742924,0.010540540540540544,-0.010540540540540544,0,-1.0,2.7549836426948575,7400.0,False,-1.0,0.010540540540540544
2021-04-27 14:10:00,0.00031331300851888955,0.008023535704733797,-0.008023535704733797,0,-1.0,2.7469601069901235,7478.0,False,0.0,0.008023535704733797
2021-04-27 14:55:00,-0.0003293882473371923,-0.005306447333510267,-0.0,1,0.0,2.7469601069901235,7538.0,False,-1.0,-0.005306447333510267
2021-04-27 21:35:00,-7.69100442994386e-05,0.0074686583088823255,-0.0074686583088823255,1,-1.0,2.739491448681241,7498.0,False,-1.0,0.0074686583088823255
2021-04-28 09:40:00,-0.0004134704067837447,-0.024887476833465705,0.024887476833465705,0,-1.0,2.764378925514707,7554.0,False,-1.0,-0.024887476833465705
2021-04-28 10:40:00,-0.0003293882473371923,-0.002443660059733954,0.002443660059733954,0,-1.0,2.766822585574441,7366.0,False,-1.0,-0.002443660059733954
2021-04-28 11:25:00,0.000649010413326323,0.0029940119760478723,-0.0029940119760478723,0,-1.0,2.763828573598393,7348.0,False,0.0,0.0029940119760478723
2021-04-28 14:10:00,0.000649010413326323,0.0008141112618724744,0.0,1,0.0,2.763828573598393,7370.0,False,1.0,0.0008141112618724744
2021-04-28 14:55:00,0.0005915435031056404,0.004067245119305785,0.004067245119305785,1,1.0,2.7678958187176987,7376.0,False,1.0,0.004067245119305785
2021-04-28 21:35:00,0.0006536635337397456,0.01944369430191739,0.01944369430191739,0,1.0,2.7873395130196164,7406.0,False,1.0,0.01944369430191739
2021-04-29 09:40:00,0.00041597525705583394,0.0023841059602649484,0.0023841059602649484,0,1.0,2.789723618979881,7550.0,False,1.0,0.0023841059602649484
2021-04-29 10:40:00,0.0006169757107272744,-0.0007928118393234485,-0.0007928118393234485,0,1.0,2.7889308071405576,7568.0,False,1.0,-0.0007928118393234485
2021-04-29 11:25:00,0.00035308304359205067,-0.003702724147051084,-0.003702724147051084,0,1.0,2.7852280829935063,7562.0,False,1.0,-0.003702724147051084
2021-04-29 14:10:00,0.0004359822196420282,-0.0015927794000530904,-0.0015927794000530904,0,1.0,2.7836353035934533,7534.0,False,1.0,-0.0015927794000530904
2021-04-29 14:55:00,0.0005392032908275723,0.001063546929008341,0.001063546929008341,0,1.0,2.784698850522462,7522.0,False,1.0,0.001063546929008341
2021-04-29 21:35:00,0.0005959284026175737,-0.0013280212483399723,-0.0013280212483399723,0,1.0,2.783370829274122,7530.0,False,1.0,-0.0013280212483399723
2021-04-30 09:40:00,0.00021125152125023305,-0.0007978723404254984,-0.0007978723404254984,0,1.0,2.7825729569336963,7520.0,False,1.0,-0.0007978723404254984
2021-04-30 10:40:00,0.0003959579626098275,-0.0031940377961139355,-0.0031940377961139355,0,1.0,2.7793789191375824,7514.0,False,1.0,-0.0031940377961139355
2021-04-30 11:25:00,0.0005311971763148904,-0.006141522029372459,-0.006141522029372459,0,1.0,2.77323739710821,7490.0,False,1.0,-0.006141522029372459
2021-04-30 14:10:00,0.0004353741242084652,-0.00591080064481464,-0.00591080064481464,0,1.0,2.7673265964633953,7444.0,False,1.0,-0.00591080064481464
2021-04-30 14:55:00,0.0006088218069635332,-0.0018918918918918726,-0.0018918918918918726,0,1.0,2.7654347045715033,7400.0,False,1.0,-0.0018918918918918726
2021-04-30 21:35:00,7.976877532200888e-05,0.03276468995396686,0.03276468995396686,0,1.0,2.7981993945254704,7386.0,False,1.0,0.03276468995396686
2021-05-06 09:40:00,-0.0001247595646418631,0.028316727844782452,0.028316727844782452,0,1.0,2.8265161223702524,7628.0,False,0.0,0.028316727844782452
2021-05-06 10:40:00,-8.164728205883875e-05,-0.0015298317185109545,-0.0,1,0.0,2.8265161223702524,7844.0,False,0.0,-0.0015298317185109545
2021-05-06 11:25:00,-0.00020880362717434764,0.004596527068437162,0.0,1,0.0,2.8265161223702524,7832.0,False,-1.0,0.004596527068437162
2021-05-06 14:10:00,0.0005173231475055218,0.0015251652262329163,-0.0015251652262329163,0,-1.0,2.8249909571440197,7868.0,False,0.0,0.0015251652262329163
2021-05-06 14:55:00,-0.00012568377132993191,0.010406091370558368,0.0,1,0.0,2.8249909571440197,7880.0,False,-1.0,0.010406091370558368
2021-05-07 09:40:00,-0.0002741787757258862,0.0022607385079125297,-0.0022607385079125297,1,-1.0,2.8227302186361074,7962.0,False,-1.0,0.0022607385079125297
2021-05-07 10:40:00,-0.00010916523024206981,0.006766917293232977,-0.006766917293232977,0,-1.0,2.815963301342874,7980.0,False,-1.0,0.006766917293232977
2021-05-07 11:25:00,-0.00011625832848949358,0.004480955937266717,-0.004480955937266717,0,-1.0,2.8114823454056075,8034.0,False,-1.0,0.004480955937266717
2021-05-07 14:10:00,0.000351548136677593,-0.0037174721189591198,0.0037174721189591198,0,-1.0,2.8151998175245665,8070.0,False,0.0,-0.0037174721189591198
2021-05-07 14:55:00,-0.00010739744902821258,-0.002736318407960181,-0.0,1,0.0,2.8151998175245665,8040.0,False,0.0,-0.002736318407960181
2021-05-07 21:35:00,9.245102410204709e-05,-0.002244948865053664,-0.0,1,0.0,2.8151998175245665,8018.0,False,0.0,-0.002244948865053664
2021-05-10 09:40:00,-0.0002574500977061689,0.0015000000000000568,0.0,1,0.0,2.8151998175245665,8000.0,False,-1.0,0.0015000000000000568
2021-05-10 10:40:00,-7.489584822906181e-05,0.00024962556165752936,-0.00024962556165752936,1,-1.0,2.814950191962909,8012.0,False,-1.0,0.00024962556165752936
2021-05-10 11:25:00,1.6887652236619033e-05,-0.006987771400049914,0.006987771400049914,0,-1.0,2.821937963362959,8014.0,False,0.0,-0.006987771400049914
2021-05-10 14:10:00,0.00030181309557519853,-0.0030158331239005243,-0.0,1,0.0,2.821937963362959,7958.0,False,1.0,-0.0030158331239005243
2021-05-10 14:55:00,-0.00029392988653853536,0.003024955886059999,0.003024955886059999,1,1.0,2.824962919249019,7934.0,False,0.0,0.003024955886059999
2021-05-11 09:40:00,-0.0003779740072786808,-0.007288263382759452,-0.0,1,0.0,2.824962919249019,7958.0,False,-1.0,-0.007288263382759452
2021-05-11 10:40:00,-0.00014683058543596417,0.0017721518987341423,-0.0017721518987341423,1,-1.0,2.823190767350285,7900.0,False,-1.0,0.0017721518987341423
2021-05-11 11:25:00,-0.00029392988653853536,0.009855951478392688,-0.009855951478392688,0,-1.0,2.813334815871892,7914.0,False,-1.0,0.009855951478392688
2021-05-11 14:10:00,0.00042907235911116004,0.006756756756756799,-0.006756756756756799,0,-1.0,2.806578059115135,7992.0,False,0.0,0.006756756756756799
2021-05-11 14:55:00,-9.933662659022957e-05,-0.003479990057171256,-0.0,1,0.0,2.806578059115135,8046.0,False,0.0,-0.003479990057171256
2021-05-11 21:35:00,1.6150153896887787e-05,0.022698927413320025,0.0,1,0.0,2.806578059115135,8018.0,False,0.0,0.022698927413320025
2021-05-12 09:40:00,-0.00030608903034590185,0.0009756097560975618,0.0,1,0.0,2.806578059115135,8200.0,False,-1.0,0.0009756097560975618
2021-05-12 10:40:00,-0.00016138666251208633,-0.002680311890838172,0.002680311890838172,1,-1.0,2.8092583710059733,8208.0,False,-1.0,-0.002680311890838172
2021-05-12 11:25:00,0.0004795815912075341,-0.001954556559980447,0.001954556559980447,0,-1.0,2.8112129275659536,8186.0,False,0.0,-0.001954556559980447
2021-05-12 14:10:00,0.000616793695371598,0.009302325581395321,0.0,1,0.0,2.8112129275659536,8170.0,False,1.0,0.009302325581395321
2021-05-12 14:55:00,0.0003665247349999845,0.008731506184816773,0.008731506184816773,1,1.0,2.8199444337507704,8246.0,False,1.0,0.008731506184816773
2021-05-12 21:35:00,0.0006622131913900375,0.007213272421255024,0.007213272421255024,0,1.0,2.8271577061720254,8318.0,False,1.0,0.007213272421255024
2021-05-13 09:40:00,0.00017000557272695005,-0.012652184292193835,-0.012652184292193835,0,1.0,2.8145055218798314,8378.0,False,1.0,-0.012652184292193835
2021-05-13 10:40:00,0.0004547214484773576,-0.007011605415860767,-0.007011605415860767,0,1.0,2.807493916463971,8272.0,False,1.0,-0.007011605415860767
2021-05-13 11:25:00,0.0003291556204203516,0.0038957876795715496,0.0038957876795715496,0,1.0,2.8113897041435427,8214.0,False,1.0,0.0038957876795715496
2021-05-13 14:10:00,0.00040336098754778504,0.005821004123211182,0.005821004123211182,0,1.0,2.817210708266754,8246.0,False,1.0,0.005821004123211182
2021-05-13 14:55:00,0.0003894789842888713,0.011333494092114815,0.011333494092114815,0,1.0,2.8285442023588683,8294.0,False,1.0,0.011333494092114815
2021-05-13 21:35:00,0.0006802761345170438,-0.0212207916070577,-0.0212207916070577,0,1.0,2.8073234107518106,8388.0,False,1.0,-0.0212207916070577
2021-05-14 09:40:00,0.00014158042904455215,-0.0004872107186357777,-0.0004872107186357777,0,1.0,2.806836200033175,8210.0,False,1.0,-0.0004872107186357777
2021-05-14 10:40:00,0.00030503657762892544,-0.003412137460394815,-0.003412137460394815,0,1.0,2.8034240625727804,8206.0,False,1.0,-0.003412137460394815
2021-05-14 11:25:00,0.00045094528468325734,-0.00024455857177796414,-0.00024455857177796414,0,1.0,2.8031795040010024,8178.0,False,1.0,-0.00024455857177796414
2021-05-14 14:10:00,0.00019112692098133266,-0.013209393346379605,-0.013209393346379605,0,1.0,2.7899701106546226,8176.0,False,1.0,-0.013209393346379605
2021-05-14 14:55:00,0.00043744005961343646,0.010907288051561714,0.010907288051561714,0,1.0,2.8008773987061844,8068.0,False,1.0,0.010907288051561714
2021-05-14 21:35:00,4.7962508688215166e-05,0.02820009808729762,0.02820009808729762,0,1.0,2.8290774967934817,8156.0,False,1.0,0.02820009808729762
2021-05-17 09:40:00,-0.00015671657456550747,-0.02003338898163609,-0.02003338898163609,0,1.0,2.8090441078118458,8386.0,False,0.0,-0.02003338898163609
2021-05-17 10:40:00,-0.00014542683493345976,-0.017035775127768327,-0.0,1,0.0,2.8090441078118458,8218.0,False,0.0,-0.017035775127768327
2021-05-17 11:25:00,-0.00015671657456550747,0.0024758603614756236,0.0,1,0.0,2.8090441078118458,8078.0,False,-1.0,0.0024758603614756236
2021-05-17 14:10:00,0.0004167472361586988,-0.003704618424302253,0.003704618424302253,0,-1.0,2.812748726236148,8098.0,False,0.0,-0.003704618424302253
2021-05-17 14:55:00,-0.00017455065972171724,0.008428358948934012,0.0,1,0.0,2.812748726236148,8068.0,False,-1.0,0.008428358948934012
2021-05-18 09:40:00,-7.854963041609153e-05,0.012291052114060896,-0.012291052114060896,1,-1.0,2.8004576741220872,8136.0,False,-1.0,0.012291052114060896
2021-05-18 10:40:00,5.9582467656582594e-05,-0.0014570179698882857,0.0014570179698882857,0,-1.0,2.8019146920919757,8236.0,False,0.0,-0.0014570179698882857
2021-05-18 11:25:00,5.9582467656582594e-05,0.003404669260700377,0.0,1,0.0,2.8019146920919757,8224.0,False,0.0,0.003404669260700377
2021-05-18 14:10:00,0.0005725886439904571,-0.0007270964614638498,-0.0,1,0.0,2.8019146920919757,8252.0,False,1.0,-0.0007270964614638498
2021-05-18 14:55:00,5.440008681034669e-05,0.0021828765462041932,0.0021828765462041932,0,1.0,2.8040975686381797,8246.0,False,1.0,0.0021828765462041932
2021-05-18 21:35:00,0.00036965086474083364,-0.006292352371732868,-0.006292352371732868,0,1.0,2.797805216266447,8264.0,False,1.0,-0.006292352371732868
2021-05-19 09:40:00,2.705954284465406e-05,-0.008280565026790088,-0.008280565026790088,0,1.0,2.789524651239657,8212.0,False,1.0,-0.008280565026790088
2021-05-19 10:40:00,0.00018202891806140542,-0.0019646365422396617,-0.0019646365422396617,0,1.0,2.787560014697417,8144.0,False,1.0,-0.0019646365422396617
2021-05-19 11:25:00,0.00046246696729213,-0.0017224409448819422,-0.0017224409448819422,0,1.0,2.785837573752535,8128.0,False,1.0,-0.0017224409448819422
2021-05-19 14:10:00,0.0005725470837205648,0.003697313285679016,0.003697313285679016,0,1.0,2.789534887038214,8114.0,False,1.0,0.003697313285679016
2021-05-19 14:55:00,0.0006300139939412475,0.0007367387033399009,0.0007367387033399009,0,1.0,2.7902716257415543,8144.0,False,1.0,0.0007367387033399009
2021-05-19 21:35:00,0.0006608896655961871,-0.033865030674846586,-0.033865030674846586,0,1.0,2.7564065950667076,8150.0,False,1.0,-0.033865030674846586
2021-05-20 09:40:00,0.0002551273792050779,0.008128016256032433,0.008128016256032433,0,1.0,2.7645346113227403,7874.0,False,1.0,0.008128016256032433
2021-05-20 10:40:00,0.00046932598343119025,0.003527336860670305,0.003527336860670305,0,1.0,2.7680619481834103,7938.0,False,1.0,0.003527336860670305
2021-05-20 11:25:00,0.0004217102250549942,0.010293748430830973,0.010293748430830973,0,1.0,2.7783556966142413,7966.0,False,1.0,0.010293748430830973
2021-05-20 14:10:00,0.00043707640725187957,0.0027335984095426813,0.0027335984095426813,0,1.0,2.7810892950237838,8048.0,False,1.0,0.0027335984095426813
2021-05-20 14:55:00,0.0006210762076079845,0.0029739776951673846,0.0029739776951673846,0,1.0,2.784063272718951,8070.0,False,1.0,0.0029739776951673846
2021-05-20 21:35:00,0.0006519518792629242,-0.024956758092414155,-0.024956758092414155,0,1.0,2.759106514626537,8094.0,False,1.0,-0.024956758092414155
2021-05-21 09:40:00,0.00034941075136885047,-0.011403953370501818,-0.011403953370501818,0,1.0,2.7477025612560353,7892.0,False,1.0,-0.011403953370501818
2021-05-21 10:40:00,0.00031631707679480314,-0.011535503716995632,-0.011535503716995632,0,1.0,2.7361670575390398,7802.0,False,1.0,-0.011535503716995632
2021-05-21 11:25:00,0.00073896290268749,0.00778008298755184,0.00778008298755184,0,1.0,2.7439471405265916,7712.0,False,1.0,0.00778008298755184
2021-05-21 14:10:00,0.0008205450139939785,0.0,0.0,0,1.0,2.7439471405265916,7772.0,False,1.0,0.0
2021-05-21 14:55:00,0.0007915293099358678,-0.01003602676273807,-0.01003602676273807,0,1.0,2.7339111137638534,7772.0,False,1.0,-0.01003602676273807
2021-05-21 21:35:00,0.0006630494608543813,-0.013517026254224018,-0.013517026254224018,0,1.0,2.7203940875096295,7694.0,False,1.0,-0.013517026254224018
2021-05-24 09:40:00,0.00040544348303228617,-0.010276679841897285,-0.010276679841897285,0,1.0,2.7101174076677323,7590.0,False,1.0,-0.010276679841897285
2021-05-24 10:40:00,0.00040544348303228617,0.005324813631522929,0.005324813631522929,0,1.0,2.7154422212992553,7512.0,False,1.0,0.005324813631522929
2021-05-24 11:25:00,0.0006009294302202761,0.005296610169491567,0.005296610169491567,0,1.0,2.720738831468747,7552.0,False,1.0,0.005296610169491567
2021-05-24 14:10:00,0.0009233797900378704,0.00474183350895685,0.00474183350895685,0,1.0,2.7254806649777037,7592.0,False,1.0,0.00474183350895685
2021-05-24 14:55:00,0.0007238021935336292,-0.003932878867330847,-0.003932878867330847,0,1.0,2.721547786110373,7628.0,False,1.0,-0.003932878867330847
2021-05-25 09:40:00,0.0006947864894755185,0.0031587259805212486,0.0031587259805212486,0,1.0,2.7247065120908944,7598.0,False,1.0,0.0031587259805212486
2021-05-25 10:40:00,0.0006633203011006117,0.0002623983206506697,0.0002623983206506697,0,1.0,2.724968910411545,7622.0,False,1.0,0.0002623983206506697
2021-05-25 11:25:00,0.0005378842470236123,0.0,0.0,0,1.0,2.724968910411545,7624.0,False,1.0,0.0
2021-05-25 14:10:00,0.001060096430592239,0.0,0.0,0,1.0,2.724968910411545,7624.0,False,1.0,0.0
2021-05-25 14:55:00,0.0003149246913380921,0.0015739769150051597,0.0015739769150051597,0,1.0,2.7265428873265503,7624.0,False,1.0,0.0015739769150051597
2021-05-25 21:35:00,0.0006122112390585244,-0.002881089575694107,-0.002881089575694107,0,1.0,2.723661797750856,7636.0,False,1.0,-0.002881089575694107
2021-05-26 09:40:00,0.00031204053084366024,-0.0023640661938534313,-0.0023640661938534313,0,1.0,2.7212977315570024,7614.0,False,1.0,-0.0023640661938534313
2021-05-26 10:40:00,0.00045624596532434225,0.01053185887309116,0.01053185887309116,0,1.0,2.7318295904300935,7596.0,False,1.0,0.01053185887309116
2021-05-26 11:25:00,0.0010181562975049019,0.006513809275664473,0.006513809275664473,0,1.0,2.738343399705758,7676.0,False,1.0,0.006513809275664473
2021-05-26 14:10:00,0.0010181562975049019,-0.0015531969971525061,-0.0015531969971525061,0,1.0,2.7367902027086055,7726.0,False,1.0,-0.0015531969971525061
2021-05-26 14:55:00,0.0008126948960125446,-0.0020741508944776,-0.0020741508944776,0,1.0,2.734716051814128,7714.0,False,1.0,-0.0020741508944776
2021-05-26 21:35:00,0.0011945220176130533,-0.007274616783580101,-0.007274616783580101,0,1.0,2.727441435030548,7698.0,False,1.0,-0.007274616783580101
2021-05-27 09:40:00,0.0006560003967024386,-0.009683328971473393,-0.009683328971473393,0,1.0,2.7177581060590743,7642.0,False,1.0,-0.009683328971473393
2021-05-27 10:40:00,0.0009454914834350348,0.0042283298097252064,0.0042283298097252064,0,1.0,2.7219864358687995,7568.0,False,1.0,0.0042283298097252064
2021-05-27 11:25:00,0.0010233218781650066,-0.0050000000000000044,-0.0050000000000000044,0,1.0,2.7169864358687996,7600.0,False,1.0,-0.0050000000000000044
2021-05-27 14:10:00,0.0008130869246087968,-0.006083046813012416,-0.006083046813012416,0,1.0,2.710903389055787,7562.0,False,1.0,-0.006083046813012416
2021-05-27 14:55:00,0.0008109158952720463,-0.007450771687067537,-0.007450771687067537,0,1.0,2.7034526173687197,7516.0,False,1.0,-0.007450771687067537
2021-05-27 21:35:00,0.0009966765064746141,0.023592493297587058,0.023592493297587058,0,1.0,2.7270451106663067,7460.0,False,1.0,0.023592493297587058
2021-05-28 09:40:00,0.0007733228267170489,0.009429020429544188,0.009429020429544188,0,1.0,2.736474131095851,7636.0,False,1.0,0.009429020429544188
2021-05-28 10:40:00,0.001003469806164503,-0.00518941359626357,-0.00518941359626357,0,1.0,2.7312847174995873,7708.0,False,1.0,-0.00518941359626357
2021-05-28 11:25:00,0.0007915550959296525,-0.002608242044861764,-0.002608242044861764,0,1.0,2.7286764754547255,7668.0,False,1.0,-0.002608242044861764
2021-05-28 14:10:00,0.0009955712594091892,-0.004184100418409997,-0.004184100418409997,0,1.0,2.7244923750363155,7648.0,False,1.0,-0.004184100418409997
2021-05-28 14:55:00,0.0009319359669461846,0.003676470588235281,0.003676470588235281,0,1.0,2.728168845624551,7616.0,False,1.0,0.003676470588235281
2021-05-28 21:35:00,0.0007485318928956985,-0.0031397174254317317,-0.0031397174254317317,0,1.0,2.725029128199119,7644.0,False,1.0,-0.0031397174254317317
2021-05-31 09:40:00,0.00040960762999020517,0.007874015748031482,0.007874015748031482,0,1.0,2.7329031439471505,7620.0,False,1.0,0.007874015748031482
2021-05-31 10:40:00,0.0004531636368483305,-0.017968749999999978,-0.017968749999999978,0,1.0,2.7149343939471504,7680.0,False,1.0,-0.017968749999999978
2021-05-31 11:25:00,0.000441873911768198,0.00026518164942990197,0.00026518164942990197,0,1.0,2.7151995755965803,7542.0,False,1.0,0.00026518164942990197
2021-05-31 14:10:00,0.0007557543576695025,0.007688229056203699,0.007688229056203699,0,1.0,2.722887804652784,7544.0,False,1.0,0.007688229056203699
2021-05-31 14:55:00,0.0004865929076913744,-0.0049986845566956095,-0.0049986845566956095,0,1.0,2.717889120096088,7602.0,False,1.0,-0.0049986845566956095
2021-06-01 09:40:00,0.0004865929076913744,0.0063458487572711775,0.0063458487572711775,0,1.0,2.7242349688533594,7564.0,False,1.0,0.0063458487572711775
2021-06-01 10:40:00,0.0007049083360470831,-0.005254860746190193,-0.005254860746190193,0,1.0,2.7189801081071696,7612.0,False,1.0,-0.005254860746190193
2021-06-01 11:25:00,0.0005846110288985074,0.0015847860538826808,0.0015847860538826808,0,1.0,2.7205648941610523,7572.0,False,1.0,0.0015847860538826808
2021-06-01 14:10:00,0.0007741335430182517,-0.003428270042194148,-0.003428270042194148,0,1.0,2.717136624118858,7584.0,False,1.0,-0.003428270042194148
2021-06-01 14:55:00,-0.00023743219207972288,0.003704683778777529,0.003704683778777529,0,1.0,2.7208413078976355,7558.0,False,0.0,0.003704683778777529
2021-06-01 21:35:00,2.3748712919768877e-05,0.007909306617453149,0.0,1,0.0,2.7208413078976355,7586.0,False,0.0,0.007909306617453149
2021-06-02 09:40:00,-0.00012693907774519175,0.0005231493591419945,0.0,1,0.0,2.7208413078976355,7646.0,False,0.0,0.0005231493591419945
2021-06-02 10:40:00,-0.0001955645129783079,0.006797385620915142,0.0,1,0.0,2.7208413078976355,7650.0,False,0.0,0.006797385620915142
2021-06-02 11:25:00,0.0007085090037435293,-0.007011165930926988,-0.0,1,0.0,2.7208413078976355,7702.0,False,1.0,-0.007011165930926988
2021-06-02 14:10:00,0.0007425000076182187,0.0018305439330543738,0.0018305439330543738,1,1.0,2.7226718518306896,7648.0,False,1.0,0.0018305439330543738
2021-06-02 14:55:00,0.00023002680973149836,0.009919081179848632,0.009919081179848632,1,1.0,2.7325909330105382,7662.0,False,1.0,0.009919081179848632
2021-06-02 21:35:00,0.00033215954317711294,0.029981907469630364,0.029981907469630364,0,1.0,2.7625728404801686,7738.0,False,1.0,0.029981907469630364
2021-06-03 09:40:00,0.00012414796219673008,0.016060225846926013,0.016060225846926013,0,1.0,2.778633066327095,7970.0,False,1.0,0.016060225846926013
2021-06-03 10:40:00,0.00023002680973149836,-0.004445542109162703,-0.004445542109162703,0,1.0,2.774187524217932,8098.0,False,1.0,-0.004445542109162703
2021-06-03 11:25:00,0.00015608833928126842,0.007938476804763006,0.007938476804763006,0,1.0,2.782126001022695,8062.0,False,1.0,0.007938476804763006
2021-06-03 14:10:00,0.0003575283335521817,0.002707359094265227,0.002707359094265227,0,1.0,2.78483336011696,8126.0,False,1.0,0.002707359094265227
2021-06-03 14:55:00,0.0001958492211997509,-0.0031909671084928704,-0.0031909671084928704,0,1.0,2.7816423930084673,8148.0,False,1.0,-0.0031909671084928704
2021-06-03 21:35:00,0.00031572533771395683,-0.01231223836493478,-0.01231223836493478,0,1.0,2.7693301546435327,8122.0,False,1.0,-0.01231223836493478
2021-06-04 09:40:00,-9.272772149415687e-05,-0.005484916479680857,-0.005484916479680857,0,1.0,2.763845238163852,8022.0,False,0.0,-0.005484916479680857
2021-06-04 10:40:00,-0.00015017901023384184,-0.006016545500125314,-0.0,1,0.0,2.763845238163852,7978.0,False,0.0,-0.006016545500125314
2021-06-04 11:25:00,-1.7942084014066495e-05,0.005800756620428782,0.0,1,0.0,2.763845238163852,7930.0,False,0.0,0.005800756620428782
2021-06-04 14:10:00,4.665739106712863e-05,-0.002758274824473439,-0.0,0,0.0,2.763845238163852,7976.0,False,0.0,-0.002758274824473439
2021-06-04 14:55:00,0.00011211130913579836,-0.0027659039476992664,-0.0,1,0.0,2.763845238163852,7954.0,False,0.0,-0.0027659039476992664
2021-06-04 21:35:00,-0.0004665678134188056,0.028996469994957197,0.0,1,0.0,2.763845238163852,7932.0,False,-1.0,0.028996469994957197
2021-06-07 09:40:00,-0.0006457322742789984,-0.009311443273707476,0.009311443273707476,1,-1.0,2.7731566814375594,8162.0,False,-1.0,-0.009311443273707476
2021-06-07 10:40:00,-0.00047295590047724545,-0.003710116250309148,0.003710116250309148,1,-1.0,2.7768667976878687,8086.0,False,-1.0,-0.003710116250309148
2021-06-07 11:25:00,-0.0006023995811119676,0.0004965243296921606,-0.0004965243296921606,0,-1.0,2.7763702733581765,8056.0,False,-1.0,0.0004965243296921606
2021-06-07 14:10:00,-0.00013311239308677614,-0.005707196029776651,0.005707196029776651,0,-1.0,2.782077469387953,8060.0,False,-1.0,-0.005707196029776651
2021-06-07 14:55:00,-0.0005577903939411044,-0.02096331420014974,0.02096331420014974,0,-1.0,2.803040783588103,8014.0,False,-1.0,-0.02096331420014974
2021-06-08 09:40:00,-0.0007823455380275846,-0.006882487891919475,0.006882487891919475,0,-1.0,2.8099232714800224,7846.0,False,-1.0,-0.006882487891919475
2021-06-08 10:40:00,-0.0005162546876817942,0.004876796714579079,-0.004876796714579079,0,-1.0,2.8050464747654433,7792.0,False,-1.0,0.004876796714579079
2021-06-08 11:25:00,-0.0005162546876817942,-0.006130268199233679,0.006130268199233679,0,-1.0,2.811176742964677,7830.0,False,-1.0,-0.006130268199233679
2021-06-08 14:10:00,9.64405553531833e-05,-0.01413518375738887,0.01413518375738887,0,-1.0,2.825311926722066,7782.0,False,0.0,-0.01413518375738887
2021-06-08 14:55:00,-0.0004705933097284287,-0.002085505735140769,-0.0,1,0.0,2.825311926722066,7672.0,False,-1.0,-0.002085505735140769
2021-06-08 21:35:00,-0.0002765278331935406,0.018025078369905856,-0.018025078369905856,1,-1.0,2.80728684835216,7656.0,False,-1.0,0.018025078369905856
2021-06-09 09:40:00,-0.0005289817927405238,-0.006928406466512715,0.006928406466512715,0,-1.0,2.8142152548186727,7794.0,False,-1.0,-0.006928406466512715
2021-06-09 10:40:00,-0.00028075906448066235,0.006718346253229868,-0.006718346253229868,0,-1.0,2.807496908565443,7740.0,False,-1.0,0.006718346253229868
2021-06-09 11:25:00,0.00027775473427027464,0.0010266940451746365,-0.0010266940451746365,0,-1.0,2.8064702145202682,7792.0,False,0.0,0.0010266940451746365
2021-06-09 14:10:00,0.00021233709412626922,-0.0064102564102563875,-0.0,1,0.0,2.8064702145202682,7800.0,False,0.0,-0.0064102564102563875
2021-06-09 14:55:00,3.102294431300834e-05,-0.0108387096774194,-0.0,1,0.0,2.8064702145202682,7750.0,False,0.0,-0.0108387096774194
2021-06-09 21:35:00,0.00032966287108138204,-0.013044612575006553,-0.0,0,0.0,2.8064702145202682,7666.0,False,1.0,-0.013044612575006553
2021-06-10 09:40:00,4.472392174648121e-05,0.0068728522336769515,0.0068728522336769515,0,1.0,2.813343066753945,7566.0,False,1.0,0.0068728522336769515
2021-06-10 10:40:00,0.00010410807590233162,0.0015752165922815475,0.0015752165922815475,0,1.0,2.814918283346227,7618.0,False,1.0,0.0015752165922815475
2021-06-10 11:25:00,2.801893606374506e-05,0.0034076015727391162,0.0034076015727391162,0,1.0,2.818325884918966,7630.0,False,1.0,0.0034076015727391162
2021-06-10 14:10:00,0.00013124010001774877,0.008881922675026077,0.008881922675026077,0,1.0,2.827207807593992,7656.0,False,1.0,0.008881922675026077
2021-06-10 14:55:00,0.00027775473427027464,-0.004401864319005688,-0.004401864319005688,0,1.0,2.8228059432749864,7724.0,False,1.0,-0.004401864319005688
2021-06-10 21:35:00,0.00028240782557986677,-0.0140442132639792,-0.0140442132639792,0,1.0,2.8087617300110073,7690.0,False,1.0,-0.0140442132639792
2021-06-11 09:40:00,2.3691400201641954e-05,-0.007122131363756279,-0.007122131363756279,0,1.0,2.801639598647251,7582.0,False,1.0,-0.007122131363756279
2021-06-11 10:40:00,-2.7004536605090834e-05,-0.007970244420828942,-0.007970244420828942,0,1.0,2.793669354226422,7528.0,False,0.0,-0.007970244420828942
2021-06-11 11:25:00,0.0006017216946929693,-0.003481521156936229,-0.0,1,0.0,2.793669354226422,7468.0,False,1.0,-0.003481521156936229
2021-06-11 14:10:00,0.0005363040836527944,-0.00026874496103201917,-0.00026874496103201917,1,1.0,2.7934006092653902,7442.0,False,1.0,-0.00026874496103201917
2021-06-11 14:55:00,0.0007413131534121931,-0.0005376344086021057,-0.0005376344086021057,0,1.0,2.792862974856788,7440.0,False,1.0,-0.0005376344086021057
2021-06-11 21:35:00,0.0004879319458268583,-0.06159225389994616,-0.06159225389994616,0,1.0,2.731270720956842,7436.0,False,1.0,-0.06159225389994616
2021-06-15 09:40:00,0.00032929214648902416,-0.0034393809114359186,-0.0034393809114359186,0,1.0,2.727831340045406,6978.0,False,1.0,-0.0034393809114359186
2021-06-15 10:40:00,0.0002381663944106549,-0.0011504170261720237,-0.0011504170261720237,0,1.0,2.7266809230192344,6954.0,False,1.0,-0.0011504170261720237
2021-06-15 11:25:00,0.00025734343216754496,-0.0011517420097898468,-0.0011517420097898468,0,1.0,2.725529181009444,6946.0,False,1.0,-0.0011517420097898468
2021-06-15 14:10:00,0.0007550783921033144,0.01614298068607667,0.01614298068607667,0,1.0,2.741672161695521,6938.0,False,1.0,0.01614298068607667
2021-06-15 14:55:00,0.0003976629814133048,0.0017021276595745594,0.0017021276595745594,0,1.0,2.7433742893550956,7050.0,False,1.0,0.0017021276595745594
2021-06-16 09:40:00,0.00038149961619637907,0.0011328235627301453,0.0011328235627301453,0,1.0,2.744507112917826,7062.0,False,1.0,0.0011328235627301453
2021-06-16 10:40:00,0.0003426345647312701,-0.008769448373408761,-0.008769448373408761,0,1.0,2.7357376645444167,7070.0,False,1.0,-0.008769448373408761
2021-06-16 11:25:00,0.0004899277118965983,-0.0025684931506849695,-0.0025684931506849695,0,1.0,2.733169171393732,7008.0,False,1.0,-0.0025684931506849695
2021-06-16 14:10:00,0.0006464301259256899,-0.01573676680972813,-0.01573676680972813,0,1.0,2.7174324045840037,6990.0,False,1.0,-0.01573676680972813
2021-06-16 14:55:00,0.0006430003559216857,-0.0023255813953488857,-0.0023255813953488857,0,1.0,2.7151068231886546,6880.0,False,1.0,-0.0023255813953488857
2021-06-16 21:35:00,0.0008447556756436825,0.004370629370629375,0.004370629370629375,0,1.0,2.719477452559284,6864.0,False,1.0,0.004370629370629375
2021-06-17 09:40:00,0.0005264350329525769,-0.012764722947490537,-0.012764722947490537,0,1.0,2.7067127296117937,6894.0,False,1.0,-0.012764722947490537
2021-06-17 10:40:00,0.0006999500328674912,0.007934175727299486,0.007934175727299486,0,1.0,2.714646905339093,6806.0,False,1.0,0.007934175727299486
2021-06-17 11:25:00,0.0008305257651954889,0.004664723032069995,0.004664723032069995,0,1.0,2.7193116283711634,6860.0,False,1.0,0.004664723032069995
2021-06-17 14:10:00,0.0006916470010764897,0.0026117237376668268,0.0026117237376668268,0,1.0,2.72192335210883,6892.0,False,1.0,0.0026117237376668268
2021-06-17 14:55:00,0.0008925495203584433,0.0002894356005789245,0.0002894356005789245,0,1.0,2.7222127877094087,6910.0,False,1.0,0.0002894356005789245
2021-06-17 21:35:00,0.0010909721022471786,-0.0141782407407407,-0.0141782407407407,0,1.0,2.708034546968668,6912.0,False,1.0,-0.0141782407407407
2021-06-18 09:40:00,0.0006911021773703396,-0.014088641033166982,-0.014088641033166982,0,1.0,2.693945905935501,6814.0,False,1.0,-0.014088641033166982
2021-06-18 10:40:00,0.0007673618383705616,-0.00893122953259895,-0.00893122953259895,0,1.0,2.6850146764029024,6718.0,False,1.0,-0.00893122953259895
2021-06-18 11:25:00,0.001090192818082869,0.0033042955842594868,0.0033042955842594868,0,1.0,2.6883189719871616,6658.0,False,1.0,0.0033042955842594868
2021-06-18 14:10:00,0.0010584935080260038,0.004790419161676551,0.004790419161676551,0,1.0,2.6931093911488384,6680.0,False,1.0,0.004790419161676551
2021-06-18 14:55:00,0.001020333031192422,-0.003873659117997641,-0.003873659117997641,0,1.0,2.6892357320308404,6712.0,False,1.0,-0.003873659117997641
2021-06-18 21:35:00,0.0006617687176913023,0.017050553395154155,0.017050553395154155,0,1.0,2.7062862854259944,6686.0,False,1.0,0.017050553395154155
2021-06-21 09:40:00,0.000382143072783947,-0.006764705882352895,-0.006764705882352895,0,1.0,2.699521579543642,6800.0,False,1.0,-0.006764705882352895
2021-06-21 10:40:00,0.000545896589756012,0.006810778797749384,0.006810778797749384,0,1.0,2.706332358341391,6754.0,False,1.0,0.006810778797749384
2021-06-21 11:25:00,0.00045333593152463436,0.007058823529411784,0.007058823529411784,0,1.0,2.713391181870803,6800.0,False,1.0,0.007058823529411784
2021-06-21 14:10:00,0.0007387026562355459,-0.0043808411214952825,-0.0043808411214952825,0,1.0,2.7090103407493076,6848.0,False,1.0,-0.0043808411214952825
2021-06-21 14:55:00,0.00019966461695730686,0.01672044587855681,0.01672044587855681,0,1.0,2.7257307866278646,6818.0,False,1.0,0.01672044587855681
2021-06-22 09:40:00,0.00023776479065418243,-0.004039238315060589,-0.004039238315060589,0,1.0,2.721691548312804,6932.0,False,1.0,-0.004039238315060589
2021-06-22 10:40:00,0.00044545737910084426,-0.0011587485515642815,-0.0011587485515642815,0,1.0,2.72053279976124,6904.0,False,1.0,-0.0011587485515642815
2021-06-22 11:25:00,0.0001537207281216979,-0.0005800464037123421,-0.0005800464037123421,0,1.0,2.719952753357527,6896.0,False,1.0,-0.0005800464037123421
2021-06-22 14:10:00,0.0005745927919633687,0.004933255948926352,0.004933255948926352,0,1.0,2.7248860093064535,6892.0,False,1.0,0.004933255948926352
2021-06-22 14:55:00,0.00033648396492935717,-0.0011550678602367803,-0.0011550678602367803,0,1.0,2.7237309414462167,6926.0,False,1.0,-0.0011550678602367803
2021-06-22 21:35:00,0.0005307684768922627,0.00231280716970228,0.00231280716970228,0,1.0,2.7260437486159192,6918.0,False,1.0,0.00231280716970228
2021-06-23 09:40:00,0.00021828865283168852,0.01009518315546587,0.01009518315546587,0,1.0,2.736138931771385,6934.0,False,1.0,0.01009518315546587
2021-06-23 10:40:00,0.00010207333980361,0.004568817818389581,0.004568817818389581,0,1.0,2.7407077495897747,7004.0,False,1.0,0.004568817818389581
2021-06-23 11:25:00,0.0006551530095748603,0.007106310403638405,0.007106310403638405,0,1.0,2.747814059993413,7036.0,False,1.0,0.007106310403638405
2021-06-23 14:10:00,0.000610685849096626,-0.012701100762066098,-0.012701100762066098,0,1.0,2.735112959231347,7086.0,False,1.0,-0.012701100762066098
2021-06-23 14:55:00,0.00042646779911592603,-0.002858776443682154,-0.002858776443682154,0,1.0,2.7322541827876647,6996.0,False,1.0,-0.002858776443682154
2021-06-23 21:35:00,0.0007945143152028322,0.0005733944954129377,0.0005733944954129377,0,1.0,2.7328275772830777,6976.0,False,1.0,0.0005733944954129377
2021-06-24 09:40:00,0.00030312416492961347,-0.012034383954154682,-0.012034383954154682,0,1.0,2.720793193328923,6980.0,False,1.0,-0.012034383954154682
2021-06-24 10:40:00,0.0004892981960438192,0.0026102088167052617,0.0026102088167052617,0,1.0,2.723403402145628,6896.0,False,1.0,0.0026102088167052617
2021-06-24 11:25:00,0.000716587936040014,-0.006363899334683287,-0.006363899334683287,0,1.0,2.717039502810945,6914.0,False,1.0,-0.006363899334683287
2021-06-24 14:10:00,0.0005619902512989938,0.004075691411935978,0.004075691411935978,0,1.0,2.721115194222881,6870.0,False,1.0,0.004075691411935978
2021-06-24 14:55:00,0.0007354652625508606,-0.005798782255726276,-0.005798782255726276,0,1.0,2.7153164119671547,6898.0,False,1.0,-0.005798782255726276
2021-06-24 21:35:00,0.0009677975322119892,0.004374453193350725,0.004374453193350725,0,1.0,2.7196908651605054,6858.0,False,1.0,0.004374453193350725
2021-06-25 09:40:00,0.0008010932942852378,0.005226480836237002,0.005226480836237002,0,1.0,2.7249173459967424,6888.0,False,1.0,0.005226480836237002
2021-06-25 10:40:00,0.0008699925965629518,0.01068746389370312,0.01068746389370312,0,1.0,2.7356048098904457,6924.0,False,1.0,0.01068746389370312
2021-06-25 11:25:00,0.000452814536402002,-0.0008573878250929257,-0.0008573878250929257,0,1.0,2.7347474220653525,6998.0,False,1.0,-0.0008573878250929257
2021-06-25 14:10:00,0.0005675317952409387,0.003432494279176135,0.003432494279176135,0,1.0,2.738179916344529,6992.0,False,1.0,0.003432494279176135
2021-06-25 14:55:00,0.00031933895661495626,0.0008551881413911833,0.0008551881413911833,0,1.0,2.73903510448592,7016.0,False,1.0,0.0008551881413911833
2021-06-25 21:35:00,-8.520363189745694e-05,-0.028481913984619744,-0.028481913984619744,0,1.0,2.7105531905013,7022.0,False,0.0,-0.028481913984619744
2021-06-28 09:40:00,-0.00039213619311340153,0.005570214013485675,0.0,1,0.0,2.7105531905013,6822.0,False,0.0,0.005570214013485675
2021-06-28 10:40:00,-0.000309176801238209,0.00291545189504383,0.0,1,0.0,2.7105531905013,6860.0,False,0.0,0.00291545189504383
2021-06-28 11:25:00,-0.000309176801238209,0.018023255813953476,0.0,0,0.0,2.7105531905013,6880.0,False,0.0,0.018023255813953476
2021-06-28 14:10:00,0.00043704526615329087,0.006282124500285535,0.0,0,0.0,2.7105531905013,7004.0,False,1.0,0.006282124500285535
2021-06-28 14:55:00,-0.00021729008585680276,0.004824063564131675,0.004824063564131675,1,1.0,2.715377254065432,7048.0,False,0.0,0.004824063564131675
2021-06-29 09:40:00,-0.00032051122980192304,-0.007342558599265692,-0.0,1,0.0,2.715377254065432,7082.0,False,0.0,-0.007342558599265692
2021-06-29 10:40:00,-0.0001530621957499534,-0.0019914651493598834,-0.0,0,0.0,2.715377254065432,7030.0,False,0.0,-0.0019914651493598834
2021-06-29 11:25:00,-0.00021729008585680276,-0.010547320410490335,-0.0,0,0.0,2.715377254065432,7016.0,False,0.0,-0.010547320410490335
2021-06-29 14:10:00,0.0005448509473353624,0.006338231057332111,0.0,0,0.0,2.715377254065432,6942.0,False,1.0,0.006338231057332111
2021-06-29 14:55:00,-0.0003027615020982921,0.007157171485828728,0.007157171485828728,1,1.0,2.7225344255512605,6986.0,False,0.0,0.007157171485828728
2021-06-29 21:35:00,7.237847967189737e-06,0.020181921546333248,0.0,1,0.0,2.7225344255512605,7036.0,False,0.0,0.020181921546333248
2021-06-30 09:40:00,-0.0003027615020982921,0.0,0.0,1,0.0,2.7225344255512605,7178.0,False,0.0,0.0
2021-06-30 10:40:00,-0.0001538430224172771,0.0019504040122597655,0.0,1,0.0,2.7225344255512605,7178.0,False,0.0,0.0019504040122597655
2021-06-30 11:25:00,0.000247331743594259,0.0013904338153503115,0.0,0,0.0,2.7225344255512605,7192.0,False,0.0,0.0013904338153503115
2021-06-30 14:10:00,0.0005756808677688241,0.0013885031935574332,0.0,1,0.0,2.7225344255512605,7202.0,False,1.0,0.0013885031935574332
2021-06-30 14:55:00,0.0005162080051377416,-0.0002773155851358844,-0.0002773155851358844,1,1.0,2.7222571099661246,7212.0,False,1.0,-0.0002773155851358844
2021-06-30 21:35:00,0.0006098614539951086,0.005270457697642117,0.005270457697642117,0,1.0,2.727527567663767,7210.0,False,1.0,0.005270457697642117
2021-07-01 09:40:00,0.00023580779088661075,0.01876379690949226,0.01876379690949226,0,1.0,2.746291364573259,7248.0,False,1.0,0.01876379690949226
2021-07-01 10:40:00,0.000165083198226057,0.007042253521126751,0.007042253521126751,0,1.0,2.753333618094386,7384.0,False,1.0,0.007042253521126751
2021-07-01 11:25:00,0.00026215819525532424,0.005110274341043608,0.005110274341043608,0,1.0,2.7584438924354293,7436.0,False,1.0,0.005110274341043608
2021-07-01 14:10:00,0.0004017821338493377,0.00026759432700029784,0.00026759432700029784,0,1.0,2.7587114867624294,7474.0,False,1.0,0.00026759432700029784
2021-07-01 14:55:00,0.0003011978988070041,-0.0010700909577313622,-0.0010700909577313622,0,1.0,2.7576413958046984,7476.0,False,1.0,-0.0010700909577313622
2021-07-01 21:35:00,0.0006615904858335853,0.005356186395286455,0.005356186395286455,0,1.0,2.7629975821999846,7468.0,False,1.0,0.005356186395286455
2021-07-02 09:40:00,0.0002613142423797399,0.003995737879595174,0.003995737879595174,0,1.0,2.76699332007958,7508.0,False,1.0,0.003995737879595174
2021-07-02 10:40:00,0.0004496928595472127,-0.0015919342000531023,-0.0015919342000531023,0,1.0,2.7654013858795268,7538.0,False,1.0,-0.0015919342000531023
2021-07-02 11:25:00,0.0004353974072728306,-0.002923199574807356,-0.002923199574807356,0,1.0,2.7624781863047194,7526.0,False,1.0,-0.002923199574807356
2021-07-02 14:10:00,0.00028354107053019106,0.0013326226012793096,0.0013326226012793096,0,1.0,2.7638108089059985,7504.0,False,1.0,0.0013326226012793096
2021-07-02 14:55:00,0.0003507561923470348,0.009582113388341806,0.009582113388341806,0,1.0,2.7733929222943408,7514.0,False,1.0,0.009582113388341806
2021-07-02 21:35:00,-4.995059498469345e-06,0.011600316372264663,0.011600316372264663,0,1.0,2.784993238666605,7586.0,False,0.0,0.011600316372264663
2021-07-05 09:40:00,-0.0003606715181376785,-0.013812874641647155,-0.0,1,0.0,2.784993238666605,7674.0,False,-1.0,-0.013812874641647155
2021-07-05 10:40:00,-0.00027927354676648974,-0.004756871035940802,0.004756871035940802,1,-1.0,2.789750109702546,7568.0,False,-1.0,-0.004756871035940802
2021-07-05 11:25:00,-3.730898242793046e-05,0.005576208178438735,-0.005576208178438735,0,-1.0,2.784173901524107,7532.0,False,-1.0,0.005576208178438735
2021-07-05 14:10:00,-0.00021068999194540083,0.0026406126221283355,-0.0026406126221283355,0,-1.0,2.781533288901979,7574.0,False,-1.0,0.0026406126221283355
2021-07-05 14:55:00,-0.0005947187310084701,0.01922570450355554,-0.01922570450355554,0,-1.0,2.7623075843984233,7594.0,False,-1.0,0.01922570450355554
2021-07-06 09:40:00,-0.0007644252618774772,-0.009043927648578864,0.009043927648578864,0,-1.0,2.7713515120470023,7740.0,False,-1.0,-0.009043927648578864
2021-07-06 10:40:00,-0.0005874986527487636,0.009126466753585305,-0.009126466753585305,0,-1.0,2.762225045293417,7670.0,False,-1.0,0.009126466753585305
2021-07-06 11:25:00,-0.000855860416777432,-0.0036175710594315014,0.0036175710594315014,0,-1.0,2.7658426163528484,7740.0,False,-1.0,-0.0036175710594315014
2021-07-06 14:10:00,8.179654105333611e-05,0.003112033195020736,-0.003112033195020736,0,-1.0,2.7627305831578277,7712.0,False,0.0,0.003112033195020736
2021-07-06 14:55:00,-0.0003901716263499111,0.002326783867631743,0.0,1,0.0,2.7627305831578277,7736.0,False,-1.0,0.002326783867631743
2021-07-06 21:35:00,-5.825372863910161e-05,-0.02192416817126641,0.02192416817126641,1,-1.0,2.7846547513290942,7754.0,False,-1.0,-0.02192416817126641
2021-07-07 09:40:00,-0.0003700507222674787,0.0026371308016877038,-0.0026371308016877038,0,-1.0,2.7820176205274065,7584.0,False,-1.0,0.0026371308016877038
2021-07-07 10:40:00,-0.0004241146962158382,-0.004997369805365581,0.004997369805365581,0,-1.0,2.7870149903327723,7604.0,False,-1.0,-0.004997369805365581
2021-07-07 11:25:00,0.00013559818034991622,-0.0010573618821041464,0.0010573618821041464,0,-1.0,2.7880723522148765,7566.0,False,0.0,-0.0010573618821041464
2021-07-07 14:10:00,0.00013559818034991622,0.007673987827467643,0.0,1,0.0,2.7880723522148765,7558.0,False,0.0,0.007673987827467643
2021-07-07 14:55:00,0.0002988621417898685,-0.001313025210084029,-0.0,1,0.0,2.7880723522148765,7616.0,False,1.0,-0.001313025210084029
2021-07-07 21:35:00,0.0004215156950522214,-0.014462266631606657,-0.014462266631606657,0,1.0,2.7736100855832695,7606.0,False,1.0,-0.014462266631606657
2021-07-08 09:40:00,0.00018358360102865845,0.005336179295624355,0.005336179295624355,0,1.0,2.778946264878894,7496.0,False,1.0,0.005336179295624355
2021-07-08 10:40:00,0.00034352473448961973,0.0018577494692144647,0.0018577494692144647,0,1.0,2.7808040143481083,7536.0,False,1.0,0.0018577494692144647
2021-07-08 11:25:00,0.0001813030248740688,0.0113907284768211,0.0113907284768211,0,1.0,2.7921947428249294,7550.0,False,1.0,0.0113907284768211
2021-07-08 14:10:00,0.0003858979034703225,-0.005238344683080154,-0.005238344683080154,0,1.0,2.7869563981418493,7636.0,False,1.0,-0.005238344683080154
2021-07-08 14:55:00,0.00025493750581517816,0.003422854133754649,0.003422854133754649,0,1.0,2.7903792522756037,7596.0,False,1.0,0.003422854133754649
2021-07-08 21:35:00,0.00033402093686163425,0.003935974809761156,0.003935974809761156,0,1.0,2.794315227085365,7622.0,False,1.0,0.003935974809761156
2021-07-09 09:40:00,9.57656666287221e-05,-0.001568217459487764,-0.001568217459487764,0,1.0,2.7927470096258773,7652.0,False,1.0,-0.001568217459487764
2021-07-09 10:40:00,6.766404112568125e-07,0.0005235602094240122,0.0005235602094240122,0,1.0,2.7932705698353013,7640.0,False,1.0,0.0005235602094240122
2021-07-09 11:25:00,3.877681592712179e-05,-0.0023547880690737433,-0.0023547880690737433,0,1.0,2.790915781766228,7644.0,False,1.0,-0.0023547880690737433
2021-07-09 14:10:00,0.00016449262329842895,0.01862050878573296,0.01862050878573296,0,1.0,2.8095362905519607,7626.0,False,1.0,0.01862050878573296
2021-07-09 14:55:00,5.604300895356573e-06,0.004634397528321399,0.004634397528321399,0,1.0,2.814170688080282,7768.0,False,1.0,0.004634397528321399
2021-07-09 21:35:00,-0.0005265444051474333,0.01486417221937475,0.01486417221937475,0,1.0,2.8290348602996565,7804.0,False,0.0,0.01486417221937475
2021-07-12 09:40:00,-0.0006362444255501032,-0.008080808080808133,-0.0,1,0.0,2.8290348602996565,7920.0,False,-1.0,-0.008080808080808133
2021-07-12 10:40:00,-0.0007497420301660895,-0.008146639511201648,0.008146639511201648,1,-1.0,2.837181499810858,7856.0,False,-1.0,-0.008146639511201648
2021-07-12 11:25:00,-0.0006435805698856711,-0.0007700205338808663,0.0007700205338808663,0,-1.0,2.837951520344739,7792.0,False,-1.0,-0.0007700205338808663
2021-07-12 14:10:00,0.00014880923845339566,0.0007706139224248343,-0.0007706139224248343,0,-1.0,2.837180906422314,7786.0,False,0.0,0.0007706139224248343
2021-07-12 14:55:00,-0.000499178480822593,0.00231006160164271,0.0,1,0.0,2.837180906422314,7792.0,False,-1.0,0.00231006160164271
2021-07-13 09:40:00,-0.0006523801712319255,0.00256081946222797,-0.00256081946222797,1,-1.0,2.8346200869600864,7810.0,False,-1.0,0.00256081946222797
2021-07-13 10:40:00,-0.0004737463023047894,0.0,-0.0,0,-1.0,2.8346200869600864,7830.0,False,-1.0,0.0
2021-07-13 11:25:00,-0.000733064254745841,-0.0015325670498084198,0.0015325670498084198,0,-1.0,2.836152654009895,7830.0,False,-1.0,-0.0015325670498084198
2021-07-13 14:10:00,4.37235357821919e-05,0.003069838833461347,-0.003069838833461347,0,-1.0,2.8330828151764336,7818.0,False,0.0,0.003069838833461347
2021-07-13 14:55:00,-0.0008286281954497099,-0.005355776587605221,-0.0,1,0.0,2.8330828151764336,7842.0,False,-1.0,-0.005355776587605221
2021-07-13 21:35:00,-0.00047292880481109023,0.004358974358974255,-0.004358974358974255,1,-1.0,2.8287238408174593,7800.0,False,-1.0,0.004358974358974255
2021-07-14 09:40:00,-0.0008218957809731364,-0.0005105948429920959,0.0005105948429920959,0,-1.0,2.8292344356604513,7834.0,False,-1.0,-0.0005105948429920959
2021-07-14 10:40:00,-0.00076350721064955,0.0022988505747125743,-0.0022988505747125743,0,-1.0,2.8269355850857387,7830.0,False,-1.0,0.0022988505747125743
2021-07-14 11:25:00,-1.0129873771802522e-05,-0.006625891946992812,0.006625891946992812,0,-1.0,2.8335614770327315,7848.0,False,-1.0,-0.006625891946992812
2021-07-14 14:10:00,-1.0129873771802522e-05,-0.0005130836326321386,0.0005130836326321386,0,-1.0,2.8340745606653637,7796.0,False,-1.0,-0.0005130836326321386
2021-07-14 14:55:00,-0.0002180303999921307,0.012577002053388187,-0.012577002053388187,0,-1.0,2.8214975586119753,7792.0,False,-1.0,0.012577002053388187
2021-07-14 21:35:00,1.6220243196585216e-05,0.0,-0.0,0,-1.0,2.8214975586119753,7890.0,False,0.0,0.0
2021-07-15 09:40:00,-0.0003795982920564711,-0.00785804816223068,-0.0,1,0.0,2.8214975586119753,7890.0,False,-1.0,-0.00785804816223068
2021-07-15 10:40:00,2.170977859350387e-05,0.007664793050587537,-0.007664793050587537,1,-1.0,2.813832765561388,7828.0,False,0.0,0.007664793050587537
2021-07-15 11:25:00,-0.00016781696467660367,0.014959432048681442,0.0,1,0.0,2.813832765561388,7888.0,False,-1.0,0.014959432048681442
2021-07-15 14:10:00,-0.00018455807003192604,-0.0017486884836372951,0.0017486884836372951,1,-1.0,2.8155814540450255,8006.0,False,-1.0,-0.0017486884836372951
2021-07-15 14:55:00,4.0850740333553404e-05,-0.0012512512512512508,0.0012512512512512508,0,-1.0,2.8168327052962763,7992.0,False,0.0,-0.0012512512512512508
2021-07-15 21:35:00,0.0001049727070494555,0.007015785517414219,0.0,1,0.0,2.8168327052962763,7982.0,False,0.0,0.007015785517414219
2021-07-16 09:40:00,-9.447663614992052e-05,0.0,0.0,1,0.0,2.8168327052962763,8038.0,False,0.0,0.0
2021-07-16 10:40:00,0.00013257561658974737,0.003981089823339223,0.0,1,0.0,2.8168327052962763,8038.0,False,0.0,0.003981089823339223
2021-07-16 11:25:00,-0.000130665153847076,-0.007682775712515522,-0.0,1,0.0,2.8168327052962763,8070.0,False,0.0,-0.007682775712515522
2021-07-16 14:10:00,-6.984076026128605e-05,-0.0019980019980020414,-0.0,1,0.0,2.8168327052962763,8008.0,False,0.0,-0.0019980019980020414
2021-07-16 14:55:00,-6.984076026128605e-05,0.007757757757757666,0.0,1,0.0,2.8168327052962763,7992.0,False,0.0,0.007757757757757666
2021-07-16 21:35:00,-0.0004977588541805744,0.028060591010677927,0.0,0,0.0,2.8168327052962763,8054.0,False,-1.0,0.028060591010677927
2021-07-19 09:40:00,-0.0006572285201400518,-0.008454106280193274,0.008454106280193274,0,-1.0,2.8252868115764698,8280.0,False,-1.0,-0.008454106280193274
2021-07-19 10:40:00,-0.000741143012419343,-0.005359317904993888,0.005359317904993888,0,-1.0,2.8306461294814635,8210.0,False,-1.0,-0.005359317904993888
2021-07-19 11:25:00,-0.0005452703917399049,-0.001224589762429562,0.001224589762429562,0,-1.0,2.831870719243893,8166.0,False,-1.0,-0.001224589762429562
2021-07-19 14:10:00,7.102028030203655e-05,0.0009808729769493763,-0.0009808729769493763,0,-1.0,2.8308898462669436,8156.0,False,0.0,0.0009808729769493763
2021-07-19 14:55:00,-0.0005162546876817942,-0.013963743263106343,-0.0,1,0.0,2.8308898462669436,8164.0,False,-1.0,-0.013963743263106343
2021-07-20 09:40:00,-0.0007055215537548065,0.004472049689441038,-0.004472049689441038,1,-1.0,2.826417796577503,8050.0,False,-1.0,0.004472049689441038
2021-07-20 10:40:00,-0.0006023995811119676,0.0004946821667077828,-0.0004946821667077828,0,-1.0,2.825923114410795,8086.0,False,-1.0,0.0004946821667077828
2021-07-20 11:25:00,-0.0005162546876817942,0.009394313967861612,-0.009394313967861612,0,-1.0,2.816528800442933,8090.0,False,-1.0,0.009394313967861612
2021-07-20 14:10:00,0.00017402927915100008,0.006122948812147921,-0.006122948812147921,0,-1.0,2.8104058516307857,8166.0,False,0.0,0.006122948812147921
2021-07-20 14:55:00,-0.0005746015813201666,-0.0004868549172346581,-0.0,1,0.0,2.8104058516307857,8216.0,False,-1.0,-0.0004868549172346581
2021-07-20 21:35:00,-0.00043106303201057017,0.00097418412079886,-0.00097418412079886,1,-1.0,2.809431667509987,8212.0,False,-1.0,0.00097418412079886
2021-07-21 09:40:00,-0.0008660799358040094,-0.005352798053527952,0.005352798053527952,0,-1.0,2.8147844655635144,8220.0,False,-1.0,-0.005352798053527952
2021-07-21 10:40:00,-0.0006686939159408212,0.0009784735812132794,-0.0009784735812132794,0,-1.0,2.813805991982301,8176.0,False,-1.0,0.0009784735812132794
2021-07-21 11:25:00,2.832330392266158e-05,-0.01564027370478982,0.01564027370478982,0,-1.0,2.829446265687091,8184.0,False,0.0,-0.01564027370478982
2021-07-21 14:10:00,0.00013154443877283484,-0.004716981132075526,-0.0,1,0.0,2.829446265687091,8056.0,False,1.0,-0.004716981132075526
2021-07-21 14:55:00,0.00021222213399596512,0.007233724120728313,0.007233724120728313,1,1.0,2.8366799898078194,8018.0,False,1.0,0.007233724120728313
2021-07-21 21:35:00,0.0003519518650136888,-0.00024764735017335227,-0.00024764735017335227,0,1.0,2.836432342457646,8076.0,False,1.0,-0.00024764735017335227
2021-07-22 09:40:00,-1.790600254025776e-05,-0.0029725043349021485,-0.0029725043349021485,0,1.0,2.833459838122744,8074.0,False,0.0,-0.0029725043349021485
2021-07-22 10:40:00,0.0002819115179590881,-0.003478260869565264,-0.0,1,0.0,2.833459838122744,8050.0,False,1.0,-0.003478260869565264
2021-07-22 11:25:00,0.0003063605399802327,0.00024931438544006923,0.00024931438544006923,1,1.0,2.833709152508184,8022.0,False,1.0,0.00024931438544006923
2021-07-22 14:10:00,0.00019628045265562832,0.004237288135593209,0.004237288135593209,0,1.0,2.837946440643777,8024.0,False,1.0,0.004237288135593209
2021-07-22 14:55:00,0.0002048314781859517,0.007694216927277342,0.007694216927277342,0,1.0,2.845640657571055,8058.0,False,1.0,0.007694216927277342
2021-07-22 21:35:00,0.0004203304706607014,-0.0032019704433497997,-0.0032019704433497997,0,1.0,2.842438687127705,8120.0,False,1.0,-0.0032019704433497997
2021-07-23 09:40:00,4.2303108784835786e-05,0.009883864591055058,0.009883864591055058,0,1.0,2.85232255171876,8094.0,False,1.0,0.009883864591055058
2021-07-23 10:40:00,0.00011446160351624712,-0.006606312698801076,-0.006606312698801076,0,1.0,2.845716239019959,8174.0,False,1.0,-0.006606312698801076
2021-07-23 11:25:00,4.1483821405563504e-05,0.018965517241379404,0.018965517241379404,0,1.0,2.864681756261338,8120.0,False,1.0,0.018965517241379404
2021-07-23 14:10:00,0.0001447048707632348,0.004834421078075968,0.004834421078075968,0,1.0,2.869516177339414,8274.0,False,1.0,0.004834421078075968
2021-07-23 14:55:00,0.00022771648946218193,-0.00024055809477985246,-0.00024055809477985246,0,1.0,2.8692756192446343,8314.0,False,1.0,-0.00024055809477985246
2021-07-23 21:35:00,-0.0001519713259767741,0.0043310875842155205,0.0043310875842155205,0,1.0,2.8736067068288498,8312.0,False,0.0,0.0043310875842155205
2021-07-26 09:40:00,-0.0004575763887260109,-0.010541447053186381,-0.0,1,0.0,2.8736067068288498,8348.0,False,-1.0,-0.010541447053186381
2021-07-26 10:40:00,-0.0004438236355781555,-0.002179176755447987,0.002179176755447987,1,-1.0,2.8757858835842978,8260.0,False,-1.0,-0.002179176755447987
2021-07-26 11:25:00,-0.00031307124299928546,-0.0033972336811453063,0.0033972336811453063,0,-1.0,2.879183117265443,8242.0,False,-1.0,-0.0033972336811453063
2021-07-26 14:10:00,-8.564817107981071e-05,0.015826637448258962,-0.015826637448258962,0,-1.0,2.8633564798171838,8214.0,False,-1.0,0.015826637448258962
2021-07-26 14:55:00,-0.0008582080481573939,0.015100671140939603,-0.015100671140939603,0,-1.0,2.848255808676244,8344.0,False,-1.0,0.015100671140939603
2021-07-27 09:40:00,-0.0008511788910254836,0.0033057851239668423,-0.0033057851239668423,0,-1.0,2.8449500235522773,8470.0,False,-1.0,0.0033057851239668423
2021-07-27 10:40:00,-0.0008126066531985998,0.0049423393739702615,-0.0049423393739702615,0,-1.0,2.8400076841783073,8498.0,False,-1.0,0.0049423393739702615
2021-07-27 11:25:00,-0.0008960115956142545,0.001405152224824402,-0.001405152224824402,0,-1.0,2.838602531953483,8540.0,False,-1.0,0.001405152224824402
2021-07-27 14:10:00,0.00031768096960149705,0.003975678203928856,-0.003975678203928856,0,-1.0,2.834626853749554,8552.0,False,0.0,0.003975678203928856
2021-07-27 14:55:00,-0.0004961512167938054,-0.006755182855811781,-0.0,1,0.0,2.834626853749554,8586.0,False,-1.0,-0.006755182855811781
2021-07-27 21:35:00,-0.00021446919708978385,0.001172607879925014,-0.001172607879925014,1,-1.0,2.8334542458696292,8528.0,False,-1.0,0.001172607879925014
2021-07-28 09:40:00,-0.0003196042962372303,0.0009369875849145615,-0.0009369875849145615,0,-1.0,2.8325172582847147,8538.0,False,-1.0,0.0009369875849145615
2021-07-28 10:40:00,-0.00024413839855697006,-0.0037444418441375804,0.0037444418441375804,0,-1.0,2.836261700128852,8546.0,False,-1.0,-0.0037444418441375804
2021-07-28 11:25:00,-9.639999916544184e-05,0.00023490721165142503,-0.00023490721165142503,0,-1.0,2.8360267929172007,8514.0,False,-1.0,0.00023490721165142503
2021-07-28 14:10:00,-0.00013539327483158559,-0.005401596993893865,0.005401596993893865,0,-1.0,2.8414283899110946,8516.0,False,-1.0,-0.005401596993893865
2021-07-28 14:55:00,-6.932963151484728e-05,-0.006375442739079085,0.006375442739079085,0,-1.0,2.8478038326501736,8470.0,False,-1.0,-0.006375442739079085
2021-07-28 21:35:00,0.00023588660405948758,0.0021387832699619747,-0.0021387832699619747,0,-1.0,2.8456650493802114,8416.0,False,0.0,0.0021387832699619747
2021-07-29 09:40:00,-0.00010916213796008378,-0.001422812425895148,-0.0,1,0.0,2.8456650493802114,8434.0,False,0.0,-0.001422812425895148
2021-07-29 10:40:00,-6.932963151484728e-05,-0.00047494656851099215,-0.0,1,0.0,2.8456650493802114,8422.0,False,0.0,-0.00047494656851099215
2021-07-29 11:25:00,-0.00029814743902534246,0.0016631028747922105,0.0,0,0.0,2.8456650493802114,8418.0,False,-1.0,0.0016631028747922105
2021-07-29 14:10:00,-0.00012794318899977952,0.0033206831119545477,-0.0033206831119545477,0,-1.0,2.8423443662682573,8432.0,False,-1.0,0.0033206831119545477
2021-07-29 14:55:00,-0.0001700196589808911,0.0054373522458628365,-0.0054373522458628365,0,-1.0,2.836907014022394,8460.0,False,-1.0,0.0054373522458628365
2021-07-29 21:35:00,-2.3006477931630798e-05,0.005878203620973466,-0.005878203620973466,0,-1.0,2.8310288104014205,8506.0,False,-1.0,0.005878203620973466
2021-07-30 09:40:00,-0.00039707208634354174,-0.009817671809256634,0.009817671809256634,0,-1.0,2.8408464822106776,8556.0,False,-1.0,-0.009817671809256634
2021-07-30 10:40:00,-0.00019903539214283228,-0.00023607176581685874,0.00023607176581685874,0,-1.0,2.841082553976494,8472.0,False,-1.0,-0.00023607176581685874
2021-07-30 11:25:00,-0.00014336164167616516,0.0028335301062574203,-0.0028335301062574203,0,-1.0,2.8382490238702367,8470.0,False,-1.0,0.0028335301062574203
2021-07-30 14:10:00,-0.00024658284382894635,-0.0037673651989639234,0.0037673651989639234,0,-1.0,2.8420163890692005,8494.0,False,-1.0,-0.0037673651989639234
2021-07-30 14:55:00,-9.380339906783774e-05,0.011817537225242258,-0.011817537225242258,0,-1.0,2.8301988518439583,8462.0,False,-1.0,0.011817537225242258
2021-07-30 21:35:00,-0.0005764967063441873,-0.010044382153702403,0.010044382153702403,0,-1.0,2.8402432339976604,8562.0,False,-1.0,-0.010044382153702403
2021-08-02 09:40:00,-0.0008071290794759989,-0.02265219443133548,0.02265219443133548,0,-1.0,2.8628954284289962,8476.0,False,-1.0,-0.02265219443133548
2021-08-02 10:40:00,-0.0008772219298407435,-0.0065185900531143925,0.0065185900531143925,0,-1.0,2.869414018482111,8284.0,False,-1.0,-0.0065185900531143925
2021-08-02 11:25:00,-0.000793177867308259,-0.0046172539489671705,0.0046172539489671705,0,-1.0,2.8740312724310777,8230.0,False,-1.0,-0.0046172539489671705
2021-08-02 14:10:00,0.00010116607154486701,-0.000732421875,0.000732421875,0,-1.0,2.8747636943060777,8192.0,False,0.0,-0.000732421875
2021-08-02 14:55:00,-0.00030154292471706867,-0.016613730759833856,-0.0,1,0.0,2.8747636943060777,8186.0,False,-1.0,-0.016613730759833856
2021-08-03 09:40:00,-0.000441419193521142,0.0027329192546583503,-0.0027329192546583503,1,-1.0,2.872030775051419,8050.0,False,-1.0,0.0027329192546583503
2021-08-03 10:40:00,-0.0004396749136503786,0.008671952428146668,-0.008671952428146668,0,-1.0,2.8633588226232725,8072.0,False,-1.0,0.008671952428146668
2021-08-03 11:25:00,-0.0004396749136503786,0.01179071481208549,-0.01179071481208549,0,-1.0,2.851568107811187,8142.0,False,-1.0,0.01179071481208549
2021-08-03 14:10:00,0.00011312936112517491,-0.0016994416120417188,0.0016994416120417188,0,-1.0,2.853267549423229,8238.0,False,0.0,-0.0016994416120417188
2021-08-03 14:55:00,-0.00037821815931238234,-0.005836575875486361,-0.0,1,0.0,2.853267549423229,8224.0,False,-1.0,-0.005836575875486361
2021-08-03 21:35:00,-0.0002547168405726552,0.0022015655577298787,-0.0022015655577298787,1,-1.0,2.851065983865499,8176.0,False,-1.0,0.0022015655577298787
2021-08-04 09:40:00,-0.00033645020448602736,-0.001952648279228697,0.001952648279228697,0,-1.0,2.8530186321447277,8194.0,False,-1.0,-0.001952648279228697
2021-08-04 10:40:00,-0.0004955183831043541,0.01369528001956466,-0.01369528001956466,0,-1.0,2.839323352125163,8178.0,False,-1.0,0.01369528001956466
2021-08-04 11:25:00,0.00015766912838444114,0.004342581423401715,-0.004342581423401715,0,-1.0,2.8349807707017614,8290.0,False,0.0,0.004342581423401715
2021-08-04 14:10:00,0.00015766912838444114,0.007926975738649977,0.0,1,0.0,2.8349807707017614,8326.0,False,1.0,0.007926975738649977
2021-08-04 14:55:00,0.00011006768181687221,0.00524308865586276,0.00524308865586276,1,1.0,2.840223859357624,8392.0,False,1.0,0.00524308865586276
2021-08-04 21:35:00,0.0002637892321217805,0.004741583688952167,0.004741583688952167,0,1.0,2.8449654430465765,8436.0,False,1.0,0.004741583688952167
2021-08-05 09:40:00,8.28664269647561e-07,-0.00849457291175082,-0.00849457291175082,0,1.0,2.8364708701348254,8476.0,False,1.0,-0.00849457291175082
2021-08-05 10:40:00,0.00019576933118514717,-0.0009519276534983856,-0.0009519276534983856,0,1.0,2.835518942481327,8404.0,False,1.0,-0.0009519276534983856
2021-08-05 11:25:00,0.00013257561658974737,0.005240590757503494,0.005240590757503494,0,1.0,2.8407595332388302,8396.0,False,1.0,0.005240590757503494
2021-08-05 14:10:00,0.0001440718478988856,0.0,0.0,0,1.0,2.8407595332388302,8440.0,False,1.0,0.0
2021-08-05 14:55:00,0.0001440718478988856,-0.0009478672985782088,-0.0009478672985782088,0,1.0,2.8398116659402524,8440.0,False,1.0,-0.0009478672985782088
2021-08-05 21:35:00,0.000194984779227525,-0.003795066413662229,-0.003795066413662229,0,1.0,2.83601659952659,8432.0,False,1.0,-0.003795066413662229
2021-08-06 09:40:00,8.870665624272078e-08,-0.0016666666666667052,-0.0016666666666667052,0,1.0,2.834349932859923,8400.0,False,1.0,-0.0016666666666667052
2021-08-06 10:40:00,4.0850740333553404e-05,0.009301216312902483,0.009301216312902483,0,1.0,2.8436511491728256,8386.0,False,1.0,0.009301216312902483
2021-08-06 11:25:00,-0.0001472792064305395,-0.0021266540642722598,-0.0021266540642722598,0,1.0,2.8415244951085534,8464.0,False,0.0,-0.0021266540642722598
2021-08-06 14:10:00,-9.877331467578188e-05,0.008524745441629067,0.0,1,0.0,2.8415244951085534,8446.0,False,0.0,0.008524745441629067
2021-08-06 14:55:00,-0.00011023143451893702,-0.0028175628081709148,-0.0,1,0.0,2.8415244951085534,8518.0,False,0.0,-0.0028175628081709148
2021-08-06 21:35:00,-0.0006539449095726013,0.01930774664469026,0.0,0,0.0,2.8415244951085534,8494.0,False,-1.0,0.01930774664469026
2021-08-09 09:40:00,-0.0008635966805741191,-0.017094017094017144,0.017094017094017144,0,-1.0,2.8586185122025705,8658.0,False,-1.0,-0.017094017094017144
2021-08-09 10:40:00,-0.0008635051781311631,-0.004230317273795525,0.004230317273795525,0,-1.0,2.862848829476366,8510.0,False,-1.0,-0.004230317273795525
2021-08-09 11:25:00,-0.0008635051781311631,0.001652112343639267,-0.001652112343639267,0,-1.0,2.8611967171327266,8474.0,False,-1.0,0.001652112343639267
2021-08-09 14:10:00,0.0001742413587635383,0.0023562676720074727,-0.0023562676720074727,0,-1.0,2.858840449460719,8488.0,False,0.0,0.0023562676720074727
2021-08-09 14:55:00,-0.000499178480822593,-0.0011753643629525135,-0.0,1,0.0,2.858840449460719,8508.0,False,-1.0,-0.0011753643629525135
2021-08-10 09:40:00,-0.0005833923351019621,0.0016474464579900872,-0.0016474464579900872,1,-1.0,2.8571930030027293,8498.0,False,-1.0,0.0016474464579900872
2021-08-10 10:40:00,-0.0004908225382678211,0.007988721804511378,-0.007988721804511378,0,-1.0,2.849204281198218,8512.0,False,-1.0,0.007988721804511378
2021-08-10 11:25:00,-0.000741143012419343,0.007925407925407857,-0.007925407925407857,0,-1.0,2.8412788732728096,8580.0,False,-1.0,0.007925407925407857
2021-08-10 14:10:00,0.00015168695244938135,-0.0006938020351526797,0.0006938020351526797,0,-1.0,2.8419726753079626,8648.0,False,0.0,-0.0006938020351526797
2021-08-10 14:55:00,-0.00044888112461194396,0.003008562832677697,0.0,1,0.0,2.8419726753079626,8642.0,False,-1.0,0.003008562832677697
2021-08-10 21:35:00,-0.00037674076156690717,0.00992155053068755,-0.00992155053068755,1,-1.0,2.832051124777275,8668.0,False,-1.0,0.00992155053068755
2021-08-11 09:40:00,-0.00047851132694631815,-0.0036554717843271245,0.0036554717843271245,0,-1.0,2.835706596561602,8754.0,False,-1.0,-0.0036554717843271245
2021-08-11 10:40:00,-0.0005668315570801497,-0.00045861041045636153,0.00045861041045636153,0,-1.0,2.8361652069720584,8722.0,False,-1.0,-0.00045861041045636153
2021-08-11 11:25:00,-8.019762753974646e-05,0.0038999770589585037,-0.0038999770589585037,0,-1.0,2.8322652299130997,8718.0,False,-1.0,0.0038999770589585037
2021-08-11 14:10:00,1.263254125660751e-05,0.012340036563071255,-0.012340036563071255,0,-1.0,2.819925193350029,8752.0,False,0.0,0.012340036563071255
2021-08-11 14:55:00,-4.3569809349719435e-05,0.013995485327313872,0.0,1,0.0,2.819925193350029,8860.0,False,0.0,0.013995485327313872
2021-08-11 21:35:00,0.0001489251881139353,0.008682101513802332,0.0,1,0.0,2.819925193350029,8984.0,False,1.0,0.008682101513802332
2021-08-12 09:40:00,-0.00022701421403326094,-0.005076142131979711,-0.005076142131979711,1,1.0,2.814849051218049,9062.0,False,0.0,-0.005076142131979711
2021-08-12 10:40:00,-4.3569809349719435e-05,-0.002883762200532436,-0.0,1,0.0,2.814849051218049,9016.0,False,0.0,-0.002883762200532436
2021-08-12 11:25:00,-4.3569809349719435e-05,0.002447163515016726,0.0,0,0.0,2.814849051218049,8990.0,False,0.0,0.002447163515016726
2021-08-12 14:10:00,0.00016917097673285753,0.001775410563692903,0.0,0,0.0,2.814849051218049,9012.0,False,1.0,0.001775410563692903
2021-08-12 14:55:00,6.5949912823271e-05,-0.0022153300841825097,-0.0022153300841825097,1,1.0,2.8126337211338663,9028.0,False,1.0,-0.0022153300841825097
2021-08-12 21:35:00,0.00022603065008297563,0.001776198934280604,0.001776198934280604,1,1.0,2.8144099200681474,9008.0,False,1.0,0.001776198934280604
2021-08-13 09:40:00,-4.9189606215804815e-05,0.0013297872340425343,0.0013297872340425343,0,1.0,2.81573970730219,9024.0,False,0.0,0.0013297872340425343
2021-08-13 10:40:00,0.00020727119408547878,-0.0042054006197432825,-0.0,1,0.0,2.81573970730219,9036.0,False,1.0,-0.0042054006197432825
2021-08-13 11:25:00,-0.0002480838156770915,-0.011558124027561734,-0.011558124027561734,1,1.0,2.804181583274628,8998.0,False,0.0,-0.011558124027561734
2021-08-13 14:10:00,-0.00011023143451893702,0.0008994827973916042,0.0,1,0.0,2.804181583274628,8894.0,False,0.0,0.0008994827973916042
2021-08-13 14:55:00,-0.00017306191148236394,0.00044933722758933037,0.0,1,0.0,2.804181583274628,8902.0,False,-1.0,0.00044933722758933037
2021-08-13 21:35:00,-0.0005969211924821138,-0.050078598697507304,0.050078598697507304,0,-1.0,2.854260181972135,8906.0,False,-1.0,-0.050078598697507304
2021-08-16 09:40:00,-0.0007442526984959841,0.0,0.0,0,-1.0,2.854260181972135,8460.0,True,-1.0,-0.0035460992907800915
2021-08-16 10:40:00,-0.0007054955931380391,-0.005456702253855306,0.005456702253855306,0,-1.0,2.8597168842259904,8430.0,False,-1.0,-0.005456702253855306
2021-08-16 11:25:00,-0.0006800635019317269,0.003578244274809128,-0.003578244274809128,0,-1.0,2.8561386399511814,8384.0,False,-1.0,0.003578244274809128
2021-08-16 14:10:00,0.00010710357310017571,-0.004991680532445919,0.004991680532445919,0,-1.0,2.8611303204836274,8414.0,False,0.0,-0.004991680532445919
2021-08-16 14:55:00,-0.0002819689689204097,0.0033444816053511683,0.0,1,0.0,2.8611303204836274,8372.0,False,-1.0,0.0033444816053511683
2021-08-17 09:40:00,-0.0003107612137682736,0.003809523809523707,-0.003809523809523707,1,-1.0,2.857320796674103,8400.0,False,-1.0,0.003809523809523707
2021-08-17 10:40:00,-0.00029904511757194996,0.00379506641366234,-0.00379506641366234,0,-1.0,2.853525730260441,8432.0,False,-1.0,0.00379506641366234
2021-08-17 11:25:00,-0.0003244772960897535,0.0023629489603025355,-0.0023629489603025355,0,-1.0,2.851162781300139,8464.0,False,-1.0,0.0023629489603025355
2021-08-17 14:10:00,0.0001681163121247664,-0.0011786892975012009,0.0011786892975012009,0,-1.0,2.85234147059764,8484.0,False,0.0,-0.0011786892975012009
2021-08-17 14:55:00,-0.00045706541277468204,-0.006608449374557512,-0.0,1,0.0,2.85234147059764,8474.0,False,-1.0,-0.006608449374557512
2021-08-17 21:35:00,-0.00036166352219879627,-0.00641482537419813,0.00641482537419813,1,-1.0,2.858756295971838,8418.0,False,-1.0,-0.00641482537419813
2021-08-18 09:40:00,-0.0006119221216067672,-0.008608321377331474,0.008608321377331474,0,-1.0,2.8673646173491694,8364.0,False,-1.0,-0.008608321377331474
2021-08-18 10:40:00,-0.0006942219333723187,-0.01736613603473225,0.01736613603473225,0,-1.0,2.8847307533839017,8292.0,False,-1.0,-0.01736613603473225
2021-08-18 11:25:00,0.0006415670504793525,-0.005154639175257714,0.005154639175257714,0,-1.0,2.8898853925591594,8148.0,False,0.0,-0.005154639175257714
2021-08-18 14:10:00,0.0005847648717463017,0.008635578583765069,0.0,1,0.0,2.8898853925591594,8106.0,False,1.0,0.008635578583765069
2021-08-18 14:55:00,0.0008469785680063069,0.001712328767123239,0.001712328767123239,1,1.0,2.8915977213262827,8176.0,False,1.0,0.001712328767123239
2021-08-18 21:35:00,0.0010013633873313665,-0.00805860805860803,-0.00805860805860803,0,1.0,2.8835391132676746,8190.0,False,1.0,-0.00805860805860803
2021-08-19 09:40:00,0.0007127381395548582,0.0012309207287051205,0.0012309207287051205,0,1.0,2.8847700339963795,8124.0,False,1.0,0.0012309207287051205
2021-08-19 10:40:00,0.0008617062703706324,0.007868207523973547,0.007868207523973547,0,1.0,2.8926382415203533,8134.0,False,1.0,0.007868207523973547
2021-08-19 11:25:00,0.0008452534675598145,-0.00048792388387408625,-0.00048792388387408625,0,1.0,2.8921503176364793,8198.0,False,1.0,-0.00048792388387408625
2021-08-19 14:10:00,0.000954594521317631,0.0026848913839394584,0.0026848913839394584,0,1.0,2.894835209020419,8194.0,False,1.0,0.0026848913839394584
2021-08-19 14:55:00,0.000711938482709229,-0.004868549172346692,-0.004868549172346692,0,1.0,2.889966659848072,8216.0,False,1.0,-0.004868549172346692
2021-08-19 21:35:00,0.0009849106427282095,-0.02666340508806264,-0.02666340508806264,0,1.0,2.8633032547600092,8176.0,False,1.0,-0.02666340508806264
2021-08-20 09:40:00,0.0006962853367440403,0.007539582809751089,0.007539582809751089,0,1.0,2.8708428375697603,7958.0,False,1.0,0.007539582809751089
2021-08-20 10:40:00,0.0007855785079300404,0.0007483162883512584,0.0007483162883512584,0,1.0,2.8715911538581116,8018.0,False,1.0,0.0007483162883512584
2021-08-20 11:25:00,0.0007536326302215457,0.008225324027916203,0.008225324027916203,0,1.0,2.8798164778860276,8024.0,False,1.0,0.008225324027916203
2021-08-20 14:10:00,0.0008310711127705872,0.0049443757725586845,0.0049443757725586845,0,1.0,2.8847608536585865,8090.0,False,1.0,0.0049443757725586845
2021-08-20 14:55:00,0.0008357662591151893,-0.011808118081180763,-0.011808118081180763,0,1.0,2.872952735577406,8130.0,False,1.0,-0.011808118081180763
2021-08-20 21:35:00,0.00048158009303733706,-0.017923823749066425,-0.017923823749066425,0,1.0,2.8550289118283394,8034.0,False,1.0,-0.017923823749066425
2021-08-23 09:40:00,0.00030142866307869554,-0.005576679340937862,-0.005576679340937862,0,1.0,2.8494522324874016,7890.0,False,1.0,-0.005576679340937862
2021-08-23 10:40:00,0.00036717369221150875,0.01937292888095854,0.01937292888095854,0,1.0,2.86882516136836,7846.0,False,1.0,0.01937292888095854
2021-08-23 11:25:00,0.00035995355574414134,0.006251562890722706,0.006251562890722706,0,1.0,2.875076724259083,7998.0,False,1.0,0.006251562890722706
2021-08-23 14:10:00,0.0005874944617971778,0.009443339960238495,0.009443339960238495,0,1.0,2.8845200642193216,8048.0,False,1.0,0.009443339960238495
2021-08-23 14:55:00,0.00022507061657961458,-0.008862629246676468,-0.008862629246676468,0,1.0,2.875657434972645,8124.0,False,1.0,-0.008862629246676468
2021-08-24 09:40:00,0.00014309051039163023,-0.0004967709885742577,-0.0004967709885742577,0,1.0,2.8751606639840706,8052.0,False,1.0,-0.0004967709885742577
2021-08-24 10:40:00,0.0001410264812875539,0.00745526838966204,0.00745526838966204,0,1.0,2.8826159323737324,8048.0,False,1.0,0.00745526838966204
2021-08-24 11:25:00,0.00022507061657961458,-0.0022200296003946907,-0.0022200296003946907,0,1.0,2.880395902773338,8108.0,False,1.0,-0.0022200296003946907
2021-08-24 14:10:00,0.0009629316627979279,0.0007416563658837472,0.0007416563658837472,0,1.0,2.881137559139222,8090.0,False,1.0,0.0007416563658837472
2021-08-24 14:55:00,0.0005818938952870667,0.008646245059288571,0.008646245059288571,0,1.0,2.88978380419851,8096.0,False,1.0,0.008646245059288571
2021-08-24 21:35:00,0.0009585866355337203,0.012980651481753647,0.012980651481753647,0,1.0,2.9027644556802636,8166.0,False,1.0,0.012980651481753647
2021-08-25 09:40:00,0.0006366081652231514,-0.006044487427466105,-0.006044487427466105,0,1.0,2.896719968252798,8272.0,False,1.0,-0.006044487427466105
2021-08-25 10:40:00,0.0007596670184284449,-0.0017027487229384075,-0.0017027487229384075,0,1.0,2.8950172195298594,8222.0,False,1.0,-0.0017027487229384075
2021-08-25 11:25:00,0.0005292598507367074,0.0009746588693957392,0.0009746588693957392,0,1.0,2.895991878399255,8208.0,False,1.0,0.0009746588693957392
2021-08-25 14:10:00,0.0008110838825814426,0.0019474196689386325,0.0019474196689386325,0,1.0,2.8979392980681937,8216.0,False,1.0,0.0019474196689386325
2021-08-25 14:55:00,0.0005722772912122309,0.008989310009718254,0.008989310009718254,0,1.0,2.906928608077912,8232.0,False,1.0,0.008989310009718254
2021-08-25 21:35:00,0.0009203919908031821,0.0045750060197446984,0.0045750060197446984,0,1.0,2.911503614097657,8306.0,False,1.0,0.0045750060197446984
2021-08-26 09:40:00,0.0005135074025020003,-0.0007190795781399917,-0.0007190795781399917,0,1.0,2.9107845345195167,8344.0,False,1.0,-0.0007190795781399917
2021-08-26 10:40:00,0.0005456733633764088,-0.0009594627008875367,-0.0009594627008875367,0,1.0,2.909825071818629,8338.0,False,1.0,-0.0009594627008875367
2021-08-26 11:25:00,0.0006676637567579746,-0.002641056422569066,-0.002641056422569066,0,1.0,2.90718401539606,8330.0,False,1.0,-0.002641056422569066
2021-08-26 14:10:00,0.00077424495248124,-0.000962927298988947,-0.000962927298988947,0,1.0,2.906221088097071,8308.0,False,1.0,-0.000962927298988947
2021-08-26 14:55:00,0.00017169589409604669,-0.0072289156626506035,-0.0072289156626506035,0,1.0,2.8989921724344203,8300.0,False,1.0,-0.0072289156626506035
2021-08-26 21:35:00,0.0005931160412728786,-0.0012135922330097637,-0.0012135922330097637,0,1.0,2.8977785802014107,8240.0,False,1.0,-0.0012135922330097637
2021-08-27 09:40:00,0.00013687688624486327,0.0051032806804374164,0.0051032806804374164,0,1.0,2.9028818608818483,8230.0,False,1.0,0.0051032806804374164
2021-08-27 10:40:00,0.00036625791108235717,-0.0007253384912959682,-0.0007253384912959682,0,1.0,2.902156522390552,8272.0,False,1.0,-0.0007253384912959682
2021-08-27 11:25:00,-9.934601621353067e-06,0.005323009920154886,0.005323009920154886,0,1.0,2.907479532310707,8266.0,False,0.0,0.005323009920154886
2021-08-27 14:10:00,-2.1392721464508213e-05,-0.0019253910950661757,-0.0,1,0.0,2.907479532310707,8310.0,False,0.0,-0.0019253910950661757
2021-08-27 14:55:00,0.00012367687304504216,-0.005063901615625754,-0.0,1,0.0,2.907479532310707,8294.0,False,0.0,-0.005063901615625754
2021-08-27 21:35:00,6.499253504443914e-05,0.007998061076102791,0.0,1,0.0,2.907479532310707,8252.0,False,0.0,0.007998061076102791
2021-08-30 09:40:00,-0.00021278814529068768,0.00889636931954807,0.0,1,0.0,2.907479532310707,8318.0,False,0.0,0.00889636931954807
2021-08-30 10:40:00,-0.00036949501372873783,-0.017397521448999087,-0.0,1,0.0,2.907479532310707,8392.0,False,-1.0,-0.017397521448999087
2021-08-30 11:25:00,-0.0003807847388088703,0.00024254183846705857,-0.00024254183846705857,1,-1.0,2.90723699047224,8246.0,False,-1.0,0.00024254183846705857
2021-08-30 14:10:00,-5.712186612072401e-05,-0.005577109602327823,0.005577109602327823,0,-1.0,2.9128141000745678,8248.0,False,-1.0,-0.005577109602327823
2021-08-30 14:55:00,-0.0005953980144113302,-0.0004876859302609393,0.0004876859302609393,0,-1.0,2.913301786004829,8202.0,False,-1.0,-0.0004876859302609393
2021-08-31 09:40:00,-0.00067762634716928,0.007806782141985824,-0.007806782141985824,0,-1.0,2.9054950038628427,8198.0,False,-1.0,0.007806782141985824
2021-08-31 10:40:00,-0.0005019285599701107,0.004357298474945592,-0.004357298474945592,0,-1.0,2.9011377053878973,8262.0,False,-1.0,0.004357298474945592
2021-08-31 11:25:00,-0.0005162546876817942,0.0019281754639672855,-0.0019281754639672855,0,-1.0,2.89920952992393,8298.0,False,-1.0,0.0019281754639672855
2021-08-31 14:10:00,0.00010034800652647391,-0.005292278085157531,0.005292278085157531,0,-1.0,2.9045018080090874,8314.0,False,0.0,-0.005292278085157531
2021-08-31 14:55:00,-0.0006963912164792418,0.005078597339782442,0.0,1,0.0,2.9045018080090874,8270.0,False,-1.0,0.005078597339782442
2021-08-31 21:35:00,-0.0004219166876282543,-0.02550529355149178,0.02550529355149178,1,-1.0,2.9300071015605793,8312.0,False,-1.0,-0.02550529355149178
2021-09-01 09:40:00,-0.0008018217049539089,0.0004938271604937317,-0.0004938271604937317,0,-1.0,2.929513274400086,8100.0,False,-1.0,0.0004938271604937317
2021-09-01 10:40:00,-0.0008374431636184454,-0.003701875616979322,0.003701875616979322,0,-1.0,2.933215150017065,8104.0,False,-1.0,-0.003701875616979322
2021-09-01 11:25:00,0.000743004260584712,0.0042110478077781455,-0.0042110478077781455,0,-1.0,2.9290041022092868,8074.0,False,0.0,0.0042110478077781455
2021-09-01 14:10:00,0.0008190690423361957,-0.003946719289590561,-0.0,1,0.0,2.9290041022092868,8108.0,False,1.0,-0.003946719289590561
2021-09-01 14:55:00,0.0008519041002728045,-0.0004952947003467045,-0.0004952947003467045,1,1.0,2.92850880750894,8076.0,False,1.0,-0.0004952947003467045
2021-09-01 21:35:00,0.0010646526934579015,-0.00594648166501488,-0.00594648166501488,0,1.0,2.9225623258439253,8072.0,False,1.0,-0.00594648166501488
2021-09-02 09:40:00,0.0007095204782672226,-0.005732801595214387,-0.005732801595214387,0,1.0,2.916829524248711,8024.0,False,1.0,-0.005732801595214387
2021-09-02 10:40:00,0.0008360358770005405,0.0062672348959638136,0.0062672348959638136,0,1.0,2.923096759144675,7978.0,False,1.0,0.0062672348959638136
2021-09-02 11:25:00,0.000866497925017029,0.002740408570004904,0.002740408570004904,0,1.0,2.92583716771468,8028.0,False,1.0,0.002740408570004904
2021-09-02 14:10:00,0.0008357707993127406,0.0,0.0,0,1.0,2.92583716771468,8050.0,False,1.0,0.0
2021-09-02 14:55:00,0.0010079802013933659,-0.001242236024844745,-0.001242236024844745,0,1.0,2.924594931689835,8050.0,False,1.0,-0.001242236024844745
2021-09-02 21:35:00,0.0009222400258295238,0.0012437810945273853,0.0012437810945273853,0,1.0,2.9258387127843624,8040.0,False,1.0,0.0012437810945273853
2021-09-03 09:40:00,0.0007743270834907889,-0.00248447204968949,-0.00248447204968949,0,1.0,2.923354240734673,8050.0,False,1.0,-0.00248447204968949
2021-09-03 10:40:00,0.0007420036708936095,0.023661270236612797,0.023661270236612797,0,1.0,2.9470155109712857,8030.0,False,1.0,0.023661270236612797
2021-09-03 11:25:00,0.0008316530147567391,0.009732360097323589,0.009732360097323589,0,1.0,2.9567478710686093,8220.0,False,1.0,0.009732360097323589
2021-09-03 14:10:00,0.0008153340313583612,0.009156626506024113,0.009156626506024113,0,1.0,2.965904497574633,8300.0,False,1.0,0.009156626506024113
2021-09-03 14:55:00,0.0005504613509401679,-0.01002865329512892,-0.01002865329512892,0,1.0,2.9558758442795043,8376.0,False,1.0,-0.01002865329512892
2021-09-03 21:35:00,0.0003759204118978232,0.0026531596719729933,0.0026531596719729933,0,1.0,2.9585290039514773,8292.0,False,1.0,0.0026531596719729933
2021-09-06 09:40:00,0.00013013274292461574,-0.004570603800817863,-0.004570603800817863,0,1.0,2.9539584001506594,8314.0,False,1.0,-0.004570603800817863
2021-09-06 10:40:00,0.00025518840993754566,-0.0012083131947800974,-0.0012083131947800974,0,1.0,2.9527500869558794,8276.0,False,1.0,-0.0012083131947800974
2021-09-06 11:25:00,7.183583511505276e-05,0.006774739898378845,0.006774739898378845,0,1.0,2.959524826854258,8266.0,False,1.0,0.006774739898378845
2021-09-06 14:10:00,0.0008009468438103795,0.0012016342225427135,0.0012016342225427135,0,1.0,2.960726461076801,8322.0,False,1.0,0.0012016342225427135
2021-09-06 14:55:00,2.446462349325884e-05,-0.001440230436869916,-0.001440230436869916,0,1.0,2.959286230639931,8332.0,False,1.0,-0.001440230436869916
2021-09-07 09:40:00,3.8024827517801896e-05,0.0007211538461537881,0.0007211538461537881,0,1.0,2.960007384486085,8320.0,False,1.0,0.0007211538461537881
2021-09-07 10:40:00,0.00029269926017150283,-0.00048042277203941275,-0.00048042277203941275,0,1.0,2.9595269617140456,8326.0,False,1.0,-0.00048042277203941275
2021-09-07 11:25:00,0.000266429124167189,0.005287190579187806,0.005287190579187806,0,1.0,2.964814152293233,8322.0,False,1.0,0.005287190579187806
2021-09-07 14:10:00,0.00041409500408917665,0.0016734401147502354,0.0016734401147502354,0,1.0,2.9664875924079834,8366.0,False,1.0,0.0016734401147502354
2021-09-07 14:55:00,6.305621354840696e-05,0.0014319809069212042,0.0014319809069212042,0,1.0,2.9679195733149046,8380.0,False,1.0,0.0014319809069212042
2021-09-07 21:35:00,0.00027853858773596585,-0.004528122020972303,-0.004528122020972303,0,1.0,2.9633914512939326,8392.0,False,1.0,-0.004528122020972303
2021-09-08 09:40:00,-8.49825082696043e-05,-0.0011970313622217121,-0.0011970313622217121,0,1.0,2.9621944199317105,8354.0,False,0.0,-0.0011970313622217121
2021-09-08 10:40:00,6.305621354840696e-05,0.007430488974113025,0.0,1,0.0,2.9621944199317105,8344.0,False,0.0,0.007430488974113025
2021-09-08 11:25:00,0.00035306107020005584,0.0007137758743753775,0.0,1,0.0,2.9621944199317105,8406.0,False,1.0,0.0007137758743753775
2021-09-08 14:10:00,0.0005317615577951074,0.004755111745126106,0.004755111745126106,0,1.0,2.9669495316768364,8412.0,False,1.0,0.004755111745126106
2021-09-08 14:55:00,0.00047895783791318536,-0.0028395646000946018,-0.0028395646000946018,0,1.0,2.964109967076742,8452.0,False,1.0,-0.0028395646000946018
2021-09-08 21:35:00,0.0005316421156749129,0.003559563360227891,0.003559563360227891,0,1.0,2.96766953043697,8428.0,False,1.0,0.003559563360227891
2021-09-09 09:40:00,0.00017519108951091766,-0.0054386379758808445,-0.0054386379758808445,0,1.0,2.962230892461089,8458.0,False,1.0,-0.0054386379758808445
2021-09-09 10:40:00,0.0003405097813811153,0.007370423204945409,0.007370423204945409,0,1.0,2.9696013156660346,8412.0,False,1.0,0.007370423204945409
2021-09-09 11:25:00,0.00033925220486707985,-0.014632995043663,-0.014632995043663,0,1.0,2.9549683206223714,8474.0,False,1.0,-0.014632995043663
2021-09-09 14:10:00,0.00039110102807171643,0.013413173652694566,0.013413173652694566,0,1.0,2.968381494275066,8350.0,False,1.0,0.013413173652694566
2021-09-09 14:55:00,-0.00019220290414523333,0.0004727014890097969,0.0004727014890097969,0,1.0,2.9688541957640755,8462.0,False,0.0,0.0004727014890097969
2021-09-09 21:35:00,4.64001132058911e-05,-0.0009449562957712931,-0.0,1,0.0,2.9688541957640755,8466.0,False,0.0,-0.0009449562957712931
2021-09-10 09:40:00,-0.0003666587290354073,-0.010404350910380722,-0.0,1,0.0,2.9688541957640755,8458.0,False,-1.0,-0.010404350910380722
2021-09-10 10:40:00,-0.0002211355313193053,0.0131421744324971,-0.0131421744324971,1,-1.0,2.9557120213315784,8370.0,False,-1.0,0.0131421744324971
2021-09-10 11:25:00,0.00015376567898783833,-0.016037735849056656,0.016037735849056656,1,-1.0,2.9717497571806355,8480.0,False,0.0,-0.016037735849056656
2021-09-10 14:10:00,8.820243965601549e-05,-0.020373921380632765,-0.0,1,0.0,2.9717497571806355,8344.0,False,0.0,-0.020373921380632765
2021-09-10 14:55:00,0.00011096389062004164,-0.0007340347443112183,-0.0,1,0.0,2.9717497571806355,8174.0,False,0.0,-0.0007340347443112183
2021-09-10 21:35:00,0.0004756110720336437,0.007590597453476899,0.0,0,0.0,2.9717497571806355,8168.0,False,1.0,0.007590597453476899
2021-09-13 09:40:00,0.0003285316633991897,0.0051032806804374164,0.0051032806804374164,0,1.0,2.9768530378610727,8230.0,False,1.0,0.0051032806804374164
2021-09-13 10:40:00,0.00027969435905106366,-0.0004835589941972751,-0.0004835589941972751,0,1.0,2.9763694788668755,8272.0,False,1.0,-0.0004835589941972751
2021-09-13 11:25:00,0.00018843013094738126,0.005805515239477588,0.005805515239477588,0,1.0,2.9821749941063533,8268.0,False,1.0,0.005805515239477588
2021-09-13 14:10:00,0.0008848209399729967,-0.0014430014430014682,-0.0014430014430014682,0,1.0,2.9807319926633515,8316.0,False,1.0,-0.0014430014430014682
2021-09-13 14:55:00,0.00043686508433893323,-0.013728323699422007,-0.013728323699422007,0,1.0,2.9670036689639296,8304.0,False,1.0,-0.013728323699422007
2021-09-14 09:40:00,0.0003117024898529053,-0.00024420024420024333,-0.00024420024420024333,0,1.0,2.9667594687197294,8190.0,False,1.0,-0.00024420024420024333
2021-09-14 10:40:00,0.0004317845159675926,0.0,0.0,0,1.0,2.9667594687197294,8188.0,False,1.0,0.0
2021-09-14 11:25:00,0.00040784935117699206,0.01099169516365417,0.01099169516365417,0,1.0,2.977751163883384,8188.0,False,1.0,0.01099169516365417
2021-09-14 14:10:00,0.0007150077144615352,0.001449625513409103,0.001449625513409103,0,1.0,2.979200789396793,8278.0,False,1.0,0.001449625513409103
2021-09-14 14:55:00,0.00040524511132389307,-0.0014475271411339419,-0.0014475271411339419,0,1.0,2.977753262255659,8290.0,False,1.0,-0.0014475271411339419
2021-09-14 21:35:00,0.0006301380344666541,0.0,0.0,0,1.0,2.977753262255659,8278.0,False,1.0,0.0
2021-09-15 09:40:00,0.00035325795761309564,-0.002899251026818095,-0.002899251026818095,0,1.0,2.9748540112288406,8278.0,False,1.0,-0.002899251026818095
2021-09-15 10:40:00,0.00024827479501254857,0.009934577174703252,0.009934577174703252,0,1.0,2.9847885884035437,8254.0,False,1.0,0.009934577174703252
2021-09-15 11:25:00,0.0008153340313583612,0.011036468330134275,0.011036468330134275,0,1.0,2.995825056733678,8336.0,False,1.0,0.011036468330134275
2021-09-15 14:10:00,0.0007887301035225391,-0.0016611295681062677,-0.0016611295681062677,0,1.0,2.994163927165572,8428.0,False,1.0,-0.0016611295681062677
2021-09-15 14:55:00,0.0009148534736596048,0.0007130972189208773,0.0007130972189208773,0,1.0,2.9948770243844924,8414.0,False,1.0,0.0007130972189208773
2021-09-15 21:35:00,0.000900907616596669,0.009976247030878849,0.009976247030878849,0,1.0,3.0048532714153717,8420.0,False,1.0,0.009976247030878849
2021-09-16 09:40:00,0.0006722618127241731,0.005409219190968928,0.005409219190968928,0,1.0,3.0102624906063404,8504.0,False,1.0,0.005409219190968928
2021-09-16 10:40:00,0.0006688330904580653,0.0009356725146199008,0.0009356725146199008,0,1.0,3.0111981631209606,8550.0,False,1.0,0.0009356725146199008
2021-09-16 11:25:00,0.0004170372849330306,-0.005608787099789625,-0.005608787099789625,0,1.0,3.005589376021171,8558.0,False,1.0,-0.005608787099789625
2021-09-16 14:10:00,0.00048126501496881247,0.00047003525264388557,0.00047003525264388557,0,1.0,3.006059411273815,8510.0,False,1.0,0.00047003525264388557
2021-09-16 14:55:00,0.0005865949206054211,0.0030537937514680813,0.0030537937514680813,0,1.0,3.009113205025283,8514.0,False,1.0,0.0030537937514680813
2021-09-16 21:35:00,0.0007867582025937736,-0.005620608899297386,-0.005620608899297386,0,1.0,3.0034925961259855,8540.0,False,1.0,-0.005620608899297386
2021-09-17 09:40:00,0.00027797528309747577,0.003532736693358407,0.003532736693358407,0,1.0,3.007025332819344,8492.0,False,1.0,0.003532736693358407
2021-09-17 10:40:00,0.00029832118889316916,-0.026284909645623133,-0.026284909645623133,0,1.0,2.980740423173721,8522.0,False,1.0,-0.026284909645623133
2021-09-17 11:25:00,0.000605601875577122,-0.014461315979754197,-0.014461315979754197,0,1.0,2.9662791071939667,8298.0,False,1.0,-0.014461315979754197
2021-09-17 14:10:00,0.0006676590419374406,0.0,0.0,0,1.0,2.9662791071939667,8178.0,False,1.0,0.0
2021-09-17 14:55:00,0.0006930113304406404,0.003423820004891276,0.003423820004891276,0,1.0,2.969702927198858,8178.0,False,1.0,0.003423820004891276
2021-09-17 21:35:00,0.00036797847133129835,-0.00682427492078963,-0.00682427492078963,0,1.0,2.9628786522780683,8206.0,False,1.0,-0.00682427492078963
2021-09-22 09:40:00,0.00027174546266905963,0.003435582822085781,0.003435582822085781,0,1.0,2.966314235100154,8150.0,False,1.0,0.003435582822085781
2021-09-22 10:40:00,0.00025818520225584507,0.009048667155783896,0.009048667155783896,0,1.0,2.975362902255938,8178.0,False,1.0,0.009048667155783896
2021-09-22 11:25:00,0.00021843059221282601,0.00581677169171102,0.00581677169171102,0,1.0,2.981179673947649,8252.0,False,1.0,0.00581677169171102
2021-09-22 14:10:00,0.0007942623924463987,0.009879518072289262,0.009879518072289262,0,1.0,2.9910591920199385,8300.0,False,1.0,0.009879518072289262
2021-09-22 14:55:00,-0.0001190288458019495,-0.0011930326890956522,-0.0011930326890956522,0,1.0,2.989866159330843,8382.0,False,0.0,-0.0011930326890956522
2021-09-23 09:40:00,-6.27897898084484e-05,0.004777830864787447,0.0,1,0.0,2.989866159330843,8372.0,False,0.0,0.004777830864787447
2021-09-23 10:40:00,0.00010412854317110032,-0.0028530670470755526,-0.0,1,0.0,2.989866159330843,8412.0,False,0.0,-0.0028530670470755526
2021-09-23 11:25:00,-3.7192752643022686e-05,0.007868383404864066,0.0,1,0.0,2.989866159330843,8388.0,False,0.0,0.007868383404864066
2021-09-23 14:10:00,-6.642205698881298e-05,0.017269931393423255,0.0,1,0.0,2.989866159330843,8454.0,False,0.0,0.017269931393423255
2021-09-23 14:55:00,-0.0007213918725028634,0.007441860465116301,0.0,0,0.0,2.989866159330843,8600.0,False,-1.0,0.007441860465116301
2021-09-23 21:35:00,-0.0004476293397601694,-0.001846722068328699,0.001846722068328699,0,-1.0,2.991712881399171,8664.0,False,-1.0,-0.001846722068328699
2021-09-24 09:40:00,-0.0008228156948462129,-0.0016188714153561046,0.0016188714153561046,0,-1.0,2.9933317528145276,8648.0,False,-1.0,-0.0016188714153561046
2021-09-24 10:40:00,-0.0005523988511413336,0.0004632846884411457,-0.0004632846884411457,0,-1.0,2.9928684681260864,8634.0,False,-1.0,0.0004632846884411457
2021-09-24 11:25:00,-0.00013969621795695275,0.003704561241028026,-0.003704561241028026,0,-1.0,2.989163906885058,8638.0,False,-1.0,0.003704561241028026
2021-09-24 14:10:00,1.9461698684608564e-05,0.005305651672433687,-0.005305651672433687,0,-1.0,2.983858255212625,8670.0,False,0.0,0.005305651672433687
2021-09-24 14:55:00,0.00014333463332150131,-0.0013767783386874344,-0.0,1,0.0,2.983858255212625,8716.0,False,0.0,-0.0013767783386874344
2021-09-24 21:35:00,-0.0003376452368684113,0.0,0.0,1,0.0,2.983858255212625,8704.0,False,-1.0,0.0
2021-09-27 09:40:00,-0.000562974950298667,-0.006663602941176516,0.006663602941176516,1,-1.0,2.990521858153801,8704.0,False,-1.0,-0.006663602941176516
2021-09-27 10:40:00,-0.0007522098021581769,0.009715475364330262,-0.009715475364330262,1,-1.0,2.9808063827894706,8646.0,False,-1.0,0.009715475364330262
2021-09-27 11:25:00,-0.0006697445642203093,-0.010309278350515427,0.010309278350515427,0,-1.0,2.991115661139986,8730.0,False,-1.0,-0.010309278350515427
2021-09-27 14:10:00,0.00017049077723640949,0.0050925925925926485,-0.0050925925925926485,0,-1.0,2.986023068547394,8640.0,False,0.0,0.0050925925925926485
2021-09-27 14:55:00,-0.0007885143859311938,-0.011745739290649482,-0.0,1,0.0,2.986023068547394,8684.0,False,-1.0,-0.011745739290649482
2021-09-28 09:40:00,-0.0007696063257753849,-0.006059193661151263,0.006059193661151263,1,-1.0,2.992082262208545,8582.0,False,-1.0,-0.006059193661151263
2021-09-28 10:40:00,-0.0007170663448050618,-0.007268464243845307,0.007268464243845307,0,-1.0,2.9993507264523904,8530.0,False,-1.0,-0.007268464243845307
2021-09-28 11:25:00,-0.0007885143859311938,0.0063769485120452885,-0.0063769485120452885,0,-1.0,2.992973777940345,8468.0,False,-1.0,0.0063769485120452885
2021-09-28 14:10:00,1.5828447430976667e-05,0.013377141516075941,-0.013377141516075941,0,-1.0,2.979596636424269,8522.0,False,0.0,0.013377141516075941
2021-09-28 14:55:00,0.00034933036658912897,0.0,0.0,1,0.0,2.979596636424269,8636.0,False,1.0,0.0
2021-09-28 21:35:00,0.00047003873623907566,-0.005326540064844787,-0.005326540064844787,1,1.0,2.974270096359424,8636.0,False,1.0,-0.005326540064844787
2021-09-29 09:40:00,0.00017390382708981633,-0.00628637951105937,-0.00628637951105937,0,1.0,2.967983716848365,8590.0,False,1.0,-0.00628637951105937
2021-09-29 10:40:00,2.4977302018669434e-05,0.006091846298031944,0.006091846298031944,0,1.0,2.974075563146397,8536.0,False,1.0,0.006091846298031944
2021-09-29 11:25:00,0.0007124678231775761,-0.007685142058686534,-0.007685142058686534,0,1.0,2.96639042108771,8588.0,False,1.0,-0.007685142058686534
2021-09-29 14:10:00,0.0009659867500886321,0.014081201595869564,0.014081201595869564,0,1.0,2.98047162268358,8522.0,False,1.0,0.014081201595869564
2021-09-29 14:55:00,0.00108029181137681,-0.003934274473501476,-0.003934274473501476,0,1.0,2.9765373482100785,8642.0,False,1.0,-0.003934274473501476
2021-09-29 21:35:00,0.0010664137080311775,0.029739776951672958,0.029739776951672958,0,1.0,3.0062771251617515,8608.0,False,1.0,0.029739776951672958
2021-09-30 09:40:00,0.0007669224869459867,0.0002256317689530718,0.0002256317689530718,0,1.0,3.0065027569307046,8864.0,False,1.0,0.0002256317689530718
2021-09-30 10:40:00,0.0010547582060098648,-0.004511617414843183,-0.004511617414843183,0,1.0,3.0019911395158614,8866.0,False,1.0,-0.004511617414843183
2021-09-30 11:25:00,0.0008403302635997534,0.0013596193065941176,0.0013596193065941176,0,1.0,3.0033507588224557,8826.0,False,1.0,0.0013596193065941176
2021-09-30 14:10:00,0.000753090949729085,-0.004073319755600768,-0.004073319755600768,0,1.0,2.999277439066855,8838.0,False,1.0,-0.004073319755600768
2021-09-30 14:55:00,0.0009177975589409471,0.0018177686889342404,0.0018177686889342404,0,1.0,3.0010952077557893,8802.0,False,1.0,0.0018177686889342404
2021-09-30 21:35:00,0.00030506550683639944,0.05828986164663186,0.05828986164663186,0,1.0,3.0593850694024214,8818.0,False,1.0,0.05828986164663186
2021-10-08 09:40:00,-3.5321470932103693e-05,0.01007286755250747,0.01007286755250747,0,1.0,3.0694579369549286,9332.0,False,0.0,0.01007286755250747
2021-10-08 10:40:00,7.679906047997065e-06,-0.011033312115425464,-0.0,1,0.0,3.0694579369549286,9426.0,False,0.0,-0.011033312115425464
2021-10-08 11:25:00,0.00020079888054169714,-0.0025745548165629906,-0.0,1,0.0,3.0694579369549286,9322.0,False,0.0,-0.0025745548165629906
2021-10-08 14:10:00,0.0008891344768926501,0.009034200903420109,0.0,0,0.0,3.0694579369549286,9298.0,False,1.0,0.009034200903420109
2021-10-08 14:55:00,0.00031003166805021465,0.005968876572159498,0.005968876572159498,0,1.0,3.075426813527088,9382.0,False,1.0,0.005968876572159498
2021-10-11 09:40:00,3.622587246354669e-05,0.004662004662004726,0.004662004662004726,0,1.0,3.080088818189093,9438.0,False,1.0,0.004662004662004726
2021-10-11 10:40:00,0.00024598531308583915,-0.00021092596498628602,-0.00021092596498628602,0,1.0,3.079877892224107,9482.0,False,1.0,-0.00021092596498628602
2021-10-11 11:25:00,0.00031003166805021465,-0.00042194092827008145,-0.00042194092827008145,0,1.0,3.0794559512958366,9480.0,False,1.0,-0.00042194092827008145
2021-10-11 14:10:00,0.0007054373854771256,0.005487547488391753,0.005487547488391753,0,1.0,3.084943498784228,9476.0,False,1.0,0.005487547488391753
2021-10-11 14:55:00,9.222010703524575e-05,0.0016792611251048584,0.0016792611251048584,0,1.0,3.086622759909333,9528.0,False,1.0,0.0016792611251048584
2021-10-12 09:40:00,7.771775563014671e-05,-0.021165129924559878,-0.021165129924559878,0,1.0,3.065457629984773,9544.0,False,1.0,-0.021165129924559878
2021-10-12 10:40:00,-9.417878754902631e-05,0.005994433740098559,0.005994433740098559,0,1.0,3.0714520637248715,9342.0,False,0.0,0.005994433740098559
2021-10-12 11:25:00,0.00011785829701693729,-0.00510746967439879,-0.0,1,0.0,3.0714520637248715,9398.0,False,0.0,-0.00510746967439879
2021-10-12 14:10:00,0.0007049052510410547,0.005133689839572186,0.0,1,0.0,3.0714520637248715,9350.0,False,1.0,0.005133689839572186
2021-10-12 14:55:00,0.0001177840240416117,0.0006384337092999459,0.0006384337092999459,0,1.0,3.0720904974341714,9398.0,False,1.0,0.0006384337092999459
2021-10-12 21:35:00,0.00015439129492733628,-0.0038281582305401685,-0.0038281582305401685,0,1.0,3.0682623392036312,9404.0,False,1.0,-0.0038281582305401685
2021-10-13 09:40:00,-0.0001277845149161294,0.0006404782237403595,0.0006404782237403595,0,1.0,3.0689028174273716,9368.0,False,0.0,0.0006404782237403595
2021-10-13 10:40:00,-0.00011246513167861849,-0.012801365478984472,-0.0,1,0.0,3.0689028174273716,9374.0,False,0.0,-0.012801365478984472
2021-10-13 11:25:00,0.0008875282946974039,0.01426410200994166,0.0,1,0.0,3.0689028174273716,9254.0,False,1.0,0.01426410200994166
2021-10-13 14:10:00,0.0009108367376029491,0.00916258256978475,0.00916258256978475,1,1.0,3.0780653999971563,9386.0,False,1.0,0.00916258256978475
2021-10-13 14:55:00,0.0009387318277731538,0.0014780405405405705,0.0014780405405405705,1,1.0,3.079543440537697,9472.0,False,1.0,0.0014780405405405705
2021-10-13 21:35:00,0.0009736589854583144,-0.02614379084967322,-0.02614379084967322,0,1.0,3.053399649688024,9486.0,False,1.0,-0.02614379084967322
2021-10-14 09:40:00,0.0006902213208377361,0.0069279064732625795,0.0069279064732625795,0,1.0,3.060327556161287,9238.0,False,1.0,0.0069279064732625795
2021-10-14 10:40:00,0.0007354647386819124,-0.0006450225757901329,-0.0006450225757901329,0,1.0,3.0596825335854967,9302.0,False,1.0,-0.0006450225757901329
2021-10-14 11:25:00,0.0006971016991883516,0.002796901893287407,0.002796901893287407,0,1.0,3.0624794354787843,9296.0,False,1.0,0.002796901893287407
2021-10-14 14:10:00,0.0007528585847467184,-0.004720017163698742,-0.004720017163698742,0,1.0,3.0577594183150856,9322.0,False,1.0,-0.004720017163698742
2021-10-14 14:55:00,0.0007843062048777938,0.002155636990730736,0.002155636990730736,0,1.0,3.059915055305816,9278.0,False,1.0,0.002155636990730736
2021-10-14 21:35:00,0.0008263082709163427,0.0008604000860399363,0.0008604000860399363,0,1.0,3.0607754553918562,9298.0,False,1.0,0.0008604000860399363
2021-10-15 09:40:00,0.000585594680160284,0.003438641736513981,0.003438641736513981,0,1.0,3.06421409712837,9306.0,False,1.0,0.003438641736513981
2021-10-15 10:40:00,0.0008417731150984764,-0.005782822874277116,-0.005782822874277116,0,1.0,3.058431274254093,9338.0,False,1.0,-0.005782822874277116
2021-10-15 11:25:00,0.0010175679344683886,0.011632916846187058,0.011632916846187058,0,1.0,3.07006419110028,9284.0,False,1.0,0.011632916846187058
2021-10-15 14:10:00,0.0009392574429512024,0.0010647359454856176,0.0010647359454856176,0,1.0,3.0711289270457653,9392.0,False,1.0,0.0010647359454856176
2021-10-15 14:55:00,0.0010768708307296038,0.0012763241863433805,0.0012763241863433805,0,1.0,3.0724052512321087,9402.0,False,1.0,0.0012763241863433805
2021-10-15 21:35:00,0.000310183793772012,0.008285532186105726,0.008285532186105726,0,1.0,3.0806907834182145,9414.0,False,1.0,0.008285532186105726
2021-10-18 09:40:00,0.00010637926607159898,-0.005267593763168987,-0.005267593763168987,0,1.0,3.0754231896550452,9492.0,False,1.0,-0.005267593763168987
2021-10-18 10:40:00,0.0001887338876258582,0.0036009320059309236,0.0036009320059309236,0,1.0,3.079024121660976,9442.0,False,1.0,0.0036009320059309236
2021-10-18 11:25:00,0.0001887338876258582,0.003165892781764379,0.003165892781764379,0,1.0,3.08219001444274,9476.0,False,1.0,0.003165892781764379
2021-10-18 14:10:00,0.0008148490451276302,0.010940458657689778,0.010940458657689778,0,1.0,3.09313047310043,9506.0,False,1.0,0.010940458657689778
2021-10-18 14:55:00,-0.0003108844975940883,-0.005411030176899034,-0.005411030176899034,0,1.0,3.0877194429235306,9610.0,False,0.0,-0.005411030176899034
2021-10-19 09:40:00,-0.00039492856012657285,0.005440468717304858,0.0,1,0.0,3.0877194429235306,9558.0,False,-1.0,0.005440468717304858
2021-10-19 10:40:00,-9.392701031174511e-05,0.003329864724245679,-0.003329864724245679,1,-1.0,3.0843895781992847,9610.0,False,-1.0,0.003329864724245679
2021-10-19 11:25:00,-9.392701031174511e-05,-0.0033188135241650762,0.0033188135241650762,0,-1.0,3.08770839172345,9642.0,False,-1.0,-0.0033188135241650762
2021-10-19 14:10:00,0.00034800765570253134,0.009781477627471391,-0.009781477627471391,0,-1.0,3.077926914095978,9610.0,False,0.0,0.009781477627471391
2021-10-19 14:55:00,-0.0002665177744347602,0.0006183017312448857,0.0,1,0.0,3.077926914095978,9704.0,False,-1.0,0.0006183017312448857
2021-10-19 21:35:00,-0.00017730117542669177,-0.011740473738414026,0.011740473738414026,1,-1.0,3.089667387834392,9710.0,False,-1.0,-0.011740473738414026
2021-10-20 09:40:00,-0.0006187964463606477,-0.00041684035014588616,0.00041684035014588616,0,-1.0,3.090084228184538,9596.0,False,-1.0,-0.00041684035014588616
2021-10-20 10:40:00,-0.00034937410964630544,0.002502085070892335,-0.002502085070892335,0,-1.0,3.0875821431136456,9592.0,False,-1.0,0.002502085070892335
2021-10-20 11:25:00,0.00021819546236656606,0.00811148086522473,-0.00811148086522473,0,-1.0,3.079470662248421,9616.0,False,0.0,0.00811148086522473
2021-10-20 14:10:00,3.949496749555692e-05,0.0033010109345987804,0.0,1,0.0,3.079470662248421,9694.0,False,0.0,0.0033010109345987804
2021-10-20 14:55:00,-3.207356348866597e-05,0.010281719103434117,0.0,1,0.0,3.079470662248421,9726.0,False,0.0,0.010281719103434117
2021-10-20 21:35:00,0.0002522531431168318,0.016893954813759438,0.0,1,0.0,3.079470662248421,9826.0,False,1.0,0.016893954813759438
2021-10-21 09:40:00,-0.00011229684605496004,0.005204163330664535,0.005204163330664535,1,1.0,3.0846748255790857,9992.0,False,0.0,0.005204163330664535
2021-10-21 10:40:00,2.0658038920373656e-05,0.003385105535643085,0.0,1,0.0,3.0846748255790857,10044.0,False,0.0,0.003385105535643085
2021-10-21 11:25:00,-0.00020738592138513923,-0.00754117880531846,-0.0,1,0.0,3.0846748255790857,10078.0,False,-1.0,-0.00754117880531846
2021-10-21 14:10:00,-0.00017339488840661943,-0.004199160167966398,0.004199160167966398,1,-1.0,3.088873985747052,10002.0,False,-1.0,-0.004199160167966398
2021-10-21 14:55:00,-1.9222390619688667e-05,-0.007028112449799173,0.007028112449799173,1,-1.0,3.0959020981968512,9960.0,False,-1.0,-0.007028112449799173
2021-10-21 21:35:00,0.00018649216508492827,-0.03276036400404447,0.03276036400404447,0,-1.0,3.1286624622008956,9890.0,False,0.0,-0.03276036400404447
2021-10-22 09:40:00,-0.000250743527431041,-0.003345180848839613,-0.0,1,0.0,3.1286624622008956,9566.0,False,-1.0,-0.003345180848839613
2021-10-22 10:40:00,-0.00020967649470549077,-0.009020348227396724,0.009020348227396724,1,-1.0,3.1376828104282923,9534.0,False,-1.0,-0.009020348227396724
2021-10-22 11:25:00,0.0005832985043525696,0.0042337002540220325,-0.0042337002540220325,0,-1.0,3.1334491101742703,9448.0,False,0.0,0.0042337002540220325
2021-10-22 14:10:00,0.0004204233700875193,-0.018338954468802737,-0.0,1,0.0,3.1334491101742703,9488.0,False,1.0,-0.018338954468802737
2021-10-22 14:55:00,0.000596375553868711,0.01438694438479704,0.01438694438479704,1,1.0,3.1478360545590673,9314.0,False,1.0,0.01438694438479704
2021-10-22 21:35:00,-0.00030160770984366536,-0.0042337002540220325,-0.0042337002540220325,0,1.0,3.1436023543050453,9448.0,False,0.0,-0.0042337002540220325
2021-10-25 09:40:00,-0.0003921401803381741,0.015518707482993221,0.0,1,0.0,3.1436023543050453,9408.0,False,-1.0,0.015518707482993221
2021-10-25 10:40:00,-0.00048490718472748995,0.005024073686413999,-0.005024073686413999,1,-1.0,3.1385782806186313,9554.0,False,-1.0,0.005024073686413999
2021-10-25 11:25:00,-0.0006022877059876919,0.0010414496979795906,-0.0010414496979795906,0,-1.0,3.1375368309206517,9602.0,False,-1.0,0.0010414496979795906
2021-10-25 14:10:00,0.00015557593724224716,-0.0033291718684976823,0.0033291718684976823,0,-1.0,3.1408660027891493,9612.0,False,0.0,-0.0033291718684976823
2021-10-25 14:55:00,-0.0002993954694829881,0.016492693110647272,0.0,1,0.0,3.1408660027891493,9580.0,False,-1.0,0.016492693110647272
2021-10-26 09:40:00,-0.0004616003134287894,-0.001848428835489857,0.001848428835489857,1,-1.0,3.142714431624639,9738.0,False,-1.0,-0.001848428835489857
2021-10-26 10:40:00,-0.0004915320896543562,-0.0002057613168724437,0.0002057613168724437,0,-1.0,3.1429201929415114,9720.0,False,-1.0,-0.0002057613168724437
2021-10-26 11:25:00,-0.0006094002164900303,0.0016464293064417657,-0.0016464293064417657,0,-1.0,3.14127376363507,9718.0,False,-1.0,0.0016464293064417657
2021-10-26 14:10:00,0.00033705952228046954,-0.006163961372508742,0.006163961372508742,0,-1.0,3.1474377250075785,9734.0,False,0.0,-0.006163961372508742
2021-10-26 14:55:00,6.810974809923209e-06,0.003721314864585379,0.0,1,0.0,3.1474377250075785,9674.0,False,0.0,0.003721314864585379
2021-10-26 21:35:00,9.515362762613222e-05,-0.005561277033985568,-0.0,1,0.0,3.1474377250075785,9710.0,False,0.0,-0.005561277033985568
2021-10-27 09:40:00,-0.00024032866349443793,-0.0037282518641259532,-0.0,0,0.0,3.1474377250075785,9656.0,False,-1.0,-0.0037282518641259532
2021-10-27 10:40:00,-0.0002516184176784009,-0.00478170478170481,0.00478170478170481,1,-1.0,3.1522194297892834,9620.0,False,-1.0,-0.00478170478170481
2021-10-27 11:25:00,0.0006756296497769654,0.011907248798830095,-0.011907248798830095,1,-1.0,3.1403121809904535,9574.0,False,0.0,0.011907248798830095
2021-10-27 14:10:00,0.0007476453320123255,-0.003922378199834875,-0.0,1,0.0,3.1403121809904535,9688.0,False,1.0,-0.003922378199834875
2021-10-27 14:55:00,0.0007752887322567403,-0.005803108808290158,-0.005803108808290158,1,1.0,3.1345090721821633,9650.0,False,1.0,-0.005803108808290158
2021-10-27 21:35:00,0.000935745716560632,-0.008338544923910729,-0.008338544923910729,0,1.0,3.1261705272582527,9594.0,False,1.0,-0.008338544923910729
2021-10-28 09:40:00,0.000539158470928669,-0.005886062644523848,-0.005886062644523848,0,1.0,3.1202844646137287,9514.0,False,1.0,-0.005886062644523848
2021-10-28 10:40:00,0.0006576943560503423,-0.013956438993444675,-0.013956438993444675,0,1.0,3.106328025620284,9458.0,False,1.0,-0.013956438993444675
2021-10-28 11:25:00,0.0008195858099497855,0.0021445421402530584,0.0021445421402530584,0,1.0,3.108472567760537,9326.0,False,1.0,0.0021445421402530584
2021-10-28 14:10:00,0.000829882628750056,0.016263642199871642,0.016263642199871642,0,1.0,3.1247362099604086,9346.0,False,1.0,0.016263642199871642
2021-10-28 14:55:00,0.0009244459215551615,-0.006948831332912242,-0.006948831332912242,0,1.0,3.1177873786274963,9498.0,False,1.0,-0.006948831332912242
2021-10-28 21:35:00,0.0010592854814603925,0.008693808312128848,0.008693808312128848,0,1.0,3.126481186939625,9432.0,False,1.0,0.008693808312128848
2021-10-29 09:40:00,0.0008476680377498269,0.006096279167542518,0.006096279167542518,0,1.0,3.1325774661071675,9514.0,False,1.0,0.006096279167542518
2021-10-29 10:40:00,0.000942050653975457,0.007939824488090164,0.007939824488090164,0,1.0,3.1405172905952576,9572.0,False,1.0,0.007939824488090164
2021-10-29 11:25:00,0.0009034389513544738,0.0024875621890547706,0.0024875621890547706,0,1.0,3.1430048527843124,9648.0,False,1.0,0.0024875621890547706
2021-10-29 14:10:00,0.0010066600516438484,0.00454921422663368,0.00454921422663368,0,1.0,3.147554067010946,9672.0,False,1.0,0.00454921422663368
2021-10-29 14:55:00,0.0009435528772883117,0.0032935364347468354,0.0032935364347468354,0,1.0,3.150847603445693,9716.0,False,1.0,0.0032935364347468354
2021-10-29 21:35:00,0.0007289281929843128,-0.003282724661469061,-0.003282724661469061,0,1.0,3.147564878784224,9748.0,False,1.0,-0.003282724661469061
2021-11-01 09:40:00,0.0004924267996102571,0.00185261424454497,0.00185261424454497,0,1.0,3.149417493028769,9716.0,False,1.0,0.00185261424454497
2021-11-01 10:40:00,0.0004211753548588604,-0.002260119169919861,-0.002260119169919861,0,1.0,3.147157373858849,9734.0,False,1.0,-0.002260119169919861
2021-11-01 11:25:00,0.0004865929076913744,0.008031301482701814,0.008031301482701814,0,1.0,3.155188675341551,9712.0,False,1.0,0.008031301482701814
2021-11-01 14:10:00,0.00015122295008040965,-0.011235955056179803,-0.011235955056179803,0,1.0,3.1439527202853714,9790.0,False,1.0,-0.011235955056179803
2021-11-01 14:55:00,-0.00021729008585680276,0.003925619834710847,0.003925619834710847,0,1.0,3.1478783401200823,9680.0,False,0.0,0.003925619834710847
2021-11-02 09:40:00,-0.00021729008585680276,-0.0047334842560197155,-0.0,1,0.0,3.1478783401200823,9718.0,False,0.0,-0.0047334842560197155
2021-11-02 10:40:00,-0.00021729008585680276,0.0006203473945409765,0.0,1,0.0,3.1478783401200823,9672.0,False,0.0,0.0006203473945409765
2021-11-02 11:25:00,-0.00027141798636876047,-0.007646207894193013,-0.0,0,0.0,3.1478783401200823,9678.0,False,-1.0,-0.007646207894193013
2021-11-02 14:10:00,0.0004080526123289019,0.0035401915868387146,-0.0035401915868387146,0,-1.0,3.144338148533244,9604.0,False,0.0,0.0035401915868387146
2021-11-02 14:55:00,-0.0002356455661356449,0.004357750570657792,0.0,1,0.0,3.144338148533244,9638.0,False,0.0,0.004357750570657792
2021-11-02 21:35:00,1.8734093828243203e-05,0.002892561983470987,0.0,1,0.0,3.144338148533244,9680.0,False,0.0,0.002892561983470987
2021-11-03 09:40:00,-0.00033998736762441695,-0.004120313143798904,-0.0,1,0.0,3.144338148533244,9708.0,False,-1.0,-0.004120313143798904
2021-11-03 10:40:00,-0.0002646612992975861,-0.00020686801820435363,0.00020686801820435363,1,-1.0,3.144545016551448,9668.0,False,-1.0,-0.00020686801820435363
2021-11-03 11:25:00,0.0008526049787178636,0.008897165321746225,-0.008897165321746225,0,-1.0,3.135647851229702,9666.0,False,0.0,0.008897165321746225
2021-11-03 14:10:00,0.0008042251574806869,0.016406890894175463,0.0,1,0.0,3.135647851229702,9752.0,False,1.0,0.016406890894175463
2021-11-03 14:55:00,0.0003022954042535275,0.0028248587570620654,0.0028248587570620654,1,1.0,3.1384727099867638,9912.0,False,1.0,0.0028248587570620654
2021-11-03 21:35:00,0.0005148275522515178,-0.013682092555332037,-0.013682092555332037,0,1.0,3.1247906174314317,9940.0,False,1.0,-0.013682092555332037
2021-11-04 09:40:00,4.912677832180634e-05,-0.009995920032639716,-0.009995920032639716,0,1.0,3.114794697398792,9804.0,False,1.0,-0.009995920032639716
2021-11-04 10:40:00,0.0002027070731855929,0.0004121162167731729,0.0004121162167731729,0,1.0,3.115206813615565,9706.0,False,1.0,0.0004121162167731729
2021-11-04 11:25:00,0.000424519443186,-0.0032955715756951554,-0.0032955715756951554,0,1.0,3.1119112420398696,9710.0,False,1.0,-0.0032955715756951554
2021-11-04 14:10:00,0.00015027039626147598,-0.009712750568299233,-0.009712750568299233,0,1.0,3.1021984914715706,9678.0,False,1.0,-0.009712750568299233
2021-11-04 14:55:00,0.0006788644823245704,-0.0039649415692821766,-0.0039649415692821766,0,1.0,3.0982335499022886,9584.0,False,1.0,-0.0039649415692821766
2021-11-04 21:35:00,0.0009880344150587916,-0.007751937984496138,-0.007751937984496138,0,1.0,3.0904816119177925,9546.0,False,1.0,-0.007751937984496138
2021-11-05 09:40:00,0.0005280975019559264,-0.0038006756756756577,-0.0038006756756756577,0,1.0,3.086680936242117,9472.0,False,1.0,-0.0038006756756756577
2021-11-05 10:40:00,0.0007642277632839978,0.004451038575667754,0.004451038575667754,0,1.0,3.0911319748177846,9436.0,False,1.0,0.004451038575667754
2021-11-05 11:25:00,0.0010621825931593776,-0.002743194766828494,-0.002743194766828494,0,1.0,3.088388780050956,9478.0,False,1.0,-0.002743194766828494
2021-11-05 14:10:00,0.0010621825931593776,0.0012695725772322586,0.0012695725772322586,0,1.0,3.089658352628188,9452.0,False,1.0,0.0012695725772322586
2021-11-05 14:55:00,0.0009584727813489735,0.0010566356720203007,0.0010566356720203007,0,1.0,3.090714988300208,9464.0,False,1.0,0.0010566356720203007
2021-11-05 21:35:00,7.712348451605067e-05,-0.02849905003166564,-0.02849905003166564,0,1.0,3.0622159382685425,9474.0,False,1.0,-0.02849905003166564
2021-11-08 09:40:00,-0.00019818164582829922,-0.006953498478922238,-0.006953498478922238,0,1.0,3.05526243978962,9204.0,False,0.0,-0.006953498478922238
2021-11-08 10:40:00,-0.00018324879056308419,-0.0019693654266957905,-0.0,1,0.0,3.05526243978962,9140.0,False,0.0,-0.0019693654266957905
2021-11-08 11:25:00,-1.021011485136114e-06,0.0019732514799386536,0.0,1,0.0,3.05526243978962,9122.0,False,0.0,0.0019732514799386536
2021-11-08 14:10:00,0.0010022572241723537,0.010284463894967066,0.0,0,0.0,3.05526243978962,9140.0,False,1.0,0.010284463894967066
2021-11-08 14:55:00,0.000122923418530263,-0.004115226337448541,-0.004115226337448541,1,1.0,3.0511472134521718,9234.0,False,1.0,-0.004115226337448541
2021-11-09 09:40:00,5.243961277301423e-05,-0.009351892127011707,-0.009351892127011707,1,1.0,3.04179532132516,9196.0,False,1.0,-0.009351892127011707
2021-11-09 10:40:00,3.8879381463630125e-05,-0.010976948408342513,-0.010976948408342513,0,1.0,3.0308183729168174,9110.0,False,1.0,-0.010976948408342513
2021-11-09 11:25:00,0.00015097534924279898,-0.0004439511653717698,-0.0004439511653717698,0,1.0,3.0303744217514454,9010.0,False,1.0,-0.0004439511653717698
2021-11-09 14:10:00,0.0006375375669449568,-0.012436153675327577,-0.012436153675327577,0,1.0,3.0179382680761178,9006.0,False,1.0,-0.012436153675327577
2021-11-09 14:55:00,0.0003673123719636351,0.006296379581740563,0.006296379581740563,0,1.0,3.0242346476578583,8894.0,False,1.0,0.006296379581740563
2021-11-09 21:35:00,0.0005864288541488349,-0.0017877094972067464,-0.0017877094972067464,0,1.0,3.022446938160652,8950.0,False,1.0,-0.0017877094972067464
2021-11-10 09:40:00,0.0003748819581232965,0.014998880680546334,0.014998880680546334,0,1.0,3.0374458188411984,8934.0,False,1.0,0.014998880680546334
2021-11-10 10:40:00,0.0003867190971504897,0.0030877812086458345,0.0030877812086458345,0,1.0,3.0405336000498444,9068.0,False,1.0,0.0030877812086458345
2021-11-10 11:25:00,0.0009724191622808576,0.0037379067722076442,0.0037379067722076442,0,1.0,3.044271506822052,9096.0,False,1.0,0.0037379067722076442
2021-11-10 14:10:00,0.000951973139308393,0.0004381161007667167,0.0004381161007667167,0,1.0,3.0447096229228188,9130.0,False,1.0,0.0004381161007667167
2021-11-10 14:55:00,0.0007489970303140581,0.015546310488285586,0.015546310488285586,0,1.0,3.0602559334111046,9134.0,False,1.0,0.015546310488285586
2021-11-10 21:35:00,0.0009030528599396348,0.010996119016817518,0.010996119016817518,0,1.0,3.071252052427922,9276.0,False,1.0,0.010996119016817518
2021-11-11 09:40:00,0.0006508358055725694,0.0017061207080399932,0.0017061207080399932,0,1.0,3.072958173135962,9378.0,False,1.0,0.0017061207080399932
2021-11-11 10:40:00,0.0007489970303140581,-0.003619331488183941,-0.003619331488183941,0,1.0,3.069338841647778,9394.0,False,1.0,-0.003619331488183941
2021-11-11 11:25:00,0.000292717304546386,0.004914529914529897,0.004914529914529897,0,1.0,3.0742533715623077,9360.0,False,1.0,0.004914529914529897
2021-11-11 14:10:00,0.00045947081525810063,-0.00106315118009781,-0.00106315118009781,0,1.0,3.0731902203822097,9406.0,False,1.0,-0.00106315118009781
2021-11-11 14:55:00,0.0003153628495056182,-0.002128565346956157,-0.002128565346956157,0,1.0,3.0710616550352534,9396.0,False,1.0,-0.002128565346956157
2021-11-11 21:35:00,0.0004774914123117924,0.00426621160409546,0.00426621160409546,0,1.0,3.075327866639349,9376.0,False,1.0,0.00426621160409546
2021-11-12 09:40:00,0.0001142930195783265,0.0019116397621070647,0.0019116397621070647,0,1.0,3.077239506401456,9416.0,False,1.0,0.0019116397621070647
2021-11-12 10:40:00,0.0002781779912766069,0.00190799236803052,0.00190799236803052,0,1.0,3.0791474987694865,9434.0,False,1.0,0.00190799236803052
2021-11-12 11:25:00,0.0005981216672807932,0.00021159542953874677,0.00021159542953874677,0,1.0,3.079359094199025,9452.0,False,1.0,0.00021159542953874677
2021-11-12 14:10:00,0.0007353337714448571,0.003807911994922808,0.003807911994922808,0,1.0,3.083167006193948,9454.0,False,1.0,0.003807911994922808
2021-11-12 14:55:00,0.0004199937975499779,-0.005057955742887255,-0.005057955742887255,0,1.0,3.0781090504510606,9490.0,False,1.0,-0.005057955742887255
2021-11-12 21:35:00,-0.00021294460748322308,0.008684600720186397,0.008684600720186397,0,1.0,3.086793651171247,9442.0,False,0.0,0.008684600720186397
2021-11-15 09:40:00,-0.00042044493602588773,-0.0031499370012599837,-0.0,1,0.0,3.086793651171247,9524.0,False,-1.0,-0.0031499370012599837
2021-11-15 10:40:00,-0.0002413540642010048,-0.0056878028228354305,0.0056878028228354305,1,-1.0,3.092481453994082,9494.0,False,-1.0,-0.0056878028228354305
2021-11-15 11:25:00,-0.00032539814128540456,0.0008474576271186862,-0.0008474576271186862,0,-1.0,3.0916339963669635,9440.0,False,-1.0,0.0008474576271186862
2021-11-15 14:10:00,0.00014472665498033166,0.004445385266723223,-0.004445385266723223,0,-1.0,3.08718861110024,9448.0,False,0.0,0.004445385266723223
2021-11-15 14:55:00,-0.000580010237172246,-0.00042149631190724346,-0.0,1,0.0,3.08718861110024,9490.0,False,-1.0,-0.00042149631190724346
2021-11-16 09:40:00,-0.0006632441654801369,0.01349356947079916,-0.01349356947079916,1,-1.0,3.073695041629441,9486.0,False,-1.0,0.01349356947079916
2021-11-16 10:40:00,-0.0006557342130690813,0.006656958602038632,-0.006656958602038632,0,-1.0,3.0670380830274024,9614.0,False,-1.0,0.006656958602038632
2021-11-16 11:25:00,-0.00048348773270845413,-0.002273196941516842,0.002273196941516842,0,-1.0,3.069311279968919,9678.0,False,-1.0,-0.002273196941516842
2021-11-16 14:10:00,-0.00016480780323036015,-0.01594863297431648,0.01594863297431648,0,-1.0,3.0852599129432354,9656.0,False,-1.0,-0.01594863297431648
2021-11-16 14:55:00,-0.0008203369798138738,-0.0008419280151547026,0.0008419280151547026,0,-1.0,3.0861018409583902,9502.0,False,-1.0,-0.0008419280151547026
2021-11-16 21:35:00,-0.00031911590485833585,0.00252791236570471,-0.00252791236570471,0,-1.0,3.0835739285926858,9494.0,False,-1.0,0.00252791236570471
2021-11-17 09:40:00,-0.0006635650061070919,0.005253204454717331,-0.005253204454717331,0,-1.0,3.0783207241379684,9518.0,False,-1.0,0.005253204454717331
2021-11-17 10:40:00,-0.0004989252774976194,0.006061872909699062,-0.006061872909699062,0,-1.0,3.0722588512282694,9568.0,False,-1.0,0.006061872909699062
2021-11-17 11:25:00,0.00016144402616191655,-0.00373987118221486,0.00373987118221486,0,-1.0,3.075998722410484,9626.0,False,0.0,-0.00373987118221486
2021-11-17 14:10:00,0.0002900973195210099,0.0008342022940563965,0.0,1,0.0,3.075998722410484,9590.0,False,1.0,0.0008342022940563965
2021-11-17 14:55:00,-0.0007327302009798586,0.006251302354657318,0.006251302354657318,1,1.0,3.082250024765141,9598.0,False,0.0,0.006251302354657318
2021-11-17 21:35:00,0.00024223678337875754,0.006212466349140522,0.0,1,0.0,3.082250024765141,9658.0,False,0.0,0.006212466349140522
2021-11-18 09:40:00,-0.0006250314763747156,-0.010495986828565562,-0.0,1,0.0,3.082250024765141,9718.0,False,-1.0,-0.010495986828565562
2021-11-18 10:40:00,-0.002226603217422962,0.007071547420965052,-0.007071547420965052,1,-1.0,3.075178477344176,9616.0,False,-1.0,0.007071547420965052
2021-11-18 11:25:00,-0.0022719716653227806,-0.0018587360594795044,0.0018587360594795044,1,-1.0,3.0770372134036554,9684.0,False,-1.0,-0.0018587360594795044
2021-11-18 14:10:00,-0.0018039059359580278,0.012000827643285694,-0.012000827643285694,0,-1.0,3.0650363857603695,9666.0,False,-1.0,0.012000827643285694
2021-11-18 14:55:00,-0.0010597832733765244,-0.0028624003271314757,0.0028624003271314757,0,-1.0,3.067898786087501,9782.0,False,-1.0,-0.0028624003271314757
2021-11-18 21:35:00,0.0006246341508813202,0.008406807463604782,-0.008406807463604782,0,-1.0,3.059491978623896,9754.0,False,0.0,0.008406807463604782
2021-11-19 09:40:00,-0.00023937781224958599,-0.002846685644570912,-0.0,1,0.0,3.059491978623896,9836.0,False,0.0,-0.002846685644570912
2021-11-19 10:40:00,-0.0016784233739599586,0.0026508972267536013,0.0,1,0.0,3.059491978623896,9808.0,False,-1.0,0.0026508972267536013
2021-11-19 11:25:00,-0.0008721899357624352,0.0038641448037421977,-0.0038641448037421977,0,-1.0,3.0556278338201537,9834.0,False,-1.0,0.0038641448037421977
2021-11-19 14:10:00,0.000165218734764494,0.00020259319286863864,-0.00020259319286863864,0,-1.0,3.055425240627285,9872.0,False,0.0,0.00020259319286863864
2021-11-19 14:55:00,-0.00080869160592556,0.009925055701843322,0.0,1,0.0,3.055425240627285,9874.0,False,-1.0,0.009925055701843322
2021-11-19 21:35:00,-0.0012559426249936223,-0.0026073004412354717,0.0026073004412354717,1,-1.0,3.0580325410685205,9972.0,False,-1.0,-0.0026073004412354717
2021-11-22 09:40:00,-0.0016413865378126502,-0.012065151819827036,0.012065151819827036,0,-1.0,3.0700976928883477,9946.0,False,-1.0,-0.012065151819827036
2021-11-22 10:40:00,-0.0018164345528930426,-0.007531040097700004,0.007531040097700004,0,-1.0,3.0776287329860477,9826.0,False,-1.0,-0.007531040097700004
2021-11-22 11:25:00,-0.0015635279705747962,0.0022559474979491068,-0.0022559474979491068,0,-1.0,3.0753727854880983,9752.0,False,-1.0,0.0022559474979491068
2021-11-22 14:10:00,-0.0008311785641126335,-0.005934110906486545,0.005934110906486545,0,-1.0,3.081306896394585,9774.0,False,-1.0,-0.005934110906486545
2021-11-22 14:55:00,-0.0015397067181766033,0.0057636887608070175,-0.0057636887608070175,0,-1.0,3.075543207633778,9716.0,False,-1.0,0.0057636887608070175
2021-11-23 09:40:00,-0.0011654847767204046,0.012075317232910443,-0.012075317232910443,0,-1.0,3.0634678904008674,9772.0,False,-1.0,0.012075317232910443
2021-11-23 10:40:00,0.0008537567919120193,0.0010111223458038054,-0.0010111223458038054,0,-1.0,3.0624567680550636,9890.0,False,0.0,0.0010111223458038054
2021-11-23 11:25:00,0.0009166577365249395,0.00121212121212122,0.0,1,0.0,3.0624567680550636,9900.0,False,1.0,0.00121212121212122
2021-11-23 14:10:00,0.0009609385742805898,-0.030064568200161457,-0.030064568200161457,1,1.0,3.032392199854902,9912.0,False,1.0,-0.030064568200161457
2021-11-23 14:55:00,-0.0004827893280889839,-0.0070730185146661295,-0.0070730185146661295,0,1.0,3.025319181340236,9614.0,False,0.0,-0.0070730185146661295
2021-11-23 21:35:00,-9.335103095509112e-05,-0.0008380473496752971,-0.0,1,0.0,3.025319181340236,9546.0,False,0.0,-0.0008380473496752971
2021-11-24 09:40:00,-0.0006047249771654606,0.004193751310547222,0.0,1,0.0,3.025319181340236,9538.0,False,-1.0,0.004193751310547222
2021-11-24 10:40:00,0.00027925337781198323,0.004802672791814677,-0.004802672791814677,0,-1.0,3.020516508548421,9578.0,False,0.0,0.004802672791814677
2021-11-24 11:25:00,-8.689270180184394e-05,-0.009559434746467144,-0.0,1,0.0,3.020516508548421,9624.0,False,0.0,-0.009559434746467144
2021-11-24 14:10:00,0.0003797052486333996,0.003357112882920621,0.0,1,0.0,3.020516508548421,9532.0,False,1.0,0.003357112882920621
2021-11-24 14:55:00,0.0010066436370834708,0.0010455876202426495,0.0010455876202426495,1,1.0,3.0215620961686636,9564.0,False,1.0,0.0010455876202426495
2021-11-24 21:35:00,0.0007049492560327053,0.01671192813870892,0.01671192813870892,1,1.0,3.0382740243073725,9574.0,False,1.0,0.01671192813870892
2021-11-25 09:40:00,-0.0003690077573992312,-0.006369426751592355,-0.006369426751592355,0,1.0,3.03190459755578,9734.0,False,0.0,-0.006369426751592355
2021-11-25 10:40:00,0.0009898855350911617,0.0,0.0,1,0.0,3.03190459755578,9672.0,False,1.0,0.0
2021-11-25 11:25:00,0.0021220268681645393,0.0,0.0,1,1.0,3.03190459755578,9672.0,False,1.0,0.0
2021-11-25 14:10:00,0.0022773360833525658,-0.0006203473945409765,-0.0006203473945409765,0,1.0,3.0312842501612387,9672.0,False,1.0,-0.0006203473945409765
2021-11-25 14:55:00,0.0024588436353951693,0.004345127250155123,0.004345127250155123,0,1.0,3.035629377411394,9666.0,False,1.0,0.004345127250155123
2021-11-25 21:35:00,0.0009394132648594677,-0.02142562834775441,-0.02142562834775441,0,1.0,3.0142037490636393,9708.0,False,1.0,-0.02142562834775441
2021-11-26 09:40:00,-0.0007051681750454009,0.00968421052631574,0.00968421052631574,0,1.0,3.0238879595899553,9500.0,False,0.0,0.00968421052631574
2021-11-26 10:40:00,-0.00015069564688019454,-0.004378648874061697,-0.0,1,0.0,3.0238879595899553,9592.0,False,0.0,-0.004378648874061697
2021-11-26 11:25:00,0.0006260736845433712,0.006282722513089034,0.0,1,0.0,3.0238879595899553,9550.0,False,1.0,0.006282722513089034
2021-11-26 14:10:00,-0.0003456848789937794,-0.011238293444328806,-0.011238293444328806,1,1.0,3.0126496661456263,9610.0,False,0.0,-0.011238293444328806
2021-11-26 14:55:00,0.000495120242703706,-0.0014733740265207018,-0.0,1,0.0,3.0126496661456263,9502.0,False,1.0,-0.0014733740265207018
2021-11-26 21:35:00,0.0005641912575811148,-0.012436762225969678,-0.012436762225969678,1,1.0,3.000212903919657,9488.0,False,1.0,-0.012436762225969678
2021-11-29 09:40:00,0.00021211704006418586,0.016221985058697985,0.016221985058697985,1,1.0,3.0164348889783548,9370.0,False,1.0,0.016221985058697985
2021-11-29 10:40:00,0.002217603847384453,0.005881117412308345,0.005881117412308345,0,1.0,3.022316006390663,9522.0,False,1.0,0.005881117412308345
2021-11-29 11:25:00,0.00035271557862870395,0.001461683023595839,0.001461683023595839,0,1.0,3.023777689414259,9578.0,False,1.0,0.001461683023595839
2021-11-29 14:10:00,0.0016549754654988647,-0.011676396997497895,-0.011676396997497895,0,1.0,3.012101292416761,9592.0,False,1.0,-0.011676396997497895
2021-11-29 14:55:00,0.0002761791693046689,-0.00421940928270037,-0.00421940928270037,0,1.0,3.0078818831340604,9480.0,False,1.0,-0.00421940928270037
2021-11-30 09:40:00,0.0005681371549144387,-0.028601694915254217,-0.028601694915254217,0,1.0,2.979280188218806,9440.0,False,1.0,-0.028601694915254217
2021-11-30 10:40:00,0.0004012742720078677,0.005234460196292368,0.005234460196292368,0,1.0,2.9845146484150984,9170.0,False,1.0,0.005234460196292368
2021-11-30 11:25:00,0.00022892560809850693,0.0019527012367108743,0.0019527012367108743,0,1.0,2.986467349651809,9218.0,False,1.0,0.0019527012367108743
2021-11-30 14:10:00,0.0007517852354794741,-0.014724989172802072,-0.014724989172802072,0,1.0,2.9717423604790074,9236.0,False,1.0,-0.014724989172802072
2021-11-30 14:55:00,0.0007285464089363813,0.00219780219780219,0.00219780219780219,0,1.0,2.9739401626768096,9100.0,False,1.0,0.00219780219780219
2021-11-30 21:35:00,0.0005502622807398438,-0.0026315789473684292,-0.0026315789473684292,0,1.0,2.971308583729441,9120.0,False,1.0,-0.0026315789473684292
2021-12-01 09:40:00,0.00019366189371794462,0.0019788918205805306,0.0019788918205805306,0,1.0,2.9732874755500216,9096.0,False,1.0,0.0019788918205805306
2021-12-01 10:40:00,0.000675138202495873,0.0035110818520955878,0.0035110818520955878,0,1.0,2.976798557402117,9114.0,False,1.0,0.0035110818520955878
2021-12-01 11:25:00,0.0015682826051488519,0.00459217144106705,0.00459217144106705,0,1.0,2.9813907288431842,9146.0,False,1.0,0.00459217144106705
2021-12-01 14:10:00,0.0014610796933993697,0.006094906399651823,0.006094906399651823,0,1.0,2.9874856352428356,9188.0,False,1.0,0.006094906399651823
2021-12-01 14:55:00,0.0032012052834033966,0.0012981393336217728,0.0012981393336217728,0,1.0,2.988783774576458,9244.0,False,1.0,0.0012981393336217728
2021-12-01 21:35:00,0.002334298100322485,-0.011019878997407084,-0.011019878997407084,0,1.0,2.9777638955790504,9256.0,False,1.0,-0.011019878997407084
2021-12-02 09:40:00,0.001837064977735281,-0.00262180467555162,-0.00262180467555162,0,1.0,2.975142090903499,9154.0,False,1.0,-0.00262180467555162
2021-12-02 10:40:00,0.0021537821739912033,-0.004600219058050414,-0.004600219058050414,0,1.0,2.9705418718454486,9130.0,False,1.0,-0.004600219058050414
2021-12-02 11:25:00,0.0014457014622166753,-0.005721830985915499,-0.005721830985915499,0,1.0,2.964820040859533,9088.0,False,1.0,-0.005721830985915499
2021-12-02 14:10:00,0.0017247997457161546,0.007304116865869847,0.007304116865869847,0,1.0,2.972124157725403,9036.0,False,1.0,0.007304116865869847
2021-12-02 14:55:00,0.00261287996545434,0.001098659635244914,0.001098659635244914,0,1.0,2.973222817360648,9102.0,False,1.0,0.001098659635244914
2021-12-02 21:35:00,0.0025688367895781994,0.008121158911325699,0.008121158911325699,0,1.0,2.9813439762719733,9112.0,False,1.0,0.008121158911325699
2021-12-03 09:40:00,0.0016779782017692924,0.009797517962116364,0.009797517962116364,0,1.0,2.99114149423409,9186.0,False,1.0,0.009797517962116364
2021-12-03 10:40:00,0.002567710354924202,-0.004743423889607579,-0.004743423889607579,0,1.0,2.9863980703444826,9276.0,False,1.0,-0.004743423889607579
2021-12-03 11:25:00,0.003050090279430151,0.010398613518197486,0.010398613518197486,0,1.0,2.99679668386268,9232.0,False,1.0,0.010398613518197486
2021-12-03 14:10:00,0.0028328970074653625,0.008147512864493889,0.008147512864493889,0,1.0,3.0049441967271737,9328.0,False,1.0,0.008147512864493889
2021-12-03 14:55:00,-0.0004345695488154888,0.007443641003828105,0.007443641003828105,0,1.0,3.012387837731002,9404.0,False,0.0,0.007443641003828105
2021-12-03 21:35:00,0.00048594328109174967,0.012877348532826627,0.0,1,0.0,3.012387837731002,9474.0,False,1.0,0.012877348532826627
2021-12-06 09:40:00,-0.00018225186795461923,-0.005002084201750745,-0.005002084201750745,1,1.0,3.007385753529251,9596.0,False,0.0,-0.005002084201750745
2021-12-06 10:40:00,0.0013840877218171954,-0.004398826979472137,-0.0,1,0.0,3.007385753529251,9548.0,False,1.0,-0.004398826979472137
2021-12-06 11:25:00,0.001380493980832398,-0.0027351146644224444,-0.0027351146644224444,1,1.0,3.004650638864829,9506.0,False,1.0,-0.0027351146644224444
2021-12-06 14:10:00,0.0007273158407770097,-0.00021097046413498521,-0.00021097046413498521,0,1.0,3.004439668400694,9480.0,False,1.0,-0.00021097046413498521
2021-12-06 14:55:00,0.00013911780843045563,0.004009284659210799,0.004009284659210799,0,1.0,3.008448953059905,9478.0,False,1.0,0.004009284659210799
2021-12-07 09:40:00,-0.0009553442359901965,0.006305170239596425,0.006305170239596425,0,1.0,3.014754123299501,9516.0,False,0.0,0.006305170239596425
2021-12-07 10:40:00,0.00031465021311305463,0.005847953216374213,0.0,1,0.0,3.014754123299501,9576.0,False,0.0,0.005847953216374213
2021-12-07 11:25:00,0.0006304597482085228,-0.0006229235880398365,-0.0,1,0.0,3.014754123299501,9632.0,False,1.0,-0.0006229235880398365
2021-12-07 14:10:00,0.0003589161788113415,-0.0010388531061708006,-0.0010388531061708006,0,1.0,3.0137152701933303,9626.0,False,1.0,-0.0010388531061708006
2021-12-07 14:55:00,-0.00045311314170248806,-0.0006239600665557399,-0.0006239600665557399,0,1.0,3.0130913101267747,9616.0,False,0.0,-0.0006239600665557399
2021-12-07 21:35:00,-0.0010047939140349627,-0.0014568158168574152,-0.0,1,0.0,3.0130913101267747,9610.0,False,-1.0,-0.0014568158168574152
2021-12-08 09:40:00,-0.0015063952887430787,-0.015006252605252235,0.015006252605252235,1,-1.0,3.028097562732027,9596.0,False,-1.0,-0.015006252605252235
2021-12-08 10:40:00,-0.002427635947242379,0.006347862886161737,-0.006347862886161737,0,-1.0,3.0217496998458655,9452.0,False,-1.0,0.006347862886161737
2021-12-08 11:25:00,-0.0018690642900764942,0.0,-0.0,0,-1.0,3.0217496998458655,9512.0,False,-1.0,0.0
2021-12-08 14:10:00,-0.0015462117735296488,-0.015979814970563444,0.015979814970563444,0,-1.0,3.037729514816429,9512.0,False,-1.0,-0.015979814970563444
2021-12-08 14:55:00,-0.0019313303055241704,0.00021367521367521292,-0.00021367521367521292,0,-1.0,3.037515839602754,9360.0,False,-1.0,0.00021367521367521292
2021-12-08 21:35:00,-0.0018439817940816283,-0.12433240760521258,0.12433240760521258,0,-1.0,3.1618482472079665,9362.0,False,-1.0,-0.12433240760521258
2021-12-09 09:40:00,-0.0011165532050654292,0.0,0.0,0,-1.0,3.1618482472079665,8198.0,True,-1.0,0.010246401561356366
2021-12-09 10:40:00,0.0002977598342113197,0.0028978507606858273,-0.0028978507606858273,0,-1.0,3.1589503964472807,8282.0,False,0.0,0.0028978507606858273
2021-12-09 11:25:00,0.001822527265176177,-0.0004815795810257928,-0.0,1,0.0,3.1589503964472807,8306.0,False,1.0,-0.0004815795810257928
2021-12-09 14:10:00,0.0017648558132350445,-0.007227174174897599,-0.007227174174897599,1,1.0,3.151723222272383,8302.0,False,1.0,-0.007227174174897599
2021-12-09 14:55:00,0.0003943383344449103,-0.011647658335355526,-0.011647658335355526,0,1.0,3.1400755639370277,8242.0,False,1.0,-0.011647658335355526
2021-12-09 21:35:00,0.00023949972819536924,-0.0108028480235699,-0.0108028480235699,0,1.0,3.1292727159134577,8146.0,False,1.0,-0.0108028480235699
2021-12-10 09:40:00,0.00038371511618606746,0.010672623479771604,0.010672623479771604,0,1.0,3.139945339393229,8058.0,False,1.0,0.010672623479771604
2021-12-10 10:40:00,0.00033746659755706787,0.004666011787819224,0.004666011787819224,0,1.0,3.144611351181048,8144.0,False,1.0,0.004666011787819224
2021-12-10 11:25:00,0.0017293642740696669,0.005133219261794109,0.005133219261794109,0,1.0,3.1497445704428424,8182.0,False,1.0,0.005133219261794109
2021-12-10 14:10:00,-1.1314488801872358e-05,-0.024319066147859947,-0.024319066147859947,0,1.0,3.1254255042949826,8224.0,False,0.0,-0.024319066147859947
2021-12-10 14:55:00,0.0003207286063116044,0.0034895314057825644,0.0,1,0.0,3.1254255042949826,8024.0,False,0.0,0.0034895314057825644
2021-12-10 21:35:00,0.0013275338569656014,0.0014903129657228842,0.0,1,0.0,3.1254255042949826,8052.0,False,1.0,0.0014903129657228842
2021-12-13 09:40:00,0.0009518867591395974,-0.013640873015873023,-0.013640873015873023,0,1.0,3.1117846312791095,8064.0,False,1.0,-0.013640873015873023
2021-12-13 10:40:00,0.0009421706199645996,0.004274578828262543,0.004274578828262543,0,1.0,3.1160592101073723,7954.0,False,1.0,0.004274578828262543
2021-12-13 11:25:00,0.0017690870445221663,0.005257886830245306,0.005257886830245306,0,1.0,3.1213170969376174,7988.0,False,1.0,0.005257886830245306
2021-12-13 14:10:00,0.002796776359900832,-0.0004981320049812776,-0.0004981320049812776,0,1.0,3.120818964932636,8030.0,False,1.0,-0.0004981320049812776
2021-12-13 14:55:00,0.0013680873671546578,-0.009220034886618489,-0.009220034886618489,0,1.0,3.1115989300460174,8026.0,False,1.0,-0.009220034886618489
2021-12-14 09:40:00,0.0012862557778134942,-0.002012072434607659,-0.002012072434607659,0,1.0,3.1095868576114096,7952.0,False,1.0,-0.002012072434607659
2021-12-14 10:40:00,0.000360460311640054,-0.011592741935483875,-0.011592741935483875,0,1.0,3.0979941156759256,7936.0,False,1.0,-0.011592741935483875
2021-12-14 11:25:00,0.0008326512761414051,0.0038245792962774416,0.0038245792962774416,0,1.0,3.101818694972203,7844.0,False,1.0,0.0038245792962774416
2021-12-14 14:10:00,0.001064484822563827,-0.0017780035560071017,-0.0017780035560071017,0,1.0,3.100040691416196,7874.0,False,1.0,-0.0017780035560071017
2021-12-14 14:55:00,0.0006563517963513732,-0.004071246819338459,-0.004071246819338459,0,1.0,3.0959694445968577,7860.0,False,1.0,-0.004071246819338459
2021-12-14 21:35:00,0.0014404237736016512,-0.004598875830352567,-0.004598875830352567,0,1.0,3.0913705687665054,7828.0,False,1.0,-0.004598875830352567
2021-12-15 09:40:00,0.0008529713377356529,-0.0015400410677618437,-0.0015400410677618437,0,1.0,3.0898305276987434,7792.0,False,1.0,-0.0015400410677618437
2021-12-15 10:40:00,0.0006902902387082577,0.0005141388174807471,0.0005141388174807471,0,1.0,3.0903446665162244,7780.0,False,1.0,0.0005141388174807471
2021-12-15 11:25:00,0.0008122588042169809,-0.012846865364851023,-0.012846865364851023,0,1.0,3.0774978011513734,7784.0,False,1.0,-0.012846865364851023
2021-12-15 14:10:00,0.0007695083040744066,-0.0020822488287350893,-0.0020822488287350893,0,1.0,3.0754155523226383,7684.0,False,1.0,-0.0020822488287350893
2021-12-15 14:55:00,0.0006039594300091267,0.0010432968179447943,0.0010432968179447943,0,1.0,3.0764588491405833,7668.0,False,1.0,0.0010432968179447943
2021-12-15 21:35:00,0.0012662068475037813,-0.0018238665971860302,-0.0018238665971860302,0,1.0,3.0746349825433974,7676.0,False,1.0,-0.0018238665971860302
2021-12-16 09:40:00,0.0008796772453933954,0.013312451057165164,0.013312451057165164,0,1.0,3.0879474336005623,7662.0,False,1.0,0.013312451057165164
2021-12-16 10:40:00,0.0014753129798918962,-0.0028335909325090114,-0.0028335909325090114,0,1.0,3.0851138426680533,7764.0,False,1.0,-0.0028335909325090114
2021-12-16 11:25:00,0.0019607346039265394,0.0015499870834410068,0.0015499870834410068,0,1.0,3.0866638297514943,7742.0,False,1.0,0.0015499870834410068
2021-12-16 14:10:00,0.0018777832156047225,0.008253804488006278,0.008253804488006278,0,1.0,3.0949176342395006,7754.0,False,1.0,0.008253804488006278
2021-12-16 14:55:00,0.003127973061054945,-0.0005116398055768911,-0.0005116398055768911,0,1.0,3.0944059944339237,7818.0,False,1.0,-0.0005116398055768911
2021-12-16 21:35:00,0.0016450501279905438,0.020732019452265105,0.020732019452265105,0,1.0,3.115138013886189,7814.0,False,1.0,0.020732019452265105
2021-12-17 09:40:00,0.0011878875084221363,0.0005015045135405849,0.0005015045135405849,0,1.0,3.1156395183997296,7976.0,False,1.0,0.0005015045135405849
2021-12-17 10:40:00,0.0031252028420567513,0.002005012531328232,0.002005012531328232,0,1.0,3.1176445309310576,7980.0,False,1.0,0.002005012531328232
2021-12-17 11:25:00,0.0022357001435011625,-0.005502751375687898,-0.005502751375687898,0,1.0,3.11214177955537,7996.0,False,1.0,-0.005502751375687898
2021-12-17 14:10:00,0.0023217934649437666,0.00452716297786715,0.00452716297786715,0,1.0,3.116668942533237,7952.0,False,1.0,0.00452716297786715
2021-12-17 14:55:00,0.0032903971150517464,-0.0012518778167250888,-0.0012518778167250888,0,1.0,3.115417064716512,7988.0,False,1.0,-0.0012518778167250888
2021-12-17 21:35:00,0.0029945201240479946,-0.009526197041865081,-0.009526197041865081,0,1.0,3.105890867674647,7978.0,False,1.0,-0.009526197041865081
2021-12-20 09:40:00,0.002402341226115823,0.0,0.0,0,1.0,3.105890867674647,7902.0,False,1.0,0.0
2021-12-20 10:40:00,0.002282647415995598,-0.01518602885345477,-0.01518602885345477,0,1.0,3.090704838821192,7902.0,False,1.0,-0.01518602885345477
2021-12-20 11:25:00,0.00285491649992764,0.0005140066820867872,0.0005140066820867872,0,1.0,3.091218845503279,7782.0,False,1.0,0.0005140066820867872
2021-12-20 14:10:00,0.0027846733573824167,-0.0048805548420240985,-0.0048805548420240985,0,1.0,3.0863382906612546,7786.0,False,1.0,-0.0048805548420240985
2021-12-20 14:55:00,0.0024230012204498053,-0.00025813113061434745,-0.00025813113061434745,0,1.0,3.08608015953064,7748.0,False,1.0,-0.00025813113061434745
2021-12-21 09:40:00,0.0018194366712123156,0.012651691195455728,0.012651691195455728,0,1.0,3.0987318507260957,7746.0,False,1.0,0.012651691195455728
2021-12-21 10:40:00,0.0019051971612498164,-0.0002549719530852146,-0.0002549719530852146,0,1.0,3.0984768787730106,7844.0,False,1.0,-0.0002549719530852146
2021-12-21 11:25:00,0.0022224525455385447,0.00867125733231311,0.00867125733231311,0,1.0,3.107148136105324,7842.0,False,1.0,0.00867125733231311
2021-12-21 14:10:00,0.0018417210085317492,0.006826801517066938,0.006826801517066938,0,1.0,3.113974937622391,7910.0,False,1.0,0.006826801517066938
2021-12-21 14:55:00,0.0006248198333196342,-0.0050226017076845375,-0.0050226017076845375,0,1.0,3.1089523359147067,7964.0,False,1.0,-0.0050226017076845375
2021-12-21 21:35:00,0.0008502379059791565,0.005300353356890497,0.005300353356890497,0,1.0,3.114252689271597,7924.0,False,1.0,0.005300353356890497
2021-12-22 09:40:00,6.145398947410285e-05,0.011298016570424396,0.011298016570424396,0,1.0,3.1255507058420218,7966.0,False,1.0,0.011298016570424396
2021-12-22 10:40:00,0.0011058119125664234,-0.003227408142999044,-0.003227408142999044,0,1.0,3.1223232976990225,8056.0,False,1.0,-0.003227408142999044
2021-12-22 11:25:00,0.0024675107561051846,-0.0019925280199253326,-0.0019925280199253326,0,1.0,3.1203307696790974,8030.0,False,1.0,-0.0019925280199253326
2021-12-22 14:10:00,0.0020687305368483067,0.003993012228600046,0.003993012228600046,0,1.0,3.124323781907697,8014.0,False,1.0,0.003993012228600046
2021-12-22 14:55:00,0.0014079709071666002,-0.0017399950285856836,-0.0017399950285856836,0,1.0,3.1225837868791118,8046.0,False,1.0,-0.0017399950285856836
2021-12-22 21:35:00,0.0013966001570224762,0.015189243027888377,0.015189243027888377,0,1.0,3.137773029907,8032.0,False,1.0,0.015189243027888377
2021-12-23 09:40:00,0.0005676855216734111,-0.00367917586460631,-0.00367917586460631,0,1.0,3.1340938540423937,8154.0,False,1.0,-0.00367917586460631
2021-12-23 10:40:00,0.0014339694753289223,0.001477104874446189,0.001477104874446189,0,1.0,3.1355709589168397,8124.0,False,1.0,0.001477104874446189
2021-12-23 11:25:00,0.0021820259280502796,-0.004424778761061954,-0.004424778761061954,0,1.0,3.1311461801557776,8136.0,False,1.0,-0.004424778761061954
2021-12-23 14:10:00,0.001076672226190567,0.0012345679012346622,0.0012345679012346622,0,1.0,3.1323807480570123,8100.0,False,1.0,0.0012345679012346622
2021-12-23 14:55:00,0.0019472723361104727,0.004192355117139224,0.004192355117139224,0,1.0,3.1365731031741513,8110.0,False,1.0,0.004192355117139224
2021-12-23 21:35:00,0.0010722920997068286,0.004420432220039183,0.004420432220039183,0,1.0,3.1409935353941902,8144.0,False,1.0,0.004420432220039183
2021-12-24 09:40:00,0.0010527153499424458,0.005623471882640674,0.005623471882640674,0,1.0,3.1466170072768307,8180.0,False,1.0,0.005623471882640674
2021-12-24 10:40:00,0.0019422972109168768,0.002188183807439792,0.002188183807439792,0,1.0,3.1488051910842705,8226.0,False,1.0,0.002188183807439792
2021-12-24 11:25:00,0.0010733057279139757,0.009218825812712383,0.009218825812712383,0,1.0,3.1580240168969826,8244.0,False,1.0,0.009218825812712383
2021-12-24 14:10:00,0.0010012822458520532,0.0033653846153847145,0.0033653846153847145,0,1.0,3.161389401512367,8320.0,False,1.0,0.0033653846153847145
2021-12-24 14:55:00,0.0018131205579265952,0.004791566842357486,0.004791566842357486,0,1.0,3.1661809683547246,8348.0,False,1.0,0.004791566842357486
2021-12-24 21:35:00,0.0010637042578309774,-0.0021459227467811592,-0.0021459227467811592,0,1.0,3.1640350456079434,8388.0,False,1.0,-0.0021459227467811592
2021-12-27 09:40:00,0.0008647913346067071,-0.0038231780167263807,-0.0038231780167263807,0,1.0,3.160211867591217,8370.0,False,1.0,-0.0038231780167263807
2021-12-27 10:40:00,0.0003388298791833222,0.003597985128328096,0.003597985128328096,0,1.0,3.1638098527195453,8338.0,False,1.0,0.003597985128328096
2021-12-27 11:25:00,0.0011584466556087136,0.003824091778202643,0.003824091778202643,0,1.0,3.167633944497748,8368.0,False,1.0,0.003824091778202643
2021-12-27 14:10:00,0.001191057963296771,-0.008571428571428563,-0.008571428571428563,0,1.0,3.1590625159263195,8400.0,False,1.0,-0.008571428571428563
2021-12-27 14:55:00,-0.0005287470412440598,0.003842459173871271,0.003842459173871271,0,1.0,3.162904975100191,8328.0,False,0.0,0.003842459173871271
2021-12-28 09:40:00,-0.000868791772518307,0.0033492822966507685,0.0,1,0.0,3.162904975100191,8360.0,False,0.0,0.0033492822966507685
2021-12-28 10:40:00,-0.0006563669303432107,-0.0021459227467811592,-0.0,1,0.0,3.162904975100191,8388.0,False,0.0,-0.0021459227467811592
2021-12-28 11:25:00,-0.0006318040541373193,-0.0009557945041815952,-0.0,0,0.0,3.162904975100191,8370.0,False,0.0,-0.0009557945041815952
2021-12-28 14:10:00,-0.00014957363600842655,0.011958861516383701,0.0,0,0.0,3.162904975100191,8362.0,False,0.0,0.011958861516383701
2021-12-28 14:55:00,-0.0007869044784456491,0.0011817537225242702,0.0,0,0.0,3.162904975100191,8462.0,False,0.0,0.0011817537225242702
2021-12-28 21:35:00,0.0008354107267223299,-0.004249291784702569,-0.0,0,0.0,3.162904975100191,8472.0,False,0.0,-0.004249291784702569
2021-12-29 09:40:00,0.0008116454700939357,0.0,0.0,1,0.0,3.162904975100191,8436.0,False,0.0,0.0
2021-12-29 10:40:00,0.00024104860494844615,-0.008297771455666236,-0.0,1,0.0,3.162904975100191,8436.0,False,0.0,-0.008297771455666236
2021-12-29 11:25:00,0.00041785548091866076,-0.006215634711929208,-0.0,0,0.0,3.162904975100191,8366.0,False,0.0,-0.006215634711929208
2021-12-29 14:10:00,0.0013686605961993337,0.002165022853019005,0.0,0,0.0,3.162904975100191,8314.0,False,1.0,0.002165022853019005
2021-12-29 14:55:00,0.0012887147022411227,-0.00024003840614494898,-0.00024003840614494898,0,1.0,3.1626649366940462,8332.0,False,1.0,-0.00024003840614494898
2021-12-29 21:35:00,0.002741796663030982,0.012484993997599059,0.012484993997599059,0,1.0,3.1751499306916453,8330.0,False,1.0,0.012484993997599059
2021-12-30 09:40:00,0.0029312416445463896,0.001422812425895259,0.001422812425895259,0,1.0,3.1765727431175406,8434.0,False,1.0,0.001422812425895259
2021-12-30 10:40:00,0.0014196650590747595,0.00023679848448976415,0.00023679848448976415,0,1.0,3.1768095416020303,8446.0,False,1.0,0.00023679848448976415
2021-12-30 11:25:00,0.0010231989435851574,0.0037878787878788955,0.0037878787878788955,0,1.0,3.1805974203899092,8448.0,False,1.0,0.0037878787878788955
2021-12-30 14:10:00,0.0010700185084715486,-0.0033018867924528017,-0.0033018867924528017,0,1.0,3.1772955335974564,8480.0,False,1.0,-0.0033018867924528017
2021-12-30 14:55:00,0.0007647868478670716,0.002839564600094713,0.002839564600094713,0,1.0,3.1801350981975514,8452.0,False,1.0,0.002839564600094713
2021-12-30 21:35:00,0.00037675679777748883,0.0023596035865973697,0.0023596035865973697,0,1.0,3.1824947017841487,8476.0,False,1.0,0.0023596035865973697
2021-12-31 09:40:00,0.001001706812530756,-0.007062146892655385,-0.007062146892655385,0,1.0,3.1754325548914935,8496.0,False,1.0,-0.007062146892655385
2021-12-31 10:40:00,-0.0003504453634377569,0.0007112375533429027,0.0007112375533429027,0,1.0,3.1761437924448366,8436.0,False,0.0,0.0007112375533429027
2021-12-31 11:25:00,0.00035334911081008613,0.009239516702203243,0.0,1,0.0,3.1761437924448366,8442.0,False,0.0,0.009239516702203243
2021-12-31 14:10:00,0.0012793054338544607,-0.0023474178403756207,-0.0,1,0.0,3.1761437924448366,8520.0,False,1.0,-0.0023474178403756207
2021-12-31 14:55:00,0.0020950015168637037,0.004470588235294226,0.004470588235294226,0,1.0,3.180614380680131,8500.0,False,1.0,0.004470588235294226
2021-12-31 21:35:00,0.0013016891898587346,0.008901382056687668,0.008901382056687668,0,1.0,3.1895157627368187,8538.0,False,1.0,0.008901382056687668
2022-01-04 09:40:00,0.0016554398462176323,-0.0037148827490132152,-0.0037148827490132152,0,1.0,3.1858008799878057,8614.0,False,1.0,-0.0037148827490132152
2022-01-04 10:40:00,0.001604094635695219,0.010953157772081168,0.010953157772081168,0,1.0,3.196754037759887,8582.0,False,1.0,0.010953157772081168
2022-01-04 11:25:00,0.001456869300454855,0.0055325034578146415,0.0055325034578146415,0,1.0,3.2022865412177017,8676.0,False,1.0,0.0055325034578146415
2022-01-04 14:10:00,0.0010678701801225543,-0.00687757909215958,-0.00687757909215958,0,1.0,3.1954089621255424,8724.0,False,1.0,-0.00687757909215958
2022-01-04 14:55:00,0.0011207791976630688,0.01546629732225302,0.01546629732225302,0,1.0,3.2108752594477954,8664.0,False,1.0,0.01546629732225302
2022-01-05 09:40:00,0.00029747269582003355,0.006365082973402991,0.006365082973402991,0,1.0,3.2172403424211984,8798.0,False,1.0,0.006365082973402991
2022-01-05 10:40:00,0.0012077258434146643,-0.003840072283713525,-0.003840072283713525,0,1.0,3.213400270137485,8854.0,False,1.0,-0.003840072283713525
2022-01-05 11:25:00,0.0015506098279729486,0.0002267573696144165,0.0002267573696144165,0,1.0,3.2136270275070995,8820.0,False,1.0,0.0002267573696144165
2022-01-05 14:10:00,0.0006247954443097115,0.001133529811834011,0.001133529811834011,0,1.0,3.2147605573189333,8822.0,False,1.0,0.001133529811834011
2022-01-05 14:55:00,0.0009914276888594031,-0.0033967391304348116,-0.0033967391304348116,0,1.0,3.2113638181884987,8832.0,False,1.0,-0.0033967391304348116
2022-01-05 21:35:00,0.0013722906587645411,0.008861622358554921,0.008861622358554921,0,1.0,3.2202254405470536,8802.0,False,1.0,0.008861622358554921
2022-01-06 09:40:00,0.0002780210052151233,-0.0060810810810810745,-0.0060810810810810745,0,1.0,3.2141443594659727,8880.0,False,1.0,-0.0060810810810810745
2022-01-06 10:40:00,-0.00038364154170267284,-0.007477906186267869,-0.007477906186267869,0,1.0,3.2066664532797047,8826.0,False,0.0,-0.007477906186267869
2022-01-06 11:25:00,0.0016141051892191172,-0.0036529680365297024,-0.0,1,0.0,3.2066664532797047,8760.0,False,1.0,-0.0036529680365297024
2022-01-06 14:10:00,0.0015686667757108808,0.0002291475710356483,0.0002291475710356483,1,1.0,3.20689560085074,8728.0,False,1.0,0.0002291475710356483
2022-01-06 14:55:00,0.0014076633378863335,-0.00045819014891179677,-0.00045819014891179677,0,1.0,3.2064374107018283,8730.0,False,1.0,-0.00045819014891179677
2022-01-06 21:35:00,0.003062572330236435,0.014668805867522394,0.014668805867522394,0,1.0,3.2211062165693507,8726.0,False,1.0,0.014668805867522394
2022-01-07 09:40:00,0.0030641560442745686,0.0002258866049242858,0.0002258866049242858,0,1.0,3.2213321031742748,8854.0,False,1.0,0.0002258866049242858
2022-01-07 10:40:00,0.0030105076730251312,0.0024841915085818123,0.0024841915085818123,0,1.0,3.2238162946828566,8856.0,False,1.0,0.0024841915085818123
2022-01-07 11:25:00,0.0017236660933122039,-0.0020274836674927244,-0.0020274836674927244,0,1.0,3.221788811015364,8878.0,False,1.0,-0.0020274836674927244
2022-01-07 14:10:00,0.0017562698340043426,0.0018058690744922057,0.0018058690744922057,0,1.0,3.223594680089856,8860.0,False,1.0,0.0018058690744922057
2022-01-07 14:55:00,0.002001676708459854,-0.003154574132492094,-0.003154574132492094,0,1.0,3.2204401059573637,8876.0,False,1.0,-0.003154574132492094
2022-01-07 21:35:00,0.001280757482163608,-0.010623869801084984,-0.010623869801084984,0,1.0,3.2098162361562785,8848.0,False,1.0,-0.010623869801084984
2022-01-10 09:40:00,0.0010516487527638674,0.002970070824765747,0.002970070824765747,0,1.0,3.2127863069810445,8754.0,False,1.0,0.002970070824765747
2022-01-10 10:40:00,0.0006695130723528564,0.010933940774487505,0.010933940774487505,0,1.0,3.223720247755532,8780.0,False,1.0,0.010933940774487505
2022-01-10 11:25:00,0.0013019046746194363,-0.0038305543037404632,-0.0038305543037404632,0,1.0,3.2198896934517913,8876.0,False,1.0,-0.0038305543037404632
2022-01-10 14:10:00,-0.0005741359200328588,0.01832164668627012,0.01832164668627012,0,1.0,3.2382113401380614,8842.0,False,0.0,0.01832164668627012
2022-01-10 14:55:00,0.0015225645620375872,-0.016881386050644154,-0.0,1,0.0,3.2382113401380614,9004.0,False,1.0,-0.016881386050644154
2022-01-11 09:40:00,-0.0009157797321677208,-0.002485314053321308,-0.002485314053321308,1,1.0,3.2357260260847402,8852.0,False,0.0,-0.002485314053321308
2022-01-11 10:40:00,-0.001024459721520543,-0.0031710079275197867,-0.0,1,0.0,3.2357260260847402,8830.0,False,-1.0,-0.0031710079275197867
2022-01-11 11:25:00,0.0006573866703547537,0.007271074755737406,-0.007271074755737406,1,-1.0,3.228454951329003,8802.0,False,0.0,0.007271074755737406
2022-01-11 14:10:00,9.00982558960095e-05,0.002030227836679499,0.0,1,0.0,3.228454951329003,8866.0,False,0.0,0.002030227836679499
2022-01-11 14:55:00,0.0013512857258319855,0.0029266096352993376,0.0,1,0.0,3.228454951329003,8884.0,False,1.0,0.0029266096352993376
2022-01-11 21:35:00,0.0013148055877536535,-0.0056116722783389195,-0.0056116722783389195,0,1.0,3.222843279050664,8910.0,False,1.0,-0.0056116722783389195
2022-01-12 09:40:00,0.00030182988848537207,0.004966139954853288,0.004966139954853288,0,1.0,3.227809419005517,8860.0,False,1.0,0.004966139954853288
2022-01-12 10:40:00,0.0014469126472249627,0.0008984725965857088,0.0008984725965857088,0,1.0,3.228707891602103,8904.0,False,1.0,0.0008984725965857088
2022-01-12 11:25:00,0.0014350984711199999,0.006283662477558405,0.006283662477558405,0,1.0,3.234991554079661,8912.0,False,1.0,0.006283662477558405
2022-01-12 14:10:00,0.0022702100686728954,-0.005575379125780544,-0.005575379125780544,0,1.0,3.229416174953881,8968.0,False,1.0,-0.005575379125780544
2022-01-12 14:55:00,0.0016086369287222624,-0.0011213276519399518,-0.0011213276519399518,0,1.0,3.2282948473019406,8918.0,False,1.0,-0.0011213276519399518
2022-01-12 21:35:00,0.0034198383800685406,0.015042658284687871,0.015042658284687871,0,1.0,3.2433375055866285,8908.0,False,1.0,0.015042658284687871
2022-01-13 09:40:00,0.002498568966984749,-0.009732360097323589,-0.009732360097323589,0,1.0,3.233605145489305,9042.0,False,1.0,-0.009732360097323589
2022-01-13 10:40:00,0.0012788544408977032,-0.00022336385972754336,-0.00022336385972754336,0,1.0,3.2333817816295776,8954.0,False,1.0,-0.00022336385972754336
2022-01-13 11:25:00,0.0022306274622678757,0.0013404825737264314,0.0013404825737264314,0,1.0,3.234722264203304,8952.0,False,1.0,0.0013404825737264314
2022-01-13 14:10:00,0.0022306274622678757,0.0031236055332439783,0.0031236055332439783,0,1.0,3.237845869736548,8964.0,False,1.0,0.0031236055332439783
2022-01-13 14:55:00,0.0006676064804196358,0.0004448398576513135,0.0004448398576513135,0,1.0,3.2382907095941995,8992.0,False,1.0,0.0004448398576513135
2022-01-13 21:35:00,0.0019507346441969275,0.002223210315695834,0.002223210315695834,0,1.0,3.2405139199098953,8996.0,False,1.0,0.002223210315695834
2022-01-14 09:40:00,0.0013832678087055683,-0.012644188110026655,-0.012644188110026655,0,1.0,3.227869731799869,9016.0,False,1.0,-0.012644188110026655
2022-01-14 10:40:00,-0.0006402292056009173,-0.003594697820714421,-0.003594697820714421,0,1.0,3.224275033979154,8902.0,False,0.0,-0.003594697820714421
2022-01-14 11:25:00,0.0022670403122901917,0.006087936865839971,0.0,1,0.0,3.224275033979154,8870.0,False,1.0,0.006087936865839971
2022-01-14 14:10:00,0.0018414421938359737,-0.00022411474675032572,-0.00022411474675032572,1,1.0,3.224050919232404,8924.0,False,1.0,-0.00022411474675032572
2022-01-14 14:55:00,0.0004526559205260128,0.01726070387805434,0.01726070387805434,0,1.0,3.2413116231104584,8922.0,False,1.0,0.01726070387805434
2022-01-14 21:35:00,0.0012828758917748928,-0.008814455707360058,-0.008814455707360058,0,1.0,3.2324971674030984,9076.0,False,1.0,-0.008814455707360058
2022-01-17 09:40:00,0.00011654467380139977,0.002223210315695834,0.002223210315695834,0,1.0,3.2347203777187943,8996.0,False,1.0,0.002223210315695834
2022-01-17 10:40:00,-0.0005797913763672113,-0.013753327417923678,-0.013753327417923678,0,1.0,3.2209670503008705,9016.0,False,0.0,-0.013753327417923678
2022-01-17 11:25:00,0.0003533328708726913,0.012145748987854255,0.0,1,0.0,3.2209670503008705,8892.0,False,0.0,0.012145748987854255
2022-01-17 14:10:00,0.0026504734996706247,0.003555555555555534,0.0,1,0.0,3.2209670503008705,9000.0,False,1.0,0.003555555555555534
2022-01-17 14:55:00,0.002745982026681304,0.011957484499557136,0.011957484499557136,0,1.0,3.2329245348004276,9032.0,False,1.0,0.011957484499557136
2022-01-18 09:40:00,0.002062822924926877,0.0015317286652078987,0.0015317286652078987,0,1.0,3.2344562634656358,9140.0,False,1.0,0.0015317286652078987
2022-01-18 10:40:00,0.002820038702338934,-0.0004369674459252515,-0.0004369674459252515,0,1.0,3.2340192960197105,9154.0,False,1.0,-0.0004369674459252515
2022-01-18 11:25:00,0.0027759952936321497,-0.00021857923497270448,-0.00021857923497270448,0,1.0,3.233800716784738,9150.0,False,1.0,-0.00021857923497270448
2022-01-18 14:10:00,0.002028852002695203,-0.0008745080891998658,-0.0008745080891998658,0,1.0,3.232926208695538,9148.0,False,1.0,-0.0008745080891998658
2022-01-18 14:55:00,0.0006734158378094435,0.0030634573304157975,0.0030634573304157975,0,1.0,3.235989666025954,9140.0,False,1.0,0.0030634573304157975
2022-01-18 21:35:00,0.0004925745888613164,0.00610820244328103,0.00610820244328103,0,1.0,3.242097868469235,9168.0,False,1.0,0.00610820244328103
2022-01-19 09:40:00,-0.0008209755178540945,0.02254986990459673,0.02254986990459673,0,1.0,3.2646477383738315,9224.0,False,0.0,0.02254986990459673
2022-01-19 10:40:00,-0.0010101930238306522,-0.004028837998303669,-0.0,1,0.0,3.2646477383738315,9432.0,False,-1.0,-0.004028837998303669
2022-01-19 11:25:00,0.00011902554251719266,-0.0044709388971684305,0.0044709388971684305,1,-1.0,3.269118677271,9394.0,False,0.0,-0.0044709388971684305
2022-01-19 14:10:00,0.0003098223533015698,-0.0008554319931565191,-0.0,1,0.0,3.269118677271,9352.0,False,0.0,-0.0008554319931565191
2022-01-19 14:55:00,-0.0008932627970352769,-0.0029965753424657793,-0.0,1,0.0,3.269118677271,9344.0,False,-1.0,-0.0029965753424657793
2022-01-19 21:35:00,-0.0010270780185237527,0.005581794761700287,-0.005581794761700287,1,-1.0,3.2635368825092996,9316.0,False,-1.0,0.005581794761700287
2022-01-20 09:40:00,-0.0016512578586116433,0.00256191289496166,-0.00256191289496166,1,-1.0,3.260974969614338,9368.0,False,-1.0,0.00256191289496166
2022-01-20 10:40:00,-0.0006908605573698878,0.0,-0.0,0,-1.0,3.260974969614338,9392.0,False,-1.0,0.0
2022-01-20 11:25:00,-0.00024874036898836493,-0.002342419080068159,0.002342419080068159,0,-1.0,3.2633173886944062,9392.0,False,-1.0,-0.002342419080068159
2022-01-20 14:10:00,0.001047527533955872,0.002134471718249653,-0.002134471718249653,0,-1.0,3.2611829169761566,9370.0,False,0.0,0.002134471718249653
2022-01-20 14:55:00,0.0009764474234543741,0.0027689030883919497,0.0,1,0.0,3.2611829169761566,9390.0,False,1.0,0.0027689030883919497
2022-01-20 21:35:00,0.0008963063592091203,0.006159728122344887,0.006159728122344887,1,1.0,3.2673426450985015,9416.0,False,1.0,0.006159728122344887
2022-01-21 09:40:00,-0.00016065992531366646,-0.009288579269579933,-0.009288579269579933,0,1.0,3.2580540658289214,9474.0,False,0.0,-0.009288579269579933
2022-01-21 10:40:00,0.0007738456479273736,0.0031962497336459617,0.0,1,0.0,3.2580540658289214,9386.0,False,1.0,0.0031962497336459617
2022-01-21 11:25:00,-0.0003684582479763776,-0.0010620220900594557,-0.0010620220900594557,1,1.0,3.2569920437388618,9416.0,False,0.0,-0.0010620220900594557
2022-01-21 14:10:00,-0.00014473276678472757,0.012970444397193193,0.0,1,0.0,3.2569920437388618,9406.0,False,0.0,0.012970444397193193
2022-01-21 14:55:00,0.0008391761220991611,-0.0002099076406381073,-0.0,1,0.0,3.2569920437388618,9528.0,False,1.0,-0.0002099076406381073
2022-01-21 21:35:00,0.0008137893164530396,0.007558261599831972,0.007558261599831972,1,1.0,3.2645503053386937,9526.0,False,1.0,0.007558261599831972
2022-01-24 09:40:00,-8.838938811095431e-06,-0.002083767451552365,-0.002083767451552365,1,1.0,3.2624665378871414,9598.0,False,0.0,-0.002083767451552365
2022-01-24 10:40:00,0.00042509729973971844,0.003758613489246221,0.0,1,0.0,3.2624665378871414,9578.0,False,0.0,0.003758613489246221
2022-01-24 11:25:00,0.0004145822604186833,-0.005200748907842723,-0.0,1,0.0,3.2624665378871414,9614.0,False,0.0,-0.005200748907842723
2022-01-24 14:10:00,0.001745194778777659,-0.0052279381012129145,-0.0,0,0.0,3.2624665378871414,9564.0,False,1.0,-0.0052279381012129145
2022-01-24 14:55:00,-0.0006258927169255912,-0.016607105318477977,-0.016607105318477977,0,1.0,3.2458594325686634,9514.0,False,0.0,-0.016607105318477977
2022-01-25 09:40:00,-0.0014769583940505981,0.0023514322359983186,0.0,1,0.0,3.2458594325686634,9356.0,False,-1.0,0.0023514322359983186
2022-01-25 10:40:00,-0.000992787186987698,0.004691831947110314,-0.004691831947110314,1,-1.0,3.2411676006215533,9378.0,False,-1.0,0.004691831947110314
2022-01-25 11:25:00,-0.0010707357432693243,0.0,-0.0,0,-1.0,3.2411676006215533,9422.0,False,-1.0,0.0
2022-01-25 14:10:00,0.00020044302800670266,0.0006368074718743344,-0.0006368074718743344,0,-1.0,3.240530793149679,9422.0,False,0.0,0.0006368074718743344
2022-01-25 14:55:00,0.0008729581022635102,0.0006364022061942087,0.0,1,0.0,3.240530793149679,9428.0,False,1.0,0.0006364022061942087
2022-01-25 21:35:00,0.0010697219986468554,-0.0025439898240406933,-0.0025439898240406933,1,1.0,3.2379868033256383,9434.0,False,1.0,-0.0025439898240406933
2022-01-26 09:40:00,0.0013291036011651158,0.007226354941551438,0.007226354941551438,0,1.0,3.2452131582671897,9410.0,False,1.0,0.007226354941551438
2022-01-26 10:40:00,0.002731649437919259,0.004853344587465669,0.004853344587465669,0,1.0,3.250066502854655,9478.0,False,1.0,0.004853344587465669
2022-01-26 11:25:00,0.002034383825957775,-0.0008399832003359586,-0.0008399832003359586,0,1.0,3.2492265196543193,9524.0,False,1.0,-0.0008399832003359586
2022-01-26 14:10:00,0.0021059587597846985,0.007145859604875904,0.007145859604875904,0,1.0,3.2563723792591954,9516.0,False,1.0,0.007145859604875904
2022-01-26 14:55:00,0.0018431383650749922,-0.0033388981636059967,-0.0033388981636059967,0,1.0,3.2530334810955894,9584.0,False,1.0,-0.0033388981636059967
2022-01-26 21:35:00,0.0021405774168670177,0.016959798994974795,0.016959798994974795,0,1.0,3.2699932800905644,9552.0,False,1.0,0.016959798994974795
2022-01-27 09:40:00,0.001198124373331666,0.000411776816965137,0.000411776816965137,0,1.0,3.2704050569075296,9714.0,False,1.0,0.000411776816965137
2022-01-27 10:40:00,0.00220042304135859,-0.001852232969746903,-0.001852232969746903,0,1.0,3.2685528239377826,9718.0,False,1.0,-0.001852232969746903
2022-01-27 11:25:00,0.0013513703597709537,0.0022680412371134384,0.0022680412371134384,0,1.0,3.270820865174896,9700.0,False,1.0,0.0022680412371134384
2022-01-27 14:10:00,0.0014690745156258345,0.0026743468422134598,0.0026743468422134598,0,1.0,3.2734952120171092,9722.0,False,1.0,0.0026743468422134598
2022-01-27 14:55:00,0.0017364637460559607,0.0004103405826836326,0.0004103405826836326,0,1.0,3.2739055525997927,9748.0,False,1.0,0.0004103405826836326
2022-01-27 21:35:00,0.0022600293159484863,0.01599671862182106,0.01599671862182106,0,1.0,3.2899022712216137,9752.0,False,1.0,0.01599671862182106
2022-01-28 09:40:00,0.0007540133665315807,-0.011505853855470316,-0.011505853855470316,0,1.0,3.2783964173661433,9908.0,False,1.0,-0.011505853855470316
2022-01-28 10:40:00,0.001751818461343646,0.004084133142740365,0.004084133142740365,0,1.0,3.2824805505088834,9794.0,False,1.0,0.004084133142740365
2022-01-28 11:25:00,0.0010409509995952249,0.004270896888346476,0.004270896888346476,0,1.0,3.28675144739723,9834.0,False,1.0,0.004270896888346476
2022-01-28 14:10:00,0.0009897826239466667,-0.004252733900364514,-0.004252733900364514,0,1.0,3.2824987134968655,9876.0,False,1.0,-0.004252733900364514
2022-01-28 14:55:00,0.0002638589940033853,0.005897905226764255,0.005897905226764255,0,1.0,3.2883966187236298,9834.0,False,1.0,0.005897905226764255
2022-01-28 21:35:00,-0.00018742508837021887,0.0179943388596846,0.0179943388596846,0,1.0,3.3063909575833144,9892.0,False,0.0,0.0179943388596846
2022-02-07 09:40:00,-0.0013895615702494979,0.03038728897715992,0.0,1,0.0,3.3063909575833144,10070.0,False,-1.0,0.03038728897715992
2022-02-07 10:40:00,-0.0006367051973938942,-0.0015420200462605838,0.0015420200462605838,1,-1.0,3.3079329776295747,10376.0,False,-1.0,-0.0015420200462605838
2022-02-07 11:25:00,-0.0010497089242562652,-0.013320463320463327,0.013320463320463327,0,-1.0,3.321253440950038,10360.0,False,-1.0,-0.013320463320463327
2022-02-07 14:10:00,-0.00036104724858887494,-0.005087067110154608,0.005087067110154608,0,-1.0,3.326340508060192,10222.0,False,-1.0,-0.005087067110154608
2022-02-07 14:55:00,-0.0013371054083108902,0.0001966568338249708,-0.0001966568338249708,0,-1.0,3.3261438512263672,10170.0,False,-1.0,0.0001966568338249708
2022-02-08 09:40:00,-0.002970354864373803,-0.004915454187967017,0.004915454187967017,0,-1.0,3.3310593054143345,10172.0,False,-1.0,-0.004915454187967017
2022-02-08 10:40:00,-0.002560412511229515,-0.006718039913060636,0.006718039913060636,0,-1.0,3.337777345327395,10122.0,False,-1.0,-0.006718039913060636
2022-02-08 11:25:00,-0.00346530694514513,-0.009548438432464668,0.009548438432464668,0,-1.0,3.34732578375986,10054.0,False,-1.0,-0.009548438432464668
2022-02-08 14:10:00,-0.0011700502363964915,0.001205061257280482,-0.001205061257280482,0,-1.0,3.3461207225025795,9958.0,False,-1.0,0.001205061257280482
2022-02-08 14:55:00,-0.0008516891393810511,0.0020060180541625616,-0.0020060180541625616,0,-1.0,3.344114704448417,9970.0,False,-1.0,0.0020060180541625616
2022-02-08 21:35:00,-0.0009296709904447198,-0.021821821821821796,0.021821821821821796,0,-1.0,3.365936526270239,9990.0,False,-1.0,-0.021821821821821796
2022-02-09 09:40:00,-0.0012828988255932927,-0.002865329512893977,0.002865329512893977,0,-1.0,3.3688018557831327,9772.0,False,-1.0,-0.002865329512893977
2022-02-09 10:40:00,-0.0011204683687537909,0.0010262725779968118,-0.0010262725779968118,0,-1.0,3.3677755832051357,9744.0,False,-1.0,0.0010262725779968118
2022-02-09 11:25:00,-0.00038923780084587634,0.00471601394299781,-0.00471601394299781,0,-1.0,3.3630595692621377,9754.0,False,-1.0,0.00471601394299781
2022-02-09 14:10:00,0.0006620647618547082,0.004693877551020353,-0.004693877551020353,0,-1.0,3.3583656917111173,9800.0,False,0.0,0.004693877551020353
2022-02-09 14:55:00,0.0010857887100428343,0.002234409912654778,0.0,1,0.0,3.3583656917111173,9846.0,False,1.0,0.002234409912654778
2022-02-09 21:35:00,0.0011022737016901374,0.013781921361978089,0.013781921361978089,1,1.0,3.3721476130730954,9868.0,False,1.0,0.013781921361978089
2022-02-10 09:40:00,0.000440170057117939,-0.002598960415833629,-0.002598960415833629,0,1.0,3.3695486526572616,10004.0,False,1.0,-0.002598960415833629
2022-02-10 10:40:00,0.0013139609945937991,0.0032070555221486163,0.0032070555221486163,0,1.0,3.37275570817941,9978.0,False,1.0,0.0032070555221486163
2022-02-10 11:25:00,0.0025902746710926294,0.0009990009990010762,0.0009990009990010762,0,1.0,3.373754709178411,10010.0,False,1.0,0.0009990009990010762
2022-02-10 14:10:00,0.0017126546008512378,-0.00518962075848306,-0.00518962075848306,0,1.0,3.368565088419928,10020.0,False,1.0,-0.00518962075848306
2022-02-10 14:55:00,0.002612460171803832,-0.00020064205457459572,-0.00020064205457459572,0,1.0,3.3683644463653533,9968.0,False,1.0,-0.00020064205457459572
2022-02-10 21:35:00,0.0025219295639544725,0.0028095524784266246,0.0028095524784266246,0,1.0,3.37117399884378,9966.0,False,1.0,0.0028095524784266246
2022-02-11 09:40:00,0.0017531736521050334,-0.01701020612367421,-0.01701020612367421,0,1.0,3.354163792720106,9994.0,False,1.0,-0.01701020612367421
2022-02-11 10:40:00,0.0010517325717955828,0.004682410423452854,0.004682410423452854,0,1.0,3.3588462031435586,9824.0,False,1.0,0.004682410423452854
2022-02-11 11:25:00,0.0013715061359107494,0.004255319148936065,0.004255319148936065,0,1.0,3.363101522292495,9870.0,False,1.0,0.004255319148936065
2022-02-11 14:10:00,0.0027378748636692762,0.0,0.0,0,1.0,3.363101522292495,9912.0,False,1.0,0.0
2022-02-11 14:55:00,0.0010674076620489359,0.0022195318805489084,0.0022195318805489084,0,1.0,3.3653210541730436,9912.0,False,1.0,0.0022195318805489084
2022-02-11 21:35:00,0.0020945831201970577,0.014898328971209907,0.014898328971209907,0,1.0,3.3802193831442535,9934.0,False,1.0,0.014898328971209907
2022-02-14 09:40:00,0.0014475499046966434,-0.003372346756595923,-0.003372346756595923,0,1.0,3.3768470363876575,10082.0,False,1.0,-0.003372346756595923
2022-02-14 10:40:00,0.0023013148456811905,0.00656847133757954,0.00656847133757954,0,1.0,3.3834155077252372,10048.0,False,1.0,0.00656847133757954
2022-02-14 11:25:00,0.0023241417948156595,0.002372948388372542,0.002372948388372542,0,1.0,3.38578845611361,10114.0,False,1.0,0.002372948388372542
2022-02-14 14:10:00,0.00400500325486064,-0.0037482738212665234,-0.0037482738212665234,0,1.0,3.3820401822923434,10138.0,False,1.0,-0.0037482738212665234
2022-02-14 14:55:00,0.003318805480375886,-0.0037623762376237657,-0.0037623762376237657,0,1.0,3.3782778060547196,10100.0,False,1.0,-0.0037623762376237657
2022-02-15 09:40:00,0.0025372817181050777,0.0007950705625123788,0.0007950705625123788,0,1.0,3.379072876617232,10062.0,False,1.0,0.0007950705625123788
2022-02-15 10:40:00,0.0024469993077218533,0.0009930486593843213,0.0009930486593843213,0,1.0,3.3800659252766163,10070.0,False,1.0,0.0009930486593843213
2022-02-15 11:25:00,0.0032990036997944117,0.006349206349206327,0.006349206349206327,0,1.0,3.3864151316258226,10080.0,False,1.0,0.006349206349206327
2022-02-15 14:10:00,0.003538595512509346,-0.0005914826498423231,-0.0005914826498423231,0,1.0,3.3858236489759803,10144.0,False,1.0,-0.0005914826498423231
2022-02-15 14:55:00,2.046829649771098e-05,0.007693825212073291,0.007693825212073291,0,1.0,3.3935174741880534,10138.0,False,1.0,0.007693825212073291
2022-02-15 21:35:00,9.847083856584504e-05,-0.028386844166014114,-0.028386844166014114,0,1.0,3.365130630022039,10216.0,False,1.0,-0.028386844166014114
2022-02-16 09:40:00,-0.0006715804920531809,0.00020149103364897059,0.00020149103364897059,0,1.0,3.365332121055688,9926.0,False,0.0,0.00020149103364897059
2022-02-16 10:40:00,-0.00019618109217844903,0.011885576148267463,0.0,1,0.0,3.365332121055688,9928.0,False,0.0,0.011885576148267463
2022-02-16 11:25:00,0.0018768273293972015,0.00019908421262204712,0.0,1,0.0,3.365332121055688,10046.0,False,1.0,0.00019908421262204712
2022-02-16 14:10:00,0.0009218155755661428,0.011345541401273973,0.011345541401273973,1,1.0,3.376677662456962,10048.0,False,1.0,0.011345541401273973
2022-02-16 14:55:00,0.002405851613730192,0.0013776815587482893,0.0013776815587482893,1,1.0,3.3780553440157104,10162.0,False,1.0,0.0013776815587482893
2022-02-16 21:35:00,0.0008612407837063074,-0.00176886792452835,-0.00176886792452835,0,1.0,3.376286476091182,10176.0,False,1.0,-0.00176886792452835
2022-02-17 09:40:00,0.0002827026473823935,-0.004331561330970679,-0.004331561330970679,0,1.0,3.3719549147602113,10158.0,False,1.0,-0.004331561330970679
2022-02-17 10:40:00,0.0005018873489461839,-0.00850306505833498,-0.00850306505833498,0,1.0,3.3634518497018764,10114.0,False,1.0,-0.00850306505833498
2022-02-17 11:25:00,3.463028770056553e-05,0.006581571599521441,0.006581571599521441,0,1.0,3.3700334213013976,10028.0,False,1.0,0.006581571599521441
2022-02-17 14:10:00,0.0010619317181408405,0.0,0.0,0,1.0,3.3700334213013976,10094.0,False,1.0,0.0
2022-02-17 14:55:00,0.0006443492602556944,0.004160887656033285,0.004160887656033285,0,1.0,3.374194308957431,10094.0,False,1.0,0.004160887656033285
2022-02-17 21:35:00,0.0025127683766186237,0.019534333070244658,0.019534333070244658,0,1.0,3.3937286420276758,10136.0,False,1.0,0.019534333070244658
2022-02-18 09:40:00,0.0012908552307635546,-0.0029030385136442627,-0.0029030385136442627,0,1.0,3.3908256035140316,10334.0,False,1.0,-0.0029030385136442627
2022-02-18 10:40:00,0.0021508135832846165,0.0011645962732920179,0.0011645962732920179,0,1.0,3.3919901997873234,10304.0,False,1.0,0.0011645962732920179
2022-02-18 11:25:00,0.002046477049589157,0.0011632415664986073,0.0011632415664986073,0,1.0,3.393153441353822,10316.0,False,1.0,0.0011632415664986073
2022-02-18 14:10:00,0.0010263770818710327,0.005422153369480931,0.005422153369480931,0,1.0,3.3985755947233027,10328.0,False,1.0,0.005422153369480931
2022-02-18 14:55:00,0.0006007078336551785,0.005778120184899871,0.005778120184899871,0,1.0,3.4043537149082024,10384.0,False,1.0,0.005778120184899871
2022-02-18 21:35:00,0.0003172522992826998,-0.0011489850631941634,-0.0011489850631941634,0,1.0,3.403204729845008,10444.0,False,1.0,-0.0011489850631941634
2022-02-21 09:40:00,-0.00023642528685741127,0.009394171779141036,0.009394171779141036,0,1.0,3.412598901624149,10432.0,False,0.0,0.009394171779141036
2022-02-21 10:40:00,0.0011246842332184315,-0.0005698005698006048,-0.0,1,0.0,3.412598901624149,10530.0,False,1.0,-0.0005698005698006048
2022-02-21 11:25:00,0.0009271236485801637,0.008741923223109183,0.008741923223109183,1,1.0,3.4213408248472583,10524.0,False,1.0,0.008741923223109183
2022-02-21 14:10:00,0.0013840463943779469,-0.007535795026375247,-0.007535795026375247,0,1.0,3.413805029820883,10616.0,False,1.0,-0.007535795026375247
2022-02-21 14:55:00,0.00041047923150472343,0.0024677296886863598,0.0024677296886863598,0,1.0,3.416272759509569,10536.0,False,1.0,0.0024677296886863598
2022-02-22 09:40:00,-0.0004226169839967042,0.016095436470365376,0.016095436470365376,0,1.0,3.432368195979935,10562.0,False,0.0,0.016095436470365376
2022-02-22 10:40:00,0.0005099255940876901,0.001118151323145744,0.0,1,0.0,3.432368195979935,10732.0,False,0.0,0.001118151323145744
2022-02-22 11:25:00,0.0009581017075106502,0.001303052866716392,0.0,1,0.0,3.432368195979935,10744.0,False,1.0,0.001303052866716392
2022-02-22 14:10:00,0.001229506335221231,-0.001487265290946227,-0.001487265290946227,0,1.0,3.4308809306889887,10758.0,False,1.0,-0.001487265290946227
2022-02-22 14:55:00,0.00028997292974963784,0.002606590951405696,0.002606590951405696,0,1.0,3.4334875216403944,10742.0,False,1.0,0.002606590951405696
2022-02-22 21:35:00,0.0002015244826907292,-0.0022284122562674646,-0.0022284122562674646,0,1.0,3.431259109384127,10770.0,False,1.0,-0.0022284122562674646
2022-02-23 09:40:00,-0.0005448916926980019,0.011911408896333464,0.011911408896333464,0,1.0,3.4431705182804606,10746.0,False,0.0,0.011911408896333464
2022-02-23 10:40:00,-3.248295251978561e-05,0.0034945742137209024,0.0,1,0.0,3.4431705182804606,10874.0,False,0.0,0.0034945742137209024
2022-02-23 11:25:00,0.0007585211424157023,0.006964809384164328,0.0,1,0.0,3.4431705182804606,10912.0,False,1.0,0.006964809384164328
2022-02-23 14:10:00,0.0004356057324912399,0.019293775027302562,0.019293775027302562,1,1.0,3.462464293307763,10988.0,False,1.0,0.019293775027302562
2022-02-23 14:55:00,0.0007515473407693207,0.0008928571428572507,0.0008928571428572507,1,1.0,3.46335715045062,11200.0,False,1.0,0.0008928571428572507
2022-02-23 21:35:00,0.0019572025630623102,0.00535236396074934,0.00535236396074934,0,1.0,3.4687095144113695,11210.0,False,1.0,0.00535236396074934
2022-02-24 09:40:00,0.000749278231523931,-0.003549245785270605,-0.003549245785270605,0,1.0,3.465160268626099,11270.0,False,1.0,-0.003549245785270605
2022-02-24 10:40:00,0.0007253112853504717,-0.0016028495102404783,-0.0016028495102404783,0,1.0,3.4635574191158587,11230.0,False,1.0,-0.0016028495102404783
2022-02-24 11:25:00,0.0004384381463751197,0.004459507670353302,0.004459507670353302,0,1.0,3.4680169267862118,11212.0,False,1.0,0.004459507670353302
2022-02-24 14:10:00,0.00045310394489206374,0.014207068016338198,0.014207068016338198,0,1.0,3.48222399480255,11262.0,False,1.0,0.014207068016338198
2022-02-24 14:55:00,0.0006727000582031906,0.012607249168271828,0.012607249168271828,0,1.0,3.494831243970822,11422.0,False,1.0,0.012607249168271828
2022-02-24 21:35:00,0.0015763394767418504,-0.015908697907660363,-0.015908697907660363,0,1.0,3.4789225460631616,11566.0,False,1.0,-0.015908697907660363
2022-02-25 09:40:00,0.0011596839176490903,0.008610086100861114,0.008610086100861114,0,1.0,3.4875326321640228,11382.0,False,1.0,0.008610086100861114
2022-02-25 10:40:00,0.00033215980511158705,-0.004878048780487809,-0.004878048780487809,0,1.0,3.482654583383535,11480.0,False,1.0,-0.004878048780487809
2022-02-25 11:25:00,0.0001035385939758271,-0.0045518207282913,-0.0045518207282913,0,1.0,3.4781027626552437,11424.0,False,1.0,-0.0045518207282913
2022-02-25 14:10:00,0.00026815765886567533,-0.007386563489271913,-0.007386563489271913,0,1.0,3.4707161991659716,11372.0,False,1.0,-0.007386563489271913
2022-02-25 14:55:00,-0.00042878667591139674,0.00407512402551391,0.00407512402551391,0,1.0,3.4747913231914858,11288.0,False,0.0,0.00407512402551391
2022-02-25 21:35:00,0.0005393322207964957,-0.024175048526557275,-0.0,1,0.0,3.4747913231914858,11334.0,False,1.0,-0.024175048526557275
2022-02-28 09:40:00,8.667392103234306e-05,0.018083182640144635,0.018083182640144635,1,1.0,3.4928745058316304,11060.0,False,1.0,0.018083182640144635
2022-02-28 10:40:00,0.0013218316016718745,0.005328596802841812,0.005328596802841812,0,1.0,3.498203102634472,11260.0,False,1.0,0.005328596802841812
2022-02-28 11:25:00,0.0004008871328551322,-0.001943462897526449,-0.001943462897526449,0,1.0,3.496259639736946,11320.0,False,1.0,-0.001943462897526449
2022-02-28 14:10:00,0.0030874437652528286,0.009028146574614926,0.009028146574614926,0,1.0,3.505287786311561,11298.0,False,1.0,0.009028146574614926
2022-02-28 14:55:00,0.0025130202993750572,0.0019298245614034482,0.0019298245614034482,0,1.0,3.5072176108729645,11400.0,False,1.0,0.0019298245614034482
2022-03-01 09:40:00,0.0024890131317079067,0.016809665557695697,0.016809665557695697,0,1.0,3.52402727643066,11422.0,False,1.0,0.016809665557695697
2022-03-01 10:40:00,0.00274858926422894,0.00929912174961256,0.00929912174961256,0,1.0,3.5333263981802725,11614.0,False,1.0,0.00929912174961256
2022-03-01 11:25:00,0.0026799554470926523,0.0047773417505545535,0.0047773417505545535,0,1.0,3.5381037399308273,11722.0,False,1.0,0.0047773417505545535
2022-03-01 14:10:00,0.0013027999084442854,0.014094073696722775,0.014094073696722775,0,1.0,3.55219781362755,11778.0,False,1.0,0.014094073696722775
2022-03-01 14:55:00,0.000593066040892154,0.006195579370395166,0.006195579370395166,0,1.0,3.558393392997945,11944.0,False,1.0,0.006195579370395166
2022-03-01 21:35:00,0.001980994828045368,0.037111000166416996,0.037111000166416996,0,1.0,3.595504393164362,12018.0,False,1.0,0.037111000166416996
2022-03-02 09:40:00,0.001208971836604178,-0.001765083440308124,-0.001765083440308124,0,1.0,3.5937393097240538,12464.0,False,1.0,-0.001765083440308124
2022-03-02 10:40:00,0.0005909533356316388,0.012055939559556306,0.012055939559556306,0,1.0,3.6057952492836103,12442.0,False,1.0,0.012055939559556306
2022-03-02 11:25:00,0.0005546814063563943,-0.01095933926302417,-0.01095933926302417,0,1.0,3.5948359100205862,12592.0,False,1.0,-0.01095933926302417
2022-03-02 14:10:00,-0.0003012227825820446,-0.018789144050104345,-0.018789144050104345,0,1.0,3.576046765970482,12454.0,False,0.0,-0.018789144050104345
2022-03-02 14:55:00,0.0002874269848689437,0.014402618657937794,0.0,1,0.0,3.576046765970482,12220.0,False,0.0,0.014402618657937794
2022-03-02 21:35:00,0.00016895118460524827,-0.007905776056792546,-0.0,1,0.0,3.576046765970482,12396.0,False,0.0,-0.007905776056792546
2022-03-03 09:40:00,-0.00037271043402142823,0.02553260692795578,0.0,0,0.0,3.576046765970482,12298.0,False,0.0,0.02553260692795578
2022-03-03 10:40:00,0.0002874269848689437,0.005233111322549888,0.0,1,0.0,3.576046765970482,12612.0,False,0.0,0.005233111322549888
2022-03-03 11:25:00,0.0014903798000887036,0.0026818110112005744,0.0,1,0.0,3.576046765970482,12678.0,False,1.0,0.0026818110112005744
2022-03-03 14:10:00,0.00041856715688481927,0.003618628067967311,0.003618628067967311,0,1.0,3.5796653940384493,12712.0,False,1.0,0.003618628067967311
2022-03-03 14:55:00,-0.00025177132920362055,-0.010189684903589957,-0.010189684903589957,0,1.0,3.5694757091348595,12758.0,False,0.0,-0.010189684903589957
2022-03-03 21:35:00,-0.0001435160229448229,-0.022489705416534722,-0.0,1,0.0,3.5694757091348595,12628.0,False,0.0,-0.022489705416534722
2022-03-04 09:40:00,-0.0010503057856112719,-0.005670771224886573,-0.0,1,0.0,3.5694757091348595,12344.0,False,-1.0,-0.005670771224886573
2022-03-04 10:40:00,-0.0007522501400671899,-0.00847319537233171,0.00847319537233171,0,-1.0,3.577948904507191,12274.0,False,-1.0,-0.00847319537233171
2022-03-04 11:25:00,-0.0009659929783083498,-0.021692686935086303,0.021692686935086303,0,-1.0,3.5996415914422775,12170.0,False,-1.0,-0.021692686935086303
2022-03-04 14:10:00,-0.0010406947694718838,-0.023181589114732115,0.023181589114732115,0,-1.0,3.6228231805570097,11906.0,False,-1.0,-0.023181589114732115
2022-03-04 14:55:00,0.0011510772164911032,0.007738607050730817,-0.007738607050730817,0,-1.0,3.615084573506279,11630.0,False,0.0,0.007738607050730817
2022-03-04 21:35:00,-0.00032514447229914367,0.026279863481228682,0.0,1,0.0,3.615084573506279,11720.0,False,0.0,0.026279863481228682
2022-03-07 09:40:00,-0.0008224276825785637,0.0131360159627536,0.0,1,0.0,3.615084573506279,12028.0,False,-1.0,0.0131360159627536
2022-03-07 10:40:00,0.0005836200434714556,-0.02100771376989985,0.02100771376989985,0,-1.0,3.6360922872761785,12186.0,False,0.0,-0.02100771376989985
2022-03-07 11:25:00,0.0005992286605760455,0.0008382229673093988,0.0,1,0.0,3.6360922872761785,11930.0,False,1.0,0.0008382229673093988
2022-03-07 14:10:00,0.001086683478206396,-0.01155778894472359,-0.01155778894472359,1,1.0,3.624534498331455,11940.0,False,1.0,-0.01155778894472359
2022-03-07 14:55:00,0.0006517588626593351,-0.02135231316725983,-0.02135231316725983,0,1.0,3.603182185164195,11802.0,False,1.0,-0.02135231316725983
2022-03-08 09:40:00,0.0006515632849186659,0.017489177489177443,0.017489177489177443,0,1.0,3.6206713626533724,11550.0,False,1.0,0.017489177489177443
2022-03-08 10:40:00,0.0004886412061750889,0.02059223961878831,0.02059223961878831,0,1.0,3.6412636022721605,11752.0,False,1.0,0.02059223961878831
2022-03-08 11:25:00,0.00043907304643653333,-0.0005002501250624958,-0.0005002501250624958,0,1.0,3.640763352147098,11994.0,False,1.0,-0.0005002501250624958
2022-03-08 14:10:00,0.0011680606985464692,0.01017684351017678,0.01017684351017678,0,1.0,3.6509401956572747,11988.0,False,1.0,0.01017684351017678
2022-03-08 14:55:00,0.0005433772457763553,-0.009413707679603589,-0.009413707679603589,0,1.0,3.641526487977671,12110.0,False,1.0,-0.009413707679603589
2022-03-08 21:35:00,-5.990465069771744e-06,-0.002334111370456804,-0.002334111370456804,0,1.0,3.6391923766072143,11996.0,False,0.0,-0.002334111370456804
2022-03-09 09:40:00,-0.0006509089143946767,-0.006684491978609652,-0.0,1,0.0,3.6391923766072143,11968.0,False,-1.0,-0.006684491978609652
2022-03-09 10:40:00,0.00128638232126832,0.005047106325706485,-0.005047106325706485,1,-1.0,3.6341452702815076,11888.0,False,0.0,0.005047106325706485
2022-03-09 11:25:00,6.255984771996737e-05,-0.0035152326749247065,-0.0,1,0.0,3.6341452702815076,11948.0,False,0.0,-0.0035152326749247065
2022-03-09 14:10:00,-0.0013916949974372983,0.044683352931295106,0.0,1,0.0,3.6341452702815076,11906.0,False,-1.0,0.044683352931295106
2022-03-09 14:55:00,-0.0007212132913991809,0.022511657822801068,-0.022511657822801068,1,-1.0,3.6116336124587063,12438.0,False,-1.0,0.022511657822801068
2022-03-09 21:35:00,-0.00021444181038532406,-0.02233055511872939,0.02233055511872939,1,-1.0,3.6339641675774357,12718.0,False,-1.0,-0.02233055511872939
2022-03-10 09:40:00,0.00035776683944277465,-0.03393919897056463,0.03393919897056463,0,-1.0,3.6679033665480003,12434.0,False,0.0,-0.03393919897056463
2022-03-10 10:40:00,3.3075324608944356e-05,0.012321012321012237,0.0,1,0.0,3.6679033665480003,12012.0,False,0.0,0.012321012321012237
2022-03-10 11:25:00,-0.0015562116168439388,0.023848684210526327,0.0,1,0.0,3.6679033665480003,12160.0,False,-1.0,0.023848684210526327
2022-03-10 14:10:00,-0.0015866827452555299,-0.008192771084337358,0.008192771084337358,1,-1.0,3.676096137632338,12450.0,False,-1.0,-0.008192771084337358
2022-03-10 14:55:00,-0.0018673123558983207,0.0016196954972464983,-0.0016196954972464983,1,-1.0,3.6744764421350915,12348.0,False,-1.0,0.0016196954972464983
2022-03-10 21:35:00,-5.544950545299798e-05,0.005821474773609392,-0.005821474773609392,0,-1.0,3.668654967361482,12368.0,False,-1.0,0.005821474773609392
2022-03-11 09:40:00,-0.002524258568882942,-0.0006430868167202064,0.0006430868167202064,0,-1.0,3.6692980541782023,12440.0,False,-1.0,-0.0006430868167202064
2022-03-11 10:40:00,-0.002426762832328677,-0.015926640926640978,0.015926640926640978,0,-1.0,3.6852246951048433,12432.0,False,-1.0,-0.015926640926640978
2022-03-11 11:25:00,-0.0027005088049918413,-0.0037600130783063124,0.0037600130783063124,0,-1.0,3.6889847081831495,12234.0,False,-1.0,-0.0037600130783063124
2022-03-11 14:10:00,-0.0032717077992856503,0.013948145717098681,-0.013948145717098681,0,-1.0,3.675036562466051,12188.0,False,-1.0,0.013948145717098681
2022-03-11 14:55:00,-0.00107092026155442,-0.0009710309111506943,0.0009710309111506943,0,-1.0,3.676007593377202,12358.0,False,-1.0,-0.0009710309111506943
2022-03-11 21:35:00,-0.0017116549424827099,-0.02235541875911229,0.02235541875911229,0,-1.0,3.6983630121363142,12346.0,False,-1.0,-0.02235541875911229
2022-03-14 09:40:00,-0.0007514436147175729,-0.026014913007456508,0.026014913007456508,0,-1.0,3.724377925143771,12070.0,False,-1.0,-0.026014913007456508
2022-03-14 10:40:00,-0.0013684051809832454,0.005614154474310906,-0.005614154474310906,0,-1.0,3.71876377066946,11756.0,False,-1.0,0.005614154474310906
2022-03-14 11:25:00,-0.0014186619082465768,-0.019624429030620893,0.019624429030620893,0,-1.0,3.738388199700081,11822.0,False,-1.0,-0.019624429030620893
2022-03-14 14:10:00,0.0007550477748736739,-0.00345125107851596,0.00345125107851596,0,-1.0,3.741839450778597,11590.0,False,0.0,-0.00345125107851596
2022-03-14 14:55:00,0.0006772755878046155,-0.023549783549783543,-0.0,1,0.0,3.741839450778597,11550.0,False,1.0,-0.023549783549783543
2022-03-15 09:40:00,0.0005397060886025429,-0.0015960276644795268,-0.0015960276644795268,1,1.0,3.7402434231141175,11278.0,False,1.0,-0.0015960276644795268
2022-03-15 10:40:00,0.0007173999911174178,0.003907637655417462,0.003907637655417462,0,1.0,3.7441510607695347,11260.0,False,1.0,0.003907637655417462
2022-03-15 11:25:00,0.0005661096656695008,-0.005661712668082131,-0.005661712668082131,0,1.0,3.7384893481014525,11304.0,False,1.0,-0.005661712668082131
2022-03-15 14:10:00,0.0007932342123240232,-0.019039145907473354,-0.019039145907473354,0,1.0,3.719450202193979,11240.0,False,1.0,-0.019039145907473354
2022-03-15 14:55:00,0.0014035444473847747,0.0,0.0,0,1.0,3.719450202193979,11026.0,False,1.0,0.0
2022-03-15 21:35:00,0.0021151117980480194,0.03791039361509152,0.03791039361509152,0,1.0,3.757360595809071,11026.0,False,1.0,0.03791039361509152
2022-03-16 09:40:00,0.0021791928447782993,-0.000873820342537579,-0.000873820342537579,0,1.0,3.7564867754665334,11444.0,False,1.0,-0.000873820342537579
2022-03-16 10:40:00,0.0030369292944669724,-0.003848172118243842,-0.003848172118243842,0,1.0,3.7526386033482897,11434.0,False,1.0,-0.003848172118243842
2022-03-16 11:25:00,0.003092776285484433,0.0033362598770851903,0.0033362598770851903,0,1.0,3.755974863225375,11390.0,False,1.0,0.0033362598770851903
2022-03-16 14:10:00,0.003134240163490176,0.011025551277563883,0.011025551277563883,0,1.0,3.767000414502939,11428.0,False,1.0,0.011025551277563883
2022-03-16 14:55:00,0.003370648482814431,-0.007962610351393451,-0.007962610351393451,0,1.0,3.7590378041515455,11554.0,False,1.0,-0.007962610351393451
2022-03-16 21:35:00,0.0010371771641075611,-0.02809282847670569,-0.02809282847670569,0,1.0,3.7309449756748396,11462.0,False,1.0,-0.02809282847670569
2022-03-17 09:40:00,0.000740891438908875,0.014362657091562037,0.014362657091562037,0,1.0,3.7453076327664014,11140.0,False,1.0,0.014362657091562037
2022-03-17 10:40:00,0.00132278585806489,-0.009380530973451373,-0.009380530973451373,0,1.0,3.7359271017929503,11300.0,False,1.0,-0.009380530973451373
2022-03-17 11:25:00,0.0012508365325629711,0.0032160085760228885,0.0032160085760228885,0,1.0,3.739143110368973,11194.0,False,1.0,0.0032160085760228885
2022-03-17 14:10:00,0.0013534616446122527,-0.007479964381121973,-0.007479964381121973,0,1.0,3.731663145987851,11230.0,False,1.0,-0.007479964381121973
2022-03-17 14:55:00,0.0011761907953768969,-0.021173515162390077,-0.021173515162390077,0,1.0,3.7104896308254607,11146.0,False,1.0,-0.021173515162390077
2022-03-17 21:35:00,0.0021411471534520388,0.01869844179651703,0.01869844179651703,0,1.0,3.7291880726219775,10910.0,False,1.0,0.01869844179651703
2022-03-18 09:40:00,0.0012659167405217886,0.021774338671945337,0.021774338671945337,0,1.0,3.750962411293923,11114.0,False,1.0,0.021774338671945337
2022-03-18 10:40:00,0.0024360136594623327,-0.0031701303275801784,-0.0031701303275801784,0,1.0,3.7477922809663426,11356.0,False,1.0,-0.0031701303275801784
2022-03-18 11:25:00,0.0025264520663768053,-0.0190812720848057,-0.0190812720848057,0,1.0,3.728711008881537,11320.0,False,1.0,-0.0190812720848057
2022-03-18 14:10:00,0.0017446193378418684,-0.00036023054755041084,-0.00036023054755041084,0,1.0,3.7283507783339864,11104.0,False,1.0,-0.00036023054755041084
2022-03-18 14:55:00,0.0021474051754921675,-0.0028828828828828534,-0.0028828828828828534,0,1.0,3.7254678954511036,11100.0,False,1.0,-0.0028828828828828534
2022-03-18 21:35:00,0.0019497950561344624,-0.025298156848572506,-0.025298156848572506,0,1.0,3.700169738602531,11068.0,False,1.0,-0.025298156848572506
2022-03-21 09:40:00,0.00161767250392586,0.020949202817945878,0.020949202817945878,0,1.0,3.721118941420477,10788.0,False,1.0,0.020949202817945878
2022-03-21 10:40:00,0.002240663394331932,-0.003631741420010881,-0.003631741420010881,0,1.0,3.717487200000466,11014.0,False,1.0,-0.003631741420010881
2022-03-21 11:25:00,0.0022921168711036444,0.004556223801713166,0.004556223801713166,0,1.0,3.7220434238021793,10974.0,False,1.0,0.004556223801713166
2022-03-21 14:10:00,0.0027163950726389885,-0.011429608127721314,-0.011429608127721314,0,1.0,3.710613815674458,11024.0,False,1.0,-0.011429608127721314
2022-03-21 14:55:00,0.002459136303514242,0.008808955771701266,0.008808955771701266,0,1.0,3.719422771446159,10898.0,False,1.0,0.008808955771701266
2022-03-22 09:40:00,0.003429375821724534,0.002001091504457042,0.002001091504457042,0,1.0,3.7214238629506164,10994.0,False,1.0,0.002001091504457042
2022-03-22 10:40:00,0.0034506465308368206,0.007080610021786393,0.007080610021786393,0,1.0,3.7285044729724026,11016.0,False,1.0,0.007080610021786393
2022-03-22 11:25:00,0.0034206088166683912,-0.009915269515053171,-0.009915269515053171,0,1.0,3.7185892034573493,11094.0,False,1.0,-0.009915269515053171
2022-03-22 14:10:00,0.0038203769363462925,0.012563729060451667,0.012563729060451667,0,1.0,3.731152932517801,10984.0,False,1.0,0.012563729060451667
2022-03-22 14:55:00,0.0029185833409428596,0.009710483725948515,0.009710483725948515,0,1.0,3.7408634162437497,11122.0,False,1.0,0.009710483725948515
2022-03-22 21:35:00,0.0037583124358206987,0.002671415850400649,0.002671415850400649,0,1.0,3.7435348320941504,11230.0,False,1.0,0.002671415850400649
2022-03-23 09:40:00,0.003951007034629583,-0.005683836589698066,-0.005683836589698066,0,1.0,3.737850995504452,11260.0,False,1.0,-0.005683836589698066
2022-03-23 10:40:00,0.003936638589948416,0.011611289746338072,0.011611289746338072,0,1.0,3.7494622852507904,11196.0,False,1.0,0.011611289746338072
2022-03-23 11:25:00,0.001751176081597805,0.006533639413738301,0.006533639413738301,0,1.0,3.7559959246645285,11326.0,False,1.0,0.006533639413738301
2022-03-23 14:10:00,0.0015471320366486907,0.004561403508771988,0.004561403508771988,0,1.0,3.7605573281733005,11400.0,False,1.0,0.004561403508771988
2022-03-23 14:55:00,0.0014584498712792993,0.003318197694725855,0.003318197694725855,0,1.0,3.763875525868026,11452.0,False,1.0,0.003318197694725855
2022-03-23 21:35:00,0.0017969761975109577,0.043167972149695366,0.043167972149695366,0,1.0,3.8070434980177215,11490.0,False,1.0,0.043167972149695366
2022-03-24 09:40:00,-9.478369611315429e-05,-0.009844818955447976,-0.009844818955447976,0,1.0,3.7971986790622734,11986.0,False,0.0,-0.009844818955447976
2022-03-24 10:40:00,0.0007706991164013743,-0.005561172901921152,-0.0,1,0.0,3.7971986790622734,11868.0,False,0.0,-0.005561172901921152
2022-03-24 11:25:00,-0.0002608909271657467,-0.017285205897305533,-0.0,1,0.0,3.7971986790622734,11802.0,False,0.0,-0.017285205897305533
2022-03-24 14:10:00,0.0002001841348828748,-0.004828418692878089,-0.0,1,0.0,3.7971986790622734,11598.0,False,0.0,-0.004828418692878089
2022-03-24 14:55:00,-0.000218657631194219,-0.010743372032576692,-0.0,1,0.0,3.7971986790622734,11542.0,False,0.0,-0.010743372032576692
2022-03-24 21:35:00,-0.00023309103562496603,0.004554212646698197,0.0,1,0.0,3.7971986790622734,11418.0,False,0.0,0.004554212646698197
2022-03-25 09:40:00,-0.0007292648660950363,0.007497820401046296,0.0,1,0.0,3.7971986790622734,11470.0,False,0.0,0.007497820401046296
2022-03-25 10:40:00,-0.0007412670529447496,0.00674974039460019,0.0,0,0.0,3.7971986790622734,11556.0,False,0.0,0.00674974039460019
2022-03-25 11:25:00,-0.0018739743391051888,-0.008251676121712181,-0.0,0,0.0,3.7971986790622734,11634.0,False,-1.0,-0.008251676121712181
2022-03-25 14:10:00,-0.0013996448833495378,0.006066909343040328,-0.006066909343040328,0,-1.0,3.7911317697192333,11538.0,False,-1.0,0.006066909343040328
2022-03-25 14:55:00,-0.0015428498154506087,-0.0025844245348035644,0.0025844245348035644,0,-1.0,3.7937161942540367,11608.0,False,-1.0,-0.0025844245348035644
2022-03-25 21:35:00,-0.0011125971795991063,0.0005182242183452423,-0.0005182242183452423,0,-1.0,3.7931979700356915,11578.0,False,-1.0,0.0005182242183452423
2022-03-28 09:40:00,-0.0015815773513168097,0.004834254143646355,-0.004834254143646355,0,-1.0,3.788363715892045,11584.0,False,-1.0,0.004834254143646355
2022-03-28 10:40:00,-0.0008440038072876632,0.010996563573883122,-0.010996563573883122,0,-1.0,3.777367152318162,11640.0,False,-1.0,0.010996563573883122
2022-03-28 11:25:00,-0.0018292533932253718,-0.008667573079537694,0.008667573079537694,0,-1.0,3.7860347253976996,11768.0,False,-1.0,-0.008667573079537694
2022-03-28 14:10:00,-0.0010876881424337626,-0.006171781244642571,0.006171781244642571,0,-1.0,3.792206506642342,11666.0,False,-1.0,-0.006171781244642571
2022-03-28 14:55:00,-0.002003955654799938,-0.008452647921338596,0.008452647921338596,0,-1.0,3.8006591545636805,11594.0,False,-1.0,-0.008452647921338596
2022-03-29 09:40:00,-0.002194303786382079,-0.0027835768963118124,0.0027835768963118124,0,-1.0,3.8034427314599926,11496.0,False,-1.0,-0.0027835768963118124
2022-03-29 10:40:00,-0.00232339627109468,0.004361479413817149,-0.004361479413817149,0,-1.0,3.799081252046175,11464.0,False,-1.0,0.004361479413817149
2022-03-29 11:25:00,-0.002177024492993951,0.012159110647906868,-0.012159110647906868,0,-1.0,3.7869221413982683,11514.0,False,-1.0,0.012159110647906868
2022-03-29 14:10:00,-0.0007750953664071858,0.0001716148961730113,-0.0001716148961730113,0,-1.0,3.7867505265020953,11654.0,False,-1.0,0.0001716148961730113
2022-03-29 14:55:00,-0.00032524039852432907,-0.0017158544955387933,0.0017158544955387933,0,-1.0,3.788466380997634,11656.0,False,-1.0,-0.0017158544955387933
2022-03-29 21:35:00,-0.0018803348066285253,-0.015469233413544226,0.015469233413544226,0,-1.0,3.803935614411178,11636.0,False,-1.0,-0.015469233413544226
2022-03-30 09:40:00,-0.0007482681539840996,0.0012220670391061006,-0.0012220670391061006,0,-1.0,3.802713547372072,11456.0,False,-1.0,0.0012220670391061006
2022-03-30 10:40:00,-0.0015210234560072422,-0.0019180470793374038,0.0019180470793374038,0,-1.0,3.8046315944514095,11470.0,False,-1.0,-0.0019180470793374038
2022-03-30 11:25:00,0.0006177194300107658,-0.0005241090146750338,0.0005241090146750338,0,-1.0,3.8051557034660846,11448.0,False,0.0,-0.0005241090146750338
2022-03-30 14:10:00,0.00250605889596045,0.007516168502010201,0.0,1,0.0,3.8051557034660846,11442.0,False,1.0,0.007516168502010201
2022-03-30 14:55:00,0.00081711879465729,-0.000520471894517649,-0.000520471894517649,1,1.0,3.804635231571567,11528.0,False,1.0,-0.000520471894517649
2022-03-30 21:35:00,0.0009793548379093409,0.0006943239021002245,0.0006943239021002245,0,1.0,3.8053295554736675,11522.0,False,1.0,0.0006943239021002245
2022-03-31 09:40:00,0.0020765967201441526,-0.012489158716392001,-0.012489158716392001,0,1.0,3.7928403967572755,11530.0,False,1.0,-0.012489158716392001
2022-03-31 10:40:00,0.0006580196786671877,-0.0028104689970138708,-0.0028104689970138708,0,1.0,3.7900299277602616,11386.0,False,1.0,-0.0028104689970138708
2022-03-31 11:25:00,0.0002759318449534476,-0.001761493746697207,-0.001761493746697207,0,1.0,3.788268434013564,11354.0,False,1.0,-0.001761493746697207
2022-03-31 14:10:00,0.00017222440510522574,0.00829362978648307,0.00829362978648307,0,1.0,3.7965620638000472,11334.0,False,1.0,0.00829362978648307
2022-03-31 14:55:00,0.0007751277880743146,0.005250262513125659,0.005250262513125659,0,1.0,3.801812326313173,11428.0,False,1.0,0.005250262513125659
2022-03-31 21:35:00,0.00043224755791015923,-0.008182451253481937,-0.008182451253481937,0,1.0,3.793629875059691,11488.0,False,1.0,-0.008182451253481937
2022-04-01 09:40:00,0.0005031622713431716,-0.010005265929436513,-0.010005265929436513,0,1.0,3.7836246091302543,11394.0,False,1.0,-0.010005265929436513
2022-04-01 10:40:00,0.00034670179593376815,0.004432624113475114,0.004432624113475114,0,1.0,3.7880572332437294,11280.0,False,1.0,0.004432624113475114
2022-04-01 11:25:00,0.0005718002794310451,-0.02312444836716676,-0.02312444836716676,0,1.0,3.764932784876563,11330.0,False,1.0,-0.02312444836716676
2022-04-01 14:10:00,0.0005878666415810585,-0.008673653776653412,-0.008673653776653412,0,1.0,3.7562591310999096,11068.0,False,1.0,-0.008673653776653412
2022-04-01 14:55:00,0.0003816368116531521,-0.005650747356908514,-0.005650747356908514,0,1.0,3.750608383743001,10972.0,False,1.0,-0.005650747356908514
2022-04-01 21:35:00,0.0002495579537935555,0.031164069660861493,0.031164069660861493,0,1.0,3.7817724534038626,10910.0,False,1.0,0.031164069660861493
2022-04-06 09:40:00,0.0017848933348432183,0.003555555555555534,0.003555555555555534,0,1.0,3.785328008959418,11250.0,False,1.0,0.003555555555555534
2022-04-06 10:40:00,0.0017552125500515103,0.0072630646589901815,0.0072630646589901815,0,1.0,3.792591073618408,11290.0,False,1.0,0.0072630646589901815
2022-04-06 11:25:00,0.0016909105470404029,0.020928596552937107,0.020928596552937107,0,1.0,3.8135196701713454,11372.0,False,1.0,0.020928596552937107
2022-04-06 14:10:00,0.0029731583781540394,0.0051679586563306845,0.0051679586563306845,0,1.0,3.818687628827676,11610.0,False,1.0,0.0051679586563306845
2022-04-06 14:55:00,0.001595466979779303,-0.006169665809768632,-0.006169665809768632,0,1.0,3.8125179630179074,11670.0,False,1.0,-0.006169665809768632
2022-04-07 09:40:00,0.0014834654284641147,-0.0012071046732194946,-0.0012071046732194946,0,1.0,3.811310858344688,11598.0,False,1.0,-0.0012071046732194946
2022-04-07 10:40:00,0.0015200034249573946,-0.0013812154696132284,-0.0013812154696132284,0,1.0,3.809929642875075,11584.0,False,1.0,-0.0013812154696132284
2022-04-07 11:25:00,0.0015415543457493186,-0.0024204702627939056,-0.0024204702627939056,0,1.0,3.807509172612281,11568.0,False,1.0,-0.0024204702627939056
2022-04-07 14:10:00,0.00043379285489208996,-0.00554592720970537,-0.00554592720970537,0,1.0,3.8019632454025754,11540.0,False,1.0,-0.00554592720970537
2022-04-07 14:55:00,-5.4814430768601596e-05,-0.0027884280237016057,-0.0027884280237016057,0,1.0,3.7991748173788737,11476.0,False,0.0,-0.0027884280237016057
2022-04-07 21:35:00,5.5449618230341e-06,-0.10101363159734356,-0.0,1,0.0,3.7991748173788737,11444.0,False,0.0,-0.10101363159734356
2022-04-08 09:40:00,-0.00012043130118399858,0.0,0.0,1,0.0,3.7991748173788737,10288.0,True,0.0,0.002138413685847551
2022-04-08 10:40:00,-0.0003034612163901329,-0.004849660523763344,-0.0,1,0.0,3.7991748173788737,10310.0,False,0.0,-0.004849660523763344
2022-04-08 11:25:00,0.000650690752081573,-0.0035087719298245723,-0.0,1,0.0,3.7991748173788737,10260.0,False,1.0,-0.0035087719298245723
2022-04-08 14:10:00,0.0021553358528763056,0.00782472613458518,0.00782472613458518,1,1.0,3.806999543513459,10224.0,False,1.0,0.00782472613458518
2022-04-08 14:55:00,0.0019236847292631865,0.0036878881987578715,0.0036878881987578715,1,1.0,3.810687431712217,10304.0,False,1.0,0.0036878881987578715
2022-04-08 21:35:00,0.0015866307076066732,0.012183330110230095,0.012183330110230095,0,1.0,3.822870761822447,10342.0,False,1.0,0.012183330110230095
2022-04-11 09:40:00,0.0012667046394199133,-0.01738632021398545,-0.01738632021398545,0,1.0,3.8054844416084617,10468.0,False,1.0,-0.01738632021398545
2022-04-11 10:40:00,0.0015985140344128013,0.0023332685203187875,0.0023332685203187875,0,1.0,3.8078177101287807,10286.0,False,1.0,0.0023332685203187875
2022-04-11 11:25:00,0.0016138461651280522,-0.0015518913676042523,-0.0015518913676042523,0,1.0,3.8062658187611764,10310.0,False,1.0,-0.0015518913676042523
2022-04-11 14:10:00,0.001964372117072344,0.00563435010685831,0.00563435010685831,0,1.0,3.8119001688680347,10294.0,False,1.0,0.00563435010685831
2022-04-11 14:55:00,0.0011250391835346818,0.00019319938176187712,0.00019319938176187712,0,1.0,3.812093368249797,10352.0,False,1.0,0.00019319938176187712
2022-04-12 09:40:00,0.000593175645917654,0.01236237203013335,0.01236237203013335,0,1.0,3.82445574027993,10354.0,False,1.0,0.01236237203013335
2022-04-12 10:40:00,0.0008435315685346723,0.008204541118107311,0.008204541118107311,0,1.0,3.8326602813980375,10482.0,False,1.0,0.008204541118107311
2022-04-12 11:25:00,0.0017171641811728477,0.0026495079485238104,0.0026495079485238104,0,1.0,3.835309789346561,10568.0,False,1.0,0.0026495079485238104
2022-04-12 14:10:00,0.0027567956130951643,0.008116270290675631,0.008116270290675631,0,1.0,3.8434260596372365,10596.0,False,1.0,0.008116270290675631
2022-04-12 14:55:00,0.0030545571353286505,-0.004680771391125216,-0.004680771391125216,0,1.0,3.8387452882461113,10682.0,False,1.0,-0.004680771391125216
2022-04-12 21:35:00,0.003078193636611104,0.0060195635816402415,0.0060195635816402415,0,1.0,3.8447648518277515,10632.0,False,1.0,0.0060195635816402415
2022-04-13 09:40:00,0.0031214517075568438,-0.0057965594614809435,-0.0057965594614809435,0,1.0,3.8389682923662707,10696.0,False,1.0,-0.0057965594614809435
2022-04-13 10:40:00,0.0029820683412253857,0.008651495204062387,0.008651495204062387,0,1.0,3.8476197875703333,10634.0,False,1.0,0.008651495204062387
2022-04-13 11:25:00,0.0015812673373147845,-0.012679470445646102,-0.012679470445646102,0,1.0,3.834940317124687,10726.0,False,1.0,-0.012679470445646102
2022-04-13 14:10:00,0.002266503404825926,0.0037771482530688516,0.0037771482530688516,0,1.0,3.838717465377756,10590.0,False,1.0,0.0037771482530688516
2022-04-13 14:55:00,0.0021008651237934828,-0.00018814675446843232,-0.00018814675446843232,0,1.0,3.838529318623287,10630.0,False,1.0,-0.00018814675446843232
2022-04-13 21:35:00,0.002310846233740449,0.012984569062852946,0.012984569062852946,0,1.0,3.8515138876861403,10628.0,False,1.0,0.012984569062852946
2022-04-14 09:40:00,0.0018464378081262112,0.01096043098643884,0.01096043098643884,0,1.0,3.862474318672579,10766.0,False,1.0,0.01096043098643884
2022-04-14 10:40:00,0.0030042019207030535,0.005512679162072764,0.005512679162072764,0,1.0,3.867986997834652,10884.0,False,1.0,0.005512679162072764
2022-04-14 11:25:00,0.001733023440465331,-0.001827485380117011,-0.001827485380117011,0,1.0,3.866159512454535,10944.0,False,1.0,-0.001827485380117011
2022-04-14 14:10:00,0.0013617795193567872,-0.0009154155986818013,-0.0009154155986818013,0,1.0,3.8652440968558532,10924.0,False,1.0,-0.0009154155986818013
2022-04-14 14:55:00,0.0008455481729470193,0.00018325087044157584,0.00018325087044157584,0,1.0,3.865427347726295,10914.0,False,1.0,0.00018325087044157584
2022-04-14 21:35:00,0.00077353062806651,0.006412605349945144,0.006412605349945144,0,1.0,3.8718399530762397,10916.0,False,1.0,0.006412605349945144
2022-04-15 09:40:00,0.0012512702960520983,0.006553795740032786,0.006553795740032786,0,1.0,3.8783937488162725,10986.0,False,1.0,0.006553795740032786
2022-04-15 10:40:00,0.0013457003515213728,0.001989509857116989,0.001989509857116989,0,1.0,3.8803832586733895,11058.0,False,1.0,0.001989509857116989
2022-04-15 11:25:00,0.0017534542130306363,0.001985559566787032,0.001985559566787032,0,1.0,3.8823688182401765,11080.0,False,1.0,0.001985559566787032
2022-04-15 14:10:00,0.00152273615822196,0.007386056566384358,0.007386056566384358,0,1.0,3.889754874806561,11102.0,False,1.0,0.007386056566384358
2022-04-15 14:55:00,0.0010399783495813608,0.004649499284692382,0.004649499284692382,0,1.0,3.8944043740912533,11184.0,False,1.0,0.004649499284692382
2022-04-15 21:35:00,0.0004935056786052883,0.021715913136347353,0.021715913136347353,0,1.0,3.9161202872276006,11236.0,False,1.0,0.021715913136347353
2022-04-18 09:40:00,-0.0001555605122121051,-0.017770034843205607,-0.017770034843205607,0,1.0,3.898350252384395,11480.0,False,0.0,-0.017770034843205607
2022-04-18 10:40:00,0.0008824109681881964,-0.0031926214969847377,-0.0,1,0.0,3.898350252384395,11276.0,False,0.0,-0.0031926214969847377
2022-04-18 11:25:00,0.001067158067598939,-0.000533807829181443,-0.0,1,0.0,3.898350252384395,11240.0,False,1.0,-0.000533807829181443
2022-04-18 14:10:00,0.0004398980818223208,0.0021363717286808637,0.0021363717286808637,0,1.0,3.900486624113076,11234.0,False,1.0,0.0021363717286808637
2022-04-18 14:55:00,-0.0004945198888890445,0.013323858589447513,0.013323858589447513,0,1.0,3.913810482702523,11258.0,False,0.0,0.013323858589447513
2022-04-19 09:40:00,-0.00037435817648656666,0.0038569424964935983,0.0,1,0.0,3.913810482702523,11408.0,False,0.0,0.0038569424964935983
2022-04-19 10:40:00,-0.00022784921748097986,0.0005239259517988426,0.0,1,0.0,3.913810482702523,11452.0,False,0.0,0.0005239259517988426
2022-04-19 11:25:00,-0.000453834276413545,0.0041892127770990495,0.0,0,0.0,3.913810482702523,11458.0,False,0.0,0.0041892127770990495
2022-04-19 14:10:00,0.0004690966452471912,-0.0019120458891013214,-0.0,0,0.0,3.913810482702523,11506.0,False,0.0,-0.0019120458891013214
2022-04-19 14:55:00,-0.0004151893954258412,-0.0019157088122605526,-0.0,1,0.0,3.913810482702523,11484.0,False,0.0,-0.0019157088122605526
2022-04-19 21:35:00,-0.0004737793642561883,-0.013435700575815779,-0.0,1,0.0,3.913810482702523,11462.0,False,0.0,-0.013435700575815779
2022-04-20 09:40:00,-0.0013138692593201995,0.012203749557835097,0.0,0,0.0,3.913810482702523,11308.0,False,-1.0,0.012203749557835097
2022-04-20 10:40:00,-0.0020425606053322554,0.0015726017822819127,-0.0015726017822819127,0,-1.0,3.912237880920241,11446.0,False,-1.0,0.0015726017822819127
2022-04-20 11:25:00,-0.0016318527050316334,-0.024075366364270767,0.024075366364270767,0,-1.0,3.9363132472845117,11464.0,False,-1.0,-0.024075366364270767
2022-04-20 14:10:00,-0.0014986128080636263,-0.010189488737933461,0.010189488737933461,0,-1.0,3.9465027360224454,11188.0,False,-1.0,-0.010189488737933461
2022-04-20 14:55:00,-0.00011695524153765291,0.00270904822105833,-0.00270904822105833,0,-1.0,3.943793687801387,11074.0,False,-1.0,0.00270904822105833
2022-04-20 21:35:00,0.00047321675810962915,0.007744956772334222,-0.007744956772334222,0,-1.0,3.936048731029053,11104.0,False,0.0,0.007744956772334222
2022-04-21 09:40:00,0.0005482480628415942,0.00428954423592498,0.0,1,0.0,3.936048731029053,11190.0,False,0.0,0.00428954423592498
2022-04-21 10:40:00,-2.8056141673005186e-05,0.00480512546716505,0.0,1,0.0,3.936048731029053,11238.0,False,0.0,0.00480512546716505
2022-04-21 11:25:00,0.00020139897242188454,-0.006730428622033324,-0.0,1,0.0,3.936048731029053,11292.0,False,0.0,-0.006730428622033324
2022-04-21 14:10:00,0.0008511743508279324,-0.001961483594864477,-0.0,1,0.0,3.936048731029053,11216.0,False,1.0,-0.001961483594864477
2022-04-21 14:55:00,0.001437538187019527,0.0017866714311238763,0.0017866714311238763,0,1.0,3.937835402460177,11194.0,False,1.0,0.0017866714311238763
2022-04-21 21:35:00,0.000874062767252326,0.006598894239343567,0.006598894239343567,0,1.0,3.9444342966995203,11214.0,False,1.0,0.006598894239343567
2022-04-22 09:40:00,0.0004050041316077113,-0.004075124025513799,-0.004075124025513799,0,1.0,3.9403591726740066,11288.0,False,1.0,-0.004075124025513799
2022-04-22 10:40:00,0.0027682275976985693,0.00391389432485334,0.00391389432485334,0,1.0,3.9442730669988597,11242.0,False,1.0,0.00391389432485334
2022-04-22 11:25:00,9.305052662966773e-05,-0.015240120503278387,-0.015240120503278387,0,1.0,3.9290329464955813,11286.0,False,1.0,-0.015240120503278387
2022-04-22 14:10:00,6.12886215094477e-05,-0.004858736728450608,-0.004858736728450608,0,1.0,3.9241742097671306,11114.0,False,1.0,-0.004858736728450608
2022-04-22 14:55:00,-0.00025679319514892995,0.0021699819168172763,0.0021699819168172763,0,1.0,3.926344191683948,11060.0,False,0.0,0.0021699819168172763
2022-04-22 21:35:00,0.0016885563964024186,0.03338145073980514,0.0,1,0.0,3.926344191683948,11084.0,False,1.0,0.03338145073980514
2022-04-25 09:40:00,-0.00045587230124510825,0.009603631918980282,0.009603631918980282,1,1.0,3.9359478236029286,11454.0,False,0.0,0.009603631918980282
2022-04-25 10:40:00,-0.0005600802833214402,0.001210653753026536,0.0,1,0.0,3.9359478236029286,11564.0,False,-1.0,0.001210653753026536
2022-04-25 11:25:00,-7.329948130063713e-05,0.0008637070305752559,-0.0008637070305752559,1,-1.0,3.9350841165723534,11578.0,False,-1.0,0.0008637070305752559
2022-04-25 14:10:00,0.00022160870139487088,-0.005350362443907519,0.005350362443907519,0,-1.0,3.940434479016261,11588.0,False,0.0,-0.005350362443907519
2022-04-25 14:55:00,0.0017767029348760843,-0.048412285268089494,-0.0,1,0.0,3.940434479016261,11526.0,False,1.0,-0.048412285268089494
2022-04-26 09:40:00,2.3823140509193763e-05,0.02297592997811826,0.02297592997811826,1,1.0,3.9634104089943794,10968.0,False,1.0,0.02297592997811826
2022-04-26 10:40:00,-0.0002604042529128492,0.0032085561497325887,0.0032085561497325887,0,1.0,3.9666189651441117,11220.0,False,0.0,0.0032085561497325887
2022-04-26 11:25:00,0.0006364198634400964,0.006574271499644624,0.0,1,0.0,3.9666189651441117,11256.0,False,1.0,0.006574271499644624
2022-04-26 14:10:00,0.0012529762461781502,-0.0001765225066195919,-0.0001765225066195919,1,1.0,3.9664424426374922,11330.0,False,1.0,-0.0001765225066195919
2022-04-26 14:55:00,0.0008171664085239172,0.007768361581920846,0.007768361581920846,0,1.0,3.974210804219413,11328.0,False,1.0,0.007768361581920846
2022-04-26 21:35:00,0.0024102572351694107,0.0064821303433777455,0.0064821303433777455,0,1.0,3.980692934562791,11416.0,False,1.0,0.0064821303433777455
2022-04-27 09:40:00,0.0007166897412389517,0.00661444734551786,0.00661444734551786,0,1.0,3.987307381908309,11490.0,False,1.0,0.00661444734551786
2022-04-27 10:40:00,0.00212233979254961,-0.000518761888293251,-0.000518761888293251,0,1.0,3.9867886200200155,11566.0,False,1.0,-0.000518761888293251
2022-04-27 11:25:00,0.0025011191610246897,-0.0019031141868511847,-0.0019031141868511847,0,1.0,3.9848855058331645,11560.0,False,1.0,-0.0019031141868511847
2022-04-27 14:10:00,0.002291014650836587,0.003640145605824152,0.003640145605824152,0,1.0,3.9885256514389886,11538.0,False,1.0,0.003640145605824152
2022-04-27 14:55:00,0.0012015938991680741,0.006563039723661568,0.006563039723661568,0,1.0,3.99508869116265,11580.0,False,1.0,0.006563039723661568
2022-04-27 21:35:00,0.002317373175173998,0.023678792038435148,0.023678792038435148,0,1.0,4.018767483201085,11656.0,False,1.0,0.023678792038435148
2022-04-28 09:40:00,0.0013496658066287637,-0.0003352329869259485,-0.0003352329869259485,0,1.0,4.018432250214159,11932.0,False,1.0,-0.0003352329869259485
2022-04-28 10:40:00,0.0009127477533183992,-0.015258215962441368,-0.015258215962441368,0,1.0,4.0031740342517175,11928.0,False,1.0,-0.015258215962441368
2022-04-28 11:25:00,-0.0009222347289323807,0.006640558487995829,0.006640558487995829,0,1.0,4.009814592739714,11746.0,False,0.0,0.006640558487995829
2022-04-28 14:10:00,7.364008342847228e-05,0.005920162381596761,0.0,1,0.0,4.009814592739714,11824.0,False,0.0,0.005920162381596761
2022-04-28 14:55:00,-0.0006321053951978683,0.005885320329577892,0.0,1,0.0,4.009814592739714,11894.0,False,-1.0,0.005885320329577892
2022-04-28 21:35:00,-0.0008462541154585779,0.006686726847208391,-0.006686726847208391,1,-1.0,4.003127865892505,11964.0,False,-1.0,0.006686726847208391
2022-04-29 09:40:00,-0.0019749097991734743,0.004649618067087413,-0.004649618067087413,1,-1.0,3.998478247825418,12044.0,False,-1.0,0.004649618067087413
2022-04-29 10:40:00,-0.0019290205091238022,0.014049586776859524,-0.014049586776859524,0,-1.0,3.9844286610485584,12100.0,False,-1.0,0.014049586776859524
2022-04-29 11:25:00,-0.0019532570149749517,0.0009779951100243878,-0.0009779951100243878,0,-1.0,3.983450665938534,12270.0,False,-1.0,0.0009779951100243878
2022-04-29 14:10:00,-0.001940837362781167,0.0014655593551538004,-0.0014655593551538004,0,-1.0,3.9819851065833802,12282.0,False,-1.0,0.0014655593551538004
2022-04-29 14:55:00,-0.0018673964077606797,-0.0003252032520325576,0.0003252032520325576,0,-1.0,3.982310309835413,12300.0,False,-1.0,-0.0003252032520325576
2022-04-29 21:35:00,-0.000995035981759429,-0.017566688353936266,0.017566688353936266,0,-1.0,3.9998769981893494,12296.0,False,-1.0,-0.017566688353936266
2022-05-05 09:40:00,-0.0014413916505873203,-0.008443708609271572,0.008443708609271572,0,-1.0,4.008320706798621,12080.0,False,-1.0,-0.008443708609271572
2022-05-05 10:40:00,-0.003076175693422556,-0.01536149607613957,0.01536149607613957,0,-1.0,4.0236822028747605,11978.0,False,-1.0,-0.01536149607613957
2022-05-05 11:25:00,-0.0030542851891368628,0.003730710530778447,-0.003730710530778447,0,-1.0,4.019951492343982,11794.0,False,-1.0,0.003730710530778447
2022-05-05 14:10:00,-0.0024304171092808247,-0.0005068423720222537,0.0005068423720222537,0,-1.0,4.020458334716005,11838.0,False,-1.0,-0.0005068423720222537
2022-05-05 14:55:00,-0.0028928578831255436,-0.010141987829614618,0.010141987829614618,0,-1.0,4.030600322545619,11832.0,False,-1.0,-0.010141987829614618
2022-05-06 09:40:00,-0.0026765160728245974,-0.0058060109289617134,0.0058060109289617134,0,-1.0,4.036406333474581,11712.0,False,-1.0,-0.0058060109289617134
2022-05-06 10:40:00,-0.003126987488940358,0.0005152868430091662,-0.0005152868430091662,0,-1.0,4.035891046631572,11644.0,False,-1.0,0.0005152868430091662
2022-05-06 11:25:00,-0.0030067479237914085,-0.005321888412017195,0.005321888412017195,0,-1.0,4.041212935043589,11650.0,False,-1.0,-0.005321888412017195
2022-05-06 14:10:00,-0.0006186471437104046,-0.002588885053503631,0.002588885053503631,0,-1.0,4.043801820097093,11588.0,False,-1.0,-0.002588885053503631
2022-05-06 14:55:00,0.00031443816260434687,0.0017304031839417977,-0.0017304031839417977,0,-1.0,4.042071416913151,11558.0,False,0.0,0.0017304031839417977
2022-05-06 21:35:00,-0.0007890210836194456,0.0027638624978407744,0.0,1,0.0,4.042071416913151,11578.0,False,-1.0,0.0027638624978407744
2022-05-09 09:40:00,-0.001522270031273365,0.0015503875968991832,-0.0015503875968991832,1,-1.0,4.040521029316252,11610.0,False,-1.0,0.0015503875968991832
2022-05-09 10:40:00,-0.0012834181543439627,-0.0020639834881320818,0.0020639834881320818,0,-1.0,4.042585012804384,11628.0,False,-1.0,-0.0020639834881320818
2022-05-09 11:25:00,-0.0012318385997787118,-0.0010341261633919352,0.0010341261633919352,0,-1.0,4.043619138967776,11604.0,False,-1.0,-0.0010341261633919352
2022-05-09 14:10:00,0.0010086602997034788,-0.006211180124223614,0.006211180124223614,0,-1.0,4.049830319091999,11592.0,False,0.0,-0.006211180124223614
2022-05-09 14:55:00,0.00044314307160675526,-0.012326388888888928,-0.0,1,0.0,4.049830319091999,11520.0,False,0.0,-0.012326388888888928
2022-05-10 09:40:00,0.0004800641618203372,-0.0010546669010370602,-0.0,1,0.0,4.049830319091999,11378.0,False,0.0,-0.0010546669010370602
2022-05-10 10:40:00,-3.4121581848012283e-05,0.014428998768256207,0.0,0,0.0,4.049830319091999,11366.0,False,0.0,0.014428998768256207
2022-05-10 11:25:00,0.0005131754442118108,-0.005030355594102365,-0.0,1,0.0,4.049830319091999,11530.0,False,0.0,-0.005030355594102365
2022-05-10 14:10:00,0.0010893442668020725,0.0034867503486750717,0.0,1,0.0,4.049830319091999,11472.0,False,1.0,0.0034867503486750717
2022-05-10 14:55:00,0.0014892731560394168,0.005385684503127264,0.005385684503127264,0,1.0,4.055216003595127,11512.0,False,1.0,0.005385684503127264
2022-05-10 21:35:00,0.0005374861066229641,-0.01226887852082248,-0.01226887852082248,0,1.0,4.0429471250743045,11574.0,False,1.0,-0.01226887852082248
2022-05-11 09:40:00,0.0011636103736236691,0.008047585724282769,0.008047585724282769,0,1.0,4.050994710798587,11432.0,False,1.0,0.008047585724282769
2022-05-11 10:40:00,0.0013661872362717986,0.006942034015966714,0.006942034015966714,0,1.0,4.057936744814554,11524.0,False,1.0,0.006942034015966714
2022-05-11 11:25:00,0.0032098686788231134,0.0010341261633919352,0.0010341261633919352,0,1.0,4.058970870977946,11604.0,False,1.0,0.0010341261633919352
2022-05-11 14:10:00,0.0025544825475662947,-0.009125344352617026,-0.009125344352617026,0,1.0,4.049845526625329,11616.0,False,1.0,-0.009125344352617026
2022-05-11 14:55:00,0.0033523542806506157,0.005212858384013863,0.005212858384013863,0,1.0,4.0550583850093425,11510.0,False,1.0,0.005212858384013863
2022-05-11 21:35:00,0.003259381279349327,0.008297320656871277,0.008297320656871277,0,1.0,4.063355705666214,11570.0,False,1.0,0.008297320656871277
2022-05-12 09:40:00,0.003432211931794882,0.0008571918395336997,0.0008571918395336997,0,1.0,4.064212897505747,11666.0,False,1.0,0.0008571918395336997
2022-05-12 10:40:00,0.0026405819226056337,-0.012161699212058896,-0.012161699212058896,0,1.0,4.052051198293689,11676.0,False,1.0,-0.012161699212058896
2022-05-12 11:25:00,0.0030655201990157366,-0.0006936015259233486,-0.0006936015259233486,0,1.0,4.051357596767765,11534.0,False,1.0,-0.0006936015259233486
2022-05-12 14:10:00,0.0016312393127009273,-0.008328995314940135,-0.008328995314940135,0,1.0,4.043028601452825,11526.0,False,1.0,-0.008328995314940135
2022-05-12 14:55:00,0.001661314396187663,-0.0019247594050744166,-0.0019247594050744166,0,1.0,4.04110384204775,11430.0,False,1.0,-0.0019247594050744166
2022-05-12 21:35:00,0.0024164048954844475,0.0073632538569425865,0.0073632538569425865,0,1.0,4.048467095904693,11408.0,False,1.0,0.0073632538569425865
2022-05-13 09:40:00,0.0012643549125641584,0.020884093282283356,0.020884093282283356,0,1.0,4.0693511891869765,11492.0,False,1.0,0.020884093282283356
2022-05-13 10:40:00,0.0019392992835491896,-0.0064780088646436695,-0.0064780088646436695,0,1.0,4.062873180322333,11732.0,False,1.0,-0.0064780088646436695
2022-05-13 11:25:00,0.002222510054707527,0.00308853809196985,0.00308853809196985,0,1.0,4.065961718414302,11656.0,False,1.0,0.00308853809196985
2022-05-13 14:10:00,0.003004630794748664,0.001881628463906937,0.001881628463906937,0,1.0,4.067843346878209,11692.0,False,1.0,0.001881628463906937
2022-05-13 14:55:00,0.0019076565513387322,-0.002048830459279505,-0.002048830459279505,0,1.0,4.065794516418929,11714.0,False,1.0,-0.002048830459279505
2022-05-13 21:35:00,-0.00015067023923620582,-0.0015397775876817565,-0.0015397775876817565,0,1.0,4.064254738831248,11690.0,False,0.0,-0.0015397775876817565
2022-05-16 09:40:00,-0.0007442482747137547,-0.00239890335846471,-0.0,1,0.0,4.064254738831248,11672.0,False,0.0,-0.00239890335846471
2022-05-16 10:40:00,-0.0006067327922210097,-0.009618687736173137,-0.0,1,0.0,4.064254738831248,11644.0,False,0.0,-0.009618687736173137
2022-05-16 11:25:00,-0.00019228513701818883,0.006070065903572619,0.0,0,0.0,4.064254738831248,11532.0,False,0.0,0.006070065903572619
2022-05-16 14:10:00,-0.00019519723718985915,-0.0025857610756766514,-0.0,0,0.0,4.064254738831248,11602.0,False,0.0,-0.0025857610756766514
2022-05-16 14:55:00,-0.0006361594423651695,-0.0013826477704804718,-0.0,0,0.0,4.064254738831248,11572.0,False,0.0,-0.0013826477704804718
2022-05-17 09:40:00,-0.0008414566982537508,0.0008653513326410955,0.0,0,0.0,4.064254738831248,11556.0,False,0.0,0.0008653513326410955
2022-05-17 10:40:00,0.0008403341053053737,-0.002075047553173115,-0.0,0,0.0,4.064254738831248,11566.0,False,0.0,-0.002075047553173115
2022-05-17 11:25:00,-0.0009775588987395167,-0.01611505804886504,-0.0,1,0.0,4.064254738831248,11542.0,False,-1.0,-0.01611505804886504
2022-05-17 14:10:00,0.0012616554740816355,0.0058119056005636605,-0.0058119056005636605,1,-1.0,4.058442833230684,11356.0,False,0.0,0.0058119056005636605
2022-05-17 14:55:00,0.00030048019834794104,0.00017510068289272596,0.0,1,0.0,4.058442833230684,11422.0,False,0.0,0.00017510068289272596
2022-05-17 21:35:00,-2.5176408598781563e-05,0.011729691876750659,0.0,1,0.0,4.058442833230684,11424.0,False,0.0,0.011729691876750659
2022-05-18 09:40:00,-0.0006587515817955136,-0.005191209551825615,-0.0,1,0.0,4.058442833230684,11558.0,False,0.0,-0.005191209551825615
2022-05-18 10:40:00,0.0001498083584010601,-0.002783092711776014,-0.0,1,0.0,4.058442833230684,11498.0,False,0.0,-0.002783092711776014
2022-05-18 11:25:00,0.00043876844574697316,0.0026164311878598134,0.0,1,0.0,4.058442833230684,11466.0,False,0.0,0.0026164311878598134
2022-05-18 14:10:00,0.0004329587973188609,0.007132915796798978,0.0,1,0.0,4.058442833230684,11496.0,False,0.0,0.007132915796798978
2022-05-18 14:55:00,0.000259140448179096,-0.006391432026256694,-0.0,0,0.0,4.058442833230684,11578.0,False,0.0,-0.006391432026256694
2022-05-18 21:35:00,0.000359395460691303,-0.008171070931849767,-0.0,0,0.0,4.058442833230684,11504.0,False,0.0,-0.008171070931849767
2022-05-19 09:40:00,-7.827521039871499e-05,-0.0001752848378615557,-0.0,0,0.0,4.058442833230684,11410.0,False,0.0,-0.0001752848378615557
2022-05-19 10:40:00,0.000322895182762295,0.006486676016830284,0.0,1,0.0,4.058442833230684,11408.0,False,0.0,0.006486676016830284
2022-05-19 11:25:00,0.0009869459317997098,0.0008709284096848346,0.0,1,0.0,4.058442833230684,11482.0,False,1.0,0.0008709284096848346
2022-05-19 14:10:00,0.000928309396840632,0.0006961364427426897,0.0006961364427426897,0,1.0,4.059138969673427,11492.0,False,1.0,0.0006961364427426897
2022-05-19 14:55:00,0.0016829128144308925,0.004173913043478361,0.004173913043478361,0,1.0,4.063312882716906,11500.0,False,1.0,0.004173913043478361
2022-05-19 21:35:00,0.000590828072745353,-0.008486317977138946,-0.008486317977138946,0,1.0,4.054826564739766,11548.0,False,1.0,-0.008486317977138946
2022-05-20 09:40:00,0.0003386091848369688,-0.00978165938864628,-0.00978165938864628,0,1.0,4.04504490535112,11450.0,False,1.0,-0.00978165938864628
2022-05-20 10:40:00,0.00018815424118656665,0.0015875815840535878,0.0015875815840535878,0,1.0,4.046632486935174,11338.0,False,1.0,0.0015875815840535878
2022-05-20 11:25:00,0.0020779818296432495,0.006692497358224747,0.006692497358224747,0,1.0,4.053324984293399,11356.0,False,1.0,0.006692497358224747
2022-05-20 14:10:00,0.0016361611196771264,0.02764170748775374,0.02764170748775374,0,1.0,4.0809666917811525,11432.0,False,1.0,0.02764170748775374
2022-05-20 14:55:00,-0.0002844238479156047,0.0011916922029282517,0.0011916922029282517,0,1.0,4.082158383984081,11748.0,False,0.0,0.0011916922029282517
2022-05-20 21:35:00,-0.002666546031832695,-0.0013603128719605895,-0.0,1,0.0,4.082158383984081,11762.0,False,-1.0,-0.0013603128719605895
2022-05-23 09:40:00,-0.002551089972257614,-0.004937851183381525,0.004937851183381525,1,-1.0,4.087096235167462,11746.0,False,-1.0,-0.004937851183381525
2022-05-23 10:40:00,-0.00047906459076330066,-0.00444900752908961,0.00444900752908961,0,-1.0,4.091545242696552,11688.0,False,-1.0,-0.00444900752908961
2022-05-23 11:25:00,-0.001240119687281549,0.003781368167755206,-0.003781368167755206,0,-1.0,4.087763874528797,11636.0,False,-1.0,0.003781368167755206
2022-05-23 14:10:00,-0.00010034172737505287,0.00205479452054802,-0.00205479452054802,0,-1.0,4.0857090800082485,11680.0,False,-1.0,0.00205479452054802
2022-05-23 14:55:00,-0.002615697681903839,-0.00034176349965819863,0.00034176349965819863,0,-1.0,4.086050843507907,11704.0,False,-1.0,-0.00034176349965819863
2022-05-24 09:40:00,-0.0023510251194238663,0.017094017094017033,-0.017094017094017033,0,-1.0,4.06895682641389,11700.0,False,-1.0,0.017094017094017033
2022-05-24 10:40:00,-0.0016976973274722695,-0.001680672268907557,0.001680672268907557,0,-1.0,4.070637498682798,11900.0,False,-1.0,-0.001680672268907557
2022-05-24 11:25:00,-0.0009429951896890998,-0.00033670033670030186,0.00033670033670030186,0,-1.0,4.070974199019497,11880.0,False,-1.0,-0.00033670033670030186
2022-05-24 14:10:00,-0.00014516443479806185,-0.0008420343550016307,0.0008420343550016307,0,-1.0,4.0718162333744985,11876.0,False,-1.0,-0.0008420343550016307
2022-05-24 14:55:00,-0.0015808872412890196,0.0020225855385134217,-0.0020225855385134217,0,-1.0,4.0697936478359855,11866.0,False,-1.0,0.0020225855385134217
2022-05-24 21:35:00,-0.0009384473087266088,0.0020185029436501356,-0.0020185029436501356,0,-1.0,4.067775144892336,11890.0,False,-1.0,0.0020185029436501356
2022-05-25 09:40:00,-0.0010124450782313943,0.0001678697330871337,-0.0001678697330871337,0,-1.0,4.067607275159249,11914.0,False,-1.0,0.0001678697330871337
2022-05-25 10:40:00,-0.001750992494635284,-0.0026854649211144332,0.0026854649211144332,0,-1.0,4.0702927400803635,11916.0,False,-1.0,-0.0026854649211144332
2022-05-25 11:25:00,-0.0006367975729517639,0.0011780545270951848,-0.0011780545270951848,0,-1.0,4.069114685553268,11884.0,False,-1.0,0.0011780545270951848
2022-05-25 14:10:00,-0.002350381575524807,-0.004874768868717405,0.004874768868717405,0,-1.0,4.0739894544219855,11898.0,False,-1.0,-0.004874768868717405
2022-05-25 14:55:00,-0.002813815837725997,0.003716216216216317,-0.003716216216216317,0,-1.0,4.070273238205769,11840.0,False,-1.0,0.003716216216216317
2022-05-25 21:35:00,-0.003005568403750658,-0.005890272635476257,0.005890272635476257,0,-1.0,4.076163510841246,11884.0,False,-1.0,-0.005890272635476257
2022-05-26 09:40:00,-0.002172713866457343,-0.007448789571694592,0.007448789571694592,0,-1.0,4.08361230041294,11814.0,False,-1.0,-0.007448789571694592
2022-05-26 10:40:00,-0.0034267993178218603,-0.0017056114617090001,0.0017056114617090001,0,-1.0,4.085317911874649,11726.0,False,-1.0,-0.0017056114617090001
2022-05-26 11:25:00,-0.0013525859685614705,0.002050230650948226,-0.002050230650948226,0,-1.0,4.083267681223701,11706.0,False,-1.0,0.002050230650948226
2022-05-26 14:10:00,-0.0012823994038626552,-0.001023017902813339,0.001023017902813339,0,-1.0,4.084290699126514,11730.0,False,-1.0,-0.001023017902813339
2022-05-26 14:55:00,-0.0013756254920735955,0.006827103601297235,-0.006827103601297235,0,-1.0,4.077463595525217,11718.0,False,-1.0,0.006827103601297235
2022-05-26 21:35:00,0.0007775682606734335,0.02288523478555682,-0.02288523478555682,0,-1.0,4.054578360739661,11798.0,False,0.0,0.02288523478555682
2022-05-27 09:40:00,-0.0006385171436704695,0.0139211136890951,0.0,1,0.0,4.054578360739661,12068.0,False,-1.0,0.0139211136890951
2022-05-27 10:40:00,-8.869208249961957e-05,0.0003269042170643832,-0.0003269042170643832,1,-1.0,4.054251456522596,12236.0,False,-1.0,0.0003269042170643832
2022-05-27 11:25:00,-0.00020759743347298354,0.0019607843137254832,-0.0019607843137254832,0,-1.0,4.052290672208871,12240.0,False,-1.0,0.0019607843137254832
2022-05-27 14:10:00,-0.0017555184895172715,-0.009784735812133127,0.009784735812133127,0,-1.0,4.062075408021004,12264.0,False,-1.0,-0.009784735812133127
2022-05-27 14:55:00,-0.001340458751656115,-0.0021409749670618927,0.0021409749670618927,0,-1.0,4.064216382988066,12144.0,False,-1.0,-0.0021409749670618927
2022-05-27 21:35:00,-0.0025268348399549723,-0.0004951312097706273,0.0004951312097706273,0,-1.0,4.064711514197837,12118.0,False,-1.0,-0.0004951312097706273
2022-05-30 09:40:00,-0.002679546130821109,-0.009247027741083214,0.009247027741083214,0,-1.0,4.07395854193892,12112.0,False,-1.0,-0.009247027741083214
2022-05-30 10:40:00,-0.0017586125759407878,-0.0050000000000000044,0.0050000000000000044,0,-1.0,4.07895854193892,12000.0,False,-1.0,-0.0050000000000000044
2022-05-30 11:25:00,-0.002619796432554722,-0.0060301507537688925,0.0060301507537688925,0,-1.0,4.084988692692688,11940.0,False,-1.0,-0.0060301507537688925
2022-05-30 14:10:00,-0.0005654579726979136,-0.0064037748567576935,0.0064037748567576935,0,-1.0,4.091392467549446,11868.0,False,-1.0,-0.0064037748567576935
2022-05-30 14:55:00,-0.0012697024503722787,0.003731343283582156,-0.003731343283582156,0,-1.0,4.087661124265864,11792.0,False,-1.0,0.003731343283582156
2022-05-31 09:40:00,-0.0006385720334947109,0.002365664075701268,-0.002365664075701268,0,-1.0,4.085295460190163,11836.0,False,-1.0,0.002365664075701268
2022-05-31 10:40:00,-0.0007002686616033316,0.004383007417397167,-0.004383007417397167,0,-1.0,4.080912452772766,11864.0,False,-1.0,0.004383007417397167
2022-05-31 11:25:00,0.0009814775548875332,0.0,-0.0,0,-1.0,4.080912452772766,11916.0,False,0.0,0.0
2022-05-31 14:10:00,-0.00023476322530768812,-0.0046995636119503414,-0.0,1,0.0,4.080912452772766,11916.0,False,0.0,-0.0046995636119503414
2022-05-31 14:55:00,-0.0006324471905827522,0.0013490725126474867,0.0,1,0.0,4.080912452772766,11860.0,False,0.0,0.0013490725126474867
2022-05-31 21:35:00,-0.0007298674900084734,-0.0010104412260020235,-0.0,0,0.0,4.080912452772766,11876.0,False,-1.0,-0.0010104412260020235
2022-06-01 09:40:00,-0.0011939241085201502,-0.0053944706675657095,0.0053944706675657095,0,-1.0,4.086306923440331,11864.0,False,-1.0,-0.0053944706675657095
2022-06-01 10:40:00,-0.0008504046127200127,-0.0006779661016949046,0.0006779661016949046,0,-1.0,4.086984889542026,11800.0,False,-1.0,-0.0006779661016949046
2022-06-01 11:25:00,0.00039916395326144993,0.005257801899593018,-0.005257801899593018,0,-1.0,4.081727087642433,11792.0,False,0.0,0.005257801899593018
2022-06-01 14:10:00,0.00022699992405250669,-0.0026995107136831287,-0.0,1,0.0,4.081727087642433,11854.0,False,0.0,-0.0026995107136831287
2022-06-01 14:55:00,0.00156213971786201,0.0032143461343259183,0.0,1,0.0,4.081727087642433,11822.0,False,1.0,0.0032143461343259183
2022-06-01 21:35:00,0.0020091976039111614,0.003709949409780755,0.003709949409780755,0,1.0,4.0854370370522135,11860.0,False,1.0,0.003709949409780755
2022-06-02 09:40:00,0.0008688215166330338,0.0015120967741935054,0.0015120967741935054,0,1.0,4.086949133826407,11904.0,False,1.0,0.0015120967741935054
2022-06-02 10:40:00,0.0014745785156264901,0.0050327126321088045,0.0050327126321088045,0,1.0,4.091981846458516,11922.0,False,1.0,0.0050327126321088045
2022-06-02 11:25:00,0.0017842891393229365,0.0028375897179102605,0.0028375897179102605,0,1.0,4.094819436176426,11982.0,False,1.0,0.0028375897179102605
2022-06-02 14:10:00,0.0019346383633092046,-0.0011651131824234051,-0.0011651131824234051,0,1.0,4.093654322994002,12016.0,False,1.0,-0.0011651131824234051
2022-06-02 14:55:00,0.0008032501791603863,0.0028328611898016387,0.0028328611898016387,0,1.0,4.096487184183804,12002.0,False,1.0,0.0028328611898016387
2022-06-02 21:35:00,0.000341685488820076,0.0011631771352609288,0.0011631771352609288,0,1.0,4.097650361319065,12036.0,False,1.0,0.0011631771352609288
2022-06-06 09:40:00,-0.00035564566496759653,-0.008796680497925258,-0.008796680497925258,0,1.0,4.08885368082114,12050.0,False,0.0,-0.008796680497925258
2022-06-06 10:40:00,-0.001004622085019946,0.0033489618218351946,0.0,1,0.0,4.08885368082114,11944.0,False,-1.0,0.0033489618218351946
2022-06-06 11:25:00,8.363861707039177e-05,0.005340453938584844,-0.005340453938584844,1,-1.0,4.083513226882555,11984.0,False,0.0,0.005340453938584844
2022-06-06 14:10:00,-0.0027779226657003164,0.0076361221779548405,0.0,1,0.0,4.083513226882555,12048.0,False,-1.0,0.0076361221779548405
2022-06-06 14:55:00,-0.0032650604844093323,-0.007907742998352507,0.007907742998352507,1,-1.0,4.091420969880907,12140.0,False,-1.0,-0.007907742998352507
2022-06-07 09:40:00,-0.0027665169909596443,-0.0011624045167718533,0.0011624045167718533,0,-1.0,4.092583374397679,12044.0,False,-1.0,-0.0011624045167718533
2022-06-07 10:40:00,-0.0037280081305652857,-0.0009975062344139696,0.0009975062344139696,0,-1.0,4.093580880632093,12030.0,False,-1.0,-0.0009975062344139696
2022-06-07 11:25:00,-0.0021360605023801327,0.008653686137460426,-0.008653686137460426,0,-1.0,4.084927194494632,12018.0,False,-1.0,0.008653686137460426
2022-06-07 14:10:00,-0.001092445570975542,0.004124731892426903,-0.004124731892426903,0,-1.0,4.080802462602206,12122.0,False,-1.0,0.004124731892426903
2022-06-07 14:55:00,-0.002144720172509551,-0.0006572461386789019,0.0006572461386789019,0,-1.0,4.081459708740884,12172.0,False,-1.0,-0.0006572461386789019
2022-06-07 21:35:00,-0.002120846649631858,0.002630713581058819,-0.002630713581058819,0,-1.0,4.078828995159825,12164.0,False,-1.0,0.002630713581058819
2022-06-08 09:40:00,-0.0031142805237323046,0.004755657592653284,-0.004755657592653284,0,-1.0,4.074073337567172,12196.0,False,-1.0,0.004755657592653284
2022-06-08 10:40:00,-0.0019834241829812527,0.007670964582993323,-0.007670964582993323,0,-1.0,4.066402372984179,12254.0,False,-1.0,0.007670964582993323
2022-06-08 11:25:00,-0.0029767199885100126,-0.016520894071914483,0.016520894071914483,0,-1.0,4.082923267056094,12348.0,False,-1.0,-0.016520894071914483
2022-06-08 14:10:00,-0.003264385275542736,-0.00016469038208166698,0.00016469038208166698,0,-1.0,4.083087957438175,12144.0,False,-1.0,-0.00016469038208166698
2022-06-08 14:55:00,-0.0010761091252788901,0.00016471750947122388,-0.00016471750947122388,0,-1.0,4.082923239928704,12142.0,False,-1.0,0.00016471750947122388
2022-06-08 21:35:00,-0.0011949806939810514,-0.008399209486166015,0.008399209486166015,0,-1.0,4.09132244941487,12144.0,False,-1.0,-0.008399209486166015
2022-06-09 09:40:00,-0.0012204430531710386,-0.0011625975751535789,0.0011625975751535789,0,-1.0,4.092485046990023,12042.0,False,-1.0,-0.0011625975751535789
2022-06-09 10:40:00,-0.0011667407816275954,-0.010641835716661108,0.010641835716661108,0,-1.0,4.103126882706684,12028.0,False,-1.0,-0.010641835716661108
2022-06-09 11:25:00,0.0006938301376067102,-0.0062184873949580055,0.0062184873949580055,0,-1.0,4.109345370101642,11900.0,False,0.0,-0.0062184873949580055
2022-06-09 14:10:00,0.0011948546161875129,-0.015220700152207,-0.0,1,0.0,4.109345370101642,11826.0,False,1.0,-0.015220700152207
2022-06-09 14:55:00,0.000930523790884763,-0.009617035892151793,-0.009617035892151793,1,1.0,4.09972833420949,11646.0,False,1.0,-0.009617035892151793
2022-06-09 21:35:00,0.0017187566263601184,0.011444425177735473,0.011444425177735473,0,1.0,4.111172759387226,11534.0,False,1.0,0.011444425177735473
2022-06-10 09:40:00,0.001723258988931775,-0.006857534716269487,-0.006857534716269487,0,1.0,4.104315224670956,11666.0,False,1.0,-0.006857534716269487
2022-06-10 10:40:00,0.0016377161955460906,-0.0015535991714137332,-0.0015535991714137332,0,1.0,4.102761625499543,11586.0,False,1.0,-0.0015535991714137332
2022-06-10 11:25:00,0.0018029049970209599,0.006742738589211594,0.006742738589211594,0,1.0,4.109504364088754,11568.0,False,1.0,0.006742738589211594
2022-06-10 14:10:00,0.0018029049970209599,-0.006354113000171746,-0.006354113000171746,0,1.0,4.103150251088582,11646.0,False,1.0,-0.006354113000171746
2022-06-10 14:55:00,0.0006829784251749516,-0.0020739716557206522,-0.0020739716557206522,0,1.0,4.101076279432862,11572.0,False,1.0,-0.0020739716557206522
2022-06-10 21:35:00,0.0008708452805876732,-0.0211291998614479,-0.0211291998614479,0,1.0,4.079947079571413,11548.0,False,1.0,-0.0211291998614479
2022-06-13 09:40:00,0.0006102384068071842,0.005307855626327074,0.005307855626327074,0,1.0,4.0852549351977405,11304.0,False,1.0,0.005307855626327074
2022-06-13 10:40:00,0.0012790613109245896,-0.004047870468145032,-0.004047870468145032,0,1.0,4.081207064729595,11364.0,False,1.0,-0.004047870468145032
2022-06-13 11:25:00,0.0012222359655424953,-0.0005301289980561563,-0.0005301289980561563,0,1.0,4.080676935731539,11318.0,False,1.0,-0.0005301289980561563
2022-06-13 14:10:00,0.0003457150305621326,-0.00477369165487973,-0.00477369165487973,0,1.0,4.07590324407666,11312.0,False,1.0,-0.00477369165487973
2022-06-13 14:55:00,0.0004649832262657583,-0.0033753775093267047,-0.0033753775093267047,0,1.0,4.072527866567333,11258.0,False,1.0,-0.0033753775093267047
2022-06-14 09:40:00,0.000588490511290729,0.013368983957219305,0.013368983957219305,0,1.0,4.085896850524552,11220.0,False,1.0,0.013368983957219305
2022-06-14 10:40:00,0.0011795483296737075,-0.0022867194371152255,-0.0022867194371152255,0,1.0,4.083610131087437,11370.0,False,1.0,-0.0022867194371152255
2022-06-14 11:25:00,0.0011795483296737075,-0.002644569816643183,-0.002644569816643183,0,1.0,4.080965561270794,11344.0,False,1.0,-0.002644569816643183
2022-06-14 14:10:00,0.0015357258962467313,0.006894113487714293,0.006894113487714293,0,1.0,4.0878596747585085,11314.0,False,1.0,0.006894113487714293
2022-06-14 14:55:00,0.003387906588613987,0.00596910112359561,0.00596910112359561,0,1.0,4.093828775882104,11392.0,False,1.0,0.00596910112359561
2022-06-14 21:35:00,0.0018279914511367679,-0.014485165794066335,-0.014485165794066335,0,1.0,4.079343610088038,11460.0,False,1.0,-0.014485165794066335
2022-06-15 09:40:00,0.002296800259500742,-0.004781299805206252,-0.004781299805206252,0,1.0,4.074562310282831,11294.0,False,1.0,-0.004781299805206252
2022-06-15 10:40:00,0.0018255970207974315,0.0,0.0,0,1.0,4.074562310282831,11240.0,False,1.0,0.0
2022-06-15 11:25:00,0.00208820728585124,-0.011565836298932375,-0.011565836298932375,0,1.0,4.062996473983899,11240.0,False,1.0,-0.011565836298932375
2022-06-15 14:10:00,0.002108953893184662,-0.005040504050405015,-0.005040504050405015,0,1.0,4.057955969933493,11110.0,False,1.0,-0.005040504050405015
2022-06-15 14:55:00,0.0028437376022338867,-0.004161389542247096,-0.004161389542247096,0,1.0,4.053794580391246,11054.0,False,1.0,-0.004161389542247096
2022-06-15 21:35:00,0.002872998360544443,-0.0003633720930232842,-0.0003633720930232842,0,1.0,4.053431208298223,11008.0,False,1.0,-0.0003633720930232842
2022-06-16 09:40:00,0.002949211746454239,-0.0012722646310432406,-0.0012722646310432406,0,1.0,4.05215894366718,11004.0,False,1.0,-0.0012722646310432406
2022-06-16 10:40:00,0.0028585842810571194,-0.0005459508644222177,-0.0005459508644222177,0,1.0,4.051612992802758,10990.0,False,1.0,-0.0005459508644222177
2022-06-16 11:25:00,0.002058464102447033,-0.005644573925710161,-0.005644573925710161,0,1.0,4.045968418877048,10984.0,False,1.0,-0.005644573925710161
2022-06-16 14:10:00,0.0019994061440229416,-0.010437648782274267,-0.010437648782274267,0,1.0,4.035530770094773,10922.0,False,1.0,-0.010437648782274267
2022-06-16 14:55:00,0.002640590537339449,-0.0005551443375277909,-0.0005551443375277909,0,1.0,4.034975625757246,10808.0,False,1.0,-0.0005551443375277909
2022-06-16 21:35:00,0.0025094086304306984,-0.004999074245510049,-0.004999074245510049,0,1.0,4.029976551511736,10802.0,False,1.0,-0.004999074245510049
2022-06-17 09:40:00,0.002066639717668295,0.007443245254931119,0.007443245254931119,0,1.0,4.037419796766668,10748.0,False,1.0,0.007443245254931119
2022-06-17 10:40:00,0.0026920209638774395,-0.007203546361285507,-0.007203546361285507,0,1.0,4.030216250405382,10828.0,False,1.0,-0.007203546361285507
2022-06-17 11:25:00,0.0027864845469594,0.0,0.0,0,1.0,4.030216250405382,10750.0,False,1.0,0.0
2022-06-17 14:10:00,0.0028322553262114525,-0.0029767441860465427,-0.0029767441860465427,0,1.0,4.027239506219336,10750.0,False,1.0,-0.0029767441860465427
2022-06-17 14:55:00,0.002909847302362323,-0.00018660197798092693,-0.00018660197798092693,0,1.0,4.027052904241355,10718.0,False,1.0,-0.00018660197798092693
2022-06-17 21:35:00,0.0029035687912255526,-0.026129152668906364,-0.026129152668906364,0,1.0,4.000923751572448,10716.0,False,1.0,-0.026129152668906364
2022-06-20 09:40:00,0.0025072230491787195,0.005174396320429375,0.005174396320429375,0,1.0,4.006098147892877,10436.0,False,1.0,0.005174396320429375
2022-06-20 10:40:00,0.002431523986160755,-0.0074356530028598655,-0.0074356530028598655,0,1.0,3.9986624948900173,10490.0,False,1.0,-0.0074356530028598655
2022-06-20 11:25:00,0.002219301648437977,-0.0063388398002305335,-0.0063388398002305335,0,1.0,3.9923236550897867,10412.0,False,1.0,-0.0063388398002305335
2022-06-20 14:10:00,0.001963807502761483,-0.008119079837618393,-0.008119079837618393,0,1.0,3.984204575252168,10346.0,False,1.0,-0.008119079837618393
2022-06-20 14:55:00,0.0015464104944840074,-0.014811927499512767,-0.014811927499512767,0,1.0,3.9693926477526555,10262.0,False,1.0,-0.014811927499512767
2022-06-21 09:40:00,0.0017056922661140561,0.00870425321463908,0.00870425321463908,0,1.0,3.9780969009672944,10110.0,False,1.0,0.00870425321463908
2022-06-21 10:40:00,0.0021870664786547422,-0.0009805844283192755,-0.0009805844283192755,0,1.0,3.977116316538975,10198.0,False,1.0,-0.0009805844283192755
2022-06-21 11:25:00,0.0017034680349752307,-0.012956419316843326,-0.012956419316843326,0,1.0,3.9641598972221317,10188.0,False,1.0,-0.012956419316843326
2022-06-21 14:10:00,0.001568326842971146,-0.00676213206046139,-0.00676213206046139,0,1.0,3.9573977651616703,10056.0,False,1.0,-0.00676213206046139
2022-06-21 14:55:00,0.0011112483916804194,0.00020024028834608742,0.00020024028834608742,0,1.0,3.9575980054500164,9988.0,False,1.0,0.00020024028834608742
2022-06-21 21:35:00,0.0011622640304267406,0.018418418418418403,0.018418418418418403,0,1.0,3.976016423868435,9990.0,False,1.0,0.018418418418418403
2022-06-22 09:40:00,0.0008443417027592659,-0.01631609986239435,-0.01631609986239435,0,1.0,3.9597003240060404,10174.0,False,1.0,-0.01631609986239435
2022-06-22 10:40:00,0.00038245940231718123,-0.0027977617905675656,-0.0027977617905675656,0,1.0,3.9569025622154728,10008.0,False,1.0,-0.0027977617905675656
2022-06-22 11:25:00,0.0006388142937794328,-0.01002004008016033,-0.01002004008016033,0,1.0,3.9468825221353123,9980.0,False,1.0,-0.01002004008016033
2022-06-22 14:10:00,0.000917235272936523,-0.010323886639676094,-0.010323886639676094,0,1.0,3.9365586354956363,9880.0,False,1.0,-0.010323886639676094
2022-06-22 14:55:00,0.000666634296067059,-0.008181632235630953,-0.008181632235630953,0,1.0,3.9283770032600054,9778.0,False,1.0,-0.008181632235630953
2022-06-22 21:35:00,0.0011640092125162482,-0.018148071767374763,-0.018148071767374763,0,1.0,3.9102289314926306,9698.0,False,1.0,-0.018148071767374763
2022-06-23 09:40:00,0.0010230314219370484,-0.0010501995379121887,-0.0010501995379121887,0,1.0,3.9091787319547184,9522.0,False,1.0,-0.0010501995379121887
2022-06-23 10:40:00,0.000869372277520597,-0.010933557611438216,-0.010933557611438216,0,1.0,3.8982451743432804,9512.0,False,1.0,-0.010933557611438216
2022-06-23 11:25:00,0.0007213611388579011,0.01211734693877542,0.01211734693877542,0,1.0,3.910362521282056,9408.0,False,1.0,0.01211734693877542
2022-06-23 14:10:00,0.000693847076036036,0.0021003990758243773,0.0021003990758243773,0,1.0,3.9124629203578802,9522.0,False,1.0,0.0021003990758243773
2022-06-23 14:55:00,0.002461407333612442,0.004611192622091753,0.004611192622091753,0,1.0,3.917074112979972,9542.0,False,1.0,0.004611192622091753
2022-06-23 21:35:00,0.003215341828763485,-0.0018777383684539517,-0.0018777383684539517,0,1.0,3.915196374611518,9586.0,False,1.0,-0.0018777383684539517
2022-06-24 09:40:00,0.0026319478638470173,-0.027382943143812732,-0.027382943143812732,0,1.0,3.8878134314677055,9568.0,False,1.0,-0.027382943143812732
2022-06-24 10:40:00,0.0010147761786356568,-0.010101010101010055,-0.010101010101010055,0,1.0,3.8777124213666956,9306.0,False,1.0,-0.010101010101010055
2022-06-24 11:25:00,0.0005724575603380799,-0.012809379070777283,-0.012809379070777283,0,1.0,3.8649030422959183,9212.0,False,1.0,-0.012809379070777283
2022-06-24 14:10:00,0.0007264775922521949,-0.0065977567627006906,-0.0065977567627006906,0,1.0,3.8583052855332176,9094.0,False,1.0,-0.0065977567627006906
2022-06-24 14:55:00,0.0006913520628586411,0.006198804516271972,0.006198804516271972,0,1.0,3.86450409004949,9034.0,False,1.0,0.006198804516271972
2022-06-24 21:35:00,0.003319836687296629,0.017381738173817274,0.017381738173817274,0,1.0,3.8818858282233073,9090.0,False,1.0,0.017381738173817274
2022-06-27 09:40:00,0.002417864976450801,0.01405709342560546,0.01405709342560546,0,1.0,3.8959429216489125,9248.0,False,1.0,0.01405709342560546
2022-06-27 10:40:00,0.0027623155619949102,0.004691831947110314,0.004691831947110314,0,1.0,3.900634753596023,9378.0,False,1.0,0.004691831947110314
2022-06-27 11:25:00,0.003582785837352276,-0.008703035448949237,-0.008703035448949237,0,1.0,3.891931718147074,9422.0,False,1.0,-0.008703035448949237
2022-06-27 14:10:00,0.0029802052304148674,0.0012847965738758127,0.0012847965738758127,0,1.0,3.8932165147209497,9340.0,False,1.0,0.0012847965738758127
2022-06-27 14:55:00,0.0030896924436092377,0.014970059880239583,0.014970059880239583,0,1.0,3.9081865746011895,9352.0,False,1.0,0.014970059880239583
2022-06-28 09:40:00,0.00235351943410933,-0.001474926253687281,-0.001474926253687281,0,1.0,3.9067116483475024,9492.0,False,1.0,-0.001474926253687281
2022-06-28 10:40:00,0.0024491918738931417,-0.003587254695083364,-0.003587254695083364,0,1.0,3.903124393652419,9478.0,False,1.0,-0.003587254695083364
2022-06-28 11:25:00,0.0023883781395852566,0.0050825921219821435,0.0050825921219821435,0,1.0,3.9082069857744015,9444.0,False,1.0,0.0050825921219821435
2022-06-28 14:10:00,0.0009937305003404617,0.01327433628318575,0.01327433628318575,0,1.0,3.9214813220575873,9492.0,False,1.0,0.01327433628318575
2022-06-28 14:55:00,0.00048139519640244544,0.013100436681222627,0.013100436681222627,0,1.0,3.93458175873881,9618.0,False,1.0,0.013100436681222627
2022-06-28 21:35:00,0.0014435057528316975,-0.014778325123152691,-0.014778325123152691,0,1.0,3.9198034336156575,9744.0,False,1.0,-0.014778325123152691
2022-06-29 09:40:00,0.0004194529901724309,-0.004166666666666652,-0.004166666666666652,0,1.0,3.9156367669489907,9600.0,False,1.0,-0.004166666666666652
2022-06-29 10:40:00,0.001794473733752966,0.003974895397489631,0.003974895397489631,0,1.0,3.9196116623464805,9560.0,False,1.0,0.003974895397489631
2022-06-29 11:25:00,-1.446324949938571e-05,-0.012710981454469694,-0.012710981454469694,0,1.0,3.9069006808920106,9598.0,False,0.0,-0.012710981454469694
2022-06-29 14:10:00,0.00043932051630690694,0.0059096665259603665,0.0,1,0.0,3.9069006808920106,9476.0,False,0.0,0.0059096665259603665
2022-06-29 14:55:00,9.616071474738419e-05,-0.00314729332773811,-0.0,1,0.0,3.9069006808920106,9532.0,False,0.0,-0.00314729332773811
2022-06-29 21:35:00,0.00093952810857445,0.006735424121237621,0.0,0,0.0,3.9069006808920106,9502.0,False,1.0,0.006735424121237621
2022-06-30 09:40:00,6.836530519649386e-05,-0.012335354380096142,-0.012335354380096142,0,1.0,3.8945653265119144,9566.0,False,1.0,-0.012335354380096142
2022-06-30 10:40:00,0.0006532057304866612,0.013124470787468256,0.013124470787468256,0,1.0,3.9076897972993825,9448.0,False,1.0,0.013124470787468256
2022-06-30 11:25:00,0.0005065497825853527,-0.0027162557459256,-0.0027162557459256,0,1.0,3.9049735415534568,9572.0,False,1.0,-0.0027162557459256
2022-06-30 14:10:00,0.001653426792472601,0.0029331657238633735,0.0029331657238633735,0,1.0,3.90790670727732,9546.0,False,1.0,0.0029331657238633735
2022-06-30 14:55:00,0.0015024495078250766,-0.0012533946104031912,-0.0012533946104031912,0,1.0,3.9066533126669167,9574.0,False,1.0,-0.0012533946104031912
2022-06-30 21:35:00,0.0005708338576368988,-0.03639405982012134,-0.03639405982012134,0,1.0,3.8702592528467954,9562.0,False,1.0,-0.03639405982012134
2022-07-01 09:40:00,0.0008997912518680096,-0.014108964619057973,-0.014108964619057973,0,1.0,3.856150288227737,9214.0,False,1.0,-0.014108964619057973
2022-07-01 10:40:00,0.0007274456438608468,-0.009467195068251888,-0.009467195068251888,0,1.0,3.846683093159485,9084.0,False,1.0,-0.009467195068251888
2022-07-01 11:25:00,0.0016904694493860006,-0.006668148477439462,-0.006668148477439462,0,1.0,3.8400149446820455,8998.0,False,1.0,-0.006668148477439462
2022-07-01 14:10:00,0.0018775203498080373,-0.012083240098456072,-0.012083240098456072,0,1.0,3.8279317045835892,8938.0,False,1.0,-0.012083240098456072
2022-07-01 14:55:00,0.0012298112269490957,0.009286523216307963,0.009286523216307963,0,1.0,3.837218227799897,8830.0,False,1.0,0.009286523216307963
2022-07-01 21:35:00,0.0017137599643319845,-0.00920107719928187,-0.00920107719928187,0,1.0,3.8280171506006155,8912.0,False,1.0,-0.00920107719928187
2022-07-04 09:40:00,0.0016695307567715645,0.01064552661381657,0.01064552661381657,0,1.0,3.8386626772144323,8830.0,False,1.0,0.01064552661381657
2022-07-04 10:40:00,0.0009522181935608387,-0.0008964589870013029,-0.0008964589870013029,0,1.0,3.837766218227431,8924.0,False,1.0,-0.0008964589870013029
2022-07-04 11:25:00,0.0012996804434806108,-0.002916105877074915,-0.002916105877074915,0,1.0,3.834850112350356,8916.0,False,1.0,-0.002916105877074915
2022-07-04 14:10:00,0.0012003245064988732,0.00022497187851522327,0.00022497187851522327,0,1.0,3.8350750842288712,8890.0,False,1.0,0.00022497187851522327
2022-07-04 14:55:00,0.0020168705377727747,-0.018893387314439902,-0.018893387314439902,0,1.0,3.8161816969144313,8892.0,False,1.0,-0.018893387314439902
2022-07-05 09:40:00,0.0017541825072839856,0.0,0.0,0,1.0,3.8161816969144313,8724.0,False,1.0,0.0
2022-07-05 10:40:00,0.0015792319318279624,-0.014901421366345757,-0.014901421366345757,0,1.0,3.8012802755480855,8724.0,False,1.0,-0.014901421366345757
2022-07-05 11:25:00,0.001631221384741366,-0.0027926460321153757,-0.0027926460321153757,0,1.0,3.79848762951597,8594.0,False,1.0,-0.0027926460321153757
2022-07-05 14:10:00,0.0015403302386403084,-0.013535589264877523,-0.013535589264877523,0,1.0,3.7849520402510928,8570.0,False,1.0,-0.013535589264877523
2022-07-05 14:55:00,0.0012257787166163325,-0.0044949136503430465,-0.0044949136503430465,0,1.0,3.7804571266007496,8454.0,False,1.0,-0.0044949136503430465
2022-07-05 21:35:00,0.0017644534818828106,-0.030655893536121637,-0.030655893536121637,0,1.0,3.7498012330646278,8416.0,False,1.0,-0.030655893536121637
2022-07-06 09:40:00,0.0013846767833456397,-0.002206423142927183,-0.002206423142927183,0,1.0,3.7475948099217007,8158.0,False,1.0,-0.002206423142927183
2022-07-06 10:40:00,0.0011177202686667442,-0.0191646191646192,-0.0191646191646192,0,1.0,3.7284301907570816,8140.0,False,1.0,-0.0191646191646192
2022-07-06 11:25:00,0.0014011015882715583,-0.023046092184368705,-0.023046092184368705,0,1.0,3.705384098572713,7984.0,False,1.0,-0.023046092184368705
2022-07-06 14:10:00,0.001481128972955048,-0.004102564102564155,-0.004102564102564155,0,1.0,3.701281534470149,7800.0,False,1.0,-0.004102564102564155
2022-07-06 14:55:00,0.0015934330876916647,0.026776519052523096,0.026776519052523096,0,1.0,3.728058053522672,7768.0,False,1.0,0.026776519052523096
2022-07-06 21:35:00,0.003357119858264923,-0.007271815446339036,-0.007271815446339036,0,1.0,3.720786238076333,7976.0,False,1.0,-0.007271815446339036
2022-07-07 09:40:00,0.0017298449529334903,-0.02172265723667588,-0.02172265723667588,0,1.0,3.699063580839657,7918.0,False,1.0,-0.02172265723667588
2022-07-07 10:40:00,0.0026209955103695393,0.016524657887942107,0.016524657887942107,0,1.0,3.715588238727599,7746.0,False,1.0,0.016524657887942107
2022-07-07 11:25:00,0.002458586823195219,0.029972059944119778,0.029972059944119778,0,1.0,3.7455602986717187,7874.0,False,1.0,0.029972059944119778
2022-07-07 14:10:00,0.00244312547147274,-0.025400739827373564,-0.025400739827373564,0,1.0,3.7201595588443452,8110.0,False,1.0,-0.025400739827373564
2022-07-07 14:55:00,0.0027182381600141525,0.0030364372469635637,0.0030364372469635637,0,1.0,3.7231959960913086,7904.0,False,1.0,0.0030364372469635637
2022-07-07 21:35:00,0.003393324092030525,0.05070635721493444,0.05070635721493444,0,1.0,3.773902353306243,7928.0,False,1.0,0.05070635721493444
2022-07-08 09:40:00,0.002993435598909855,-0.00600240096038418,-0.00600240096038418,0,1.0,3.767899952345859,8330.0,False,1.0,-0.00600240096038418
2022-07-08 10:40:00,0.002565162256360054,0.0028985507246377384,0.0028985507246377384,0,1.0,3.7707985030704965,8280.0,False,1.0,0.0028985507246377384
2022-07-08 11:25:00,0.002982951235026121,-0.011319845857418076,-0.011319845857418076,0,1.0,3.7594786572130783,8304.0,False,1.0,-0.011319845857418076
2022-07-08 14:10:00,0.0030058780685067177,0.0024360535931791105,0.0024360535931791105,0,1.0,3.7619147108062574,8210.0,False,1.0,0.0024360535931791105
2022-07-08 14:55:00,0.0027982378378510475,0.0021871202916159405,0.0021871202916159405,0,1.0,3.7641018310978733,8230.0,False,1.0,0.0021871202916159405
2022-07-08 21:35:00,0.002823861315846443,0.011639185257032114,0.011639185257032114,0,1.0,3.7757410163549054,8248.0,False,1.0,0.011639185257032114
2022-07-11 09:40:00,0.002274453639984131,-0.010546500479386434,-0.010546500479386434,0,1.0,3.765194515875519,8344.0,False,1.0,-0.010546500479386434
2022-07-11 10:40:00,0.0022566127590835094,0.003875968992248069,0.003875968992248069,0,1.0,3.769070484867767,8256.0,False,1.0,0.003875968992248069
2022-07-11 11:25:00,0.0022636016365140676,-0.005308880308880326,-0.005308880308880326,0,1.0,3.7637616045588866,8288.0,False,1.0,-0.005308880308880326
2022-07-11 14:10:00,0.001416750019416213,-0.020135856380397832,-0.020135856380397832,0,1.0,3.7436257481784887,8244.0,False,1.0,-0.020135856380397832
2022-07-11 14:55:00,0.0007676210370846093,-0.004456548650656145,-0.004456548650656145,0,1.0,3.7391691995278324,8078.0,False,1.0,-0.004456548650656145
2022-07-12 09:40:00,0.0007166355499066412,0.009450385476249767,0.009450385476249767,0,1.0,3.748619585004082,8042.0,False,1.0,0.009450385476249767
2022-07-12 10:40:00,0.001309053273871541,0.014781966001478297,0.014781966001478297,0,1.0,3.7634015510055603,8118.0,False,1.0,0.014781966001478297
2022-07-12 11:25:00,0.0008122626459226012,-0.0031561058509347317,-0.0031561058509347317,0,1.0,3.7602454451546254,8238.0,False,1.0,-0.0031561058509347317
2022-07-12 14:10:00,0.0006551368278451264,-0.013638577691183595,-0.013638577691183595,0,1.0,3.746606867463442,8212.0,False,1.0,-0.013638577691183595
2022-07-12 14:55:00,0.00020359322661533952,-0.009629629629629655,-0.009629629629629655,0,1.0,3.736977237833812,8100.0,False,1.0,-0.009629629629629655
2022-07-12 21:35:00,0.0008734666625969112,-0.05011219147344803,-0.05011219147344803,0,1.0,3.686865046360364,8022.0,False,1.0,-0.05011219147344803
2022-07-13 09:40:00,0.0009371761698275805,-0.005511811023622082,-0.005511811023622082,0,1.0,3.6813532353367417,7620.0,False,1.0,-0.005511811023622082
2022-07-13 10:40:00,0.0012459884164854884,0.0015835312747427555,0.0015835312747427555,0,1.0,3.6829367666114843,7578.0,False,1.0,0.0015835312747427555
2022-07-13 11:25:00,0.001973142847418785,-0.0005270092226613565,-0.0005270092226613565,0,1.0,3.682409757388823,7590.0,False,1.0,-0.0005270092226613565
2022-07-13 14:10:00,0.0016300363931804895,-0.013973108357500652,-0.013973108357500652,0,1.0,3.6684366490313223,7586.0,False,1.0,-0.013973108357500652
2022-07-13 14:55:00,0.0015554741257801652,0.025935828877005296,0.025935828877005296,0,1.0,3.6943724779083276,7480.0,False,1.0,0.025935828877005296
2022-07-13 21:35:00,0.002038991544395685,-0.0028668230388324556,-0.0028668230388324556,0,1.0,3.691505654869495,7674.0,False,1.0,-0.0028668230388324556
2022-07-14 09:40:00,0.0016634827479720116,0.0,0.0,0,1.0,3.691505654869495,7652.0,False,1.0,0.0
2022-07-14 10:40:00,0.0026199682615697384,0.02247778358599062,0.02247778358599062,0,1.0,3.7139834384554855,7652.0,False,1.0,0.02247778358599062
2022-07-14 11:25:00,0.001556003582663834,0.0005112474437627412,0.0005112474437627412,0,1.0,3.7144946858992482,7824.0,False,1.0,0.0005112474437627412
2022-07-14 14:10:00,0.002543103415518999,-0.007409299948901382,-0.007409299948901382,0,1.0,3.707085385950347,7828.0,False,1.0,-0.007409299948901382
2022-07-14 14:55:00,0.0016784404870122671,-0.003603603603603567,-0.003603603603603567,0,1.0,3.7034817823467434,7770.0,False,1.0,-0.003603603603603567
2022-07-14 21:35:00,0.0021806787699460983,-0.024541462154482052,-0.024541462154482052,0,1.0,3.6789403201922615,7742.0,False,1.0,-0.024541462154482052
2022-07-15 09:40:00,0.0017804621020331979,-0.0034427966101694407,-0.0034427966101694407,0,1.0,3.675497523582092,7552.0,False,1.0,-0.0034427966101694407
2022-07-15 10:40:00,0.0019801794551312923,0.026043050757374342,0.026043050757374342,0,1.0,3.7015405743394663,7526.0,False,1.0,0.026043050757374342
2022-07-15 11:25:00,0.0017361391801387072,-0.01579901579901577,-0.01579901579901577,0,1.0,3.6857415585404505,7722.0,False,1.0,-0.01579901579901577
2022-07-15 14:10:00,0.0019534174352884293,-0.0036842105263157343,-0.0036842105263157343,0,1.0,3.6820573480141348,7600.0,False,1.0,-0.0036842105263157343
2022-07-15 14:55:00,0.0016347760101780295,-0.010565240359218131,-0.010565240359218131,0,1.0,3.6714921076549167,7572.0,False,1.0,-0.010565240359218131
2022-07-15 21:35:00,0.0021408547181636095,0.0304324612920448,0.0304324612920448,0,1.0,3.7019245689469615,7492.0,False,1.0,0.0304324612920448
2022-07-18 09:40:00,0.0016824479680508375,0.00880829015544049,0.00880829015544049,0,1.0,3.710732859102402,7720.0,False,1.0,0.00880829015544049
2022-07-18 10:40:00,0.002441140590235591,0.007704160246533087,0.007704160246533087,0,1.0,3.7184370193489347,7788.0,False,1.0,0.007704160246533087
2022-07-18 11:25:00,0.00261047575622797,0.0050968399592252744,0.0050968399592252744,0,1.0,3.72353385930816,7848.0,False,1.0,0.0050968399592252744
2022-07-18 14:10:00,0.002632226562127471,0.00380324543610544,0.00380324543610544,0,1.0,3.727337104744265,7888.0,False,1.0,0.00380324543610544
2022-07-18 14:55:00,0.002233952283859253,0.025764081838848263,0.025764081838848263,0,1.0,3.7531011865831134,7918.0,False,1.0,0.025764081838848263
2022-07-19 09:40:00,0.002479276154190302,-0.016990888943609894,-0.016990888943609894,0,1.0,3.7361102976395033,8122.0,False,1.0,-0.016990888943609894
2022-07-19 10:40:00,0.0024252261500805616,-0.0025050100200401104,-0.0025050100200401104,0,1.0,3.733605287619463,7984.0,False,1.0,-0.0025050100200401104
2022-07-19 11:25:00,0.00225516757927835,-0.0007533902561527306,-0.0007533902561527306,0,1.0,3.7328518973633105,7964.0,False,1.0,-0.0007533902561527306
2022-07-19 14:10:00,0.0016394257545471191,-0.011058054787635108,-0.011058054787635108,0,1.0,3.7217938425756754,7958.0,False,1.0,-0.011058054787635108
2022-07-19 14:55:00,0.0004471070133149624,0.001524777636594754,0.001524777636594754,0,1.0,3.72331862021227,7870.0,False,1.0,0.001524777636594754
2022-07-19 21:35:00,0.0013953243615105748,0.03146409540725714,0.03146409540725714,0,1.0,3.754782715619527,7882.0,False,1.0,0.03146409540725714
2022-07-20 09:40:00,0.0005965570453554392,-0.006150061500615034,-0.006150061500615034,0,1.0,3.7486326541189117,8130.0,False,1.0,-0.006150061500615034
2022-07-20 10:40:00,0.0008365607936866581,0.023267326732673288,0.023267326732673288,0,1.0,3.771899980851585,8080.0,False,1.0,0.023267326732673288
2022-07-20 11:25:00,0.0012304438278079033,-0.0033865505563618337,-0.0033865505563618337,0,1.0,3.7685134302952235,8268.0,False,1.0,-0.0033865505563618337
2022-07-20 14:10:00,0.0016994710313156247,-0.01844660194174752,-0.01844660194174752,0,1.0,3.750066828353476,8240.0,False,1.0,-0.01844660194174752
2022-07-20 14:55:00,0.001543812220916152,0.00618199802176056,0.00618199802176056,0,1.0,3.7562488263752365,8088.0,False,1.0,0.00618199802176056
2022-07-20 21:35:00,0.001347583718597889,-0.003440648808060942,-0.003440648808060942,0,1.0,3.7528081775671756,8138.0,False,1.0,-0.003440648808060942
2022-07-21 09:40:00,0.0006293375045061111,-0.004932182490752113,-0.004932182490752113,0,1.0,3.7478759950764235,8110.0,False,1.0,-0.004932182490752113
2022-07-21 10:40:00,0.0003453866229392588,-0.01883519206939277,-0.01883519206939277,0,1.0,3.729040803007031,8070.0,False,1.0,-0.01883519206939277
2022-07-21 11:25:00,0.0003476090496405959,-0.007830260166708736,-0.007830260166708736,0,1.0,3.721210542840322,7918.0,False,1.0,-0.007830260166708736
2022-07-21 14:10:00,0.0005989274941384792,0.012219959266802416,0.012219959266802416,0,1.0,3.7334305021071246,7856.0,False,1.0,0.012219959266802416
2022-07-21 14:55:00,0.0001279946300201118,-0.008802816901408494,-0.008802816901408494,0,1.0,3.724627685205716,7952.0,False,1.0,-0.008802816901408494
2022-07-21 21:35:00,0.0008859966183081269,-0.011672164425272746,-0.011672164425272746,0,1.0,3.712955520780443,7882.0,False,1.0,-0.011672164425272746
2022-07-22 09:40:00,0.0003223616222385317,0.0025673940949935137,0.0025673940949935137,0,1.0,3.7155229148754367,7790.0,False,1.0,0.0025673940949935137
2022-07-22 10:40:00,0.0006370320334099233,0.007170294494238227,0.007170294494238227,0,1.0,3.722693209369675,7810.0,False,1.0,0.007170294494238227
2022-07-22 11:25:00,0.0016093095764517784,-0.019577930333079085,-0.019577930333079085,0,1.0,3.703115279036596,7866.0,False,1.0,-0.019577930333079085
2022-07-22 14:10:00,0.001823919010348618,-0.001556016597510368,-0.001556016597510368,0,1.0,3.7015592624390856,7712.0,False,1.0,-0.001556016597510368
2022-07-22 14:55:00,0.0007729231147095561,0.007792207792207684,0.007792207792207684,0,1.0,3.7093514702312933,7700.0,False,1.0,0.007792207792207684
2022-07-22 21:35:00,0.0020236321724951267,0.01675257731958757,0.01675257731958757,0,1.0,3.726104047550881,7760.0,False,1.0,0.01675257731958757
2022-07-25 09:40:00,0.0017564859008416533,-0.00709759188846637,-0.00709759188846637,0,1.0,3.7190064556624147,7890.0,False,1.0,-0.00709759188846637
2022-07-25 10:40:00,0.0016729615163058043,-0.008169517487873423,-0.008169517487873423,0,1.0,3.710836938174541,7834.0,False,1.0,-0.008169517487873423
2022-07-25 11:25:00,0.0035926545970141888,0.00617760617760621,0.00617760617760621,0,1.0,3.717014544352147,7770.0,False,1.0,0.00617760617760621
2022-07-25 14:10:00,0.002764711156487465,-0.0020465592223074536,-0.0020465592223074536,0,1.0,3.7149679851298396,7818.0,False,1.0,-0.0020465592223074536
2022-07-25 14:55:00,0.0017628498608246446,0.010766470135862516,0.010766470135862516,0,1.0,3.725734455265702,7802.0,False,1.0,0.010766470135862516
2022-07-26 09:40:00,0.0022709371987730265,0.028404767943190468,0.028404767943190468,0,1.0,3.7541392232088926,7886.0,False,1.0,0.028404767943190468
2022-07-26 10:40:00,0.002250812714919448,0.007891491985203558,0.007891491985203558,0,1.0,3.762030715194096,8110.0,False,1.0,0.007891491985203558
2022-07-26 11:25:00,0.002473903354257345,-0.006850990946904778,-0.006850990946904778,0,1.0,3.755179724247191,8174.0,False,1.0,-0.006850990946904778
2022-07-26 14:10:00,0.0017821722431108356,-0.003941857600394227,-0.003941857600394227,0,1.0,3.7512378666467967,8118.0,False,1.0,-0.003941857600394227
2022-07-26 14:55:00,0.001066506141796708,-0.0017313875834775727,-0.0017313875834775727,0,1.0,3.749506479063319,8086.0,False,1.0,-0.0017313875834775727
2022-07-26 21:35:00,0.00012297149805817753,-0.020069375619425123,-0.020069375619425123,0,1.0,3.729437103443894,8072.0,False,1.0,-0.020069375619425123
2022-07-27 09:40:00,-0.000476949498988688,0.0007585335018962525,0.0007585335018962525,0,1.0,3.73019563694579,7910.0,False,0.0,0.0007585335018962525
2022-07-27 10:40:00,-0.00039176017162390053,-0.014906518443658423,-0.0,1,0.0,3.73019563694579,7916.0,False,0.0,-0.014906518443658423
2022-07-27 11:25:00,0.0017383480444550514,-0.004360092331367027,-0.0,1,0.0,3.73019563694579,7798.0,False,1.0,-0.004360092331367027
2022-07-27 14:10:00,0.001638496876694262,0.014683153013910433,0.014683153013910433,1,1.0,3.7448787899597002,7764.0,False,1.0,0.014683153013910433
2022-07-27 14:55:00,0.003908413928002119,-0.0022848438690022954,-0.0022848438690022954,1,1.0,3.742593946090698,7878.0,False,1.0,-0.0022848438690022954
2022-07-27 21:35:00,0.004002470523118973,0.028244274809160252,0.028244274809160252,0,1.0,3.7708382208998583,7860.0,False,1.0,0.028244274809160252
2022-07-28 09:40:00,0.0025070030242204666,0.021529324424647278,0.021529324424647278,0,1.0,3.7923675453245056,8082.0,False,1.0,0.021529324424647278
2022-07-28 10:40:00,0.0025258399546146393,0.001211240310077466,0.001211240310077466,0,1.0,3.7935787856345833,8256.0,False,1.0,0.001211240310077466
2022-07-28 11:25:00,0.001254165661521256,0.007984514880232219,0.007984514880232219,0,1.0,3.8015633005148155,8266.0,False,1.0,0.007984514880232219
2022-07-28 14:10:00,0.0007561789243482053,0.0,0.0,0,1.0,3.8015633005148155,8332.0,False,1.0,0.0
2022-07-28 14:55:00,0.00064419349655509,0.006240998559769562,0.006240998559769562,0,1.0,3.807804299074585,8332.0,False,1.0,0.006240998559769562
2022-07-28 21:35:00,0.001882396056316793,0.016459923664122078,0.016459923664122078,0,1.0,3.824264222738707,8384.0,False,1.0,0.016459923664122078
2022-07-29 09:40:00,0.00032795281731523573,0.016897441915043387,0.016897441915043387,0,1.0,3.8411616646537503,8522.0,False,1.0,0.016897441915043387
2022-07-29 10:40:00,0.00022135807375889271,-0.012693284098776791,-0.012693284098776791,0,1.0,3.8284683805549733,8666.0,False,1.0,-0.012693284098776791
2022-07-29 11:25:00,0.0017707766965031624,-0.003506311360448766,-0.003506311360448766,0,1.0,3.8249620691945245,8556.0,False,1.0,-0.003506311360448766
2022-07-29 14:10:00,0.0011945691658183932,0.008210180623973828,0.008210180623973828,0,1.0,3.8331722498184986,8526.0,False,1.0,0.008210180623973828
2022-07-29 14:55:00,0.0010372422402724624,0.0032573289902280145,0.0032573289902280145,0,1.0,3.8364295788087266,8596.0,False,1.0,0.0032573289902280145
2022-07-29 21:35:00,0.0009883114835247397,0.018089053803339583,0.018089053803339583,0,1.0,3.8545186326120664,8624.0,False,1.0,0.018089053803339583
2022-08-01 09:40:00,0.0005346289253793657,-0.017539863325740312,-0.017539863325740312,0,1.0,3.836978769286326,8780.0,False,1.0,-0.017539863325740312
2022-08-01 10:40:00,-0.0006286920397542417,-0.005332715047530745,-0.005332715047530745,0,1.0,3.8316460542387953,8626.0,False,0.0,-0.005332715047530745
2022-08-01 11:25:00,-0.000879271945450455,-0.013752913752913765,-0.0,1,0.0,3.8316460542387953,8580.0,False,-1.0,-0.013752913752913765
2022-08-01 14:10:00,-2.9181897843955085e-05,0.0,-0.0,1,-1.0,3.8316460542387953,8462.0,False,-1.0,0.0
2022-08-01 14:55:00,-0.0009547244990244508,-0.0066178208461357135,0.0066178208461357135,0,-1.0,3.838263875084931,8462.0,False,-1.0,-0.0066178208461357135
2022-08-02 09:40:00,-0.0012909483630210161,0.001427551748750977,-0.001427551748750977,0,-1.0,3.83683632333618,8406.0,False,-1.0,0.001427551748750977
2022-08-02 10:40:00,-0.0012241428485140204,-0.021145165122356868,0.021145165122356868,0,-1.0,3.857981488458537,8418.0,False,-1.0,-0.021145165122356868
2022-08-02 11:25:00,-0.0005165261100046337,-0.020873786407766937,0.020873786407766937,0,-1.0,3.8788552748663037,8240.0,False,-1.0,-0.020873786407766937
2022-08-02 14:10:00,0.0012401886051520705,0.0032226078334158803,-0.0032226078334158803,0,-1.0,3.875632667032888,8068.0,False,0.0,0.0032226078334158803
2022-08-02 14:55:00,0.0004641286504920572,0.002223869532987477,0.0,1,0.0,3.875632667032888,8094.0,False,0.0,0.002223869532987477
2022-08-02 21:35:00,0.0009852196089923382,-0.0034516765285995676,-0.0,1,0.0,3.875632667032888,8112.0,False,1.0,-0.0034516765285995676
2022-08-03 09:40:00,0.000708547537215054,-0.00272142503711037,-0.00272142503711037,0,1.0,3.8729112419957774,8084.0,False,1.0,-0.00272142503711037
2022-08-03 10:40:00,0.0006638616905547678,0.0044653932026792464,0.0044653932026792464,0,1.0,3.8773766351984564,8062.0,False,1.0,0.0044653932026792464
2022-08-03 11:25:00,0.000316108315018937,-0.004445542109162703,-0.004445542109162703,0,1.0,3.872931093089294,8098.0,False,1.0,-0.004445542109162703
2022-08-03 14:10:00,-0.00045463876449503005,0.014388489208633004,0.014388489208633004,0,1.0,3.887319582297927,8062.0,False,0.0,0.014388489208633004
2022-08-03 14:55:00,-0.0010982693638652563,-0.00807043286867204,-0.0,1,0.0,3.887319582297927,8178.0,False,-1.0,-0.00807043286867204
2022-08-03 21:35:00,-0.0004387361987028271,-0.015532544378698221,0.015532544378698221,1,-1.0,3.902852126676625,8112.0,False,-1.0,-0.015532544378698221
2022-08-04 09:40:00,0.0011741563212126493,-0.016528925619834656,0.016528925619834656,0,-1.0,3.9193810522964596,7986.0,False,0.0,-0.016528925619834656
2022-08-04 10:40:00,0.0016647868324071169,-0.013496307613954706,-0.0,1,0.0,3.9193810522964596,7854.0,False,1.0,-0.013496307613954706
2022-08-04 11:25:00,0.0029075746424496174,0.005162622612286949,0.005162622612286949,1,1.0,3.9245436749087466,7748.0,False,1.0,0.005162622612286949
2022-08-04 14:10:00,0.002992435125634074,0.0020544427324087344,0.0020544427324087344,0,1.0,3.9265981176411553,7788.0,False,1.0,0.0020544427324087344
2022-08-04 14:55:00,0.0002246597723569721,0.0017939518195797532,0.0017939518195797532,0,1.0,3.928392069460735,7804.0,False,1.0,0.0017939518195797532
2022-08-04 21:35:00,0.001448960741981864,0.0074187771808647,0.0074187771808647,0,1.0,3.9358108466415995,7818.0,False,1.0,0.0074187771808647
2022-08-05 09:40:00,0.0021432088688015938,0.02209243270695782,0.02209243270695782,0,1.0,3.9579032793485576,7876.0,False,1.0,0.02209243270695782
2022-08-05 10:40:00,0.0005180930020287633,0.005465838509316701,0.005465838509316701,0,1.0,3.9633691178578743,8050.0,False,1.0,0.005465838509316701
2022-08-05 11:25:00,0.0028154875617474318,-0.0024709661477637646,-0.0024709661477637646,0,1.0,3.9608981517101105,8094.0,False,1.0,-0.0024709661477637646
2022-08-05 14:10:00,0.0019947632681578398,0.008917513004706557,0.008917513004706557,0,1.0,3.969815664714817,8074.0,False,1.0,0.008917513004706557
2022-08-05 14:55:00,0.000969747721683234,-0.0007365578197888745,-0.0007365578197888745,0,1.0,3.969079106895028,8146.0,False,1.0,-0.0007365578197888745
2022-08-05 21:35:00,0.0019172715255990624,0.02825552825552835,0.02825552825552835,0,1.0,3.9973346351505565,8140.0,False,1.0,0.02825552825552835
2022-08-08 09:40:00,-0.0003102205810137093,-0.00884109916367981,-0.00884109916367981,0,1.0,3.9884935359868767,8370.0,False,0.0,-0.00884109916367981
2022-08-08 10:40:00,-3.340283365105279e-05,0.013018322082931633,0.0,1,0.0,3.9884935359868767,8296.0,False,0.0,0.013018322082931633
2022-08-08 11:25:00,0.0006001847214065492,-0.002379819133745853,-0.0,1,0.0,3.9884935359868767,8404.0,False,1.0,-0.002379819133745853
2022-08-08 14:10:00,-0.0007999996305443347,0.004532442748091503,0.004532442748091503,1,1.0,3.993025978734968,8384.0,False,0.0,0.004532442748091503
2022-08-08 14:55:00,-0.0024294499307870865,-0.003562099263832774,-0.0,1,0.0,3.993025978734968,8422.0,False,-1.0,-0.003562099263832774
2022-08-09 09:40:00,-0.002912408672273159,0.0004766444232602307,-0.0004766444232602307,0,-1.0,3.9925493343117076,8392.0,False,-1.0,0.0004766444232602307
2022-08-09 10:40:00,-0.0022500394843518734,0.004525964745116795,-0.004525964745116795,0,-1.0,3.9880233695665908,8396.0,False,-1.0,0.004525964745116795
2022-08-09 11:25:00,-0.0015288956928998232,0.0021342186388428885,-0.0021342186388428885,0,-1.0,3.985889150927748,8434.0,False,-1.0,0.0021342186388428885
2022-08-09 14:10:00,-0.001600766321644187,0.01230477993374346,-0.01230477993374346,0,-1.0,3.973584370994004,8452.0,False,-1.0,0.01230477993374346
2022-08-09 14:55:00,-0.0033633876591920853,-0.010051425899953226,0.010051425899953226,0,-1.0,3.9836357968939575,8556.0,False,-1.0,-0.010051425899953226
2022-08-09 21:35:00,-0.0018038427224382758,-0.0007083825265643551,0.0007083825265643551,0,-1.0,3.984344179420522,8470.0,False,-1.0,-0.0007083825265643551
2022-08-10 09:40:00,-0.0033877058885991573,0.005907372400756117,-0.005907372400756117,0,-1.0,3.978436807019766,8464.0,False,-1.0,0.005907372400756117
2022-08-10 10:40:00,-0.0023704981431365013,-0.007517030772844713,0.007517030772844713,0,-1.0,3.9859538377926107,8514.0,False,-1.0,-0.007517030772844713
2022-08-10 11:25:00,-0.003413150319829583,-0.009230769230769265,0.009230769230769265,0,-1.0,3.99518460702338,8450.0,False,-1.0,-0.009230769230769265
2022-08-10 14:10:00,-0.0034392864909023046,0.004777830864787447,-0.004777830864787447,0,-1.0,3.9904067761585926,8372.0,False,-1.0,0.004777830864787447
2022-08-10 14:55:00,-0.005681718233972788,-0.0019020446980504424,0.0019020446980504424,0,-1.0,3.992308820856643,8412.0,False,-1.0,-0.0019020446980504424
2022-08-10 21:35:00,-0.003637401619926095,0.009528346831824575,-0.009528346831824575,0,-1.0,3.9827804740248185,8396.0,False,-1.0,0.009528346831824575
2022-08-11 09:40:00,-0.0026473859325051308,0.007078810759792331,-0.007078810759792331,0,-1.0,3.975701663265026,8476.0,False,-1.0,0.007078810759792331
2022-08-11 10:40:00,-0.0033974098041653633,0.003983130271790092,-0.003983130271790092,0,-1.0,3.971718532993236,8536.0,False,-1.0,0.003983130271790092
2022-08-11 11:25:00,-0.0028691026382148266,0.003500583430571691,-0.003500583430571691,0,-1.0,3.968217949562664,8570.0,False,-1.0,0.003500583430571691
2022-08-11 14:10:00,-0.004091500770300627,0.0016279069767441978,-0.0016279069767441978,0,-1.0,3.9665900425859197,8600.0,False,-1.0,0.0016279069767441978
2022-08-11 14:55:00,-0.00356303621083498,0.0018574413745067186,-0.0018574413745067186,0,-1.0,3.964732601211413,8614.0,False,-1.0,0.0018574413745067186
2022-08-11 21:35:00,-0.0027566608041524887,0.010196987253765943,-0.010196987253765943,0,-1.0,3.954535613957647,8630.0,False,-1.0,0.010196987253765943
2022-08-12 09:40:00,-0.0034614289179444313,0.00550584996558845,-0.00550584996558845,0,-1.0,3.9490297639920584,8718.0,False,-1.0,0.00550584996558845
2022-08-12 10:40:00,-0.003354849759489298,-0.014145562400182499,0.014145562400182499,0,-1.0,3.963175326392241,8766.0,False,-1.0,-0.014145562400182499
2022-08-12 11:25:00,-0.001974718412384391,0.010182828049062786,-0.010182828049062786,0,-1.0,3.9529924983431783,8642.0,False,-1.0,0.010182828049062786
2022-08-12 14:10:00,-0.0031890813261270523,0.012142038946162614,-0.012142038946162614,0,-1.0,3.9408504593970157,8730.0,False,-1.0,0.012142038946162614
2022-08-12 14:55:00,-0.0034478255547583103,-0.002263467632412808,0.002263467632412808,0,-1.0,3.9431139270294286,8836.0,False,-1.0,-0.002263467632412808
2022-08-12 21:35:00,-0.003899478353559971,0.005898366606170491,-0.005898366606170491,0,-1.0,3.937215560423258,8816.0,False,-1.0,0.005898366606170491
2022-08-15 09:40:00,-0.0037723686546087265,0.004059539918809252,-0.004059539918809252,0,-1.0,3.933156020504449,8868.0,False,-1.0,0.004059539918809252
2022-08-15 10:40:00,-0.003928725607693195,-0.017744833782569636,0.017744833782569636,0,-1.0,3.9509008542870188,8904.0,False,-1.0,-0.017744833782569636
2022-08-15 11:25:00,-0.004431945737451315,-0.002058083695403612,0.002058083695403612,0,-1.0,3.952958937982422,8746.0,False,-1.0,-0.002058083695403612
2022-08-15 14:10:00,-0.0024321661330759525,0.0016040329972502043,-0.0016040329972502043,0,-1.0,3.951354904985172,8728.0,False,-1.0,0.0016040329972502043
2022-08-15 14:55:00,-0.004164439160376787,-0.04140928849233583,0.04140928849233583,0,-1.0,3.992764193477508,8742.0,False,-1.0,-0.04140928849233583
2022-08-16 09:40:00,-0.003665601834654808,0.0,0.0,0,-1.0,3.992764193477508,8380.0,True,-1.0,0.005250596658711304
2022-08-16 10:40:00,-0.0038882065564393997,0.014957264957264904,-0.014957264957264904,0,-1.0,3.977806928520243,8424.0,False,-1.0,0.014957264957264904
2022-08-16 11:25:00,-0.004788204561918974,-0.0035087719298245723,0.0035087719298245723,0,-1.0,3.9813157004500677,8550.0,False,-1.0,-0.0035087719298245723
2022-08-16 14:10:00,-0.0025083287619054317,0.006103286384976592,-0.006103286384976592,0,-1.0,3.975212414065091,8520.0,False,-1.0,0.006103286384976592
2022-08-16 14:55:00,-0.003465388435870409,-0.0074661689220718586,0.0074661689220718586,0,-1.0,3.982678582987163,8572.0,False,-1.0,-0.0074661689220718586
2022-08-16 21:35:00,-0.0033215275034308434,-0.015044663845792172,0.015044663845792172,0,-1.0,3.997723246832955,8508.0,False,-1.0,-0.015044663845792172
2022-08-17 09:40:00,-0.0032592876814305782,-0.002625298329355652,0.002625298329355652,0,-1.0,4.000348545162311,8380.0,False,-1.0,-0.002625298329355652
2022-08-17 10:40:00,-0.003221405204385519,0.01005025125628145,-0.01005025125628145,0,-1.0,3.9902982939060294,8358.0,False,-1.0,0.01005025125628145
2022-08-17 11:25:00,-0.0025391324888914824,-0.0033167495854062867,0.0033167495854062867,0,-1.0,3.9936150434914355,8442.0,False,-1.0,-0.0033167495854062867
2022-08-17 14:10:00,-0.00223393552005291,0.009032564772997409,-0.009032564772997409,0,-1.0,3.984582478718438,8414.0,False,-1.0,0.009032564772997409
2022-08-17 14:55:00,-0.0030426066368818283,-0.004711425206124886,0.004711425206124886,0,-1.0,3.9892939039245627,8490.0,False,-1.0,-0.004711425206124886
2022-08-17 21:35:00,-0.0030207785312086344,-0.009467455621301801,0.009467455621301801,0,-1.0,3.9987613595458646,8450.0,False,-1.0,-0.009467455621301801
2022-08-18 09:40:00,-0.0005955439410172403,0.006690561529271166,-0.006690561529271166,0,-1.0,3.9920707980165933,8370.0,False,-1.0,0.006690561529271166
2022-08-18 10:40:00,-0.001041669282130897,-0.02065036790885355,0.02065036790885355,0,-1.0,4.012721165925447,8426.0,False,-1.0,-0.02065036790885355
2022-08-18 11:25:00,0.0005001361132599413,-0.005816771691711131,0.005816771691711131,0,-1.0,4.0185379376171575,8252.0,False,0.0,-0.005816771691711131
2022-08-18 14:10:00,-0.001493582734838128,0.005363237445148661,0.0,1,0.0,4.0185379376171575,8204.0,False,0.0,0.005363237445148661
2022-08-18 14:55:00,-0.0010756651172414422,-0.007516973811833139,-0.0,1,0.0,4.0185379376171575,8248.0,False,0.0,-0.007516973811833139
2022-08-18 21:35:00,-0.000825397961307317,0.004642071829953576,0.0,0,0.0,4.0185379376171575,8186.0,False,0.0,0.004642071829953576
2022-08-19 09:40:00,-0.0005725619266740978,-0.0031614785992217787,-0.0,0,0.0,4.0185379376171575,8224.0,False,0.0,-0.0031614785992217787
2022-08-19 10:40:00,-0.0009521006140857935,0.012929982922664118,0.0,0,0.0,4.0185379376171575,8198.0,False,0.0,0.012929982922664118
2022-08-19 11:25:00,-0.0006667398847639561,-0.0036127167630057855,-0.0,0,0.0,4.0185379376171575,8304.0,False,0.0,-0.0036127167630057855
2022-08-19 14:10:00,-3.5426408430794254e-05,-0.002417210539037984,-0.0,0,0.0,4.0185379376171575,8274.0,False,0.0,-0.002417210539037984
2022-08-19 14:55:00,-0.001341899624094367,0.0026653743639446503,0.0,0,0.0,4.0185379376171575,8254.0,False,0.0,0.0026653743639446503
2022-08-19 21:35:00,-0.0011098376708105206,0.017641372643789177,0.0,0,0.0,4.0185379376171575,8276.0,False,0.0,0.017641372643789177
2022-08-22 09:40:00,-0.00114183418918401,0.008074091664687755,0.0,0,0.0,4.0185379376171575,8422.0,False,0.0,0.008074091664687755
2022-08-22 10:40:00,0.0009617098257876933,0.004240282685512353,0.0,0,0.0,4.0185379376171575,8490.0,False,0.0,0.004240282685512353
2022-08-22 11:25:00,0.0015413813525810838,-0.0014074595355383357,-0.0,1,0.0,4.0185379376171575,8526.0,False,0.0,-0.0014074595355383357
2022-08-22 14:10:00,0.002054093172773719,-0.007986845196147563,-0.0,1,0.0,4.0185379376171575,8514.0,False,1.0,-0.007986845196147563
2022-08-22 14:55:00,0.0012989355018362403,0.004972768174283715,0.004972768174283715,0,1.0,4.023510705791441,8446.0,False,1.0,0.004972768174283715
2022-08-23 09:40:00,-0.0002592048258520663,0.020028275212064184,0.020028275212064184,0,1.0,4.043538981003506,8488.0,False,0.0,0.020028275212064184
2022-08-23 10:40:00,0.0010751566151157022,-0.008316008316008316,-0.0,1,0.0,4.043538981003506,8658.0,False,0.0,-0.008316008316008316
2022-08-23 11:25:00,0.0020742060150951147,-0.00395993477754486,-0.0,1,0.0,4.043538981003506,8586.0,False,1.0,-0.00395993477754486
2022-08-23 14:10:00,-0.0015869049821048975,-0.01192703461178668,-0.01192703461178668,0,1.0,4.031611946391719,8552.0,False,0.0,-0.01192703461178668
2022-08-23 14:55:00,-0.0036290634889155626,-0.004733727810650845,-0.0,1,0.0,4.031611946391719,8450.0,False,-1.0,-0.004733727810650845
2022-08-23 21:35:00,-0.0010537412017583847,0.026872770511296107,-0.026872770511296107,1,-1.0,4.004739175880423,8410.0,False,-1.0,0.026872770511296107
2022-08-24 09:40:00,-0.0008674862910993397,-0.0013895321908290459,0.0013895321908290459,0,-1.0,4.006128708071252,8636.0,False,-1.0,-0.0013895321908290459
2022-08-24 10:40:00,-0.002459845272824168,-0.006029684601113194,0.006029684601113194,0,-1.0,4.012158392672365,8624.0,False,-1.0,-0.006029684601113194
2022-08-24 11:25:00,-0.0014658595900982618,0.0158656089594027,-0.0158656089594027,0,-1.0,3.9962927837129625,8572.0,False,-1.0,0.0158656089594027
2022-08-24 14:10:00,-0.0003814135561697185,0.0,-0.0,0,-1.0,3.9962927837129625,8708.0,False,-1.0,0.0
2022-08-24 14:55:00,-0.002230625133961439,0.002067064768029425,-0.002067064768029425,0,-1.0,3.994225718944933,8708.0,False,-1.0,0.002067064768029425
2022-08-24 21:35:00,-0.0017122977878898382,-0.011230804492321833,0.011230804492321833,0,-1.0,4.005456523437255,8726.0,False,-1.0,-0.011230804492321833
2022-08-25 09:40:00,-0.003763833548873663,-0.004867872044506227,0.004867872044506227,0,-1.0,4.010324395481762,8628.0,False,-1.0,-0.004867872044506227
2022-08-25 10:40:00,-0.003023319412022829,0.005590496156533842,-0.005590496156533842,0,-1.0,4.0047338993252275,8586.0,False,-1.0,0.005590496156533842
2022-08-25 11:25:00,-0.002194541273638606,0.00023164234422057284,-0.00023164234422057284,0,-1.0,4.004502256981007,8634.0,False,-1.0,0.00023164234422057284
2022-08-25 14:10:00,-0.002337608253583312,-0.00023158869847150765,0.00023158869847150765,0,-1.0,4.004733845679478,8636.0,False,-1.0,-0.00023158869847150765
2022-08-25 14:55:00,-0.0021724363323301077,-0.0032429928190873536,0.0032429928190873536,0,-1.0,4.007976838498566,8634.0,False,-1.0,-0.0032429928190873536
2022-08-25 21:35:00,-0.0028285023290663958,0.0018591680223101203,-0.0018591680223101203,0,-1.0,4.0061176704762556,8606.0,False,-1.0,0.0018591680223101203
2022-08-26 09:40:00,-0.004722581245005131,0.006031083275342075,-0.006031083275342075,0,-1.0,4.000086587200913,8622.0,False,-1.0,0.006031083275342075
2022-08-26 10:40:00,-0.003201379207894206,0.0016140189070785738,-0.0016140189070785738,0,-1.0,3.9984725682938347,8674.0,False,-1.0,0.0016140189070785738
2022-08-26 11:25:00,-0.003033479442819953,-0.005985267034990804,0.005985267034990804,0,-1.0,4.004457835328825,8688.0,False,-1.0,-0.005985267034990804
2022-08-26 14:10:00,-0.005115866661071777,-0.0034738304770727257,0.0034738304770727257,0,-1.0,4.0079316658058985,8636.0,False,-1.0,-0.0034738304770727257
2022-08-26 14:55:00,-0.004443273413926363,0.0018591680223101203,-0.0018591680223101203,0,-1.0,4.006072497783588,8606.0,False,-1.0,0.0018591680223101203
2022-08-26 21:35:00,-0.006790054030716419,-0.01275806077476227,0.01275806077476227,0,-1.0,4.018830558558351,8622.0,False,-1.0,-0.01275806077476227
2022-08-29 09:40:00,-0.0066541642881929874,-0.00046992481203012026,0.00046992481203012026,0,-1.0,4.0193004833703805,8512.0,False,-1.0,-0.00046992481203012026
2022-08-29 10:40:00,-0.005846058949828148,0.006582040432534075,-0.006582040432534075,0,-1.0,4.012718442937846,8508.0,False,-1.0,0.006582040432534075
2022-08-29 11:25:00,-0.006112613715231419,0.0028024287716019725,-0.0028024287716019725,0,-1.0,4.009916014166245,8564.0,False,-1.0,0.0028024287716019725
2022-08-29 14:10:00,-0.00547552527859807,0.0027945971122496083,-0.0027945971122496083,0,-1.0,4.007121417053995,8588.0,False,-1.0,0.0027945971122496083
2022-08-29 14:55:00,-0.0047392514534294605,-0.005805852299117564,0.005805852299117564,0,-1.0,4.012927269353113,8612.0,False,-1.0,-0.005805852299117564
2022-08-30 09:40:00,-0.005585723556578159,-0.0021023125437982237,0.0021023125437982237,0,-1.0,4.015029581896911,8562.0,False,-1.0,-0.0021023125437982237
2022-08-30 10:40:00,-0.006168369669467211,-0.018960674157303403,0.018960674157303403,0,-1.0,4.0339902560542145,8544.0,False,-1.0,-0.018960674157303403
2022-08-30 11:25:00,-0.00596252828836441,0.0007158196134573469,-0.0007158196134573469,0,-1.0,4.033274436440757,8382.0,False,-1.0,0.0007158196134573469
2022-08-30 14:10:00,-0.003690618323162198,0.007153075822603716,-0.007153075822603716,0,-1.0,4.026121360618153,8388.0,False,-1.0,0.007153075822603716
2022-08-30 14:55:00,-0.004358573816716671,0.0011837121212121549,-0.0011837121212121549,0,-1.0,4.024937648496941,8448.0,False,-1.0,0.0011837121212121549
2022-08-30 21:35:00,-0.004222438205033541,-0.00614802553795224,0.00614802553795224,0,-1.0,4.031085674034893,8458.0,False,-1.0,-0.00614802553795224
2022-08-31 09:40:00,-0.004691763781011105,0.01142041399000715,-0.01142041399000715,0,-1.0,4.019665260044886,8406.0,False,-1.0,0.01142041399000715
2022-08-31 10:40:00,-0.003789565758779645,-0.0014114326040931546,0.0014114326040931546,0,-1.0,4.021076692648979,8502.0,False,-1.0,-0.0014114326040931546
2022-08-31 11:25:00,-0.003619170282036066,-0.0021201413427561766,0.0021201413427561766,0,-1.0,4.023196833991735,8490.0,False,-1.0,-0.0021201413427561766
2022-08-31 14:10:00,-0.0031893800478428602,0.011803588290840494,-0.011803588290840494,0,-1.0,4.011393245700894,8472.0,False,-1.0,0.011803588290840494
2022-08-31 14:55:00,-0.0019379776204004884,0.001633224451703219,-0.001633224451703219,0,-1.0,4.009760021249192,8572.0,False,-1.0,0.001633224451703219
2022-08-31 21:35:00,-0.001857487834058702,-0.004425809457256014,0.004425809457256014,0,-1.0,4.014185830706448,8586.0,False,-1.0,-0.004425809457256014
2022-09-01 09:40:00,-0.001896751462481916,-0.00046794571829666953,0.00046794571829666953,0,-1.0,4.014653776424744,8548.0,False,-1.0,-0.00046794571829666953
2022-09-01 10:40:00,0.000925005879253149,-0.012874531835206038,0.012874531835206038,0,-1.0,4.027528308259951,8544.0,False,0.0,-0.012874531835206038
2022-09-01 11:25:00,-0.0014786305837333202,-0.013279582641688381,-0.0,1,0.0,4.027528308259951,8434.0,False,0.0,-0.013279582641688381
2022-09-01 14:10:00,-0.002431486966088414,-0.015621244893054609,-0.0,1,0.0,4.027528308259951,8322.0,False,-1.0,-0.015621244893054609
2022-09-01 14:55:00,-0.0041159288957715034,-0.0009765625,0.0009765625,0,-1.0,4.028504870759951,8192.0,False,-1.0,-0.0009765625
2022-09-01 21:35:00,-0.0038951130118221045,-0.011974584555229706,0.011974584555229706,0,-1.0,4.040479455315181,8184.0,False,-1.0,-0.011974584555229706
2022-09-02 09:40:00,-0.002512245671823621,-0.012861736334405127,0.012861736334405127,0,-1.0,4.053341191649586,8086.0,False,-1.0,-0.012861736334405127
2022-09-02 10:40:00,-0.0015074183465912938,-0.005011275369581569,0.005011275369581569,0,-1.0,4.0583524670191675,7982.0,False,-1.0,-0.005011275369581569
2022-09-02 11:25:00,-0.0016742019215598702,0.006295643414756968,-0.006295643414756968,0,-1.0,4.05205682360441,7942.0,False,-1.0,0.006295643414756968
2022-09-02 14:10:00,-0.0009333062334917486,-0.014014014014014031,0.014014014014014031,0,-1.0,4.066070837618424,7992.0,False,-1.0,-0.014014014014014031
2022-09-02 14:55:00,-0.0020800884813070297,0.008375634517766573,-0.008375634517766573,0,-1.0,4.057695203100657,7880.0,False,-1.0,0.008375634517766573
2022-09-02 21:35:00,-0.0017960555851459503,0.021897810218978186,-0.021897810218978186,0,-1.0,4.035797392881679,7946.0,False,-1.0,0.021897810218978186
2022-09-05 09:40:00,-0.0034792779479175806,-0.014039408866995062,0.014039408866995062,0,-1.0,4.049836801748674,8120.0,False,-1.0,-0.014039408866995062
2022-09-05 10:40:00,-0.0036591554526239634,0.004496627529352981,-0.004496627529352981,0,-1.0,4.045340174219321,8006.0,False,-1.0,0.004496627529352981
2022-09-05 11:25:00,-0.0030339397490024567,-0.0012434717731907297,0.0012434717731907297,0,-1.0,4.046583645992511,8042.0,False,-1.0,-0.0012434717731907297
2022-09-05 14:10:00,-0.0017467536963522434,0.003984063745019917,-0.003984063745019917,0,-1.0,4.042599582247492,8032.0,False,-1.0,0.003984063745019917
2022-09-05 14:55:00,-0.0022651534527540207,0.0,-0.0,0,-1.0,4.042599582247492,8064.0,False,-1.0,0.0
2022-09-06 09:40:00,-0.0013702341821044683,-0.007688492063492092,0.007688492063492092,0,-1.0,4.050288074310984,8064.0,False,-1.0,-0.007688492063492092
2022-09-06 10:40:00,-0.0015389517648145556,-0.006248437890527314,0.006248437890527314,0,-1.0,4.056536512201511,8002.0,False,-1.0,-0.006248437890527314
2022-09-06 11:25:00,-0.001566543709486723,0.0027665995975854063,-0.0027665995975854063,0,-1.0,4.053769912603926,7952.0,False,-1.0,0.0027665995975854063
2022-09-06 14:10:00,-0.00012089818483218551,0.0012540757461749763,-0.0012540757461749763,0,-1.0,4.052515836857751,7974.0,False,-1.0,0.0012540757461749763
2022-09-06 14:55:00,-0.0016598320798948407,0.008767535070140386,-0.008767535070140386,0,-1.0,4.043748301787611,7984.0,False,-1.0,0.008767535070140386
2022-09-06 21:35:00,-0.001283916411921382,-0.006456419170598471,0.006456419170598471,0,-1.0,4.050204720958209,8054.0,False,-1.0,-0.006456419170598471
2022-09-07 09:40:00,-0.00024868518812581897,-0.007748062984253901,0.007748062984253901,0,-1.0,4.057952783942462,8002.0,False,-1.0,-0.007748062984253901
2022-09-07 10:40:00,-0.0009093067492358387,-0.010327455919395434,0.010327455919395434,0,-1.0,4.068280239861858,7940.0,False,-1.0,-0.010327455919395434
2022-09-07 11:25:00,-0.00070377899101004,-0.007890048358360935,0.007890048358360935,0,-1.0,4.076170288220219,7858.0,False,-1.0,-0.007890048358360935
2022-09-07 14:10:00,0.0004184530407655984,0.004104669061056887,-0.004104669061056887,0,-1.0,4.0720656191591615,7796.0,False,0.0,0.004104669061056887
2022-09-07 14:55:00,-0.0011361346114426851,-0.0094532447623914,-0.0,1,0.0,4.0720656191591615,7828.0,False,0.0,-0.0094532447623914
2022-09-07 21:35:00,-0.0006268865545280278,0.005674490585504177,0.0,1,0.0,4.0720656191591615,7754.0,False,0.0,0.005674490585504177
2022-09-08 09:40:00,-0.00047724254545755684,-0.009746088740702707,-0.0,0,0.0,4.0720656191591615,7798.0,False,0.0,-0.009746088740702707
2022-09-08 10:40:00,0.0017423322424292564,-0.0002590002590002749,-0.0,0,0.0,4.0720656191591615,7722.0,False,1.0,-0.0002590002590002749
2022-09-08 11:25:00,-0.000159314222401008,0.008549222797927358,0.008549222797927358,1,1.0,4.080614841957089,7720.0,False,0.0,0.008549222797927358
2022-09-08 14:10:00,0.0005676047876477242,-0.00333932699717443,-0.0,1,0.0,4.080614841957089,7786.0,False,0.0,-0.00333932699717443
2022-09-08 14:55:00,-0.0006774593493901193,-0.006443298969072142,-0.0,1,0.0,4.080614841957089,7760.0,False,0.0,-0.006443298969072142
2022-09-08 21:35:00,-0.0010093337623402476,-0.009079118028534339,-0.0,1,0.0,4.080614841957089,7710.0,False,0.0,-0.009079118028534339
2022-09-09 09:40:00,-0.001048073754645884,0.014397905759162333,0.0,0,0.0,4.080614841957089,7640.0,False,0.0,0.014397905759162333
2022-09-09 10:40:00,5.664291893481277e-05,-0.0018064516129032704,-0.0,0,0.0,4.080614841957089,7750.0,False,0.0,-0.0018064516129032704
2022-09-09 11:25:00,0.0010606356663629413,-0.0020682523267838704,-0.0,1,0.0,4.080614841957089,7736.0,False,1.0,-0.0020682523267838704
2022-09-09 14:10:00,0.00044396775774657726,0.0007772020725389517,0.0007772020725389517,1,1.0,4.081392044029627,7720.0,False,1.0,0.0007772020725389517
2022-09-09 14:55:00,0.0007051283027976751,-0.004400724825265323,-0.004400724825265323,0,1.0,4.076991319204362,7726.0,False,1.0,-0.004400724825265323
2022-09-09 21:35:00,-0.00046732608461752534,0.021840873634945357,0.021840873634945357,0,1.0,4.098832192839307,7692.0,False,0.0,0.021840873634945357
2022-09-13 09:40:00,0.00017186516197398305,-0.006361323155216314,-0.0,1,0.0,4.098832192839307,7860.0,False,0.0,-0.006361323155216314
2022-09-13 10:40:00,0.00041095155756920576,0.019206145966709443,0.0,1,0.0,4.098832192839307,7810.0,False,0.0,0.019206145966709443
2022-09-13 11:25:00,0.000158469527377747,-0.0012562814070351536,-0.0,0,0.0,4.098832192839307,7960.0,False,0.0,-0.0012562814070351536
2022-09-13 14:10:00,0.00014475424541160464,0.0037735849056603765,0.0,0,0.0,4.098832192839307,7950.0,False,0.0,0.0037735849056603765
2022-09-13 14:55:00,-0.0018241304205730557,0.0005012531328321135,0.0,0,0.0,4.098832192839307,7980.0,False,-1.0,0.0005012531328321135
2022-09-14 09:40:00,-0.0022510490380227566,-0.0037575150300601656,0.0037575150300601656,1,-1.0,4.102589707869368,7984.0,False,-1.0,-0.0037575150300601656
2022-09-14 10:40:00,-0.00268751522526145,0.004526024641689608,-0.004526024641689608,1,-1.0,4.098063683227678,7954.0,False,-1.0,0.004526024641689608
2022-09-14 11:25:00,-0.0024124702904373407,-0.0017521902377972687,0.0017521902377972687,0,-1.0,4.0998158734654755,7990.0,False,-1.0,-0.0017521902377972687
2022-09-14 14:10:00,9.765037248143926e-05,-0.003259779338014024,0.003259779338014024,0,-1.0,4.103075652803489,7976.0,False,0.0,-0.003259779338014024
2022-09-14 14:55:00,-0.001305414130911231,-0.0007547169811320531,-0.0,1,0.0,4.103075652803489,7950.0,False,-1.0,-0.0007547169811320531
2022-09-14 21:35:00,-0.0008537969551980495,0.0030211480362538623,-0.0030211480362538623,1,-1.0,4.100054504767235,7944.0,False,-1.0,0.0030211480362538623
2022-09-15 09:40:00,-0.001364195835776627,-0.005020080321285092,0.005020080321285092,0,-1.0,4.10507458508852,7968.0,False,-1.0,-0.005020080321285092
2022-09-15 10:40:00,-0.0026840248610824347,0.003027245206861817,-0.003027245206861817,0,-1.0,4.102047339881659,7928.0,False,-1.0,0.003027245206861817
2022-09-15 11:25:00,-0.003389171091839671,-0.006790744466800835,0.006790744466800835,0,-1.0,4.108838084348459,7952.0,False,-1.0,-0.006790744466800835
2022-09-15 14:10:00,-0.0017077506054192781,-0.006837173968093135,0.006837173968093135,0,-1.0,4.115675258316553,7898.0,False,-1.0,-0.006837173968093135
2022-09-15 14:55:00,-0.0029494224581867456,0.003569607343192338,-0.003569607343192338,0,-1.0,4.11210565097336,7844.0,False,-1.0,0.003569607343192338
2022-09-15 21:35:00,-0.0029524287674576044,-0.0027947154471544833,0.0027947154471544833,0,-1.0,4.114900366420515,7872.0,False,-1.0,-0.0027947154471544833
2022-09-16 09:40:00,-0.0032107923179864883,-0.0033121019108279803,0.0033121019108279803,0,-1.0,4.118212468331343,7850.0,False,-1.0,-0.0033121019108279803
2022-09-16 10:40:00,-0.0022696955129504204,-0.004601226993865004,0.004601226993865004,0,-1.0,4.122813695325208,7824.0,False,-1.0,-0.004601226993865004
2022-09-16 11:25:00,0.00046437059063464403,-0.0030816640986132127,0.0030816640986132127,0,-1.0,4.125895359423821,7788.0,False,0.0,-0.0030816640986132127
2022-09-16 14:10:00,0.0003776726662181318,-0.0015455950540957941,-0.0,1,0.0,4.125895359423821,7764.0,False,0.0,-0.0015455950540957941
2022-09-16 14:55:00,6.227048288565129e-05,0.0023219814241486336,0.0,1,0.0,4.125895359423821,7752.0,False,0.0,0.0023219814241486336
2022-09-16 21:35:00,-0.0005964839365333319,0.01698841698841691,0.0,0,0.0,4.125895359423821,7770.0,False,-1.0,0.01698841698841691
2022-09-19 09:40:00,-0.002164980163797736,0.006074411541381997,-0.006074411541381997,1,-1.0,4.119820947882439,7902.0,False,-1.0,0.006074411541381997
2022-09-19 10:40:00,-0.0017758156172931194,-0.0022641509433962703,0.0022641509433962703,1,-1.0,4.122085098825835,7950.0,False,-1.0,-0.0022641509433962703
2022-09-19 11:25:00,0.0015944195911288261,0.006807866868381307,-0.006807866868381307,0,-1.0,4.115277231957454,7932.0,False,0.0,0.006807866868381307
2022-09-19 14:10:00,0.0001341317838523537,-0.01377410468319562,-0.0,1,0.0,4.115277231957454,7986.0,False,0.0,-0.01377410468319562
2022-09-19 14:55:00,-0.001576232723891735,-0.02996444895886241,-0.0,1,0.0,4.115277231957454,7876.0,False,-1.0,-0.02996444895886241
2022-09-20 09:40:00,-0.0016422548796981573,0.002617801047120505,-0.002617801047120505,1,-1.0,4.112659430910334,7640.0,False,-1.0,0.002617801047120505
2022-09-20 10:40:00,-0.0004331021336838603,0.0026109660574411553,-0.0026109660574411553,1,-1.0,4.110048464852892,7660.0,False,-1.0,0.0026109660574411553
2022-09-20 11:25:00,-0.0004216692759655416,-0.0026041666666666297,0.0026041666666666297,0,-1.0,4.112652631519559,7680.0,False,-1.0,-0.0026041666666666297
2022-09-20 14:10:00,-0.0021238408517092466,-0.0026109660574412663,0.0026109660574412663,0,-1.0,4.115263597577,7660.0,False,-1.0,-0.0026109660574412663
2022-09-20 14:55:00,-0.0028090784326195717,-0.0020942408376963817,0.0020942408376963817,0,-1.0,4.117357838414696,7640.0,False,-1.0,-0.0020942408376963817
2022-09-20 21:35:00,-0.0022769831120967865,0.0031479538300105414,-0.0031479538300105414,0,-1.0,4.114209884584686,7624.0,False,-1.0,0.0031479538300105414
2022-09-21 09:40:00,-0.00022273047943599522,0.0018305439330543738,-0.0018305439330543738,0,-1.0,4.112379340651632,7648.0,False,-1.0,0.0018305439330543738
2022-09-21 10:40:00,-0.00017673241381999105,0.010180109631949819,-0.010180109631949819,0,-1.0,4.102199231019682,7662.0,False,-1.0,0.010180109631949819
2022-09-21 11:25:00,-0.0010059184860438108,0.006201550387596955,-0.006201550387596955,0,-1.0,4.0959976806320855,7740.0,False,-1.0,0.006201550387596955
2022-09-21 14:10:00,-0.0025015068240463734,0.002568053415511029,-0.002568053415511029,0,-1.0,4.093429627216574,7788.0,False,-1.0,0.002568053415511029
2022-09-21 14:55:00,-0.0002880001557059586,0.00998975409836067,-0.00998975409836067,0,-1.0,4.0834398731182135,7808.0,False,-1.0,0.00998975409836067
2022-09-21 21:35:00,0.001569309621118009,-0.00532589398934824,0.00532589398934824,0,-1.0,4.088765767107562,7886.0,False,0.0,-0.00532589398934824
2022-09-22 09:40:00,6.782720447517931e-05,0.007394186639469558,0.0,1,0.0,4.088765767107562,7844.0,False,0.0,0.007394186639469558
2022-09-22 10:40:00,-0.00025016890140250325,0.0007593014426727773,0.0,1,0.0,4.088765767107562,7902.0,False,0.0,0.0007593014426727773
2022-09-22 11:25:00,0.0012827207101508975,0.0017703591299949029,0.0,1,0.0,4.088765767107562,7908.0,False,1.0,0.0017703591299949029
2022-09-22 14:10:00,0.0014940154505893588,0.0007573844988639777,0.0007573844988639777,1,1.0,4.089523151606426,7922.0,False,1.0,0.0007573844988639777
2022-09-22 14:55:00,-5.024037091061473e-05,-0.0055499495459132575,-0.0055499495459132575,0,1.0,4.083973202060513,7928.0,False,0.0,-0.0055499495459132575
2022-09-22 21:35:00,0.0005031278124079108,-0.003297818366311489,-0.0,1,0.0,4.083973202060513,7884.0,False,1.0,-0.003297818366311489
2022-09-23 09:40:00,-0.00039827823638916016,-0.019343344362433235,-0.019343344362433235,1,1.0,4.06462985769808,7858.0,False,0.0,-0.019343344362433235
2022-09-23 10:40:00,-0.0017624970059841871,-0.00025953802232026035,-0.0,1,0.0,4.06462985769808,7706.0,False,-1.0,-0.00025953802232026035
2022-09-23 11:25:00,-0.0008373633027076721,0.003374870197300206,-0.003374870197300206,1,-1.0,4.061254987500779,7704.0,False,-1.0,0.003374870197300206
2022-09-23 14:10:00,-0.00019396610150579363,0.005950840879689556,-0.005950840879689556,0,-1.0,4.055304146621089,7730.0,False,-1.0,0.005950840879689556
2022-09-23 14:55:00,-0.002145086880773306,-0.00462962962962965,0.00462962962962965,0,-1.0,4.059933776250719,7776.0,False,-1.0,-0.00462962962962965
2022-09-23 21:35:00,-0.0022165682166814804,-0.029715762273901825,0.029715762273901825,0,-1.0,4.08964953852462,7740.0,False,-1.0,-0.029715762273901825
2022-09-26 09:40:00,7.154975173762068e-05,-0.000798934753661773,0.000798934753661773,0,-1.0,4.090448473278283,7510.0,False,0.0,-0.000798934753661773
2022-09-26 10:40:00,-0.0006438526324927807,-0.01012793176972282,-0.0,1,0.0,4.090448473278283,7504.0,False,-1.0,-0.01012793176972282
2022-09-26 11:25:00,-0.0009861842263489962,-0.013462574044157294,0.013462574044157294,1,-1.0,4.103911047322439,7428.0,False,-1.0,-0.013462574044157294
2022-09-26 14:10:00,0.0003869867941830307,-0.005185589519650646,0.005185589519650646,0,-1.0,4.10909663684209,7328.0,False,0.0,-0.005185589519650646
2022-09-26 14:55:00,-0.0001908765989355743,0.0057613168724279795,0.0,1,0.0,4.10909663684209,7290.0,False,0.0,0.0057613168724279795
2022-09-27 09:40:00,0.0003393313963897526,-0.019094380796508492,-0.0,1,0.0,4.10909663684209,7332.0,False,0.0,-0.019094380796508492
2022-09-27 10:40:00,0.00021912352531217039,-0.0058398220244716414,-0.0,1,0.0,4.10909663684209,7192.0,False,0.0,-0.0058398220244716414
2022-09-27 11:25:00,8.819959475658834e-05,0.0033566433566434295,0.0,1,0.0,4.10909663684209,7150.0,False,0.0,0.0033566433566434295
2022-09-27 14:10:00,0.003236722433939576,0.007805965988290975,0.0,0,0.0,4.10909663684209,7174.0,False,1.0,0.007805965988290975
2022-09-27 14:55:00,0.0021489891223609447,0.0027662517289073207,0.0027662517289073207,0,1.0,4.111862888570998,7230.0,False,1.0,0.0027662517289073207
2022-09-27 21:35:00,0.002888747490942478,-0.003862068965517218,-0.003862068965517218,0,1.0,4.108000819605481,7250.0,False,1.0,-0.003862068965517218
2022-09-28 09:40:00,0.002693286631256342,-0.002215452783162597,-0.002215452783162597,0,1.0,4.105785366822317,7222.0,False,1.0,-0.002215452783162597
2022-09-28 10:40:00,0.0021841975394636393,-0.004440743824590587,-0.004440743824590587,0,1.0,4.101344622997727,7206.0,False,1.0,-0.004440743824590587
2022-09-28 11:25:00,0.0025514846201986074,-0.002230275996654596,-0.002230275996654596,0,1.0,4.0991143470010725,7174.0,False,1.0,-0.002230275996654596
2022-09-28 14:10:00,0.0024877646937966347,-0.01816149762503494,-0.01816149762503494,0,1.0,4.080952849376038,7158.0,False,1.0,-0.01816149762503494
2022-09-28 14:55:00,0.0022348258644342422,0.002845759817871274,0.002845759817871274,0,1.0,4.0837986091939085,7028.0,False,1.0,0.002845759817871274
2022-09-28 21:35:00,0.0022939140908420086,-0.013337116912599312,-0.013337116912599312,0,1.0,4.070461492281309,7048.0,False,1.0,-0.013337116912599312
2022-09-29 09:40:00,0.0027648387476801872,0.02358354903652571,0.02358354903652571,0,1.0,4.094045041317835,6954.0,False,1.0,0.02358354903652571
2022-09-29 10:40:00,0.004335449542850256,-0.0008429334082606932,-0.0008429334082606932,0,1.0,4.093202107909574,7118.0,False,1.0,-0.0008429334082606932
2022-09-29 11:25:00,0.005348756909370422,0.0022497187851517886,0.0022497187851517886,0,1.0,4.095451826694726,7112.0,False,1.0,0.0022497187851517886
2022-09-29 14:10:00,0.003673360450193286,-0.009539842873176219,-0.009539842873176219,0,1.0,4.08591198382155,7128.0,False,1.0,-0.009539842873176219
2022-09-29 14:55:00,0.0035499506630003452,0.0056657223796034994,0.0056657223796034994,0,1.0,4.091577706201154,7060.0,False,1.0,0.0056657223796034994
2022-09-29 21:35:00,0.0034064771607518196,-0.0033802816901408184,-0.0033802816901408184,0,1.0,4.088197424511012,7100.0,False,1.0,-0.0033802816901408184
2022-09-30 09:40:00,0.0032647482585161924,0.017524024872809463,0.017524024872809463,0,1.0,4.105721449383822,7076.0,False,1.0,0.017524024872809463
2022-09-30 10:40:00,0.003887286176905036,-0.006388888888888888,-0.006388888888888888,0,1.0,4.099332560494933,7200.0,False,1.0,-0.006388888888888888
2022-09-30 11:25:00,0.006177340634167194,-0.007268660889013123,-0.007268660889013123,0,1.0,4.09206389960592,7154.0,False,1.0,-0.007268660889013123
2022-09-30 14:10:00,0.007196520920842886,0.0030977189524077353,0.0030977189524077353,0,1.0,4.095161618558327,7102.0,False,1.0,0.0030977189524077353
2022-09-30 14:55:00,0.00397572573274374,-0.0025266704098820814,-0.0025266704098820814,0,1.0,4.092634948148445,7124.0,False,1.0,-0.0025266704098820814
2022-09-30 21:35:00,0.0026760781183838844,0.0855614973262031,0.0855614973262031,0,1.0,4.178196445474649,7106.0,False,1.0,0.0855614973262031
2022-10-10 09:40:00,0.0011591549264267087,-0.01892662691210789,-0.01892662691210789,0,1.0,4.1592698185625405,7714.0,False,1.0,-0.01892662691210789
2022-10-10 10:40:00,0.0013436446897685528,-0.005021141649048655,-0.005021141649048655,0,1.0,4.154248676913491,7568.0,False,1.0,-0.005021141649048655
2022-10-10 11:25:00,0.0019524763338267803,-0.00026560424966803886,-0.00026560424966803886,0,1.0,4.153983072663824,7530.0,False,1.0,-0.00026560424966803886
2022-10-10 14:10:00,0.0014356577303260565,-0.0031880977683315104,-0.0031880977683315104,0,1.0,4.150794974895492,7528.0,False,1.0,-0.0031880977683315104
2022-10-10 14:55:00,-0.00026999329566024244,0.009328358208955168,0.009328358208955168,0,1.0,4.160123333104448,7504.0,False,0.0,0.009328358208955168
2022-10-11 09:40:00,-0.0018840318080037832,0.003696857670979714,0.0,1,0.0,4.160123333104448,7574.0,False,-1.0,0.003696857670979714
2022-10-11 10:40:00,-0.0024736523628234863,0.007629571165482796,-0.007629571165482796,1,-1.0,4.152493761938965,7602.0,False,-1.0,0.007629571165482796
2022-10-11 11:25:00,-0.0014073809143155813,-0.0026109660574412663,0.0026109660574412663,0,-1.0,4.155104727996406,7660.0,False,-1.0,-0.0026109660574412663
2022-10-11 14:10:00,0.0006470578955486417,-0.0005235602094241232,0.0005235602094241232,0,-1.0,4.155628288205831,7640.0,False,0.0,-0.0005235602094241232
2022-10-11 14:55:00,-0.0024132297839969397,0.0062860136196962735,0.0,1,0.0,4.155628288205831,7636.0,False,-1.0,0.0062860136196962735
2022-10-11 21:35:00,-0.0020873488392680883,0.003123373243102634,-0.003123373243102634,1,-1.0,4.152504914962728,7684.0,False,-1.0,0.003123373243102634
2022-10-12 09:40:00,-0.0020822950173169374,-0.014270887389724929,0.014270887389724929,0,-1.0,4.166775802352452,7708.0,False,-1.0,-0.014270887389724929
2022-10-12 10:40:00,-0.002955300733447075,0.006843906291129187,-0.006843906291129187,0,-1.0,4.159931896061323,7598.0,False,-1.0,0.006843906291129187
2022-10-12 11:25:00,-0.002658292418345809,0.003660130718954324,-0.003660130718954324,0,-1.0,4.156271765342369,7650.0,False,-1.0,0.003660130718954324
2022-10-12 14:10:00,-0.0027464015875011683,0.004167752018754856,-0.004167752018754856,0,-1.0,4.152104013323615,7678.0,False,-1.0,0.004167752018754856
2022-10-12 14:55:00,-0.003124513663351536,-0.0028534370946822207,0.0028534370946822207,0,-1.0,4.154957450418297,7710.0,False,-1.0,-0.0028534370946822207
2022-10-12 21:35:00,-0.00278335134498775,0.0002601456815816139,-0.0002601456815816139,0,-1.0,4.1546973047367155,7688.0,False,-1.0,0.0002601456815816139
2022-10-13 09:40:00,-0.0036566457711160183,0.002080624187256186,-0.002080624187256186,0,-1.0,4.1526166805494595,7690.0,False,-1.0,0.002080624187256186
2022-10-13 10:40:00,-0.0035816598683595657,0.002076304178562083,-0.002076304178562083,0,-1.0,4.1505403763708975,7706.0,False,-1.0,0.002076304178562083
2022-10-13 11:25:00,-0.0032890664879232645,-0.007770007770007803,0.007770007770007803,0,-1.0,4.158310384140905,7722.0,False,-1.0,-0.007770007770007803
2022-10-13 14:10:00,-0.002419755794107914,0.0010441138084051893,-0.0010441138084051893,0,-1.0,4.157266270332499,7662.0,False,-1.0,0.0010441138084051893
2022-10-13 14:55:00,-0.0029402177315205336,-0.006779661016949157,0.006779661016949157,0,-1.0,4.164045931349449,7670.0,False,-1.0,-0.006779661016949157
2022-10-13 21:35:00,-0.0034022291656583548,-0.004463113678130792,0.004463113678130792,0,-1.0,4.16850904502758,7618.0,False,-1.0,-0.004463113678130792
2022-10-14 09:40:00,-0.00332634337246418,0.012921940928270148,-0.012921940928270148,0,-1.0,4.155587104099309,7584.0,False,-1.0,0.012921940928270148
2022-10-14 10:40:00,-0.0010971019510179758,0.006508721687060737,-0.006508721687060737,0,-1.0,4.149078382412249,7682.0,False,-1.0,0.006508721687060737
2022-10-14 11:25:00,0.0006236975314095616,-0.0038799793067770816,0.0038799793067770816,0,-1.0,4.152958361719026,7732.0,False,0.0,-0.0038799793067770816
2022-10-14 14:10:00,-0.0009747941512614489,0.010906258114775413,0.0,1,0.0,4.152958361719026,7702.0,False,0.0,0.010906258114775413
2022-10-14 14:55:00,-0.000925205706153065,0.0038530696121243935,0.0,1,0.0,4.152958361719026,7786.0,False,0.0,0.0038530696121243935
2022-10-14 21:35:00,-0.00031053702696226537,-0.0184237461617196,-0.0,0,0.0,4.152958361719026,7816.0,False,0.0,-0.0184237461617196
2022-10-17 09:40:00,-0.00021626378293149173,0.007820646506777829,0.0,0,0.0,4.152958361719026,7672.0,False,0.0,0.007820646506777829
2022-10-17 10:40:00,-0.0017983171856030822,-0.0007759958613554607,-0.0,0,0.0,4.152958361719026,7732.0,False,0.0,-0.0007759958613554607
2022-10-17 11:25:00,-0.001986702438443899,-0.012425575977219827,-0.0,0,0.0,4.152958361719026,7726.0,False,-1.0,-0.012425575977219827
2022-10-17 14:10:00,0.0004916429170407355,0.0031454783748361415,-0.0031454783748361415,0,-1.0,4.14981288334419,7630.0,False,0.0,0.0031454783748361415
2022-10-17 14:55:00,0.00024379882961511612,0.009929448654298456,0.0,1,0.0,4.14981288334419,7654.0,False,0.0,0.009929448654298456
2022-10-18 09:40:00,0.0013902696082368493,0.005692108667529006,0.0,1,0.0,4.14981288334419,7730.0,False,0.0,0.005692108667529006
2022-10-18 10:40:00,0.0017452886095270514,0.0005145356315925387,0.0,0,0.0,4.14981288334419,7774.0,False,1.0,0.0005145356315925387
2022-10-18 11:25:00,0.0005848440923728049,0.01902802777063517,0.01902802777063517,0,1.0,4.168840911114825,7778.0,False,1.0,0.01902802777063517
2022-10-18 14:10:00,0.0016916686436161399,0.0055513499873833805,0.0055513499873833805,0,1.0,4.174392261102208,7926.0,False,1.0,0.0055513499873833805
2022-10-18 14:55:00,8.26218310976401e-05,0.00025094102885825365,0.00025094102885825365,0,1.0,4.174643202131067,7970.0,False,1.0,0.00025094102885825365
2022-10-18 21:35:00,-0.00010324150207452476,0.0012543903662820544,0.0012543903662820544,0,1.0,4.175897592497349,7972.0,False,0.0,0.0012543903662820544
2022-10-19 09:40:00,-0.002640613354742527,0.02330243046855429,0.0,1,0.0,4.175897592497349,7982.0,False,-1.0,0.02330243046855429
2022-10-19 10:40:00,-0.002583174966275692,-0.004162585700293819,0.004162585700293819,1,-1.0,4.1800601781976425,8168.0,False,-1.0,-0.004162585700293819
2022-10-19 11:25:00,-0.00042190367821604013,0.001229407425620943,-0.001229407425620943,0,-1.0,4.178830770772022,8134.0,False,-1.0,0.001229407425620943
2022-10-19 14:10:00,-0.0008684040512889624,0.0014734774066798018,-0.0014734774066798018,0,-1.0,4.177357293365342,8144.0,False,-1.0,0.0014734774066798018
2022-10-19 14:55:00,-0.0013972828164696693,-0.002942618930848462,0.002942618930848462,0,-1.0,4.18029991229619,8156.0,False,-1.0,-0.002942618930848462
2022-10-19 21:35:00,-0.0016968304989859462,0.011805213969503292,-0.011805213969503292,0,-1.0,4.168494698326687,8132.0,False,-1.0,0.011805213969503292
2022-10-20 09:40:00,-0.0024612504057586193,0.003159941662615351,-0.003159941662615351,0,-1.0,4.1653347566640715,8228.0,False,-1.0,0.003159941662615351
2022-10-20 10:40:00,-0.002198765054345131,-0.004603828446813618,0.004603828446813618,0,-1.0,4.169938585110885,8254.0,False,-1.0,-0.004603828446813618
2022-10-20 11:25:00,-0.0010921646608039737,0.002190847127556017,-0.002190847127556017,0,-1.0,4.167747737983329,8216.0,False,-1.0,0.002190847127556017
2022-10-20 14:10:00,-0.0012828990584239364,-0.00412922030604812,0.00412922030604812,0,-1.0,4.171876958289377,8234.0,False,-1.0,-0.00412922030604812
2022-10-20 14:55:00,0.00023657461861148477,0.0,-0.0,0,-1.0,4.171876958289377,8200.0,False,0.0,0.0
2022-10-20 21:35:00,0.0004900794592685997,0.0017073170731707332,0.0,1,0.0,4.171876958289377,8200.0,False,0.0,0.0017073170731707332
2022-10-21 09:40:00,-0.002123625949025154,-0.007304601899196461,-0.0,1,0.0,4.171876958289377,8214.0,False,-1.0,-0.007304601899196461
2022-10-21 10:40:00,-0.0015368633903563023,0.0002452783909736578,-0.0002452783909736578,1,-1.0,4.171631679898403,8154.0,False,-1.0,0.0002452783909736578
2022-10-21 11:25:00,-0.0036015575751662254,0.0068661108386463,-0.0068661108386463,1,-1.0,4.164765569059757,8156.0,False,-1.0,0.0068661108386463
2022-10-21 14:10:00,-0.0030904216691851616,-0.006088650754992653,0.006088650754992653,0,-1.0,4.17085421981475,8212.0,False,-1.0,-0.006088650754992653
2022-10-21 14:55:00,-0.002898547798395157,0.005145797598627766,-0.005145797598627766,0,-1.0,4.165708422216122,8162.0,False,-1.0,0.005145797598627766
2022-10-21 21:35:00,-0.0026277126744389534,0.004388103364212581,-0.004388103364212581,0,-1.0,4.161320318851909,8204.0,False,-1.0,0.004388103364212581
2022-10-24 09:40:00,-0.003715537954121828,-0.011650485436893177,0.011650485436893177,0,-1.0,4.172970804288802,8240.0,False,-1.0,-0.011650485436893177
2022-10-24 10:40:00,-0.0022280807606875896,-0.00933202357563856,0.00933202357563856,0,-1.0,4.182302827864441,8144.0,False,-1.0,-0.00933202357563856
2022-10-24 11:25:00,-0.001778970705345273,-0.004957858205255294,0.004957858205255294,0,-1.0,4.187260686069696,8068.0,False,-1.0,-0.004957858205255294
2022-10-24 14:10:00,4.084195461473428e-05,0.0004982561036372957,-0.0004982561036372957,0,-1.0,4.186762429966059,8028.0,False,0.0,0.0004982561036372957
2022-10-24 14:55:00,-0.0015595188597217202,0.014940239043824688,0.0,1,0.0,4.186762429966059,8032.0,False,-1.0,0.014940239043824688
2022-10-25 09:40:00,-0.0022217046935111284,-0.00809617271835128,0.00809617271835128,1,-1.0,4.194858602684411,8152.0,False,-1.0,-0.00809617271835128
2022-10-25 10:40:00,-0.0021034928504377604,0.0066782092505566215,-0.0066782092505566215,0,-1.0,4.1881803934338535,8086.0,False,-1.0,0.0066782092505566215
2022-10-25 11:25:00,-0.001055212109349668,0.01695331695331692,-0.01695331695331692,0,-1.0,4.171227076480537,8140.0,False,-1.0,0.01695331695331692
2022-10-25 14:10:00,0.0032462605740875006,0.0016912297656439534,-0.0016912297656439534,0,-1.0,4.169535846714893,8278.0,False,0.0,0.0016912297656439534
2022-10-25 14:55:00,0.0020451329182833433,-0.004100337674867394,-0.0,1,0.0,4.169535846714893,8292.0,False,1.0,-0.004100337674867394
2022-10-25 21:35:00,0.0018741745734587312,-0.0016953257447324122,-0.0016953257447324122,1,1.0,4.16784052097016,8258.0,False,1.0,-0.0016953257447324122
2022-10-26 09:40:00,0.0016008475795388222,0.002426006792819013,0.002426006792819013,0,1.0,4.17026652776298,8244.0,False,1.0,0.002426006792819013
2022-10-26 10:40:00,0.0027910133358091116,0.0070183930300096176,0.0070183930300096176,0,1.0,4.177284920792989,8264.0,False,1.0,0.0070183930300096176
2022-10-26 11:25:00,0.001382642425596714,-0.012256669069935167,-0.012256669069935167,0,1.0,4.1650282517230535,8322.0,False,1.0,-0.012256669069935167
2022-10-26 14:10:00,0.0003851204819511622,-0.01143552311435525,-0.01143552311435525,0,1.0,4.153592728608698,8220.0,False,1.0,-0.01143552311435525
2022-10-26 14:55:00,0.0020529201719909906,0.002707359094265227,0.002707359094265227,0,1.0,4.156300087702964,8126.0,False,1.0,0.002707359094265227
2022-10-26 21:35:00,0.002511357655748725,0.013254786450662692,0.013254786450662692,0,1.0,4.169554874153627,8148.0,False,1.0,0.013254786450662692
2022-10-27 09:40:00,0.0023800062481313944,0.0033914728682169493,0.0033914728682169493,0,1.0,4.172946347021844,8256.0,False,1.0,0.0033914728682169493
2022-10-27 10:40:00,0.0031144467648118734,-0.005070014485755725,-0.005070014485755725,0,1.0,4.167876332536088,8284.0,False,1.0,-0.005070014485755725
2022-10-27 11:25:00,0.0009182334179058671,0.0021839359378792444,0.0021839359378792444,0,1.0,4.170060268473968,8242.0,False,1.0,0.0021839359378792444
2022-10-27 14:10:00,0.0014402722008526325,-0.002421307506053294,-0.002421307506053294,0,1.0,4.167638960967914,8260.0,False,1.0,-0.002421307506053294
2022-10-27 14:55:00,-0.0006033118115738034,-0.0050970873786407855,-0.0050970873786407855,0,1.0,4.162541873589273,8240.0,False,0.0,-0.0050970873786407855
2022-10-27 21:35:00,0.0001874096633400768,-0.011954135154915835,-0.0,1,0.0,4.162541873589273,8198.0,False,0.0,-0.011954135154915835
2022-10-28 09:40:00,-0.001228193286806345,-0.004197530864197496,-0.0,1,0.0,4.162541873589273,8100.0,False,-1.0,-0.004197530864197496
2022-10-28 10:40:00,0.00013687217142432928,-0.011157946937763397,0.011157946937763397,1,-1.0,4.173699820527037,8066.0,False,0.0,-0.011157946937763397
2022-10-28 11:25:00,0.0013008011737838387,-0.0007522567703108773,-0.0,1,0.0,4.173699820527037,7976.0,False,1.0,-0.0007522567703108773
2022-10-28 14:10:00,0.0017283752094954252,-0.005269761606022549,-0.005269761606022549,0,1.0,4.168430058921015,7970.0,False,1.0,-0.005269761606022549
2022-10-28 14:55:00,0.0013701545540243387,-0.00025227043390518844,-0.00025227043390518844,0,1.0,4.1681777884871085,7928.0,False,1.0,-0.00025227043390518844
2022-10-28 21:35:00,0.0012393688084557652,-0.0010093363613423723,-0.0010093363613423723,0,1.0,4.167168452125766,7926.0,False,1.0,-0.0010093363613423723
2022-10-31 09:40:00,-0.00044435166637413204,0.013134629957059829,0.013134629957059829,0,1.0,4.180303082082826,7918.0,False,0.0,0.013134629957059829
2022-10-31 10:40:00,0.000844850146677345,0.0027424582398405395,0.0,1,0.0,4.180303082082826,8022.0,False,0.0,0.0027424582398405395
2022-10-31 11:25:00,0.0010783286998048425,0.009696668324216784,0.0,1,0.0,4.180303082082826,8044.0,False,0.0,0.009696668324216784
2022-10-31 14:10:00,0.001477767014876008,-0.007387343018960824,-0.0,0,0.0,4.180303082082826,8122.0,False,1.0,-0.007387343018960824
2022-10-31 14:55:00,5.2846789913019165e-06,0.00843463160506075,0.00843463160506075,0,1.0,4.188737713687887,8062.0,False,1.0,0.00843463160506075
2022-11-01 09:40:00,-0.00015241441724356264,0.01057810578105789,0.01057810578105789,0,1.0,4.199315819468945,8130.0,False,0.0,0.01057810578105789
2022-11-01 10:40:00,0.0009883098537102342,0.012414800389483949,0.0,1,0.0,4.199315819468945,8216.0,False,0.0,0.012414800389483949
2022-11-01 11:25:00,0.0017821143846958876,-0.0009617696561673439,-0.0,1,0.0,4.199315819468945,8318.0,False,1.0,-0.0009617696561673439
2022-11-01 14:10:00,0.002112776506692171,0.0004813477737666272,0.0004813477737666272,0,1.0,4.1997971672427115,8310.0,False,1.0,0.0004813477737666272
2022-11-01 14:55:00,-0.0008955397643148899,0.004811161895597715,0.004811161895597715,0,1.0,4.204608329138309,8314.0,False,0.0,0.004811161895597715
2022-11-01 21:35:00,-0.00012811674969270825,-0.002872875269332109,-0.0,1,0.0,4.204608329138309,8354.0,False,0.0,-0.002872875269332109
2022-11-02 09:40:00,-0.0008524348959326744,0.005042016806722671,0.0,1,0.0,4.204608329138309,8330.0,False,0.0,0.005042016806722671
2022-11-02 10:40:00,-0.00018141514738090336,0.005733397037744892,0.0,0,0.0,4.204608329138309,8372.0,False,0.0,0.005733397037744892
2022-11-02 11:25:00,3.213713353034109e-05,0.017339667458432295,0.0,0,0.0,4.204608329138309,8420.0,False,0.0,0.017339667458432295
2022-11-02 14:10:00,0.00012997248268220574,-0.004669624095260283,-0.0,1,0.0,4.204608329138309,8566.0,False,0.0,-0.004669624095260283
2022-11-02 14:55:00,1.4942997950129211e-05,0.00023457658925640779,0.0,1,0.0,4.204608329138309,8526.0,False,0.0,0.00023457658925640779
2022-11-02 21:35:00,-0.00033899099798873067,-0.001172607879924903,-0.0,0,0.0,4.204608329138309,8528.0,False,0.0,-0.001172607879924903
2022-11-03 09:40:00,-0.0002969081106130034,0.007278703921108187,0.0,1,0.0,4.204608329138309,8518.0,False,0.0,0.007278703921108187
2022-11-03 10:40:00,0.0001737806451274082,0.0016317016317015653,0.0,1,0.0,4.204608329138309,8580.0,False,0.0,0.0016317016317015653
2022-11-03 11:25:00,0.0006487266509793699,-0.00395624854549681,-0.0,1,0.0,4.204608329138309,8594.0,False,1.0,-0.00395624854549681
2022-11-03 14:10:00,0.0006336389924399555,-0.001168224299065379,-0.001168224299065379,1,1.0,4.203440104839244,8560.0,False,1.0,-0.001168224299065379
2022-11-03 14:55:00,-0.00021738155919592828,-0.007017543859649145,-0.007017543859649145,0,1.0,4.196422560979594,8550.0,False,0.0,-0.007017543859649145
2022-11-03 21:35:00,-0.0007726259063929319,-0.0016489988221436436,-0.0,1,0.0,4.196422560979594,8490.0,False,-1.0,-0.0016489988221436436
2022-11-04 09:40:00,-0.0006329555180855095,0.00023596035865969256,-0.00023596035865969256,1,-1.0,4.196186600620935,8476.0,False,-1.0,0.00023596035865969256
2022-11-04 10:40:00,0.0003900168521795422,0.010379806558150406,-0.010379806558150406,0,-1.0,4.185806794062785,8478.0,False,0.0,0.010379806558150406
2022-11-04 11:25:00,-0.0019055719021707773,0.0004669624095259284,0.0,1,0.0,4.185806794062785,8566.0,False,-1.0,0.0004669624095259284
2022-11-04 14:10:00,-0.0008500532130710781,0.0016336056009333966,-0.0016336056009333966,1,-1.0,4.184173188461851,8570.0,False,-1.0,0.0016336056009333966
2022-11-04 14:55:00,-0.0011166147887706757,0.0011649580615098465,-0.0011649580615098465,0,-1.0,4.1830082304003415,8584.0,False,-1.0,0.0011649580615098465
2022-11-04 21:35:00,-0.0014608176425099373,-0.0023272050267628686,0.0023272050267628686,0,-1.0,4.185335435427104,8594.0,False,-1.0,-0.0023272050267628686
2022-11-07 09:40:00,-0.0019326091278344393,-0.02285980872404947,0.02285980872404947,0,-1.0,4.208195244151153,8574.0,False,-1.0,-0.02285980872404947
2022-11-07 10:40:00,-0.0016445205546915531,-0.00023872045834327782,0.00023872045834327782,0,-1.0,4.208433964609497,8378.0,False,-1.0,-0.00023872045834327782
2022-11-07 11:25:00,-0.002384750870987773,0.011222540592168206,-0.011222540592168206,0,-1.0,4.197211424017328,8376.0,False,-1.0,0.011222540592168206
2022-11-07 14:10:00,0.0004120623634662479,0.0021251475796930652,-0.0021251475796930652,0,-1.0,4.195086276437635,8470.0,False,0.0,0.0021251475796930652
2022-11-07 14:55:00,0.0010169291635975242,-0.001413760603204528,-0.0,1,0.0,4.195086276437635,8488.0,False,1.0,-0.001413760603204528
2022-11-08 09:40:00,0.0006393176154233515,-0.003303445021236473,-0.003303445021236473,1,1.0,4.191782831416399,8476.0,False,1.0,-0.003303445021236473
2022-11-08 10:40:00,-0.0003236069460399449,0.005681818181818121,0.005681818181818121,0,1.0,4.197464649598217,8448.0,False,0.0,0.005681818181818121
2022-11-08 11:25:00,-0.0005024555139243603,0.003295668549905928,0.0,1,0.0,4.197464649598217,8496.0,False,-1.0,0.003295668549905928
2022-11-08 14:10:00,0.00021749726147390902,-0.002346316283434957,0.002346316283434957,1,-1.0,4.199810965881652,8524.0,False,0.0,-0.002346316283434957
2022-11-08 14:55:00,0.00018251099390909076,0.002351834430855959,0.0,1,0.0,4.199810965881652,8504.0,False,0.0,0.002351834430855959
2022-11-08 21:35:00,-7.475408347090706e-05,-0.004692632566870025,-0.0,1,0.0,4.199810965881652,8524.0,False,0.0,-0.004692632566870025
2022-11-09 09:40:00,0.0007735883118584752,-0.013908533710513926,-0.0,1,0.0,4.199810965881652,8484.0,False,1.0,-0.013908533710513926
2022-11-09 10:40:00,-0.0007129241130314767,0.00047812574707140065,0.00047812574707140065,1,1.0,4.200289091628724,8366.0,False,0.0,0.00047812574707140065
2022-11-09 11:25:00,0.0005393463070504367,-0.00501792114695343,-0.0,1,0.0,4.200289091628724,8370.0,False,1.0,-0.00501792114695343
2022-11-09 14:10:00,-0.0001788598601706326,-0.001681075888568695,-0.001681075888568695,1,1.0,4.198608015740155,8328.0,False,0.0,-0.001681075888568695
2022-11-09 14:55:00,-0.00042682557250373065,0.004570603800817974,0.0,1,0.0,4.198608015740155,8314.0,False,-1.0,0.004570603800817974
2022-11-09 21:35:00,-0.0007985489210113883,-0.0033524904214559115,0.0033524904214559115,1,-1.0,4.201960506161611,8352.0,False,-1.0,-0.0033524904214559115
2022-11-10 09:40:00,0.0008294148719869554,-0.005766458433445476,0.005766458433445476,0,-1.0,4.207726964595056,8324.0,False,0.0,-0.005766458433445476
2022-11-10 10:40:00,0.0007047816179692745,-0.005558240695988426,-0.0,1,0.0,4.207726964595056,8276.0,False,1.0,-0.005558240695988426
2022-11-10 11:25:00,-0.000160421448526904,-0.010935601458080146,-0.010935601458080146,1,1.0,4.196791363136976,8230.0,False,0.0,-0.010935601458080146
2022-11-10 14:10:00,-0.0009790826588869095,0.019410319410319454,0.0,1,0.0,4.196791363136976,8140.0,False,-1.0,0.019410319410319454
2022-11-10 14:55:00,-0.0010124987456947565,0.003615328994938549,-0.003615328994938549,1,-1.0,4.193176034142038,8298.0,False,-1.0,0.003615328994938549
2022-11-10 21:35:00,0.00017684532213024795,-0.0036023054755043304,0.0036023054755043304,0,-1.0,4.196778339617542,8328.0,False,0.0,-0.0036023054755043304
2022-11-11 09:40:00,0.00016967207193374634,0.01614846951072546,0.0,1,0.0,4.196778339617542,8298.0,False,0.0,0.01614846951072546
2022-11-11 10:40:00,0.0007947260746732354,-0.0021347248576849553,-0.0,1,0.0,4.196778339617542,8432.0,False,1.0,-0.0021347248576849553
2022-11-11 11:25:00,0.0012023564195260406,0.0014261944378417546,0.0014261944378417546,0,1.0,4.1982045340553835,8414.0,False,1.0,0.0014261944378417546
2022-11-11 14:10:00,0.0005776252364739776,0.019700925706147565,0.019700925706147565,0,1.0,4.217905459761532,8426.0,False,1.0,0.019700925706147565
2022-11-11 14:55:00,-0.00038317733560688794,-0.005353817504655467,-0.005353817504655467,0,1.0,4.2125516422568765,8592.0,False,0.0,-0.005353817504655467
2022-11-11 21:35:00,0.0007635402143932879,0.004446524689913467,0.0,1,0.0,4.2125516422568765,8546.0,False,1.0,0.004446524689913467
2022-11-14 09:40:00,-0.0007116500055417418,-0.006989748369058746,-0.006989748369058746,1,1.0,4.205561893887817,8584.0,False,0.0,-0.006989748369058746
2022-11-14 10:40:00,-0.000725984456948936,-0.008446738620366046,-0.0,1,0.0,4.205561893887817,8524.0,False,-1.0,-0.008446738620366046
2022-11-14 11:25:00,-3.4229607990710065e-05,-0.016090866067203002,0.016090866067203002,1,-1.0,4.22165275995502,8452.0,False,-1.0,-0.016090866067203002
2022-11-14 14:10:00,0.003485769033432007,-0.00889850889850885,0.00889850889850885,0,-1.0,4.23055126885353,8316.0,False,0.0,-0.00889850889850885
2022-11-14 14:55:00,0.001266177394427359,0.0,0.0,1,0.0,4.23055126885353,8242.0,False,1.0,0.0
2022-11-15 09:40:00,0.0011759445769712329,-0.0007279786459597481,-0.0007279786459597481,1,1.0,4.22982329020757,8242.0,False,1.0,-0.0007279786459597481
2022-11-15 10:40:00,0.0007048642728477716,0.0009713453132589311,0.0009713453132589311,0,1.0,4.230794635520828,8236.0,False,1.0,0.0009713453132589311
2022-11-15 11:25:00,0.0010489735286682844,0.0021834061135370675,0.0021834061135370675,0,1.0,4.232978041634365,8244.0,False,1.0,0.0021834061135370675
2022-11-15 14:10:00,0.0014617537381127477,-0.014524328249818419,-0.014524328249818419,0,1.0,4.218453713384547,8262.0,False,1.0,-0.014524328249818419
2022-11-15 14:55:00,-0.0003795598750002682,0.005158437730287346,0.005158437730287346,0,1.0,4.223612151114835,8142.0,False,0.0,0.005158437730287346
2022-11-15 21:35:00,-0.0006540798931382596,-0.004887585532746819,-0.0,1,0.0,4.223612151114835,8184.0,False,-1.0,-0.004887585532746819
2022-11-16 09:40:00,-0.0008760865894146264,0.014489194499017755,-0.014489194499017755,1,-1.0,4.209122956615817,8144.0,False,-1.0,0.014489194499017755
2022-11-16 10:40:00,-0.0007459520129486918,-0.008472524812394133,0.008472524812394133,0,-1.0,4.21759548142821,8262.0,False,-1.0,-0.008472524812394133
2022-11-16 11:25:00,-0.0011672336841002107,-0.00244140625,0.00244140625,0,-1.0,4.22003688767821,8192.0,False,-1.0,-0.00244140625
2022-11-16 14:10:00,-5.716632222174667e-05,0.0,-0.0,0,-1.0,4.22003688767821,8172.0,False,-1.0,0.0
2022-11-16 14:55:00,-0.0011982372961938381,-0.0100342633382281,0.0100342633382281,0,-1.0,4.230071151016439,8172.0,False,-1.0,-0.0100342633382281
2022-11-16 21:35:00,-0.0005631347303278744,-0.015574783683559912,0.015574783683559912,0,-1.0,4.245645934699999,8090.0,False,-1.0,-0.015574783683559912
2022-11-17 09:40:00,0.0012675854377448559,-0.003766951280763431,0.003766951280763431,0,-1.0,4.249412885980762,7964.0,False,0.0,-0.003766951280763431
2022-11-17 10:40:00,0.0007400274043902755,-0.006554071086463331,-0.0,1,0.0,4.249412885980762,7934.0,False,1.0,-0.006554071086463331
2022-11-17 11:25:00,0.0014280772302299738,-0.0032986551636640105,-0.0032986551636640105,1,1.0,4.246114230817098,7882.0,False,1.0,-0.0032986551636640105
2022-11-17 14:10:00,0.0017400451470166445,0.0020366598778003286,0.0020366598778003286,0,1.0,4.248150890694898,7856.0,False,1.0,0.0020366598778003286
2022-11-17 14:55:00,0.0014140198472887278,0.0030487804878047697,0.0030487804878047697,0,1.0,4.251199671182704,7872.0,False,1.0,0.0030487804878047697
2022-11-17 21:35:00,0.001602913485839963,0.0007598784194529085,0.0007598784194529085,0,1.0,4.251959549602156,7896.0,False,1.0,0.0007598784194529085
2022-11-18 09:40:00,0.0014745057560503483,-0.001012401923563666,-0.001012401923563666,0,1.0,4.250947147678593,7902.0,False,1.0,-0.001012401923563666
2022-11-18 10:40:00,0.0018276262562721968,0.006840638459589599,0.006840638459589599,0,1.0,4.2577877861381825,7894.0,False,1.0,0.006840638459589599
2022-11-18 11:25:00,0.003053471213206649,-0.0020130850528434774,-0.0020130850528434774,0,1.0,4.255774701085339,7948.0,False,1.0,-0.0020130850528434774
2022-11-18 14:10:00,0.002523766364902258,-0.0032778618255169256,-0.0032778618255169256,0,1.0,4.2524968392598215,7932.0,False,1.0,-0.0032778618255169256
2022-11-18 14:55:00,0.0031480323523283005,-0.0005059448520111642,-0.0005059448520111642,0,1.0,4.251990894407811,7906.0,False,1.0,-0.0005059448520111642
2022-11-18 21:35:00,0.0006876337574794888,0.0017717033662363324,0.0017717033662363324,0,1.0,4.253762597774047,7902.0,False,1.0,0.0017717033662363324
2022-11-21 09:40:00,0.0007995069609023631,-0.005305709954522508,-0.005305709954522508,0,1.0,4.248456887819525,7916.0,False,1.0,-0.005305709954522508
2022-11-21 10:40:00,0.000722487282473594,-0.007874015748031482,-0.007874015748031482,0,1.0,4.240582872071493,7874.0,False,1.0,-0.007874015748031482
2022-11-21 11:25:00,0.00024368525191675872,-0.005632360471070186,-0.005632360471070186,0,1.0,4.234950511600423,7812.0,False,1.0,-0.005632360471070186
2022-11-21 14:10:00,0.002425829181447625,0.009783728115345003,0.009783728115345003,0,1.0,4.244734239715768,7768.0,False,1.0,0.009783728115345003
2022-11-21 14:55:00,0.0009205093956552446,-0.00994390617032126,-0.00994390617032126,0,1.0,4.234790333545447,7844.0,False,1.0,-0.00994390617032126
2022-11-22 09:40:00,0.0017471524188295007,0.022405356682977162,0.022405356682977162,0,1.0,4.257195690228424,7766.0,False,1.0,0.022405356682977162
2022-11-22 10:40:00,0.002837441861629486,-0.0037783375314861534,-0.0037783375314861534,0,1.0,4.253417352696938,7940.0,False,1.0,-0.0037783375314861534
2022-11-22 11:25:00,0.00362361129373312,0.006068268015170686,0.006068268015170686,0,1.0,4.259485620712109,7910.0,False,1.0,0.006068268015170686
2022-11-22 14:10:00,0.0031021013855934143,0.0060316662478010485,0.0060316662478010485,0,1.0,4.26551728695991,7958.0,False,1.0,0.0060316662478010485
2022-11-22 14:55:00,0.0015717712230980396,-0.007244566575068667,-0.007244566575068667,0,1.0,4.258272720384841,8006.0,False,1.0,-0.007244566575068667
2022-11-22 21:35:00,0.0028560932260006666,0.00931051836940111,0.00931051836940111,0,1.0,4.267583238754242,7948.0,False,1.0,0.00931051836940111
2022-11-23 09:40:00,0.001159378094598651,-0.0004986287708800274,-0.0004986287708800274,0,1.0,4.267084609983362,8022.0,False,1.0,-0.0004986287708800274
2022-11-23 10:40:00,0.0005476301885209978,0.0004988775255674316,0.0004988775255674316,0,1.0,4.267583487508929,8018.0,False,1.0,0.0004988775255674316
2022-11-23 11:25:00,0.003379994537681341,-0.0004986287708800274,-0.0004986287708800274,0,1.0,4.267084858738049,8022.0,False,1.0,-0.0004986287708800274
2022-11-23 14:10:00,0.0023320254404097795,0.0014966325767025168,0.0014966325767025168,0,1.0,4.268581491314752,8018.0,False,1.0,0.0014966325767025168
2022-11-23 14:55:00,0.0015764156123623252,0.003985056039850665,0.003985056039850665,0,1.0,4.272566547354602,8030.0,False,1.0,0.003985056039850665
2022-11-23 21:35:00,0.0028477287851274014,0.007938476804763006,0.007938476804763006,0,1.0,4.280505024159366,8062.0,False,1.0,0.007938476804763006
2022-11-24 09:40:00,-0.0006216776673682034,0.018459266551809073,0.018459266551809073,0,1.0,4.298964290711174,8126.0,False,0.0,0.018459266551809073
2022-11-24 10:40:00,0.0010028643300756812,0.00024166263895608608,0.0,1,0.0,4.298964290711174,8276.0,False,1.0,0.00024166263895608608
2022-11-24 11:25:00,-0.0011973704677075148,-0.0036240637835225353,-0.0036240637835225353,1,1.0,4.295340226927652,8278.0,False,0.0,-0.0036240637835225353
2022-11-24 14:10:00,-0.001073099090717733,-0.001212415130940836,-0.0,1,0.0,4.295340226927652,8248.0,False,-1.0,-0.001212415130940836
2022-11-24 14:55:00,-0.0016253733774647117,0.00024277737314881698,-0.00024277737314881698,1,-1.0,4.295097449554503,8238.0,False,-1.0,0.00024277737314881698
2022-11-24 21:35:00,-0.004047047812491655,0.00558252427184458,-0.00558252427184458,0,-1.0,4.289514925282658,8240.0,False,-1.0,0.00558252427184458
2022-11-25 09:40:00,-0.0030629830434918404,-0.0009654839488293376,0.0009654839488293376,0,-1.0,4.290480409231488,8286.0,False,-1.0,-0.0009654839488293376
2022-11-25 10:40:00,-0.0025290288031101227,0.003865668035757386,-0.003865668035757386,0,-1.0,4.286614741195731,8278.0,False,-1.0,0.003865668035757386
2022-11-25 11:25:00,-0.00446260254830122,-0.009386281588447676,0.009386281588447676,0,-1.0,4.2960010227841785,8310.0,False,-1.0,-0.009386281588447676
2022-11-25 14:10:00,-0.002682803198695183,0.0070456754130223676,-0.0070456754130223676,0,-1.0,4.288955347371156,8232.0,False,-1.0,0.0070456754130223676
2022-11-25 14:55:00,-0.0026597785763442516,0.0014475271411338309,-0.0014475271411338309,0,-1.0,4.287507820230022,8290.0,False,-1.0,0.0014475271411338309
2022-11-25 21:35:00,-0.0014108713949099183,-0.0014454348349794977,0.0014454348349794977,0,-1.0,4.288953255065001,8302.0,False,-1.0,-0.0014454348349794977
2022-11-28 09:40:00,-0.0028940283227711916,-0.02533172496984315,0.02533172496984315,0,-1.0,4.314284980034845,8290.0,False,-1.0,-0.02533172496984315
2022-11-28 10:40:00,-0.003576024668291211,0.009405940594059414,-0.009405940594059414,0,-1.0,4.304879039440785,8080.0,False,-1.0,0.009405940594059414
2022-11-28 11:25:00,-0.0034827094059437513,-0.0002452182442373996,0.0002452182442373996,0,-1.0,4.305124257685023,8156.0,False,-1.0,-0.0002452182442373996
2022-11-28 14:10:00,-0.003186506452038884,-0.002698062300711346,0.002698062300711346,0,-1.0,4.307822319985734,8154.0,False,-1.0,-0.002698062300711346
2022-11-28 14:55:00,-0.0029386579990386963,0.021151008362026547,-0.021151008362026547,0,-1.0,4.286671311623707,8132.0,False,-1.0,0.021151008362026547
2022-11-29 09:40:00,-0.0020964036229997873,0.02047206165703286,-0.02047206165703286,0,-1.0,4.266199249966674,8304.0,False,-1.0,0.02047206165703286
2022-11-29 10:40:00,-0.0015125480713322759,0.0021241444418220734,-0.0021241444418220734,0,-1.0,4.264075105524852,8474.0,False,-1.0,0.0021241444418220734
2022-11-29 11:25:00,0.00034770226920954883,0.0028261893546868144,-0.0028261893546868144,0,-1.0,4.261248916170166,8492.0,False,0.0,0.0028261893546868144
2022-11-29 14:10:00,-0.000257898704148829,0.003992484734617108,0.0,1,0.0,4.261248916170166,8516.0,False,0.0,0.003992484734617108
2022-11-29 14:55:00,0.00012073111429344863,-0.0035087719298245723,-0.0,1,0.0,4.261248916170166,8550.0,False,0.0,-0.0035087719298245723
2022-11-29 21:35:00,-0.0005933151696808636,0.0028169014084507005,0.0,1,0.0,4.261248916170166,8520.0,False,0.0,0.0028169014084507005
2022-11-30 09:40:00,-0.00046316877705976367,-0.0016385767790262351,-0.0,1,0.0,4.261248916170166,8544.0,False,0.0,-0.0016385767790262351
2022-11-30 10:40:00,-0.0015828643226996064,-0.004689331770222793,-0.0,0,0.0,4.261248916170166,8530.0,False,-1.0,-0.004689331770222793
2022-11-30 11:25:00,-0.0017447744030505419,0.004240282685512353,-0.004240282685512353,0,-1.0,4.257008633484653,8490.0,False,-1.0,0.004240282685512353
2022-11-30 14:10:00,0.0007765747723169625,-0.0028149190710766714,0.0028149190710766714,0,-1.0,4.25982355255573,8526.0,False,0.0,-0.0028149190710766714
2022-11-30 14:55:00,-0.0019707258325070143,0.007527640555163417,0.0,1,0.0,4.25982355255573,8502.0,False,-1.0,0.007527640555163417
2022-11-30 21:35:00,-0.00134665600489825,0.005136586504786322,-0.005136586504786322,1,-1.0,4.254686966050944,8566.0,False,-1.0,0.005136586504786322
2022-12-01 09:40:00,-0.0016365399351343513,-0.011614401858304313,0.011614401858304313,0,-1.0,4.266301367909248,8610.0,False,-1.0,-0.011614401858304313
2022-12-01 10:40:00,-0.004247404169291258,-0.0014101057579318788,0.0014101057579318788,0,-1.0,4.2677114736671795,8510.0,False,-1.0,-0.0014101057579318788
2022-12-01 11:25:00,-0.002547424752265215,-0.004000941397976021,0.004000941397976021,0,-1.0,4.2717124150651555,8498.0,False,-1.0,-0.004000941397976021
2022-12-01 14:10:00,-0.0023762723430991173,0.0023629489603025355,-0.0023629489603025355,0,-1.0,4.2693494661048526,8464.0,False,-1.0,0.0023629489603025355
2022-12-01 14:55:00,-0.003151079174131155,0.0007072135785006761,-0.0007072135785006761,0,-1.0,4.2686422525263525,8484.0,False,-1.0,0.0007072135785006761
2022-12-01 21:35:00,-0.003199242986738682,-0.010600706713780883,0.010600706713780883,0,-1.0,4.2792429592401335,8490.0,False,-1.0,-0.010600706713780883
2022-12-02 09:40:00,-0.004405766725540161,-0.01666666666666672,0.01666666666666672,0,-1.0,4.2959096259068,8400.0,False,-1.0,-0.01666666666666672
2022-12-02 10:40:00,-0.004952764604240656,-0.001210653753026647,0.001210653753026647,0,-1.0,4.297120279659827,8260.0,False,-1.0,-0.001210653753026647
2022-12-02 11:25:00,-0.0024279416538774967,0.00024242424242415517,-0.00024242424242415517,0,-1.0,4.296877855417403,8250.0,False,-1.0,0.00024242424242415517
2022-12-02 14:10:00,-0.0022801444865763187,0.0,-0.0,0,-1.0,4.296877855417403,8252.0,False,-1.0,0.0
2022-12-02 14:55:00,-0.0043037510477006435,0.0026660203587010045,-0.0026660203587010045,0,-1.0,4.294211835058702,8252.0,False,-1.0,0.0026660203587010045
2022-12-02 21:35:00,-0.004830250516533852,0.010394005317863275,-0.010394005317863275,0,-1.0,4.283817829740839,8274.0,False,-1.0,0.010394005317863275
2022-12-05 09:40:00,-0.004215576685965061,-0.002870813397129135,0.002870813397129135,0,-1.0,4.286688643137968,8360.0,False,-1.0,-0.002870813397129135
2022-12-05 10:40:00,-0.003081748727709055,0.004558541266794558,-0.004558541266794558,0,-1.0,4.282130101871173,8336.0,False,-1.0,0.004558541266794558
2022-12-05 11:25:00,-0.003021499142050743,-0.005970862192500648,0.005970862192500648,0,-1.0,4.288100964063673,8374.0,False,-1.0,-0.005970862192500648
2022-12-05 14:10:00,-0.0033696622122079134,-0.015377222489187936,0.015377222489187936,0,-1.0,4.303478186552862,8324.0,False,-1.0,-0.015377222489187936
2022-12-05 14:55:00,-0.003941125702112913,-0.009272816007808715,0.009272816007808715,0,-1.0,4.31275100256067,8196.0,False,-1.0,-0.009272816007808715
2022-12-06 09:40:00,-0.003520230995491147,-0.005911330049261032,0.005911330049261032,0,-1.0,4.318662332609931,8120.0,False,-1.0,-0.005911330049261032
2022-12-06 10:40:00,-0.0028259011451154947,-0.0032210109018830924,0.0032210109018830924,0,-1.0,4.321883343511814,8072.0,False,-1.0,-0.0032210109018830924
2022-12-06 11:25:00,-0.0031992148142307997,-0.004225702212279359,0.004225702212279359,0,-1.0,4.326109045724094,8046.0,False,-1.0,-0.004225702212279359
2022-12-06 14:10:00,-0.001329805119894445,0.0,-0.0,0,-1.0,4.326109045724094,8012.0,False,-1.0,0.0
2022-12-06 14:55:00,-0.0025605249684304,0.009985022466300508,-0.009985022466300508,0,-1.0,4.316124023257793,8012.0,False,-1.0,0.009985022466300508
2022-12-06 21:35:00,-6.80434750393033e-05,0.013099357390014887,-0.013099357390014887,0,-1.0,4.303024665867778,8092.0,False,-1.0,0.013099357390014887
2022-12-07 09:40:00,4.8429243179271e-05,-0.007318858258111738,0.007318858258111738,0,-1.0,4.310343524125891,8198.0,False,0.0,-0.007318858258111738
2022-12-07 10:40:00,-0.0007060326752252877,-0.0009830425165888723,-0.0,1,0.0,4.310343524125891,8138.0,False,0.0,-0.0009830425165888723
2022-12-07 11:25:00,-0.0007315047550946474,0.0044280442804427445,0.0,1,0.0,4.310343524125891,8130.0,False,0.0,0.0044280442804427445
2022-12-07 14:10:00,-0.0018621160415932536,-0.010776389909380346,-0.0,0,0.0,4.310343524125891,8166.0,False,-1.0,-0.010776389909380346
2022-12-07 14:55:00,-0.0019530938006937504,-0.004208962614508538,0.004208962614508538,0,-1.0,4.314552486740399,8078.0,False,-1.0,-0.004208962614508538
2022-12-07 21:35:00,0.00011153108789585531,0.00696171059174544,-0.00696171059174544,0,-1.0,4.307590776148654,8044.0,False,0.0,0.00696171059174544
2022-12-08 09:40:00,0.0006126937223598361,-0.0017283950617283939,-0.0,1,0.0,4.307590776148654,8100.0,False,0.0,-0.0017283950617283939
2022-12-08 10:40:00,0.00010861761984415352,-0.009893643334157765,-0.0,1,0.0,4.307590776148654,8086.0,False,0.0,-0.009893643334157765
2022-12-08 11:25:00,0.0005803107051178813,-0.0007494379215587932,-0.0,0,0.0,4.307590776148654,8006.0,False,0.0,-0.0007494379215587932
2022-12-08 14:10:00,0.0004889242118224502,-0.00924999999999998,-0.0,0,0.0,4.307590776148654,8000.0,False,0.0,-0.00924999999999998
2022-12-08 14:55:00,-0.0005496260127983987,0.006308352258390215,0.0,0,0.0,4.307590776148654,7926.0,False,0.0,0.006308352258390215
2022-12-08 21:35:00,-0.0006351008196361363,0.02507522567703102,0.0,1,0.0,4.307590776148654,7976.0,False,0.0,0.02507522567703102
2022-12-09 09:40:00,-0.0010712940711528063,0.0,0.0,1,0.0,4.307590776148654,8176.0,True,-1.0,0.0024461839530331986
2022-12-09 10:40:00,-0.0007593506597913802,-0.002196193265007307,0.002196193265007307,0,-1.0,4.309786969413661,8196.0,False,-1.0,-0.002196193265007307
2022-12-09 11:25:00,0.0033885773736983538,-0.005380288579114656,0.005380288579114656,0,-1.0,4.315167257992775,8178.0,False,0.0,-0.005380288579114656
2022-12-09 14:10:00,0.002739048795774579,-0.0031964593066141633,-0.0,1,0.0,4.315167257992775,8134.0,False,1.0,-0.0031964593066141633
2022-12-09 14:55:00,0.002935783937573433,-0.0007400098667982302,-0.0007400098667982302,1,1.0,4.314427248125977,8108.0,False,1.0,-0.0007400098667982302
2022-12-09 21:35:00,0.0014354841550812125,-0.007158726240434454,-0.007158726240434454,0,1.0,4.307268521885542,8102.0,False,1.0,-0.007158726240434454
2022-12-12 09:40:00,0.0018320275703445077,-0.029835902536051728,-0.029835902536051728,0,1.0,4.277432619349491,8044.0,False,1.0,-0.029835902536051728
2022-12-12 10:40:00,0.0028246785514056683,-0.0015376729882111695,-0.0015376729882111695,0,1.0,4.27589494636128,7804.0,False,1.0,-0.0015376729882111695
2022-12-12 11:25:00,0.002233213512226939,-0.00231006160164271,-0.00231006160164271,0,1.0,4.273584884759637,7792.0,False,1.0,-0.00231006160164271
2022-12-12 14:10:00,0.004437699448317289,-0.0036017494211474377,-0.0036017494211474377,0,1.0,4.269983135338489,7774.0,False,1.0,-0.0036017494211474377
2022-12-12 14:55:00,0.002521938644349575,-0.004389362251484674,-0.004389362251484674,0,1.0,4.265593773087005,7746.0,False,1.0,-0.004389362251484674
2022-12-13 09:40:00,0.002183494158089161,0.007002074688796656,0.007002074688796656,0,1.0,4.2725958477758015,7712.0,False,1.0,0.007002074688796656
2022-12-13 10:40:00,0.002581144217401743,0.007468452227659128,0.007468452227659128,0,1.0,4.280064300003461,7766.0,False,1.0,0.007468452227659128
2022-12-13 11:25:00,0.0027469247579574585,-0.0035787321063395217,-0.0035787321063395217,0,1.0,4.2764855678971205,7824.0,False,1.0,-0.0035787321063395217
2022-12-13 14:10:00,0.0040867687202990055,0.007439712673165788,0.007439712673165788,0,1.0,4.283925280570287,7796.0,False,1.0,0.007439712673165788
2022-12-13 14:55:00,0.00047160190297290683,0.0,0.0,0,1.0,4.283925280570287,7854.0,False,1.0,0.0
2022-12-13 21:35:00,0.0003079567104578018,0.011968423733129674,0.011968423733129674,0,1.0,4.295893704303417,7854.0,False,1.0,0.011968423733129674
2022-12-14 09:40:00,0.0030736620537936687,-0.00805234021137391,-0.00805234021137391,0,1.0,4.287841364092043,7948.0,False,1.0,-0.00805234021137391
2022-12-14 10:40:00,0.0028321444988250732,0.0010147133434805777,0.0010147133434805777,0,1.0,4.288856077435524,7884.0,False,1.0,0.0010147133434805777
2022-12-14 11:25:00,0.006606568582355976,0.00025342118601123786,0.00025342118601123786,0,1.0,4.289109498621535,7892.0,False,1.0,0.00025342118601123786
2022-12-14 14:10:00,0.006739648059010506,0.001266784899923934,0.001266784899923934,0,1.0,4.290376283521459,7894.0,False,1.0,0.001266784899923934
2022-12-14 14:55:00,0.005378599278628826,0.00025303643724705616,0.00025303643724705616,0,1.0,4.290629319958706,7904.0,False,1.0,0.00025303643724705616
2022-12-14 21:35:00,0.0052654193714261055,0.008601062484189237,0.008601062484189237,0,1.0,4.299230382442895,7906.0,False,1.0,0.008601062484189237
2022-12-15 09:40:00,0.0054121119901537895,-0.005267118133935322,-0.005267118133935322,0,1.0,4.293963264308959,7974.0,False,1.0,-0.005267118133935322
2022-12-15 10:40:00,0.0037323497235774994,-0.0037821482602118373,-0.0037821482602118373,0,1.0,4.290181116048748,7932.0,False,1.0,-0.0037821482602118373
2022-12-15 11:25:00,0.003294559195637703,-0.002024803847127332,-0.002024803847127332,0,1.0,4.28815631220162,7902.0,False,1.0,-0.002024803847127332
2022-12-15 14:10:00,0.0004183600249234587,-0.0005072279989855044,-0.0005072279989855044,0,1.0,4.287649084202634,7886.0,False,1.0,-0.0005072279989855044
2022-12-15 14:55:00,3.264754923293367e-05,-0.0007612281146917033,-0.0007612281146917033,0,1.0,4.286887856087942,7882.0,False,1.0,-0.0007612281146917033
2022-12-15 21:35:00,0.0008010955643840134,0.000507872016251909,0.000507872016251909,0,1.0,4.287395728104194,7876.0,False,1.0,0.000507872016251909
2022-12-16 09:40:00,-0.0001411423145327717,0.010913705583756261,0.010913705583756261,0,1.0,4.298309433687951,7880.0,False,0.0,0.010913705583756261
2022-12-16 10:40:00,0.001946781761944294,-0.001506402209389912,-0.0,1,0.0,4.298309433687951,7966.0,False,1.0,-0.001506402209389912
2022-12-16 11:25:00,0.0032097219955176115,-0.02413879808901187,-0.02413879808901187,1,1.0,4.274170635598939,7954.0,False,1.0,-0.02413879808901187
2022-12-16 14:10:00,0.0028173611499369144,0.007729966503478458,0.007729966503478458,0,1.0,4.281900602102417,7762.0,False,1.0,0.007729966503478458
2022-12-16 14:55:00,0.0028849104419350624,0.00025568908207618257,0.00025568908207618257,0,1.0,4.282156291184493,7822.0,False,1.0,0.00025568908207618257
2022-12-16 21:35:00,0.0017083751736208797,-0.008435582822085896,-0.008435582822085896,0,1.0,4.273720708362407,7824.0,False,1.0,-0.008435582822085896
2022-12-19 09:40:00,0.000678155105561018,0.006187161639597871,0.006187161639597871,0,1.0,4.279907870002004,7758.0,False,1.0,0.006187161639597871
2022-12-19 10:40:00,0.0027283041272312403,-0.001281065846784557,-0.001281065846784557,0,1.0,4.27862680415522,7806.0,False,1.0,-0.001281065846784557
2022-12-19 11:25:00,0.003251842688769102,0.005387378142637234,0.005387378142637234,0,1.0,4.284014182297858,7796.0,False,1.0,0.005387378142637234
2022-12-19 14:10:00,0.004316514357924461,-0.006889512630773198,-0.006889512630773198,0,1.0,4.277124669667085,7838.0,False,1.0,-0.006889512630773198
2022-12-19 14:55:00,0.0021334593184292316,0.002312435765673193,0.002312435765673193,0,1.0,4.279437105432757,7784.0,False,1.0,0.002312435765673193
2022-12-20 09:40:00,0.002601320156827569,0.010510125608818255,0.010510125608818255,0,1.0,4.289947231041576,7802.0,False,1.0,0.010510125608818255
2022-12-20 10:40:00,0.002465278608724475,-0.0025367833587012223,-0.0025367833587012223,0,1.0,4.287410447682875,7884.0,False,1.0,-0.0025367833587012223
2022-12-20 11:25:00,0.0009387315949425101,-0.016022380467955233,-0.016022380467955233,0,1.0,4.27138806721492,7864.0,False,1.0,-0.016022380467955233
2022-12-20 14:10:00,0.003336419817060232,-0.002843111915223573,-0.002843111915223573,0,1.0,4.268544955299696,7738.0,False,1.0,-0.002843111915223573
2022-12-20 14:55:00,0.002140641678124666,0.0031104199066873672,0.0031104199066873672,0,1.0,4.271655375206383,7716.0,False,1.0,0.0031104199066873672
2022-12-20 21:35:00,0.0017331622075289488,-0.00284237726098191,-0.00284237726098191,0,1.0,4.2688129979454015,7740.0,False,1.0,-0.00284237726098191
2022-12-21 09:40:00,0.0033911599311977625,0.008810572687224738,0.008810572687224738,0,1.0,4.277623570632626,7718.0,False,1.0,0.008810572687224738
2022-12-21 10:40:00,0.0049793715588748455,-0.0012843565373747978,-0.0012843565373747978,0,1.0,4.276339214095252,7786.0,False,1.0,-0.0012843565373747978
2022-12-21 11:25:00,0.0050411042757332325,-0.004886831275720205,-0.004886831275720205,0,1.0,4.271452382819531,7776.0,False,1.0,-0.004886831275720205
2022-12-21 14:10:00,0.004492884036153555,0.008529335745670608,0.008529335745670608,0,1.0,4.279981718565201,7738.0,False,1.0,0.008529335745670608
2022-12-21 14:55:00,0.004503373056650162,0.005125576627370565,0.005125576627370565,0,1.0,4.285107295192573,7804.0,False,1.0,0.005125576627370565
2022-12-21 21:35:00,0.005277912598103285,0.0005099439061704292,0.0005099439061704292,0,1.0,4.285617239098743,7844.0,False,1.0,0.0005099439061704292
2022-12-22 09:40:00,0.004360182676464319,0.0025484199796126372,0.0025484199796126372,0,1.0,4.288165659078356,7848.0,False,1.0,0.0025484199796126372
2022-12-22 10:40:00,0.003038551425561309,-0.0038129130655820687,-0.0038129130655820687,0,1.0,4.2843527460127735,7868.0,False,1.0,-0.0038129130655820687
2022-12-22 11:25:00,0.002370005939155817,-0.007910181168665487,-0.007910181168665487,0,1.0,4.276442564844108,7838.0,False,1.0,-0.007910181168665487
2022-12-22 14:10:00,0.00273480755276978,-0.004115226337448541,-0.004115226337448541,0,1.0,4.27232733850666,7776.0,False,1.0,-0.004115226337448541
2022-12-22 14:55:00,0.0020553197246044874,-0.005940082644628086,-0.005940082644628086,0,1.0,4.266387255862031,7744.0,False,1.0,-0.005940082644628086
2022-12-22 21:35:00,0.002699660835787654,-0.007274616783580101,-0.007274616783580101,0,1.0,4.259112639078451,7698.0,False,1.0,-0.007274616783580101
2022-12-23 09:40:00,0.0016061391215771437,-0.008113059408531798,-0.008113059408531798,0,1.0,4.250999579669919,7642.0,False,1.0,-0.008113059408531798
2022-12-23 10:40:00,0.001361688133329153,0.0026385224274405594,0.0026385224274405594,0,1.0,4.25363810209736,7580.0,False,1.0,0.0026385224274405594
2022-12-23 11:25:00,0.002277541207149625,0.003947368421052699,0.003947368421052699,0,1.0,4.257585470518412,7600.0,False,1.0,0.003947368421052699
2022-12-23 14:10:00,0.002301046857610345,-0.0010484927916120101,-0.0010484927916120101,0,1.0,4.2565369777268005,7630.0,False,1.0,-0.0010484927916120101
2022-12-23 14:55:00,0.0013120684307068586,-0.002886381527158255,-0.002886381527158255,0,1.0,4.253650596199642,7622.0,False,1.0,-0.002886381527158255
2022-12-23 21:35:00,0.0007202763808891177,0.011052631578947425,0.011052631578947425,0,1.0,4.26470322777859,7600.0,False,1.0,0.011052631578947425
2022-12-26 09:40:00,0.0007537552155554295,0.019781363872982904,0.019781363872982904,0,1.0,4.284484591651573,7684.0,False,1.0,0.019781363872982904
2022-12-26 10:40:00,0.0007303486345335841,0.0033180193976518613,0.0033180193976518613,0,1.0,4.287802611049225,7836.0,False,1.0,0.0033180193976518613
2022-12-26 11:25:00,0.0021324402187019587,0.0038158229458153947,0.0038158229458153947,0,1.0,4.2916184339950405,7862.0,False,1.0,0.0038158229458153947
2022-12-26 14:10:00,0.002335319062694907,-0.0010136847440446184,-0.0010136847440446184,0,1.0,4.2906047492509956,7892.0,False,1.0,-0.0010136847440446184
2022-12-26 14:55:00,-0.0014216263080015779,0.007864028411973534,0.007864028411973534,0,1.0,4.298468777662969,7884.0,False,0.0,0.007864028411973534
2022-12-27 09:40:00,-0.003442255547270179,0.02365970299521769,0.0,1,0.0,4.298468777662969,7946.0,False,-1.0,0.02365970299521769
2022-12-27 10:40:00,-0.0012141844490543008,0.002950577821489997,-0.002950577821489997,1,-1.0,4.29551819984148,8134.0,False,-1.0,0.002950577821489997
2022-12-27 11:25:00,-0.00015668143169023097,0.0002451581269919956,-0.0002451581269919956,0,-1.0,4.295273041714488,8158.0,False,-1.0,0.0002451581269919956
2022-12-27 14:10:00,0.0003632031148299575,0.0031862745098039102,-0.0031862745098039102,0,-1.0,4.292086767204683,8160.0,False,0.0,0.0031862745098039102
2022-12-27 14:55:00,-0.00012045982293784618,-0.0031761544099682126,-0.0,1,0.0,4.292086767204683,8186.0,False,0.0,-0.0031761544099682126
2022-12-27 21:35:00,-2.1782780095236376e-05,0.0002450980392156854,0.0,1,0.0,4.292086767204683,8160.0,False,0.0,0.0002450980392156854
2022-12-28 09:40:00,0.00029696934507228434,-0.003185493751531432,-0.0,0,0.0,4.292086767204683,8162.0,False,0.0,-0.003185493751531432
2022-12-28 10:40:00,0.0004527756245806813,0.005653883972468021,0.0,1,0.0,4.292086767204683,8136.0,False,0.0,0.005653883972468021
2022-12-28 11:25:00,0.0005660816677846014,-0.000977756049865608,-0.0,1,0.0,4.292086767204683,8182.0,False,0.0,-0.000977756049865608
2022-12-28 14:10:00,0.000780331960413605,-0.0009787129924149207,-0.0,0,0.0,4.292086767204683,8174.0,False,0.0,-0.0009787129924149207
2022-12-28 14:55:00,0.0011404630495235324,-0.0002449179524859346,-0.0,0,0.0,4.292086767204683,8166.0,False,0.0,-0.0002449179524859346
2022-12-28 21:35:00,0.0006953049451112747,-0.006369426751592355,-0.0,0,0.0,4.292086767204683,8164.0,False,0.0,-0.006369426751592355
2022-12-29 09:40:00,-0.0010205410653725266,-0.002712031558185446,-0.0,0,0.0,4.292086767204683,8112.0,False,0.0,-0.002712031558185446
2022-12-29 10:40:00,-0.0023563497234135866,-0.007911001236093895,-0.0,1,0.0,4.292086767204683,8090.0,False,-1.0,-0.007911001236093895
2022-12-29 11:25:00,-0.0014163334853947163,0.009469225018689187,-0.009469225018689187,1,-1.0,4.282617542185994,8026.0,False,-1.0,0.009469225018689187
2022-12-29 14:10:00,-0.0011674249544739723,0.0019748210318439874,-0.0019748210318439874,0,-1.0,4.28064272115415,8102.0,False,-1.0,0.0019748210318439874
2022-12-29 14:55:00,-0.0006193590816110373,0.00246366100024642,-0.00246366100024642,0,-1.0,4.278179060153904,8118.0,False,-1.0,0.00246366100024642
2022-12-29 21:35:00,-0.0007358529837802052,0.003440648808060942,-0.003440648808060942,0,-1.0,4.274738411345843,8138.0,False,-1.0,0.003440648808060942
2022-12-30 09:40:00,-0.0024294534232467413,-0.0002449179524859346,0.0002449179524859346,0,-1.0,4.274983329298329,8166.0,False,-1.0,-0.0002449179524859346
2022-12-30 10:40:00,-0.001282211160287261,0.000979911807937217,-0.000979911807937217,0,-1.0,4.274003417490391,8164.0,False,-1.0,0.000979911807937217
2022-12-30 11:25:00,0.0007291868096217513,0.009789525208027339,-0.009789525208027339,0,-1.0,4.264213892282364,8172.0,False,0.0,0.009789525208027339
2022-12-30 14:10:00,0.00040636572521179914,0.007998061076102791,0.0,1,0.0,4.264213892282364,8252.0,False,0.0,0.007998061076102791
2022-12-30 14:55:00,0.001589214545674622,-0.0007213272421254802,-0.0,1,0.0,4.264213892282364,8318.0,False,1.0,-0.0007213272421254802
2022-12-30 21:35:00,0.0017949976027011871,-0.0019249278152069227,-0.0019249278152069227,0,1.0,4.2622889644671575,8312.0,False,1.0,-0.0019249278152069227
2023-01-03 09:40:00,0.0009962788317352533,-0.012295081967213073,-0.012295081967213073,0,1.0,4.249993882499945,8296.0,False,1.0,-0.012295081967213073
2023-01-03 10:40:00,0.0015372822526842356,0.008786917256529136,0.008786917256529136,0,1.0,4.258780799756474,8194.0,False,1.0,0.008786917256529136
2023-01-03 11:25:00,0.0020517499651759863,0.0004839099927413937,0.0004839099927413937,0,1.0,4.259264709749215,8266.0,False,1.0,0.0004839099927413937
2023-01-03 14:10:00,0.003985099960118532,0.0036275695284160303,0.0036275695284160303,0,1.0,4.262892279277631,8270.0,False,1.0,0.0036275695284160303
2023-01-03 14:55:00,0.0026897024363279343,-0.0028915662650602636,-0.0028915662650602636,0,1.0,4.260000713012571,8300.0,False,1.0,-0.0028915662650602636
2023-01-04 09:40:00,0.0020025100093334913,-0.0053165780570323395,-0.0053165780570323395,0,1.0,4.254684134955538,8276.0,False,1.0,-0.0053165780570323395
2023-01-04 10:40:00,0.0022981823422014713,0.0007288629737609575,0.0007288629737609575,0,1.0,4.2554129979293,8232.0,False,1.0,0.0007288629737609575
2023-01-04 11:25:00,0.002158238086849451,-0.0026705511046370978,-0.0026705511046370978,0,1.0,4.252742446824662,8238.0,False,1.0,-0.0026705511046370978
2023-01-04 14:10:00,0.004111340269446373,-0.00413826679649465,-0.00413826679649465,0,1.0,4.248604180028168,8216.0,False,1.0,-0.00413826679649465
2023-01-04 14:55:00,0.002422327408567071,0.0056220972867269126,0.0056220972867269126,0,1.0,4.254226277314895,8182.0,False,1.0,0.0056220972867269126
2023-01-04 21:35:00,0.0011959552066400647,-0.01191054934370439,-0.01191054934370439,0,1.0,4.2423157279711905,8228.0,False,1.0,-0.01191054934370439
2023-01-05 09:40:00,0.0011159722926095128,0.007380073800737907,0.007380073800737907,0,1.0,4.249695801771928,8130.0,False,1.0,0.007380073800737907
2023-01-05 10:40:00,0.0018996769795194268,-0.00586080586080584,-0.00586080586080584,0,1.0,4.243834995911122,8190.0,False,1.0,-0.00586080586080584
2023-01-05 11:25:00,0.002338781952857971,-0.006877916973716536,-0.006877916973716536,0,1.0,4.236957078937406,8142.0,False,1.0,-0.006877916973716536
2023-01-05 14:10:00,0.00184711127076298,0.003710116250309259,0.003710116250309259,0,1.0,4.240667195187715,8086.0,False,1.0,0.003710116250309259
2023-01-05 14:55:00,0.0020488016307353973,-0.0004928536224740876,-0.0004928536224740876,0,1.0,4.2401743415652415,8116.0,False,1.0,-0.0004928536224740876
2023-01-05 21:35:00,0.002366545144468546,-0.009615384615384581,-0.009615384615384581,0,1.0,4.2305589569498565,8112.0,False,1.0,-0.009615384615384581
2023-01-06 09:40:00,0.0020281882025301456,-0.0007468259895444529,-0.0007468259895444529,0,1.0,4.229812130960313,8034.0,False,1.0,-0.0007468259895444529
2023-01-06 10:40:00,0.0018569919047877192,0.004982561036372735,0.004982561036372735,0,1.0,4.234794691996686,8028.0,False,1.0,0.004982561036372735
2023-01-06 11:25:00,0.002869396936148405,0.004462072384729732,0.004462072384729732,0,1.0,4.239256764381415,8068.0,False,1.0,0.004462072384729732
2023-01-06 14:10:00,0.003609306178987026,0.000493583415597243,0.000493583415597243,0,1.0,4.239750347797012,8104.0,False,1.0,0.000493583415597243
2023-01-06 14:55:00,0.003531521651893854,0.006906758756783482,0.006906758756783482,0,1.0,4.246657106553796,8108.0,False,1.0,0.006906758756783482
2023-01-06 21:35:00,0.0028784265741705894,-0.0083292503674669,-0.0083292503674669,0,1.0,4.238327856186329,8164.0,False,1.0,-0.0083292503674669
2023-01-09 09:40:00,0.0028038008604198694,-0.0041996047430830075,-0.0041996047430830075,0,1.0,4.234128251443246,8096.0,False,1.0,-0.0041996047430830075
2023-01-09 10:40:00,0.0031835471745580435,-0.005457702803274622,-0.005457702803274622,0,1.0,4.228670548639972,8062.0,False,1.0,-0.005457702803274622
2023-01-09 11:25:00,0.003008274594321847,-0.005487652781242192,-0.005487652781242192,0,1.0,4.223182895858729,8018.0,False,1.0,-0.005487652781242192
2023-01-09 14:10:00,0.0028498333413153887,0.003511412089290289,0.003511412089290289,0,1.0,4.226694307948019,7974.0,False,1.0,0.003511412089290289
2023-01-09 14:55:00,0.0025068391114473343,0.0004998750312421585,0.0004998750312421585,0,1.0,4.227194182979261,8002.0,False,1.0,0.0004998750312421585
2023-01-10 09:40:00,0.0022429372183978558,-0.019485385960529622,-0.019485385960529622,0,1.0,4.207708797018732,8006.0,False,1.0,-0.019485385960529622
2023-01-10 10:40:00,0.0024399408139288425,-0.0035668789808916967,-0.0035668789808916967,0,1.0,4.204141918037839,7850.0,False,1.0,-0.0035668789808916967
2023-01-10 11:25:00,0.0015937334392219782,0.008182050626438286,0.008182050626438286,0,1.0,4.212323968664278,7822.0,False,1.0,0.008182050626438286
2023-01-10 14:10:00,0.0026969807222485542,-0.011159015977681985,-0.011159015977681985,0,1.0,4.201164952686597,7886.0,False,1.0,-0.011159015977681985
2023-01-10 14:55:00,0.0022606058046221733,0.0010259040779687645,0.0010259040779687645,0,1.0,4.202190856764565,7798.0,False,1.0,0.0010259040779687645
2023-01-10 21:35:00,0.002177528804168105,0.003586984370996582,0.003586984370996582,0,1.0,4.2057778411355615,7806.0,False,1.0,0.003586984370996582
2023-01-11 09:40:00,0.0017009528819471598,-0.0048506510084248555,-0.0048506510084248555,0,1.0,4.200927190127137,7834.0,False,1.0,-0.0048506510084248555
2023-01-11 10:40:00,0.0022246036678552628,-0.0061570035915854415,-0.0061570035915854415,0,1.0,4.194770186535552,7796.0,False,1.0,-0.0061570035915854415
2023-01-11 11:25:00,0.002994843292981386,0.0,0.0,0,1.0,4.194770186535552,7748.0,False,1.0,0.0
2023-01-11 14:10:00,0.002926913322880864,0.00826019617965934,0.00826019617965934,0,1.0,4.203030382715211,7748.0,False,1.0,0.00826019617965934
2023-01-11 14:55:00,0.0025185320992022753,-0.003072196620583667,-0.003072196620583667,0,1.0,4.1999581860946265,7812.0,False,1.0,-0.003072196620583667
2023-01-11 21:35:00,0.0032456156332045794,-0.002568053415511029,-0.002568053415511029,0,1.0,4.197390132679116,7788.0,False,1.0,-0.002568053415511029
2023-01-12 09:40:00,0.002954407362267375,0.005921730175077133,0.005921730175077133,0,1.0,4.203311862854193,7768.0,False,1.0,0.005921730175077133
2023-01-12 10:40:00,0.004188291262835264,-0.0033273611466598796,-0.0033273611466598796,0,1.0,4.199984501707533,7814.0,False,1.0,-0.0033273611466598796
2023-01-12 11:25:00,0.003128188895061612,-0.008217770929635382,-0.008217770929635382,0,1.0,4.191766730777898,7788.0,False,1.0,-0.008217770929635382
2023-01-12 14:10:00,0.0037147216498851776,0.003883997928534333,0.003883997928534333,0,1.0,4.195650728706433,7724.0,False,1.0,0.003883997928534333
2023-01-12 14:55:00,0.005079321563243866,0.008769667268506476,0.008769667268506476,0,1.0,4.204420395974939,7754.0,False,1.0,0.008769667268506476
2023-01-12 21:35:00,0.004716750234365463,-0.010994630529276406,-0.010994630529276406,0,1.0,4.193425765445662,7822.0,False,1.0,-0.010994630529276406
2023-01-13 09:40:00,0.003877194132655859,0.016804550155118836,0.016804550155118836,0,1.0,4.210230315600781,7736.0,False,1.0,0.016804550155118836
2023-01-13 10:40:00,0.003926984034478664,-0.013221459445715733,-0.013221459445715733,0,1.0,4.197008856155065,7866.0,False,1.0,-0.013221459445715733
2023-01-13 11:25:00,0.004165080841630697,-0.00850296315382637,-0.00850296315382637,0,1.0,4.188505893001238,7762.0,False,1.0,-0.00850296315382637
2023-01-13 14:10:00,0.003490889212116599,0.0028586278586277825,0.0028586278586277825,0,1.0,4.191364520859866,7696.0,False,1.0,0.0028586278586277825
2023-01-13 14:55:00,0.0036413329653441906,0.0020730759264058207,0.0020730759264058207,0,1.0,4.193437596786272,7718.0,False,1.0,0.0020730759264058207
2023-01-13 21:35:00,0.004528330639004707,0.0005171967933799149,0.0005171967933799149,0,1.0,4.193954793579652,7734.0,False,1.0,0.0005171967933799149
2023-01-16 09:40:00,0.003499131416901946,0.006978547428275972,0.006978547428275972,0,1.0,4.200933341007929,7738.0,False,1.0,0.006978547428275972
2023-01-16 10:40:00,0.005274027120321989,0.0017967145790553918,0.0017967145790553918,0,1.0,4.202730055586984,7792.0,False,1.0,0.0017967145790553918
2023-01-16 11:25:00,0.005665981210768223,-0.001537279016141424,-0.001537279016141424,0,1.0,4.201192776570842,7806.0,False,1.0,-0.001537279016141424
2023-01-16 14:10:00,0.005575614050030708,-0.0033358994098023897,-0.0033358994098023897,0,1.0,4.19785687716104,7794.0,False,1.0,-0.0033358994098023897
2023-01-16 14:55:00,0.004050704184919596,0.004891864057672501,0.004891864057672501,0,1.0,4.202748741218712,7768.0,False,1.0,0.004891864057672501
2023-01-17 09:40:00,0.002836470725014806,-0.003074558032282848,-0.003074558032282848,0,1.0,4.1996741831864295,7806.0,False,1.0,-0.003074558032282848
2023-01-17 10:40:00,0.0035759832244366407,-0.0015420200462605838,-0.0015420200462605838,0,1.0,4.198132163140168,7782.0,False,1.0,-0.0015420200462605838
2023-01-17 11:25:00,0.004087353590875864,-0.001029601029601035,-0.001029601029601035,0,1.0,4.197102562110567,7770.0,False,1.0,-0.001029601029601035
2023-01-17 14:10:00,0.004569970071315765,0.0023189899510436263,0.0023189899510436263,0,1.0,4.199421552061611,7762.0,False,1.0,0.0023189899510436263
2023-01-17 14:55:00,0.003986835945397615,-0.0030848329048843715,-0.0030848329048843715,0,1.0,4.196336719156726,7780.0,False,1.0,-0.0030848329048843715
2023-01-17 21:35:00,0.003336590714752674,0.0007735946364104684,0.0007735946364104684,0,1.0,4.197110313793137,7756.0,False,1.0,0.0007735946364104684
2023-01-18 09:40:00,0.002452027751132846,0.013656274156145232,0.013656274156145232,0,1.0,4.210766587949282,7762.0,False,1.0,0.013656274156145232
2023-01-18 10:40:00,0.0029860155191272497,-0.00813421453990848,-0.00813421453990848,0,1.0,4.202632373409373,7868.0,False,1.0,-0.00813421453990848
2023-01-18 11:25:00,0.005066570360213518,0.0017939518195797532,0.0017939518195797532,0,1.0,4.204426325228953,7804.0,False,1.0,0.0017939518195797532
2023-01-18 14:10:00,0.004171998240053654,0.007162957278076254,0.007162957278076254,0,1.0,4.211589282507029,7818.0,False,1.0,0.007162957278076254
2023-01-18 14:55:00,0.0027248701080679893,-0.0035560071120142034,-0.0035560071120142034,0,1.0,4.208033275395016,7874.0,False,1.0,-0.0035560071120142034
2023-01-18 21:35:00,0.0025882620830088854,0.008921743563599316,0.008921743563599316,0,1.0,4.216955018958615,7846.0,False,1.0,0.008921743563599316
2023-01-19 09:40:00,0.0020268948283046484,-0.011369378473976788,-0.011369378473976788,0,1.0,4.205585640484638,7916.0,False,1.0,-0.011369378473976788
2023-01-19 10:40:00,0.002455221489071846,0.006388959877331901,0.006388959877331901,0,1.0,4.21197460036197,7826.0,False,1.0,0.006388959877331901
2023-01-19 11:25:00,0.0032689720392227173,0.0022854240731335906,0.0022854240731335906,0,1.0,4.214260024435103,7876.0,False,1.0,0.0022854240731335906
2023-01-19 14:10:00,0.0042572240345180035,-0.006333924499620003,-0.006333924499620003,0,1.0,4.207926099935483,7894.0,False,1.0,-0.006333924499620003
2023-01-19 14:55:00,0.005104983691126108,0.0010198878123406363,0.0010198878123406363,0,1.0,4.208945987747824,7844.0,False,1.0,0.0010198878123406363
2023-01-19 21:35:00,0.004761436488479376,0.0005094243504839557,0.0005094243504839557,0,1.0,4.209455412098308,7852.0,False,1.0,0.0005094243504839557
2023-01-20 09:40:00,0.004735469352453947,0.001782077393075454,0.001782077393075454,0,1.0,4.211237489491383,7856.0,False,1.0,0.001782077393075454
2023-01-20 10:40:00,0.004951068665832281,0.0027954256670901234,0.0027954256670901234,0,1.0,4.214032915158473,7870.0,False,1.0,0.0027954256670901234
2023-01-20 11:25:00,0.005664355121552944,-0.0043081601621896,-0.0043081601621896,0,1.0,4.209724754996284,7892.0,False,1.0,-0.0043081601621896
2023-01-20 14:10:00,0.0054570031352341175,0.0012725884448969715,0.0012725884448969715,0,1.0,4.21099734344118,7858.0,False,1.0,0.0012725884448969715
2023-01-20 14:55:00,0.005322731100022793,0.003558718861210064,0.003558718861210064,0,1.0,4.214556062302391,7868.0,False,1.0,0.003558718861210064
2023-01-20 21:35:00,0.004504583775997162,0.0017730496453900457,0.0017730496453900457,0,1.0,4.216329111947781,7896.0,False,1.0,0.0017730496453900457
2023-01-30 09:40:00,0.003112634876742959,0.013906447534766109,0.013906447534766109,0,1.0,4.230235559482546,7910.0,False,1.0,0.013906447534766109
2023-01-30 10:40:00,0.003622445510700345,0.004239401496259454,0.004239401496259454,0,1.0,4.234474960978806,8020.0,False,1.0,0.004239401496259454
2023-01-30 11:25:00,0.003937507979571819,0.0002483238142538813,0.0002483238142538813,0,1.0,4.23472328479306,8054.0,False,1.0,0.0002483238142538813
2023-01-30 14:10:00,0.0038953463081270456,-0.003723932472691205,-0.003723932472691205,0,1.0,4.230999352320369,8056.0,False,1.0,-0.003723932472691205
2023-01-30 14:55:00,0.002702960278838873,-0.0024919013207076457,-0.0024919013207076457,0,1.0,4.228507450999661,8026.0,False,1.0,-0.0024919013207076457
2023-01-31 09:40:00,0.001896288595162332,-0.004246814888833383,-0.004246814888833383,0,1.0,4.224260636110827,8006.0,False,1.0,-0.004246814888833383
2023-01-31 10:40:00,0.002199095208197832,0.002007024586051287,0.002007024586051287,0,1.0,4.2262676606968785,7972.0,False,1.0,0.002007024586051287
2023-01-31 11:25:00,0.001565410871990025,-0.006259389083625444,-0.006259389083625444,0,1.0,4.220008271613254,7988.0,False,1.0,-0.006259389083625444
2023-01-31 14:10:00,0.00535171153023839,-0.0002519526329050059,-0.0002519526329050059,0,1.0,4.219756318980348,7938.0,False,1.0,-0.0002519526329050059
2023-01-31 14:55:00,0.004114864394068718,-0.007056451612903247,-0.007056451612903247,0,1.0,4.212699867367445,7936.0,False,1.0,-0.007056451612903247
2023-01-31 21:35:00,0.0035659123677760363,-0.003045685279187804,-0.003045685279187804,0,1.0,4.209654182088258,7880.0,False,1.0,-0.003045685279187804
2023-02-01 09:40:00,0.003142275381833315,0.0033095723014255896,0.0033095723014255896,0,1.0,4.212963754389683,7856.0,False,1.0,0.0033095723014255896
2023-02-01 10:40:00,0.002708735875785351,-0.014463334179142362,-0.014463334179142362,0,1.0,4.198500420210541,7882.0,False,1.0,-0.014463334179142362
2023-02-01 11:25:00,0.003559025237336755,0.005149330587023604,0.005149330587023604,0,1.0,4.203649750797564,7768.0,False,1.0,0.005149330587023604
2023-02-01 14:10:00,0.0033846076112240553,0.00025614754098368664,0.00025614754098368664,0,1.0,4.203905898338547,7808.0,False,1.0,0.00025614754098368664
2023-02-01 14:55:00,0.0029372796416282654,0.0005121638924456828,0.0005121638924456828,0,1.0,4.204418062230993,7810.0,False,1.0,0.0005121638924456828
2023-02-01 21:35:00,0.002930862596258521,-0.007166624008190459,-0.007166624008190459,0,1.0,4.1972514382228026,7814.0,False,1.0,-0.007166624008190459
2023-02-02 09:40:00,0.0022486592642962933,-0.010569734467646308,-0.010569734467646308,0,1.0,4.1866817037551565,7758.0,False,1.0,-0.010569734467646308
2023-02-02 10:40:00,0.001853451132774353,-0.004689942678478332,-0.004689942678478332,0,1.0,4.181991761076678,7676.0,False,1.0,-0.004689942678478332
2023-02-02 11:25:00,0.0027893378864973783,0.004973821989528782,0.004973821989528782,0,1.0,4.186965583066207,7640.0,False,1.0,0.004973821989528782
2023-02-02 14:10:00,0.003285165410488844,-0.0033862985152383063,-0.0033862985152383063,0,1.0,4.1835792845509685,7678.0,False,1.0,-0.0033862985152383063
2023-02-02 14:55:00,0.0025057243183255196,-0.001045478306325176,-0.001045478306325176,0,1.0,4.182533806244644,7652.0,False,1.0,-0.001045478306325176
2023-02-02 21:35:00,0.003013565670698881,-0.004709576138147598,-0.004709576138147598,0,1.0,4.177824230106496,7644.0,False,1.0,-0.004709576138147598
2023-02-03 09:40:00,0.0024106772616505623,0.005520504731861164,0.005520504731861164,0,1.0,4.183344734838357,7608.0,False,1.0,0.005520504731861164
2023-02-03 10:40:00,0.003228821326047182,0.0020915032679738044,0.0020915032679738044,0,1.0,4.185436238106331,7650.0,False,1.0,0.0020915032679738044
2023-02-03 11:25:00,0.004619928542524576,0.009913905557004998,0.009913905557004998,0,1.0,4.195350143663337,7666.0,False,1.0,0.009913905557004998
2023-02-03 14:10:00,0.005593855399638414,0.00025833118057350113,0.00025833118057350113,0,1.0,4.19560847484391,7742.0,False,1.0,0.00025833118057350113
2023-02-03 14:55:00,0.0044771526008844376,0.005423553719008156,0.005423553719008156,0,1.0,4.201032028562918,7744.0,False,1.0,0.005423553719008156
2023-02-03 21:35:00,0.004531584680080414,-0.0017980991523246503,-0.0017980991523246503,0,1.0,4.199233929410593,7786.0,False,1.0,-0.0017980991523246503
2023-02-06 09:40:00,0.0037682007532566786,0.0015440041173442332,0.0015440041173442332,0,1.0,4.200777933527938,7772.0,False,1.0,0.0015440041173442332
2023-02-06 10:40:00,0.0047288928180933,-0.003597122302158251,-0.003597122302158251,0,1.0,4.197180811225779,7784.0,False,1.0,-0.003597122302158251
2023-02-06 11:25:00,0.003784827422350645,0.013151108818978852,0.013151108818978852,0,1.0,4.210331920044759,7756.0,False,1.0,0.013151108818978852
2023-02-06 14:10:00,0.004920385777950287,0.004072283023670131,0.004072283023670131,0,1.0,4.214404203068428,7858.0,False,1.0,0.004072283023670131
2023-02-06 14:55:00,0.004790448118001223,-0.004816223067173664,-0.004816223067173664,0,1.0,4.209587980001254,7890.0,False,1.0,-0.004816223067173664
2023-02-07 09:40:00,0.004523270297795534,0.004330106979113513,0.004330106979113513,0,1.0,4.213918086980368,7852.0,False,1.0,0.004330106979113513
2023-02-07 10:40:00,0.005017039831727743,0.005325893989348129,0.005325893989348129,0,1.0,4.219243980969717,7886.0,False,1.0,0.005325893989348129
2023-02-07 11:25:00,0.004108963068574667,0.005802219979818446,0.005802219979818446,0,1.0,4.225046200949535,7928.0,False,1.0,0.005802219979818446
2023-02-07 14:10:00,0.004026527516543865,0.0015048908954100604,0.0015048908954100604,0,1.0,4.226551091844945,7974.0,False,1.0,0.0015048908954100604
2023-02-07 14:55:00,0.0024803525302559137,0.0,0.0,0,1.0,4.226551091844945,7986.0,False,1.0,0.0
2023-02-07 21:35:00,0.002343956148251891,0.001753067868770275,0.001753067868770275,0,1.0,4.228304159713716,7986.0,False,1.0,0.001753067868770275
2023-02-08 09:40:00,0.0007883857470005751,0.003249999999999975,0.003249999999999975,0,1.0,4.231554159713715,8000.0,False,1.0,0.003249999999999975
2023-02-08 10:40:00,0.0023157664109021425,0.0039870421131322775,0.0039870421131322775,0,1.0,4.235541201826848,8026.0,False,1.0,0.0039870421131322775
2023-02-08 11:25:00,0.003569183638319373,-0.006453214197071233,-0.006453214197071233,0,1.0,4.229087987629777,8058.0,False,1.0,-0.006453214197071233
2023-02-08 14:10:00,0.0034003104083240032,0.0022483137646764906,0.0022483137646764906,0,1.0,4.231336301394453,8006.0,False,1.0,0.0022483137646764906
2023-02-08 14:55:00,0.0025194352492690086,0.0009970089730808596,0.0009970089730808596,0,1.0,4.232333310367534,8024.0,False,1.0,0.0009970089730808596
2023-02-08 21:35:00,0.0025581615045666695,-0.0007470119521912899,-0.0007470119521912899,0,1.0,4.231586298415342,8032.0,False,1.0,-0.0007470119521912899
2023-02-09 09:40:00,0.002617096994072199,0.0014951407924246318,0.0014951407924246318,0,1.0,4.233081439207767,8026.0,False,1.0,0.0014951407924246318
2023-02-09 10:40:00,0.002241569571197033,-0.0009952724558347503,-0.0009952724558347503,0,1.0,4.232086166751932,8038.0,False,1.0,-0.0009952724558347503
2023-02-09 11:25:00,0.0018821211997419596,-0.006475716064757164,-0.006475716064757164,0,1.0,4.225610450687175,8030.0,False,1.0,-0.006475716064757164
2023-02-09 14:10:00,0.0027363665867596865,0.0,0.0,0,1.0,4.225610450687175,7978.0,False,1.0,0.0
2023-02-09 14:55:00,0.0028576806653290987,0.0042617197292553755,0.0042617197292553755,0,1.0,4.229872170416431,7978.0,False,1.0,0.0042617197292553755
2023-02-09 21:35:00,0.002669185632839799,-0.0004992511233150587,-0.0004992511233150587,0,1.0,4.229372919293116,8012.0,False,1.0,-0.0004992511233150587
2023-02-10 09:40:00,0.0014801950892433524,-0.012737262737262722,-0.012737262737262722,0,1.0,4.216635656555853,8008.0,False,1.0,-0.012737262737262722
2023-02-10 10:40:00,0.0003631506988313049,-0.005818365798128,-0.005818365798128,0,1.0,4.210817290757725,7906.0,False,1.0,-0.005818365798128
2023-02-10 11:25:00,0.004549810662865639,-0.008905852417302795,-0.008905852417302795,0,1.0,4.201911438340423,7860.0,False,1.0,-0.008905852417302795
2023-02-10 14:10:00,0.004644212778657675,0.0035943517329910524,0.0035943517329910524,0,1.0,4.205505790073413,7790.0,False,1.0,0.0035943517329910524
2023-02-10 14:55:00,0.003954125102609396,0.00230237912509601,0.00230237912509601,0,1.0,4.207808169198509,7818.0,False,1.0,0.00230237912509601
2023-02-10 21:35:00,0.003805087646469474,0.013016845329249627,0.013016845329249627,0,1.0,4.220825014527759,7836.0,False,1.0,0.013016845329249627
2023-02-13 09:40:00,0.003609286854043603,-0.0017636684303351524,-0.0017636684303351524,0,1.0,4.2190613460974244,7938.0,False,1.0,-0.0017636684303351524
2023-02-13 10:40:00,0.0039027282036840916,0.0007571933366985473,0.0007571933366985473,0,1.0,4.219818539434122,7924.0,False,1.0,0.0007571933366985473
2023-02-13 11:25:00,0.0032379578333348036,-0.013114754098360604,-0.013114754098360604,0,1.0,4.206703785335762,7930.0,False,1.0,-0.013114754098360604
2023-02-13 14:10:00,0.0048763747327029705,-0.0007666751852798415,-0.0007666751852798415,0,1.0,4.205937110150482,7826.0,False,1.0,-0.0007666751852798415
2023-02-13 14:55:00,0.0014536052476614714,0.0038363171355497716,0.0038363171355497716,0,1.0,4.209773427286032,7820.0,False,1.0,0.0038363171355497716
2023-02-14 09:40:00,0.0015226530376821756,0.0015286624203820764,0.0015286624203820764,0,1.0,4.211302089706414,7850.0,False,1.0,0.0015286624203820764
2023-02-14 10:40:00,0.0037199524231255054,0.005596540320529142,0.005596540320529142,0,1.0,4.216898630026943,7862.0,False,1.0,0.005596540320529142
2023-02-14 11:25:00,0.004028393886983395,-0.002529724260055599,-0.002529724260055599,0,1.0,4.214368905766888,7906.0,False,1.0,-0.002529724260055599
2023-02-14 14:10:00,0.005842058453708887,0.002536139994927744,0.002536139994927744,0,1.0,4.216905045761815,7886.0,False,1.0,0.002536139994927744
2023-02-14 14:55:00,0.004250567406415939,0.0010118897040223285,0.0010118897040223285,0,1.0,4.217916935465838,7906.0,False,1.0,0.0010118897040223285
2023-02-14 21:35:00,0.003832210786640644,-0.0037907505686125553,-0.0037907505686125553,0,1.0,4.214126184897225,7914.0,False,1.0,-0.0037907505686125553
2023-02-15 09:40:00,0.002832181751728058,0.011669203450025423,0.011669203450025423,0,1.0,4.225795388347251,7884.0,False,1.0,0.011669203450025423
2023-02-15 10:40:00,0.0034659572411328554,-0.003259779338014024,-0.003259779338014024,0,1.0,4.2225356090092365,7976.0,False,1.0,-0.003259779338014024
2023-02-15 11:25:00,0.005371490027755499,-0.004276729559748449,-0.004276729559748449,0,1.0,4.218258879449488,7950.0,False,1.0,-0.004276729559748449
2023-02-15 14:10:00,0.004630643408745527,-0.005811015664477059,-0.005811015664477059,0,1.0,4.212447863785012,7916.0,False,1.0,-0.005811015664477059
2023-02-15 14:55:00,0.0030579979065805674,-0.0043202033036848775,-0.0043202033036848775,0,1.0,4.208127660481327,7870.0,False,1.0,-0.0043202033036848775
2023-02-15 21:35:00,0.004008101765066385,-0.003828483920367498,-0.003828483920367498,0,1.0,4.204299176560959,7836.0,False,1.0,-0.003828483920367498
2023-02-16 09:40:00,0.001042212825268507,0.015116576992057373,0.015116576992057373,0,1.0,4.219415753553017,7806.0,False,1.0,0.015116576992057373
2023-02-16 10:40:00,0.003113975515589118,0.0027763755678948954,0.0027763755678948954,0,1.0,4.222192129120912,7924.0,False,1.0,0.0027763755678948954
2023-02-16 11:25:00,0.005143661983311176,0.004027183488547692,0.004027183488547692,0,1.0,4.22621931260946,7946.0,False,1.0,0.004027183488547692
2023-02-16 14:10:00,0.005023877136409283,-0.0032589621459012674,-0.0032589621459012674,0,1.0,4.222960350463558,7978.0,False,1.0,-0.0032589621459012674
2023-02-16 14:55:00,0.004317726008594036,0.0017605633802817433,0.0017605633802817433,0,1.0,4.22472091384384,7952.0,False,1.0,0.0017605633802817433
2023-02-16 21:35:00,0.004059948958456516,0.011298016570424396,0.011298016570424396,0,1.0,4.236018930414264,7966.0,False,1.0,0.011298016570424396
2023-02-17 09:40:00,0.0028047296218574047,0.013902681231380276,0.013902681231380276,0,1.0,4.249921611645645,8056.0,False,1.0,0.013902681231380276
2023-02-17 10:40:00,0.0038212116342037916,0.0012242899118510842,0.0012242899118510842,0,1.0,4.251145901557496,8168.0,False,1.0,0.0012242899118510842
2023-02-17 11:25:00,0.0021591046825051308,0.001711910002445638,0.001711910002445638,0,1.0,4.252857811559942,8178.0,False,1.0,0.001711910002445638
2023-02-17 14:10:00,0.0018546716310083866,-0.000732421875,-0.000732421875,0,1.0,4.252125389684942,8192.0,False,1.0,-0.000732421875
2023-02-17 14:55:00,0.000608173431828618,-0.0002443195699975975,-0.0002443195699975975,0,1.0,4.251881070114944,8186.0,False,1.0,-0.0002443195699975975
2023-02-17 21:35:00,0.0004927740665152669,0.0029325513196480912,0.0029325513196480912,0,1.0,4.254813621434592,8184.0,False,1.0,0.0029325513196480912
2023-02-20 09:40:00,-0.0004307617200538516,-0.003654970760233911,-0.003654970760233911,0,1.0,4.251158650674358,8208.0,False,0.0,-0.003654970760233911
2023-02-20 10:40:00,0.0006300020031630993,0.0029347028613353476,0.0,1,0.0,4.251158650674358,8178.0,False,0.0,0.0029347028613353476
2023-02-20 11:25:00,0.0006190309068188071,0.00512070226773953,0.0,1,0.0,4.251158650674358,8202.0,False,0.0,0.00512070226773953
2023-02-20 14:10:00,0.0023791834246367216,-0.0019408054342552328,-0.0,0,0.0,4.251158650674358,8244.0,False,1.0,-0.0019408054342552328
2023-02-20 14:55:00,0.001002594013698399,0.002916869227029606,0.002916869227029606,0,1.0,4.254075519901388,8228.0,False,1.0,0.002916869227029606
2023-02-21 09:40:00,0.000974197406321764,-0.004362578768783321,-0.004362578768783321,0,1.0,4.2497129411326044,8252.0,False,1.0,-0.004362578768783321
2023-02-21 10:40:00,-0.000856089754961431,-0.002677702044790675,-0.002677702044790675,0,1.0,4.247035239087814,8216.0,False,0.0,-0.002677702044790675
2023-02-21 11:25:00,-0.00020891317399218678,0.00512570173297533,0.0,1,0.0,4.247035239087814,8194.0,False,0.0,0.00512570173297533
2023-02-21 14:10:00,0.0017376280156895518,-0.006556580864497286,-0.0,1,0.0,4.247035239087814,8236.0,False,0.0,-0.006556580864497286
2023-02-21 14:55:00,-1.4892822946421802e-05,0.0,0.0,1,0.0,4.247035239087814,8182.0,False,0.0,0.0
2023-02-21 21:35:00,0.0011620334116742015,0.0034221461745294057,0.0,1,0.0,4.247035239087814,8182.0,False,0.0,0.0034221461745294057
2023-02-22 09:40:00,0.000563940207939595,0.0009744214372715554,0.0,1,0.0,4.247035239087814,8210.0,False,0.0,0.0009744214372715554
2023-02-22 10:40:00,0.0008962724823504686,0.008031151131662195,0.0,1,0.0,4.247035239087814,8218.0,False,0.0,0.008031151131662195
2023-02-22 11:25:00,0.0030638177413493395,0.0,0.0,0,0.0,4.247035239087814,8284.0,False,1.0,0.0
2023-02-22 14:10:00,0.00277400272898376,-0.004828585224529225,-0.004828585224529225,0,1.0,4.242206653863285,8284.0,False,1.0,-0.004828585224529225
2023-02-22 14:55:00,0.0023820712231099606,0.004124211547792411,0.004124211547792411,0,1.0,4.246330865411077,8244.0,False,1.0,0.004124211547792411
2023-02-22 21:35:00,0.0006013780948705971,0.000483208504469701,0.000483208504469701,0,1.0,4.246814073915547,8278.0,False,1.0,0.000483208504469701
2023-02-23 09:40:00,0.0005454073543660343,0.0019319005071238848,0.0019319005071238848,0,1.0,4.248745974422671,8282.0,False,1.0,0.0019319005071238848
2023-02-23 10:40:00,0.0016270276391878724,-0.005784526391901634,-0.005784526391901634,0,1.0,4.242961448030769,8298.0,False,1.0,-0.005784526391901634
2023-02-23 11:25:00,0.003352310974150896,0.0009696969696970648,0.0009696969696970648,0,1.0,4.243931145000467,8250.0,False,1.0,0.0009696969696970648
2023-02-23 14:10:00,0.002697230549529195,-0.0036328408815693436,-0.0036328408815693436,0,1.0,4.240298304118896,8258.0,False,1.0,-0.0036328408815693436
2023-02-23 14:55:00,0.0017973239300772548,-0.002916869227029606,-0.002916869227029606,0,1.0,4.2373814348918675,8228.0,False,1.0,-0.002916869227029606
2023-02-23 21:35:00,0.0032574855722486973,0.007801072647489082,0.007801072647489082,0,1.0,4.245182507539356,8204.0,False,1.0,0.007801072647489082
2023-02-24 09:40:00,0.0028582087252289057,-0.0031446540880503138,-0.0031446540880503138,0,1.0,4.242037853451306,8268.0,False,1.0,-0.0031446540880503138
2023-02-24 10:40:00,0.0020087517332285643,0.002669255035185669,0.002669255035185669,0,1.0,4.244707108486492,8242.0,False,1.0,0.002669255035185669
2023-02-24 11:25:00,0.0022101469803601503,0.008228460793804349,0.008228460793804349,0,1.0,4.252935569280297,8264.0,False,1.0,0.008228460793804349
2023-02-24 14:10:00,0.0034033525735139847,-0.002400384061449823,-0.002400384061449823,0,1.0,4.250535185218846,8332.0,False,1.0,-0.002400384061449823
2023-02-24 14:55:00,0.002957731019705534,0.004090471607314683,0.004090471607314683,0,1.0,4.2546256568261605,8312.0,False,1.0,0.004090471607314683
2023-02-24 21:35:00,0.0006832932704128325,-0.007189072609633307,-0.007189072609633307,0,1.0,4.247436584216528,8346.0,False,1.0,-0.007189072609633307
2023-02-27 09:40:00,0.000269388867309317,-0.0009654839488293376,-0.0009654839488293376,0,1.0,4.246471100267698,8286.0,False,1.0,-0.0009654839488293376
2023-02-27 10:40:00,0.0014508493477478623,-0.0002416042522348505,-0.0002416042522348505,0,1.0,4.246229496015463,8278.0,False,1.0,-0.0002416042522348505
2023-02-27 11:25:00,0.000156250229338184,-0.009666505558240668,-0.009666505558240668,0,1.0,4.236562990457223,8276.0,False,1.0,-0.009666505558240668
2023-02-27 14:10:00,0.0025061233900487423,0.00683260126891172,0.00683260126891172,0,1.0,4.243395591726134,8196.0,False,1.0,0.00683260126891172
2023-02-27 14:55:00,0.002632141811773181,0.0002423654871546166,0.0002423654871546166,0,1.0,4.243637957213289,8252.0,False,1.0,0.0002423654871546166
2023-02-28 09:40:00,0.0022110044956207275,-0.005815362248606681,-0.005815362248606681,0,1.0,4.2378225949646815,8254.0,False,1.0,-0.005815362248606681
2023-02-28 10:40:00,0.002278944244608283,-0.0002437241043139471,-0.0002437241043139471,0,1.0,4.237578870860368,8206.0,False,1.0,-0.0002437241043139471
2023-02-28 11:25:00,0.0016312241787090898,0.0036567528035105212,0.0036567528035105212,0,1.0,4.241235623663878,8204.0,False,1.0,0.0036567528035105212
2023-02-28 14:10:00,0.002242838963866234,-0.006072382803011922,-0.006072382803011922,0,1.0,4.235163240860866,8234.0,False,1.0,-0.006072382803011922
2023-02-28 14:55:00,0.0021025848109275103,0.0056207233626588415,0.0056207233626588415,0,1.0,4.240783964223525,8184.0,False,1.0,0.0056207233626588415
2023-02-28 21:35:00,0.0017700560856610537,-0.007290400972053468,-0.007290400972053468,0,1.0,4.233493563251471,8230.0,False,1.0,-0.007290400972053468
2023-03-01 09:40:00,0.0014403376262634993,-0.0014687882496939864,-0.0014687882496939864,0,1.0,4.232024775001777,8170.0,False,1.0,-0.0014687882496939864
2023-03-01 10:40:00,0.0020369451958686113,0.007599901936749198,0.007599901936749198,0,1.0,4.2396246769385275,8158.0,False,1.0,0.007599901936749198
2023-03-01 11:25:00,0.00384996784850955,0.0007299270072993469,0.0007299270072993469,0,1.0,4.240354603945827,8220.0,False,1.0,0.0007299270072993469
2023-03-01 14:10:00,0.005215809680521488,-0.0009725261366398952,-0.0009725261366398952,0,1.0,4.239382077809187,8226.0,False,1.0,-0.0009725261366398952
2023-03-01 14:55:00,0.004289674106985331,0.005597468970552466,0.005597468970552466,0,1.0,4.244979546779739,8218.0,False,1.0,0.005597468970552466
2023-03-01 21:35:00,0.004400657955557108,-0.0009680542110358514,-0.0009680542110358514,0,1.0,4.244011492568703,8264.0,False,1.0,-0.0009680542110358514
2023-03-02 09:40:00,0.002967038657516241,0.01065891472868219,0.01065891472868219,0,1.0,4.254670407297385,8256.0,False,1.0,0.01065891472868219
2023-03-02 10:40:00,0.005064832512289286,-0.0019175455417066445,-0.0019175455417066445,0,1.0,4.2527528617556785,8344.0,False,1.0,-0.0019175455417066445
2023-03-02 11:25:00,0.003919908776879311,0.004322766570605152,0.004322766570605152,0,1.0,4.257075628326284,8328.0,False,1.0,0.004322766570605152
2023-03-02 14:10:00,0.003918010741472244,0.0002391200382592107,0.0002391200382592107,0,1.0,4.257314748364543,8364.0,False,1.0,0.0002391200382592107
2023-03-02 14:55:00,0.003328729420900345,-0.002868754482428848,-0.002868754482428848,0,1.0,4.254445993882114,8366.0,False,1.0,-0.002868754482428848
2023-03-02 21:35:00,0.003187845228239894,0.0028770079117717007,0.0028770079117717007,0,1.0,4.2573230017938855,8342.0,False,1.0,0.0028770079117717007
2023-03-03 09:40:00,0.0025067247916013002,0.008128137700215143,0.008128137700215143,0,1.0,4.2654511394941,8366.0,False,1.0,0.008128137700215143
2023-03-03 10:40:00,0.003359599271789193,-0.0002371354043159135,-0.0002371354043159135,0,1.0,4.265214004089785,8434.0,False,1.0,-0.0002371354043159135
2023-03-03 11:25:00,0.003604691242799163,-0.00023719165085389626,-0.00023719165085389626,0,1.0,4.26497681243893,8432.0,False,1.0,-0.00023719165085389626
2023-03-03 14:10:00,0.0035484882537275553,-0.0009489916963226763,-0.0009489916963226763,0,1.0,4.264027820742608,8430.0,False,1.0,-0.0009489916963226763
2023-03-03 14:55:00,0.0026955553330481052,-0.0009498931370220953,-0.0009498931370220953,0,1.0,4.263077927605586,8422.0,False,1.0,-0.0009498931370220953
2023-03-03 21:35:00,0.001835856819525361,-0.006180175897314011,-0.006180175897314011,0,1.0,4.256897751708271,8414.0,False,1.0,-0.006180175897314011
2023-03-06 09:40:00,0.0010740491561591625,0.0007175316909830975,0.0007175316909830975,0,1.0,4.257615283399255,8362.0,False,1.0,0.0007175316909830975
2023-03-06 10:40:00,0.0015836353413760662,-0.007648183556405397,-0.007648183556405397,0,1.0,4.249967099842849,8368.0,False,1.0,-0.007648183556405397
2023-03-06 11:25:00,-0.0006635624449700117,-0.005298651252408471,-0.005298651252408471,0,1.0,4.244668448590441,8304.0,False,0.0,-0.005298651252408471
2023-03-06 14:10:00,0.0023974995128810406,-0.0002421307506053072,-0.0,1,0.0,4.244668448590441,8260.0,False,1.0,-0.0002421307506053072
2023-03-06 14:55:00,0.0012335588689893484,-0.003875030273673974,-0.003875030273673974,1,1.0,4.240793418316767,8258.0,False,1.0,-0.003875030273673974
2023-03-07 09:40:00,0.0009260266670025885,-0.0019450522732797904,-0.0019450522732797904,0,1.0,4.238848366043487,8226.0,False,1.0,-0.0019450522732797904
2023-03-07 10:40:00,0.0011714573483914137,0.0038976857490864436,0.0038976857490864436,0,1.0,4.242746051792573,8210.0,False,1.0,0.0038976857490864436
2023-03-07 11:25:00,0.0009956323774531484,0.0014559572919194963,0.0014559572919194963,0,1.0,4.244202009084493,8242.0,False,1.0,0.0014559572919194963
2023-03-07 14:10:00,0.0007786755450069904,-0.007026896050399856,-0.007026896050399856,0,1.0,4.237175113034093,8254.0,False,1.0,-0.007026896050399856
2023-03-07 14:55:00,0.00031760288402438164,0.0009760858955587537,0.0009760858955587537,0,1.0,4.238151198929652,8196.0,False,1.0,0.0009760858955587537
2023-03-07 21:35:00,0.0002191847306676209,-0.008532423208191142,-0.008532423208191142,0,1.0,4.229618775721461,8204.0,False,1.0,-0.008532423208191142
2023-03-08 09:40:00,-0.0007178004016168416,-0.009589377919842601,-0.009589377919842601,0,1.0,4.220029397801618,8134.0,False,0.0,-0.009589377919842601
2023-03-08 10:40:00,-0.0007771154632791877,-0.003972194637537285,-0.0,1,0.0,4.220029397801618,8056.0,False,0.0,-0.003972194637537285
2023-03-08 11:25:00,0.0012539596064016223,0.0014955134596210673,0.0,1,0.0,4.220029397801618,8024.0,False,0.0,0.0014955134596210673
2023-03-08 14:10:00,0.001344463904388249,0.004479840716774541,0.0,1,0.0,4.220029397801618,8036.0,False,1.0,0.004479840716774541
2023-03-08 14:55:00,0.001197229721583426,0.0,0.0,1,1.0,4.220029397801618,8072.0,False,1.0,0.0
2023-03-08 21:35:00,0.001183530897833407,-0.0004955401387511937,-0.0004955401387511937,0,1.0,4.219533857662867,8072.0,False,1.0,-0.0004955401387511937
2023-03-09 09:40:00,0.0013296717079356313,-0.0012394645513138514,-0.0012394645513138514,0,1.0,4.218294393111553,8068.0,False,1.0,-0.0012394645513138514
2023-03-09 10:40:00,0.001139058149419725,-0.0009928021841647539,-0.0009928021841647539,0,1.0,4.217301590927389,8058.0,False,1.0,-0.0009928021841647539
2023-03-09 11:25:00,0.0004719378484878689,-0.0009937888198757738,-0.0009937888198757738,0,1.0,4.216307802107513,8050.0,False,1.0,-0.0009937888198757738
2023-03-09 14:10:00,0.0006237938650883734,-0.003481720964934043,-0.003481720964934043,0,1.0,4.212826081142579,8042.0,False,1.0,-0.003481720964934043
2023-03-09 14:55:00,0.0022607198916375637,0.006987771400049914,0.006987771400049914,0,1.0,4.219813852542629,8014.0,False,1.0,0.006987771400049914
2023-03-09 21:35:00,0.003352819010615349,0.004708798017348137,0.004708798017348137,0,1.0,4.224522650559977,8070.0,False,1.0,0.004708798017348137
2023-03-10 09:40:00,0.0033585005439817905,-0.019733596447952695,-0.019733596447952695,0,1.0,4.204789054112024,8108.0,False,1.0,-0.019733596447952695
2023-03-10 10:40:00,0.0017899447120726109,-0.00578761952692497,-0.00578761952692497,0,1.0,4.1990014345850994,7948.0,False,1.0,-0.00578761952692497
2023-03-10 11:25:00,0.0024130349047482014,-0.0025310048089091097,-0.0025310048089091097,0,1.0,4.1964704297761894,7902.0,False,1.0,-0.0025310048089091097
2023-03-10 14:10:00,0.002209821715950966,0.008373509261608625,0.008373509261608625,0,1.0,4.204843939037799,7882.0,False,1.0,0.008373509261608625
2023-03-10 14:55:00,0.0025597591884434223,-0.0037745344740814923,-0.0037745344740814923,0,1.0,4.201069404563717,7948.0,False,1.0,-0.0037745344740814923
2023-03-10 21:35:00,0.002747982507571578,0.005051780752715285,0.005051780752715285,0,1.0,4.206121185316432,7918.0,False,1.0,0.005051780752715285
2023-03-13 09:40:00,0.0020812368020415306,-0.004775069112842423,-0.004775069112842423,0,1.0,4.20134611620359,7958.0,False,1.0,-0.004775069112842423
2023-03-13 10:40:00,0.002052958821877837,0.0,0.0,0,1.0,4.20134611620359,7920.0,False,1.0,0.0
2023-03-13 11:25:00,0.0021316572092473507,-0.0063131313131312705,-0.0063131313131312705,0,1.0,4.195032984890458,7920.0,False,1.0,-0.0063131313131312705
2023-03-13 14:10:00,0.0021747390273958445,0.0020330368487928574,0.0020330368487928574,0,1.0,4.197066021739252,7870.0,False,1.0,0.0020330368487928574
2023-03-13 14:55:00,0.0008788224658928812,-0.011412629977174737,-0.011412629977174737,0,1.0,4.185653391762076,7886.0,False,1.0,-0.011412629977174737
2023-03-14 09:40:00,-0.00032099528471007943,-0.0030785017957927208,-0.0030785017957927208,0,1.0,4.182574889966284,7796.0,False,0.0,-0.0030785017957927208
2023-03-14 10:40:00,0.0008688219240866601,-0.0018013381369017534,-0.0,1,0.0,4.182574889966284,7772.0,False,0.0,-0.0018013381369017534
2023-03-14 11:25:00,0.0008497526287101209,0.0033513792214487914,0.0,1,0.0,4.182574889966284,7758.0,False,0.0,0.0033513792214487914
2023-03-14 14:10:00,0.0040819053538143635,0.001284686536485058,0.0,0,0.0,4.182574889966284,7784.0,False,1.0,0.001284686536485058
2023-03-14 14:55:00,0.0031903351191431284,-0.006928406466512715,-0.006928406466512715,0,1.0,4.17564648349977,7794.0,False,1.0,-0.006928406466512715
2023-03-14 21:35:00,0.003348852274939418,0.011111111111111072,0.011111111111111072,0,1.0,4.1867575946108815,7740.0,False,1.0,0.011111111111111072
2023-03-15 09:40:00,0.0026866099797189236,0.001022233580373122,0.001022233580373122,0,1.0,4.187779828191255,7826.0,False,1.0,0.001022233580373122
2023-03-15 10:40:00,0.0037074717693030834,0.0012764871074801842,0.0012764871074801842,0,1.0,4.1890563152987355,7834.0,False,1.0,0.0012764871074801842
2023-03-15 11:25:00,0.004392639733850956,-0.002294747577766487,-0.002294747577766487,0,1.0,4.1867615677209695,7844.0,False,1.0,-0.002294747577766487
2023-03-15 14:10:00,0.005131058394908905,-0.0007666751852798415,-0.0007666751852798415,0,1.0,4.185994892535689,7826.0,False,1.0,-0.0007666751852798415
2023-03-15 14:55:00,0.004632791504263878,0.0017902813299233156,0.0017902813299233156,0,1.0,4.187785173865612,7820.0,False,1.0,0.0017902813299233156
2023-03-15 21:35:00,0.0039082481525838375,-0.01838141434771512,-0.01838141434771512,0,1.0,4.169403759517897,7834.0,False,1.0,-0.01838141434771512
2023-03-16 09:40:00,0.0037445945199579,0.013524057217165097,0.013524057217165097,0,1.0,4.182927816735063,7690.0,False,1.0,0.013524057217165097
2023-03-16 10:40:00,0.003975515719503164,-0.00949448293559152,-0.00949448293559152,0,1.0,4.173433333799471,7794.0,False,1.0,-0.00949448293559152
2023-03-16 11:25:00,0.003782391082495451,-0.002331606217616633,-0.002331606217616633,0,1.0,4.1711017275818545,7720.0,False,1.0,-0.002331606217616633
2023-03-16 14:10:00,0.005701460409909487,0.0031160737470787847,0.0031160737470787847,0,1.0,4.1742178013289335,7702.0,False,1.0,0.0031160737470787847
2023-03-16 14:55:00,0.004103296902030706,0.0005177323323841687,0.0005177323323841687,0,1.0,4.174735533661318,7726.0,False,1.0,0.0005177323323841687
2023-03-16 21:35:00,0.003190118819475174,0.0031047865459250534,0.0031047865459250534,0,1.0,4.177840320207243,7730.0,False,1.0,0.0031047865459250534
2023-03-17 09:40:00,0.002412674482911825,0.011864843951508997,0.011864843951508997,0,1.0,4.1897051641587515,7754.0,False,1.0,0.011864843951508997
2023-03-17 10:40:00,0.003843287006020546,-0.0002549069589600217,-0.0002549069589600217,0,1.0,4.189450257199791,7846.0,False,1.0,-0.0002549069589600217
2023-03-17 11:25:00,0.005461893510073423,0.0025497195308517018,0.0025497195308517018,0,1.0,4.191999976730643,7844.0,False,1.0,0.0025497195308517018
2023-03-17 14:10:00,0.0055318004451692104,-0.006358087487283837,-0.006358087487283837,0,1.0,4.185641889243359,7864.0,False,1.0,-0.006358087487283837
2023-03-17 14:55:00,0.004806313198059797,-0.0007678525723061602,-0.0007678525723061602,0,1.0,4.184874036671053,7814.0,False,1.0,-0.0007678525723061602
2023-03-17 21:35:00,0.00339684821665287,-0.00691598360655743,-0.00691598360655743,0,1.0,4.177958053064495,7808.0,False,1.0,-0.00691598360655743
2023-03-20 09:40:00,0.0030795480124652386,0.004126902244003139,0.004126902244003139,0,1.0,4.182084955308499,7754.0,False,1.0,0.004126902244003139
2023-03-20 10:40:00,0.003147349925711751,-0.011045466221423106,-0.011045466221423106,0,1.0,4.171039489087075,7786.0,False,1.0,-0.011045466221423106
2023-03-20 11:25:00,0.0040150596760213375,-0.0007792207792207684,-0.0007792207792207684,0,1.0,4.170260268307855,7700.0,False,1.0,-0.0007792207792207684
2023-03-20 14:10:00,0.0031057940796017647,-0.007018455939693302,-0.007018455939693302,0,1.0,4.163241812368161,7694.0,False,1.0,-0.007018455939693302
2023-03-20 14:55:00,0.0029537843074649572,0.00732984293193728,0.00732984293193728,0,1.0,4.170571655300098,7640.0,False,1.0,0.00732984293193728
2023-03-21 09:40:00,0.002135076792910695,0.005197505197505281,0.005197505197505281,0,1.0,4.1757691604976035,7696.0,False,1.0,0.005197505197505281
2023-03-21 10:40:00,0.002157204784452915,-0.01292657704239919,-0.01292657704239919,0,1.0,4.1628425834552045,7736.0,False,1.0,-0.01292657704239919
2023-03-21 11:25:00,0.002037018071860075,-0.0013095861707700385,-0.0013095861707700385,0,1.0,4.161532997284434,7636.0,False,1.0,-0.0013095861707700385
2023-03-21 14:10:00,0.0010319424327462912,-0.0010490427484920462,-0.0010490427484920462,0,1.0,4.160483954535943,7626.0,False,1.0,-0.0010490427484920462
2023-03-21 14:55:00,0.0012047849595546722,-0.001050144394854291,-0.001050144394854291,0,1.0,4.159433810141088,7618.0,False,1.0,-0.001050144394854291
2023-03-21 21:35:00,0.0011548376642167568,-0.0036793692509855536,-0.0036793692509855536,0,1.0,4.155754440890103,7610.0,False,1.0,-0.0036793692509855536
2023-03-22 09:40:00,0.0005616896669380367,-0.02031126351886048,-0.02031126351886048,0,1.0,4.135443177371243,7582.0,False,1.0,-0.02031126351886048
2023-03-22 10:40:00,0.0004224593285471201,-0.008346795907377524,-0.008346795907377524,0,1.0,4.127096381463865,7428.0,False,1.0,-0.008346795907377524
2023-03-22 11:25:00,0.0004894013400189579,-0.006244909041542179,-0.006244909041542179,0,1.0,4.120851472422323,7366.0,False,1.0,-0.006244909041542179
2023-03-22 14:10:00,0.0012485366314649582,0.0005464480874317612,0.0005464480874317612,0,1.0,4.121397920509755,7320.0,False,1.0,0.0005464480874317612
2023-03-22 14:55:00,-7.35363137209788e-05,0.004915346805024479,0.004915346805024479,0,1.0,4.126313267314779,7324.0,False,0.0,0.004915346805024479
2023-03-22 21:35:00,0.0004324836190789938,0.002989130434782661,0.0,1,0.0,4.126313267314779,7360.0,False,0.0,0.002989130434782661
2023-03-23 09:40:00,9.970154496841133e-05,-0.009753454348415014,-0.0,1,0.0,4.126313267314779,7382.0,False,0.0,-0.009753454348415014
2023-03-23 10:40:00,-0.00021294591715559363,-0.00629274965800275,-0.0,0,0.0,4.126313267314779,7310.0,False,0.0,-0.00629274965800275
2023-03-23 11:25:00,0.0006961945910006762,0.0016519823788545551,0.0,1,0.0,4.126313267314779,7264.0,False,0.0,0.0016519823788545551
2023-03-23 14:10:00,0.0004735692637041211,-0.007146783947223789,-0.0,1,0.0,4.126313267314779,7276.0,False,0.0,-0.007146783947223789
2023-03-23 14:55:00,0.00032264948822557926,0.0,0.0,0,0.0,4.126313267314779,7224.0,False,0.0,0.0
2023-03-23 21:35:00,-0.00010211160406470299,-0.002768549280177224,-0.0,0,0.0,4.126313267314779,7224.0,False,0.0,-0.002768549280177224
2023-03-24 09:40:00,-9.857385884970427e-05,-0.011660188784008874,-0.0,1,0.0,4.126313267314779,7204.0,False,0.0,-0.011660188784008874
2023-03-24 10:40:00,0.0001613732019905001,0.0050561797752808335,0.0,1,0.0,4.126313267314779,7120.0,False,0.0,0.0050561797752808335
2023-03-24 11:25:00,0.0008635365520603955,0.009782001117943029,0.0,1,0.0,4.126313267314779,7156.0,False,1.0,0.009782001117943029
2023-03-24 14:10:00,0.002406457671895623,0.00442845280929971,0.00442845280929971,1,1.0,4.130741720124078,7226.0,False,1.0,0.00442845280929971
2023-03-24 14:55:00,0.0025427769869565964,0.007440066133921119,0.007440066133921119,0,1.0,4.1381817862579995,7258.0,False,1.0,0.007440066133921119
2023-03-24 21:35:00,-0.00028841826133430004,0.001914660831509929,0.001914660831509929,0,1.0,4.140096447089509,7312.0,False,0.0,0.001914660831509929
2023-03-27 09:40:00,-0.000807993346825242,-0.006279006279006238,-0.0,1,0.0,4.140096447089509,7326.0,False,0.0,-0.006279006279006238
2023-03-27 10:40:00,0.0007517470512539148,0.0008241758241758212,0.0,1,0.0,4.140096447089509,7280.0,False,0.0,0.0008241758241758212
2023-03-27 11:25:00,0.0006718592485412955,-0.007960472138347496,-0.0,1,0.0,4.140096447089509,7286.0,False,0.0,-0.007960472138347496
2023-03-27 14:10:00,0.0014930921606719494,0.008577753182069658,0.0,1,0.0,4.140096447089509,7228.0,False,1.0,0.008577753182069658
2023-03-27 14:55:00,-0.0004193677450530231,0.009876543209876631,0.009876543209876631,0,1.0,4.149972990299386,7290.0,False,0.0,0.009876543209876631
2023-03-28 09:40:00,0.0004115802003070712,0.011681608258625298,0.0,1,0.0,4.149972990299386,7362.0,False,0.0,0.011681608258625298
2023-03-28 10:40:00,0.0018679042113944888,0.0045649838882921845,0.0,1,0.0,4.149972990299386,7448.0,False,1.0,0.0045649838882921845
2023-03-28 11:25:00,0.001985754817724228,-0.0018711574445335888,-0.0018711574445335888,0,1.0,4.148101832854852,7482.0,False,1.0,-0.0018711574445335888
2023-03-28 14:10:00,0.0034487778320908546,-0.0005356186395286677,-0.0005356186395286677,0,1.0,4.147566214215324,7468.0,False,1.0,-0.0005356186395286677
2023-03-28 14:55:00,0.0013814588310196996,0.002679528403001008,0.002679528403001008,0,1.0,4.150245742618324,7464.0,False,1.0,0.002679528403001008
2023-03-28 21:35:00,0.0012769519817084074,0.008818813468733255,0.008818813468733255,0,1.0,4.159064556087058,7484.0,False,1.0,0.008818813468733255
2023-03-29 09:40:00,0.0013733046362176538,-0.00026490066225171027,-0.00026490066225171027,0,1.0,4.158799655424806,7550.0,False,1.0,-0.00026490066225171027
2023-03-29 10:40:00,0.0012312006438151002,-0.0018547959724429797,-0.0018547959724429797,0,1.0,4.156944859452363,7548.0,False,1.0,-0.0018547959724429797
2023-03-29 11:25:00,0.002236726228147745,-0.0029200955667639805,-0.0029200955667639805,0,1.0,4.1540247638856,7534.0,False,1.0,-0.0029200955667639805
2023-03-29 14:10:00,0.0024062253069132566,-0.005857294994675133,-0.005857294994675133,0,1.0,4.148167468890924,7512.0,False,1.0,-0.005857294994675133
2023-03-29 14:55:00,0.0017751967534422874,0.004284949116229342,0.004284949116229342,0,1.0,4.152452418007154,7468.0,False,1.0,0.004284949116229342
2023-03-29 21:35:00,0.0015758861554786563,0.0007999999999999119,0.0007999999999999119,0,1.0,4.1532524180071535,7500.0,False,1.0,0.0007999999999999119
2023-03-30 09:40:00,0.0012624976225197315,-0.0037303490540900874,-0.0037303490540900874,0,1.0,4.149522068953063,7506.0,False,1.0,-0.0037303490540900874
2023-03-30 10:40:00,0.0008737340685911477,0.005616474993313636,0.005616474993313636,0,1.0,4.155138543946377,7478.0,False,1.0,0.005616474993313636
2023-03-30 11:25:00,0.0009667525300756097,0.002925531914893531,0.002925531914893531,0,1.0,4.158064075861271,7520.0,False,1.0,0.002925531914893531
2023-03-30 14:10:00,0.00033925927709788084,0.009016176080615113,0.009016176080615113,0,1.0,4.1670802519418855,7542.0,False,1.0,0.009016176080615113
2023-03-30 14:55:00,0.0015479396097362041,0.0026281208935610145,0.0026281208935610145,0,1.0,4.169708372835446,7610.0,False,1.0,0.0026281208935610145
2023-03-30 21:35:00,0.0014825182734057307,0.003669724770642091,0.003669724770642091,0,1.0,4.173378097606088,7630.0,False,1.0,0.003669724770642091
2023-03-31 09:40:00,-0.0005523161962628365,-0.0007834943849569509,-0.0007834943849569509,0,1.0,4.172594603221132,7658.0,False,0.0,-0.0007834943849569509
2023-03-31 10:40:00,-0.0009166644304059446,-0.009147935180344957,-0.0,1,0.0,4.172594603221132,7652.0,False,-1.0,-0.009147935180344957
2023-03-31 11:25:00,0.0010223878780379891,-0.0015826958586124817,0.0015826958586124817,1,-1.0,4.174177299079744,7582.0,False,0.0,-0.0015826958586124817
2023-03-31 14:10:00,0.0006259406800381839,-0.0015852047556143,-0.0,1,0.0,4.174177299079744,7570.0,False,1.0,-0.0015852047556143
2023-03-31 14:55:00,0.0006402128492482007,0.003175443238952136,0.003175443238952136,1,1.0,4.177352742318696,7558.0,False,1.0,0.003175443238952136
2023-03-31 21:35:00,2.2014552087057382e-05,0.023476655236085442,0.023476655236085442,0,1.0,4.200829397554782,7582.0,False,1.0,0.023476655236085442
2023-04-03 09:40:00,-0.0014647222124040127,0.008247422680412342,0.008247422680412342,0,1.0,4.209076820235194,7760.0,False,0.0,0.008247422680412342
2023-04-03 10:40:00,5.11759462824557e-05,-0.0035787321063395217,-0.0,1,0.0,4.209076820235194,7824.0,False,0.0,-0.0035787321063395217
2023-04-03 11:25:00,0.0004622326814569533,-0.004617752693689026,-0.0,1,0.0,4.209076820235194,7796.0,False,1.0,-0.004617752693689026
2023-04-03 14:10:00,0.001190396142192185,-0.0018041237113401998,-0.0018041237113401998,0,1.0,4.207272696523853,7760.0,False,1.0,-0.0018041237113401998
2023-04-03 14:55:00,-0.0008126226020976901,0.005680351148980023,0.005680351148980023,0,1.0,4.212953047672833,7746.0,False,0.0,0.005680351148980023
2023-04-04 09:40:00,-0.000985609833151102,0.004107830551989711,0.0,1,0.0,4.212953047672833,7790.0,False,-1.0,0.004107830551989711
2023-04-04 10:40:00,-0.000975741189904511,0.00025568908207618257,-0.00025568908207618257,1,-1.0,4.2126973585907574,7822.0,False,-1.0,0.00025568908207618257
2023-04-04 11:25:00,-0.0009943926706910133,0.002556237218813928,-0.002556237218813928,0,-1.0,4.210141121371944,7824.0,False,-1.0,0.002556237218813928
2023-04-04 14:10:00,0.001019589020870626,0.0033146353901070125,-0.0033146353901070125,0,-1.0,4.2068264859818365,7844.0,False,0.0,0.0033146353901070125
2023-04-04 14:55:00,-0.0005309617845341563,-0.003811944091486663,-0.0,1,0.0,4.2068264859818365,7870.0,False,0.0,-0.003811944091486663
2023-04-04 21:35:00,-0.00022044393699616194,-0.009948979591836715,-0.0,1,0.0,4.2068264859818365,7840.0,False,0.0,-0.009948979591836715
2023-04-06 09:40:00,-0.0010110895382240415,0.007729966503478458,0.0,0,0.0,4.2068264859818365,7762.0,False,-1.0,0.007729966503478458
2023-04-06 10:40:00,-0.0016299848211929202,0.0010227563283047303,-0.0010227563283047303,0,-1.0,4.205803729653532,7822.0,False,-1.0,0.0010227563283047303
2023-04-06 11:25:00,-0.0024192712735384703,0.005108556832694733,-0.005108556832694733,0,-1.0,4.200695172820837,7830.0,False,-1.0,0.005108556832694733
2023-04-06 14:10:00,-0.0009215190075337887,-0.001524777636594643,0.001524777636594643,0,-1.0,4.202219950457431,7870.0,False,-1.0,-0.001524777636594643
2023-04-06 14:55:00,0.0019363479223102331,-0.008908119114278468,0.008908119114278468,0,-1.0,4.211128069571711,7858.0,False,0.0,-0.008908119114278468
2023-04-07 09:40:00,0.0010781600140035152,0.0028248587570620654,0.0,1,0.0,4.211128069571711,7788.0,False,1.0,0.0028248587570620654
2023-04-07 10:40:00,0.0012920573353767395,0.00256081946222797,0.00256081946222797,1,1.0,4.213688889033938,7810.0,False,1.0,0.00256081946222797
2023-04-07 11:25:00,0.0006452876259572804,-0.015070242656449517,-0.015070242656449517,0,1.0,4.198618646377489,7830.0,False,1.0,-0.015070242656449517
2023-04-07 14:10:00,0.0010101072257384658,-0.0005186721991701226,-0.0005186721991701226,0,1.0,4.198099974178319,7712.0,False,1.0,-0.0005186721991701226
2023-04-07 14:55:00,-0.002262827940285206,0.0,0.0,0,1.0,4.198099974178319,7708.0,False,0.0,0.0
2023-04-07 21:35:00,-0.002138664247468114,-0.0031136481577581643,-0.0,1,0.0,4.198099974178319,7708.0,False,-1.0,-0.0031136481577581643
2023-04-10 09:40:00,-0.0018808826571330428,-0.007548152004164477,0.007548152004164477,1,-1.0,4.205648126182483,7684.0,False,-1.0,-0.007548152004164477
2023-04-10 10:40:00,-0.0025238145608454943,-0.00131130343561503,0.00131130343561503,0,-1.0,4.206959429618099,7626.0,False,-1.0,-0.00131130343561503
2023-04-10 11:25:00,-0.002226640237495303,0.005777310924369727,-0.005777310924369727,0,-1.0,4.201182118693729,7616.0,False,-1.0,0.005777310924369727
2023-04-10 14:10:00,-0.0009946804493665695,0.0033942558746735685,-0.0033942558746735685,0,-1.0,4.197787862819055,7660.0,False,-1.0,0.0033942558746735685
2023-04-10 14:55:00,-0.0016934700543060899,0.00832682799895923,-0.00832682799895923,0,-1.0,4.189461034820096,7686.0,False,-1.0,0.00832682799895923
2023-04-11 09:40:00,-0.00019962563237641007,0.0046451612903226636,-0.0046451612903226636,0,-1.0,4.184815873529773,7750.0,False,-1.0,0.0046451612903226636
2023-04-11 10:40:00,0.0008092469652183354,0.0007706139224248343,-0.0007706139224248343,0,-1.0,4.184045259607348,7786.0,False,0.0,0.0007706139224248343
2023-04-11 11:25:00,2.6144451112486422e-05,0.013090349075975283,0.0,1,0.0,4.184045259607348,7792.0,False,0.0,0.013090349075975283
2023-04-11 14:10:00,-0.000225796306040138,0.0,0.0,1,0.0,4.184045259607348,7894.0,False,0.0,0.0
2023-04-11 14:55:00,-0.0016093692975118756,0.0015201418799088984,0.0,1,0.0,4.184045259607348,7894.0,False,-1.0,0.0015201418799088984
2023-04-11 21:35:00,-0.0017305357614532113,-0.0005059448520111642,0.0005059448520111642,1,-1.0,4.18455120445936,7906.0,False,-1.0,-0.0005059448520111642
2023-04-12 09:40:00,-0.001772672520019114,0.0005062009617817775,-0.0005062009617817775,0,-1.0,4.184045003497578,7902.0,False,-1.0,0.0005062009617817775
2023-04-12 10:40:00,-0.0017182931769639254,0.00025297242600563763,-0.00025297242600563763,0,-1.0,4.183792031071572,7906.0,False,-1.0,0.00025297242600563763
2023-04-12 11:25:00,-0.0015682099619880319,-0.01896813353566007,0.01896813353566007,0,-1.0,4.202760164607232,7908.0,False,-1.0,-0.01896813353566007
2023-04-12 14:10:00,-0.0024142542388290167,0.0005155968032997116,-0.0005155968032997116,0,-1.0,4.202244567803932,7758.0,False,-1.0,0.0005155968032997116
2023-04-12 14:55:00,-0.002318324986845255,0.003864983251739229,-0.003864983251739229,0,-1.0,4.1983795845521925,7762.0,False,-1.0,0.003864983251739229
2023-04-12 21:35:00,-0.003549276851117611,-0.0823921971252567,0.0823921971252567,0,-1.0,4.2807717816774495,7792.0,False,-1.0,-0.0823921971252567
2023-04-13 09:40:00,-0.0015410070773214102,0.0,0.0,0,-1.0,4.2807717816774495,7150.0,True,-1.0,-0.0033566433566433185
2023-04-13 10:40:00,-0.0015184779185801744,0.002806623631770977,-0.002806623631770977,0,-1.0,4.277965158045679,7126.0,False,-1.0,0.002806623631770977
2023-04-13 11:25:00,0.0005842300597578287,-0.0030786453960257587,0.0030786453960257587,0,-1.0,4.281043803441705,7146.0,False,0.0,-0.0030786453960257587
2023-04-13 14:10:00,0.0004525806289166212,-0.002245929253228529,-0.0,1,0.0,4.281043803441705,7124.0,False,0.0,-0.002245929253228529
2023-04-13 14:55:00,-0.00020509478054009378,-0.0002813731007316189,-0.0,1,0.0,4.281043803441705,7108.0,False,0.0,-0.0002813731007316189
2023-04-13 21:35:00,-0.00015765053103677928,0.007317759639741128,0.0,1,0.0,4.281043803441705,7106.0,False,0.0,0.007317759639741128
2023-04-14 09:40:00,0.00011692408588714898,0.0016764459346185756,0.0,1,0.0,4.281043803441705,7158.0,False,0.0,0.0016764459346185756
2023-04-14 10:40:00,-9.490169759374112e-05,-0.008368200836820106,-0.0,1,0.0,4.281043803441705,7170.0,False,0.0,-0.008368200836820106
2023-04-14 11:25:00,0.0004253562947269529,-0.0014064697609000865,-0.0,1,0.0,4.281043803441705,7110.0,False,0.0,-0.0014064697609000865
2023-04-14 14:10:00,0.00040779952541925013,0.0011267605633802358,0.0,1,0.0,4.281043803441705,7100.0,False,0.0,0.0011267605633802358
2023-04-14 14:55:00,-0.00017151780775748193,-0.005064715813168252,-0.0,1,0.0,4.281043803441705,7108.0,False,0.0,-0.005064715813168252
2023-04-14 21:35:00,-0.00039499864215031266,0.0031108597285067763,0.0,1,0.0,4.281043803441705,7072.0,False,0.0,0.0031108597285067763
2023-04-17 09:40:00,0.000755183573346585,0.005638567803777805,0.0,1,0.0,4.281043803441705,7094.0,False,1.0,0.005638567803777805
2023-04-17 10:40:00,0.003067249897867441,0.0022427810485001753,0.0022427810485001753,1,1.0,4.283286584490205,7134.0,False,1.0,0.0022427810485001753
2023-04-17 11:25:00,0.003652640152722597,-0.0005594405594405716,-0.0005594405594405716,1,1.0,4.282727143930765,7150.0,False,1.0,-0.0005594405594405716
2023-04-17 14:10:00,0.004920184146612883,0.0013993842709207893,0.0013993842709207893,0,1.0,4.284126528201686,7146.0,False,1.0,0.0013993842709207893
2023-04-17 14:55:00,0.0036571845412254333,0.0013974287311346867,0.0013974287311346867,0,1.0,4.2855239569328205,7156.0,False,1.0,0.0013974287311346867
2023-04-18 09:40:00,0.00015231937868520617,0.009210159084565905,0.009210159084565905,0,1.0,4.294734116017386,7166.0,False,1.0,0.009210159084565905
2023-04-18 10:40:00,0.000934524112381041,0.0038716814159291957,0.0038716814159291957,0,1.0,4.298605797433316,7232.0,False,1.0,0.0038716814159291957
2023-04-18 11:25:00,0.0022826127242296934,0.009090909090909038,0.009090909090909038,0,1.0,4.307696706524225,7260.0,False,1.0,0.009090909090909038
2023-04-18 14:10:00,0.004563316702842712,0.001092001092001027,0.001092001092001027,0,1.0,4.308788707616226,7326.0,False,1.0,0.001092001092001027
2023-04-18 14:55:00,0.0033261177595704794,0.000818107444777727,0.000818107444777727,0,1.0,4.309606815061004,7334.0,False,1.0,0.000818107444777727
2023-04-18 21:35:00,0.0030715595930814743,0.006811989100817373,0.006811989100817373,0,1.0,4.316418804161821,7340.0,False,1.0,0.006811989100817373
2023-04-19 09:40:00,0.002384824212640524,0.0027063599458727605,0.0027063599458727605,0,1.0,4.319125164107694,7390.0,False,1.0,0.0027063599458727605
2023-04-19 10:40:00,0.0022158357314765453,-0.006207827260458876,-0.006207827260458876,0,1.0,4.312917336847235,7410.0,False,1.0,-0.006207827260458876
2023-04-19 11:25:00,0.0034627974964678288,0.0027159152634437245,0.0027159152634437245,0,1.0,4.315633252110679,7364.0,False,1.0,0.0027159152634437245
2023-04-19 14:10:00,0.004790087696164846,-0.0005417118093173912,-0.0005417118093173912,0,1.0,4.315091540301362,7384.0,False,1.0,-0.0005417118093173912
2023-04-19 14:55:00,0.00330813298933208,-0.0013550135501354532,-0.0013550135501354532,0,1.0,4.313736526751226,7380.0,False,1.0,-0.0013550135501354532
2023-04-19 21:35:00,0.001838289899751544,-0.0013568521031207537,-0.0013568521031207537,0,1.0,4.312379674648105,7370.0,False,1.0,-0.0013568521031207537
2023-04-20 09:40:00,0.00256522698327899,-0.002989130434782661,-0.002989130434782661,0,1.0,4.309390544213323,7360.0,False,1.0,-0.002989130434782661
2023-04-20 10:40:00,0.0019079947378486395,-0.008994276369582943,-0.008994276369582943,0,1.0,4.30039626784374,7338.0,False,1.0,-0.008994276369582943
2023-04-20 11:25:00,0.0017824468668550253,-0.005775577557755818,-0.005775577557755818,0,1.0,4.294620690285985,7272.0,False,1.0,-0.005775577557755818
2023-04-20 14:10:00,0.0028869693633168936,0.0008298755186721962,0.0008298755186721962,0,1.0,4.295450565804657,7230.0,False,1.0,0.0008298755186721962
2023-04-20 14:55:00,0.00342766591347754,-0.00027639579878391274,-0.00027639579878391274,0,1.0,4.295174170005873,7236.0,False,1.0,-0.00027639579878391274
2023-04-20 21:35:00,0.002625145483762026,-0.008570638650815643,-0.008570638650815643,0,1.0,4.286603531355057,7234.0,False,1.0,-0.008570638650815643
2023-04-21 09:40:00,0.0024560552556067705,-0.004740658114891216,-0.004740658114891216,0,1.0,4.281862873240166,7172.0,False,1.0,-0.004740658114891216
2023-04-21 10:40:00,0.0032267915084958076,-0.00028019052956007595,-0.00028019052956007595,0,1.0,4.281582682710606,7138.0,False,1.0,-0.00028019052956007595
2023-04-21 11:25:00,0.00445468770340085,-0.007847533632286963,-0.007847533632286963,0,1.0,4.273735149078319,7136.0,False,1.0,-0.007847533632286963
2023-04-21 14:10:00,0.004025071393698454,0.002259887005649608,0.002259887005649608,0,1.0,4.275995036083969,7080.0,False,1.0,0.002259887005649608
2023-04-21 14:55:00,0.0052016121335327625,-0.0008455467869221689,-0.0008455467869221689,0,1.0,4.275149489297046,7096.0,False,1.0,-0.0008455467869221689
2023-04-21 21:35:00,0.0029573028441518545,-0.01128349788434413,-0.01128349788434413,0,1.0,4.263865991412702,7090.0,False,1.0,-0.01128349788434413
2023-04-24 09:40:00,0.002970870118588209,0.012838801711840153,0.012838801711840153,0,1.0,4.2767047931245425,7010.0,False,1.0,0.012838801711840153
2023-04-24 10:40:00,0.004106536041945219,-0.0028169014084507005,-0.0028169014084507005,0,1.0,4.273887891716091,7100.0,False,1.0,-0.0028169014084507005
2023-04-24 11:25:00,0.004057264421135187,-0.00197740112994349,-0.00197740112994349,0,1.0,4.271910490586148,7080.0,False,1.0,-0.00197740112994349
2023-04-24 14:10:00,0.003669119905680418,-0.003962637984715522,-0.003962637984715522,0,1.0,4.2679478526014325,7066.0,False,1.0,-0.003962637984715522
2023-04-24 14:55:00,0.0022610267624258995,0.004546746234725729,0.004546746234725729,0,1.0,4.2724945988361585,7038.0,False,1.0,0.004546746234725729
2023-04-25 09:40:00,0.0027764630503952503,-0.005374823196605427,-0.005374823196605427,0,1.0,4.267119775639554,7070.0,False,1.0,-0.005374823196605427
2023-04-25 10:40:00,0.001996911596506834,-0.0011376564277588708,-0.0011376564277588708,0,1.0,4.265982119211794,7032.0,False,1.0,-0.0011376564277588708
2023-04-25 11:25:00,0.001985003240406513,0.0,0.0,0,1.0,4.265982119211794,7024.0,False,1.0,0.0
2023-04-25 14:10:00,0.003237595781683922,0.0008542141230067912,0.0008542141230067912,0,1.0,4.266836333334801,7024.0,False,1.0,0.0008542141230067912
2023-04-25 14:55:00,0.0009287268039770424,0.0011379800853486,0.0011379800853486,0,1.0,4.26797431342015,7030.0,False,1.0,0.0011379800853486
2023-04-25 21:35:00,0.0014005990233272314,-0.011935208866155178,-0.011935208866155178,0,1.0,4.256039104553995,7038.0,False,1.0,-0.011935208866155178
2023-04-26 09:40:00,0.0007411084370687604,0.009778544722461868,0.009778544722461868,0,1.0,4.265817649276457,6954.0,False,1.0,0.009778544722461868
2023-04-26 10:40:00,0.0010210589971393347,-0.001993733978923329,-0.001993733978923329,0,1.0,4.263823915297533,7022.0,False,1.0,-0.001993733978923329
2023-04-26 11:25:00,0.0023012252058833838,0.003995433789954372,0.003995433789954372,0,1.0,4.267819349087487,7008.0,False,1.0,0.003995433789954372
2023-04-26 14:10:00,0.0025034684222191572,-0.0008527572484365864,-0.0008527572484365864,0,1.0,4.266966591839051,7036.0,False,1.0,-0.0008527572484365864
2023-04-26 14:55:00,0.003581149270758033,0.002275960170696978,0.002275960170696978,0,1.0,4.269242552009748,7030.0,False,1.0,0.002275960170696978
2023-04-26 21:35:00,0.0011431247694417834,0.0005676979846720442,0.0005676979846720442,0,1.0,4.26981024999442,7046.0,False,1.0,0.0005676979846720442
2023-04-27 09:40:00,0.0015303163090720773,-0.018439716312056764,-0.018439716312056764,0,1.0,4.251370533682364,7050.0,False,1.0,-0.018439716312056764
2023-04-27 10:40:00,0.00050143658882007,0.003468208092485492,0.003468208092485492,0,1.0,4.254838741774849,6920.0,False,1.0,0.003468208092485492
2023-04-27 11:25:00,0.0009784268913790584,-0.0023041474654378336,-0.0023041474654378336,0,1.0,4.252534594309411,6944.0,False,1.0,-0.0023041474654378336
2023-04-27 14:10:00,0.0009382549906149507,-0.0051963048498845366,-0.0051963048498845366,0,1.0,4.247338289459527,6928.0,False,1.0,-0.0051963048498845366
2023-04-27 14:55:00,0.0014177209232002497,-0.0029019152640742396,-0.0029019152640742396,0,1.0,4.244436374195452,6892.0,False,1.0,-0.0029019152640742396
2023-04-27 21:35:00,0.0008332529687322676,0.00029103608847491635,0.00029103608847491635,0,1.0,4.244727410283927,6872.0,False,1.0,0.00029103608847491635
2023-04-28 09:40:00,0.0002856826758943498,-0.0069828338667442535,-0.0069828338667442535,0,1.0,4.237744576417183,6874.0,False,1.0,-0.0069828338667442535
2023-04-28 10:40:00,0.0016246780287474394,0.005566949897450879,0.005566949897450879,0,1.0,4.243311526314633,6826.0,False,1.0,0.005566949897450879
2023-04-28 11:25:00,-0.00035652474616654217,-0.0064102564102563875,-0.0064102564102563875,0,1.0,4.2369012699043775,6864.0,False,0.0,-0.0064102564102563875
2023-04-28 14:10:00,0.000888041511643678,-0.0005865102639296405,-0.0,1,0.0,4.2369012699043775,6820.0,False,0.0,-0.0005865102639296405
2023-04-28 14:55:00,0.0014619515277445316,0.0035211267605634866,0.0,1,0.0,4.2369012699043775,6816.0,False,0.0,0.0035211267605634866
2023-04-28 21:35:00,7.272251968970522e-05,0.0005847953216373547,0.0,0,0.0,4.2369012699043775,6840.0,False,0.0,0.0005847953216373547
2023-05-04 09:40:00,0.00012867109035141766,0.002045587375803626,0.0,0,0.0,4.2369012699043775,6844.0,False,0.0,0.002045587375803626
2023-05-04 10:40:00,0.0011585248867049813,0.0034995625546807574,0.0,0,0.0,4.2369012699043775,6858.0,False,0.0,0.0034995625546807574
2023-05-04 11:25:00,0.0011679717572405934,0.0034873583260679464,0.0,0,0.0,4.2369012699043775,6882.0,False,0.0,0.0034873583260679464
2023-05-04 14:10:00,0.0018577881855890155,0.0,0.0,0,0.0,4.2369012699043775,6906.0,False,1.0,0.0
2023-05-04 14:55:00,0.0011823158711194992,0.002027222704894305,0.002027222704894305,0,1.0,4.238928492609271,6906.0,False,1.0,0.002027222704894305
2023-05-05 09:40:00,0.001200168626382947,0.0028901734104045396,0.0028901734104045396,0,1.0,4.241818666019675,6920.0,False,1.0,0.0028901734104045396
2023-05-05 10:40:00,0.0018767780857160687,0.002593659942363047,0.002593659942363047,0,1.0,4.244412325962038,6940.0,False,1.0,0.002593659942363047
2023-05-05 11:25:00,0.0021918066777288914,0.012647312446105285,0.012647312446105285,0,1.0,4.257059638408144,6958.0,False,1.0,0.012647312446105285
2023-05-05 14:10:00,0.002478315494954586,0.0014192449616803327,0.0014192449616803327,0,1.0,4.258478883369825,7046.0,False,1.0,0.0014192449616803327
2023-05-05 14:55:00,0.0023522560950368643,0.001700680272108901,0.001700680272108901,0,1.0,4.260179563641934,7056.0,False,1.0,0.001700680272108901
2023-05-05 21:35:00,0.0015303806867450476,0.01754385964912286,0.01754385964912286,0,1.0,4.277723423291056,7068.0,False,1.0,0.01754385964912286
2023-05-08 09:40:00,0.00047384860226884484,-0.008342602892102313,-0.008342602892102313,0,1.0,4.269380820398954,7192.0,False,1.0,-0.008342602892102313
2023-05-08 10:40:00,0.0014541216660290956,0.0008412787436904434,0.0008412787436904434,0,1.0,4.270222099142645,7132.0,False,1.0,0.0008412787436904434
2023-05-08 11:25:00,0.0016414745477959514,0.0030820958251611685,0.0030820958251611685,0,1.0,4.273304194967806,7138.0,False,1.0,0.0030820958251611685
2023-05-08 14:10:00,0.003662833711132407,0.003351955307262511,0.003351955307262511,0,1.0,4.276656150275068,7160.0,False,1.0,0.003351955307262511
2023-05-08 14:55:00,0.0019870277028530836,0.003062360801781683,0.003062360801781683,0,1.0,4.27971851107685,7184.0,False,1.0,0.003062360801781683
2023-05-09 09:40:00,0.001467635273002088,-0.004440743824590587,-0.004440743824590587,0,1.0,4.275277767252259,7206.0,False,1.0,-0.004440743824590587
2023-05-09 10:40:00,0.0020066516008228064,-0.0025090604962364482,-0.0025090604962364482,0,1.0,4.272768706756024,7174.0,False,1.0,-0.0025090604962364482
2023-05-09 11:25:00,0.0015432523796334863,0.002515371716042436,0.002515371716042436,0,1.0,4.275284078472065,7156.0,False,1.0,0.002515371716042436
2023-05-09 14:10:00,0.003204613458365202,-0.00418176749372734,-0.00418176749372734,0,1.0,4.271102310978338,7174.0,False,1.0,-0.00418176749372734
2023-05-09 14:55:00,0.001338068745099008,0.0011198208286673506,0.0011198208286673506,0,1.0,4.2722221318070055,7144.0,False,1.0,0.0011198208286673506
2023-05-09 21:35:00,0.0015731783350929618,-0.002796420581655523,-0.002796420581655523,0,1.0,4.26942571122535,7152.0,False,1.0,-0.002796420581655523
2023-05-10 09:40:00,0.0017292773118242621,0.012058328659562578,0.012058328659562578,0,1.0,4.281484039884912,7132.0,False,1.0,0.012058328659562578
2023-05-10 10:40:00,0.0006862093578092754,-0.009975062344139696,-0.009975062344139696,0,1.0,4.271508977540773,7218.0,False,1.0,-0.009975062344139696
2023-05-10 11:25:00,0.0019854127895087004,0.003638399104394008,0.003638399104394008,0,1.0,4.275147376645167,7146.0,False,1.0,0.003638399104394008
2023-05-10 14:10:00,0.001872426480986178,0.001115448968209698,0.001115448968209698,0,1.0,4.276262825613376,7172.0,False,1.0,0.001115448968209698
2023-05-10 14:55:00,0.0006886217161081731,-0.00835654596100277,-0.00835654596100277,0,1.0,4.267906279652374,7180.0,False,1.0,-0.00835654596100277
2023-05-10 21:35:00,-0.0011959448456764221,-0.005617977528089901,-0.005617977528089901,0,1.0,4.262288302124284,7120.0,False,0.0,-0.005617977528089901
2023-05-11 09:40:00,-0.0004750516964122653,-0.012711864406779627,-0.0,1,0.0,4.262288302124284,7080.0,False,0.0,-0.012711864406779627
2023-05-11 10:40:00,-0.0017935537034645677,-0.0034334763948498104,-0.0,1,0.0,4.262288302124284,6990.0,False,-1.0,-0.0034334763948498104
2023-05-11 11:25:00,-0.00010732940427260473,-0.0028710881424059975,0.0028710881424059975,0,-1.0,4.26515939026669,6966.0,False,-1.0,-0.0028710881424059975
2023-05-11 14:10:00,0.0007793875993229449,0.0034552260293694292,-0.0034552260293694292,0,-1.0,4.261704164237321,6946.0,False,0.0,0.0034552260293694292
2023-05-11 14:55:00,3.965594805777073e-05,-0.008895265423242482,-0.0,1,0.0,4.261704164237321,6970.0,False,0.0,-0.008895265423242482
2023-05-11 21:35:00,0.0004950976581312716,-0.0002895193977996424,-0.0,1,0.0,4.261704164237321,6908.0,False,0.0,-0.0002895193977996424
2023-05-12 09:40:00,0.0007813969277776778,-0.0026064291920069316,-0.0,0,0.0,4.261704164237321,6906.0,False,0.0,-0.0026064291920069316
2023-05-12 10:40:00,0.0004031845019198954,-0.0023228803716608404,-0.0,0,0.0,4.261704164237321,6888.0,False,0.0,-0.0023228803716608404
2023-05-12 11:25:00,0.0012670503929257393,-0.003201396973224635,-0.0,0,0.0,4.261704164237321,6872.0,False,1.0,-0.003201396973224635
2023-05-12 14:10:00,0.002140914322808385,-0.0035036496350364654,-0.0035036496350364654,0,1.0,4.258200514602284,6850.0,False,1.0,-0.0035036496350364654
2023-05-12 14:55:00,0.0018755331402644515,0.001171989452094957,0.001171989452094957,0,1.0,4.259372504054379,6826.0,False,1.0,0.001171989452094957
2023-05-12 21:35:00,0.0025079241022467613,-0.00819432250512142,-0.00819432250512142,0,1.0,4.251178181549257,6834.0,False,1.0,-0.00819432250512142
2023-05-15 09:40:00,0.002858550986275077,0.006786662732369386,0.006786662732369386,0,1.0,4.257964844281627,6778.0,False,1.0,0.006786662732369386
2023-05-15 10:40:00,0.0011363141238689423,0.0011723329425556983,0.0011723329425556983,0,1.0,4.259137177224183,6824.0,False,1.0,0.0011723329425556983
2023-05-15 11:25:00,0.0014695386635139585,-0.002049180327868827,-0.002049180327868827,0,1.0,4.257087996896313,6832.0,False,1.0,-0.002049180327868827
2023-05-15 14:10:00,0.003700932953506708,0.007626870049868062,0.007626870049868062,0,1.0,4.264714866946181,6818.0,False,1.0,0.007626870049868062
2023-05-15 14:55:00,0.003623095341026783,0.0017467248908296096,0.0017467248908296096,0,1.0,4.266461591837011,6870.0,False,1.0,0.0017467248908296096
2023-05-16 09:40:00,0.003266953630372882,-0.0020342923568730242,-0.0020342923568730242,0,1.0,4.264427299480138,6882.0,False,1.0,-0.0020342923568730242
2023-05-16 10:40:00,0.0011490319157019258,-0.007280139778683803,-0.007280139778683803,0,1.0,4.257147159701454,6868.0,False,1.0,-0.007280139778683803
2023-05-16 11:25:00,0.001248073298484087,0.0008800234672925455,0.0008800234672925455,0,1.0,4.258027183168746,6818.0,False,1.0,0.0008800234672925455
2023-05-16 14:10:00,0.0025940719060599804,-0.0058616647127783805,-0.0058616647127783805,0,1.0,4.252165518455968,6824.0,False,1.0,-0.0058616647127783805
2023-05-16 14:55:00,0.0030884454026818275,0.001179245283018826,0.001179245283018826,0,1.0,4.253344763738987,6784.0,False,1.0,0.001179245283018826
2023-05-16 21:35:00,0.0016613001935184002,-0.00824499411071844,-0.00824499411071844,0,1.0,4.245099769628268,6792.0,False,1.0,-0.00824499411071844
2023-05-17 09:40:00,0.0010581028182059526,-0.0026722090261283027,-0.0026722090261283027,0,1.0,4.24242756060214,6736.0,False,1.0,-0.0026722090261283027
2023-05-17 10:40:00,0.000995700596831739,0.0047633224173861954,0.0047633224173861954,0,1.0,4.247190883019526,6718.0,False,1.0,0.0047633224173861954
2023-05-17 11:25:00,0.0023599995765835047,-0.002666666666666706,-0.002666666666666706,0,1.0,4.244524216352859,6750.0,False,1.0,-0.002666666666666706
2023-05-17 14:10:00,0.002078030724078417,-0.0032679738562091387,-0.0032679738562091387,0,1.0,4.24125624249665,6732.0,False,1.0,-0.0032679738562091387
2023-05-17 14:55:00,0.0020685833878815174,0.0005961251862891537,0.0005961251862891537,0,1.0,4.24185236768294,6710.0,False,1.0,0.0005961251862891537
2023-05-17 21:35:00,0.0024175052531063557,0.0017873100983021306,0.0017873100983021306,0,1.0,4.243639677781242,6714.0,False,1.0,0.0017873100983021306
2023-05-18 09:40:00,0.001892523025162518,-0.0005947071067499143,-0.0005947071067499143,0,1.0,4.243044970674491,6726.0,False,1.0,-0.0005947071067499143
2023-05-18 10:40:00,0.0019450073596090078,-0.0005950609937518392,-0.0005950609937518392,0,1.0,4.24244990968074,6722.0,False,1.0,-0.0005950609937518392
2023-05-18 11:25:00,0.005077186040580273,0.0041679071152127545,0.0041679071152127545,0,1.0,4.246617816795952,6718.0,False,1.0,0.0041679071152127545
2023-05-18 14:10:00,0.004292869009077549,-0.006225911651348892,-0.006225911651348892,0,1.0,4.2403919051446035,6746.0,False,1.0,-0.006225911651348892
2023-05-18 14:55:00,0.002330656396225095,-0.0020883054892600894,-0.0020883054892600894,0,1.0,4.238303599655343,6704.0,False,1.0,-0.0020883054892600894
2023-05-18 21:35:00,0.0024609591346234083,0.0005979073243647104,0.0005979073243647104,0,1.0,4.238901506979708,6690.0,False,1.0,0.0005979073243647104
2023-05-19 09:40:00,0.0036979590076953173,0.0014938751120405769,0.0014938751120405769,0,1.0,4.240395382091749,6694.0,False,1.0,0.0014938751120405769
2023-05-19 10:40:00,0.0035273872781544924,0.0032816229116945372,0.0032816229116945372,0,1.0,4.243677005003443,6704.0,False,1.0,0.0032816229116945372
2023-05-19 11:25:00,0.004898115526884794,0.007433838834373985,0.007433838834373985,0,1.0,4.251110843837817,6726.0,False,1.0,0.007433838834373985
2023-05-19 14:10:00,0.005391308106482029,-0.0020661157024793875,-0.0020661157024793875,0,1.0,4.249044728135338,6776.0,False,1.0,-0.0020661157024793875
2023-05-19 14:55:00,0.0045401183888316154,-0.0005915409642117675,-0.0005915409642117675,0,1.0,4.248453187171126,6762.0,False,1.0,-0.0005915409642117675
2023-05-19 21:35:00,0.003695611609145999,-0.008582420834566395,-0.008582420834566395,0,1.0,4.23987076633656,6758.0,False,1.0,-0.008582420834566395
2023-05-22 09:40:00,0.003137850435450673,-0.01134328358208958,-0.01134328358208958,0,1.0,4.228527482754471,6700.0,False,1.0,-0.01134328358208958
2023-05-22 10:40:00,0.0013997408095747232,0.002113526570048263,0.002113526570048263,0,1.0,4.230641009324518,6624.0,False,1.0,0.002113526570048263
2023-05-22 11:25:00,0.0011357506737113,-0.0009038867128653427,-0.0009038867128653427,0,1.0,4.2297371226116525,6638.0,False,1.0,-0.0009038867128653427
2023-05-22 14:10:00,0.0034359849523752928,-0.0024125452352231624,-0.0024125452352231624,0,1.0,4.22732457737643,6632.0,False,1.0,-0.0024125452352231624
2023-05-22 14:55:00,0.002882098313421011,0.0054413542926239344,0.0054413542926239344,0,1.0,4.232765931669054,6616.0,False,1.0,0.0054413542926239344
2023-05-23 09:40:00,0.0017190269427374005,0.015935057125676444,0.015935057125676444,0,1.0,4.24870098879473,6652.0,False,1.0,0.015935057125676444
2023-05-23 10:40:00,0.0027288177516311407,-0.009470257472625088,-0.009470257472625088,0,1.0,4.239230731322105,6758.0,False,1.0,-0.009470257472625088
2023-05-23 11:25:00,0.002299537183716893,-0.0011951000896325281,-0.0011951000896325281,0,1.0,4.2380356312324725,6694.0,False,1.0,-0.0011951000896325281
2023-05-23 14:10:00,0.0018340351525694132,0.0014956625785222943,0.0014956625785222943,0,1.0,4.239531293810995,6686.0,False,1.0,0.0014956625785222943
2023-05-23 14:55:00,0.004043987020850182,-0.002389486260453988,-0.002389486260453988,0,1.0,4.2371418075505405,6696.0,False,1.0,-0.002389486260453988
2023-05-23 21:35:00,0.003685859963297844,-0.0008982035928143395,-0.0008982035928143395,0,1.0,4.2362436039577265,6680.0,False,1.0,-0.0008982035928143395
2023-05-24 09:40:00,0.0024644657969474792,0.007791429427629559,0.007791429427629559,0,1.0,4.244035033385355,6674.0,False,1.0,0.007791429427629559
2023-05-24 10:40:00,0.0021544015035033226,-0.005649717514124242,-0.005649717514124242,0,1.0,4.2383853158712315,6726.0,False,1.0,-0.005649717514124242
2023-05-24 11:25:00,0.004621921107172966,0.00508373205741619,0.00508373205741619,0,1.0,4.243469047928648,6688.0,False,1.0,0.00508373205741619
2023-05-24 14:10:00,0.004446313716471195,-0.0038678964593871212,-0.0038678964593871212,0,1.0,4.239601151469261,6722.0,False,1.0,-0.0038678964593871212
2023-05-24 14:55:00,0.0030207799281924963,-0.012843488649940227,-0.012843488649940227,0,1.0,4.22675766281932,6696.0,False,1.0,-0.012843488649940227
2023-05-24 21:35:00,0.004604286514222622,0.0036308623298033638,0.0036308623298033638,0,1.0,4.230388525149124,6610.0,False,1.0,0.0036308623298033638
2023-05-25 09:40:00,0.0028993163723498583,0.0030147723846849495,0.0030147723846849495,0,1.0,4.233403297533808,6634.0,False,1.0,0.0030147723846849495
2023-05-25 10:40:00,0.0037978477776050568,0.0069131349564171,0.0069131349564171,0,1.0,4.240316432490226,6654.0,False,1.0,0.0069131349564171
2023-05-25 11:25:00,0.0043639736250042915,-0.004179104477611939,-0.004179104477611939,0,1.0,4.236137328012614,6700.0,False,1.0,-0.004179104477611939
2023-05-25 14:10:00,0.00452565448358655,-0.0026978417266186883,-0.0026978417266186883,0,1.0,4.233439486285995,6672.0,False,1.0,-0.0026978417266186883
2023-05-25 14:55:00,0.0042486172169446945,0.00931770363691009,0.00931770363691009,0,1.0,4.242757189922905,6654.0,False,1.0,0.00931770363691009
2023-05-25 21:35:00,0.004549172706902027,0.016378796902918324,0.016378796902918324,0,1.0,4.259135986825823,6716.0,False,1.0,0.016378796902918324
2023-05-26 09:40:00,0.003817360382527113,0.00029299736302368373,0.00029299736302368373,0,1.0,4.2594289841888475,6826.0,False,1.0,0.00029299736302368373
2023-05-26 10:40:00,0.004296744242310524,-0.00205038078500297,-0.00205038078500297,0,1.0,4.257378603403844,6828.0,False,1.0,-0.00205038078500297
2023-05-26 11:25:00,0.0029732799157500267,-0.0005870267097153326,-0.0005870267097153326,0,1.0,4.256791576694129,6814.0,False,1.0,-0.0005870267097153326
2023-05-26 14:10:00,0.003200337290763855,-0.002643171806167355,-0.002643171806167355,0,1.0,4.254148404887962,6810.0,False,1.0,-0.002643171806167355
2023-05-26 14:55:00,0.003994034603238106,0.002355712603062443,0.002355712603062443,0,1.0,4.2565041174910245,6792.0,False,1.0,0.002355712603062443
2023-05-26 21:35:00,0.001809942303225398,-0.003231492361927102,-0.003231492361927102,0,1.0,4.253272625129097,6808.0,False,1.0,-0.003231492361927102
2023-05-29 09:40:00,0.0008602887974120677,-0.008841732979664063,-0.008841732979664063,0,1.0,4.244430892149433,6786.0,False,1.0,-0.008841732979664063
2023-05-29 10:40:00,-0.0003343475691508502,0.005649717514124353,0.005649717514124353,0,1.0,4.2500806096635575,6726.0,False,0.0,0.005649717514124353
2023-05-29 11:25:00,-0.0006117572193033993,-0.008574807806031925,-0.0,1,0.0,4.2500806096635575,6764.0,False,0.0,-0.008574807806031925
2023-05-29 14:10:00,0.0039056509267538786,0.0032806441992245805,0.0,1,0.0,4.2500806096635575,6706.0,False,1.0,0.0032806441992245805
2023-05-29 14:55:00,0.0020907262805849314,-0.003864447086801448,-0.003864447086801448,1,1.0,4.246216162576756,6728.0,False,1.0,-0.003864447086801448
2023-05-30 09:40:00,0.0022031681146472692,-0.0023873470605789704,-0.0023873470605789704,1,1.0,4.243828815516177,6702.0,False,1.0,-0.0023873470605789704
2023-05-30 10:40:00,0.0015524599002674222,-0.002393060125635671,-0.002393060125635671,0,1.0,4.241435755390541,6686.0,False,1.0,-0.002393060125635671
2023-05-30 11:25:00,0.000960964651312679,-0.006296851574212892,-0.006296851574212892,0,1.0,4.2351389038163285,6670.0,False,1.0,-0.006296851574212892
2023-05-30 14:10:00,0.002189221093431115,-0.003922751961375925,-0.003922751961375925,0,1.0,4.2312161518549525,6628.0,False,1.0,-0.003922751961375925
2023-05-30 14:55:00,0.0014077951200306416,-0.0021205695243865508,-0.0021205695243865508,0,1.0,4.229095582330566,6602.0,False,1.0,-0.0021205695243865508
2023-05-30 21:35:00,0.0008241050527431071,-0.022768670309653904,-0.022768670309653904,0,1.0,4.206326912020912,6588.0,False,1.0,-0.022768670309653904
2023-05-31 09:40:00,0.0011971906060352921,-0.008077042559801129,-0.008077042559801129,0,1.0,4.198249869461111,6438.0,False,1.0,-0.008077042559801129
2023-05-31 10:40:00,0.0010017307940870523,-0.004071406201064831,-0.004071406201064831,0,1.0,4.194178463260046,6386.0,False,1.0,-0.004071406201064831
2023-05-31 11:25:00,0.001447887159883976,-0.0015723270440252124,-0.0015723270440252124,0,1.0,4.192606136216021,6360.0,False,1.0,-0.0015723270440252124
2023-05-31 14:10:00,0.002066613407805562,-0.0006299212598425141,-0.0006299212598425141,0,1.0,4.191976214956178,6350.0,False,1.0,-0.0006299212598425141
2023-05-31 14:55:00,0.0011991069186478853,-0.0009454774661203924,-0.0009454774661203924,0,1.0,4.191030737490058,6346.0,False,1.0,-0.0009454774661203924
2023-05-31 21:35:00,0.0015687902923673391,-0.0006309148264984632,-0.0006309148264984632,0,1.0,4.19039982266356,6340.0,False,1.0,-0.0006309148264984632
2023-06-01 09:40:00,0.001002201926894486,-0.0022095959595959114,-0.0022095959595959114,0,1.0,4.188190226703964,6336.0,False,1.0,-0.0022095959595959114
2023-06-01 10:40:00,0.0016934778541326523,0.00790888959190128,0.00790888959190128,0,1.0,4.196099116295865,6322.0,False,1.0,0.00790888959190128
2023-06-01 11:25:00,0.0017357796896249056,0.005335844318895111,0.005335844318895111,0,1.0,4.20143496061476,6372.0,False,1.0,0.005335844318895111
2023-06-01 14:10:00,0.002287869341671467,-0.0037464876678113823,-0.0037464876678113823,0,1.0,4.197688472946949,6406.0,False,1.0,-0.0037464876678113823
2023-06-01 14:55:00,0.0029541542753577232,0.002193669696020084,0.002193669696020084,0,1.0,4.199882142642968,6382.0,False,1.0,0.002193669696020084
2023-06-01 21:35:00,0.00474846176803112,0.0018761726078799779,0.0018761726078799779,0,1.0,4.201758315250848,6396.0,False,1.0,0.0018761726078799779
2023-06-02 09:40:00,0.004649144131690264,-0.004993757802746579,-0.004993757802746579,0,1.0,4.196764557448102,6408.0,False,1.0,-0.004993757802746579
2023-06-02 10:40:00,0.004866890609264374,0.01035131744040152,0.01035131744040152,0,1.0,4.207115874888503,6376.0,False,1.0,0.01035131744040152
2023-06-02 11:25:00,0.006198415067046881,0.006519714374417784,0.006519714374417784,0,1.0,4.213635589262921,6442.0,False,1.0,0.006519714374417784
2023-06-02 14:10:00,0.006169749423861504,0.0006169031462059937,0.0006169031462059937,0,1.0,4.214252492409127,6484.0,False,1.0,0.0006169031462059937
2023-06-02 14:55:00,0.005996551364660263,-0.002466091245376112,-0.002466091245376112,0,1.0,4.211786401163751,6488.0,False,1.0,-0.002466091245376112
2023-06-02 21:35:00,0.0049881162121891975,0.016687268232385755,0.016687268232385755,0,1.0,4.228473669396136,6472.0,False,1.0,0.016687268232385755
2023-06-05 09:40:00,0.004402246326208115,-0.0075987841945288626,-0.0075987841945288626,0,1.0,4.220874885201607,6580.0,False,1.0,-0.0075987841945288626
2023-06-05 10:40:00,0.004489123821258545,-0.003675344563552785,-0.003675344563552785,0,1.0,4.217199540638054,6530.0,False,1.0,-0.003675344563552785
2023-06-05 11:25:00,0.005379838403314352,-0.0006148170919151319,-0.0006148170919151319,0,1.0,4.21658472354614,6506.0,False,1.0,-0.0006148170919151319
2023-06-05 14:10:00,0.00618426688015461,0.0009227929867732243,0.0009227929867732243,0,1.0,4.217507516532913,6502.0,False,1.0,0.0009227929867732243
2023-06-05 14:55:00,0.004503458738327026,-0.011063306699446884,-0.011063306699446884,0,1.0,4.206444209833466,6508.0,False,1.0,-0.011063306699446884
2023-06-06 09:40:00,0.004024682566523552,0.004661280298321913,0.004661280298321913,0,1.0,4.2111054901317875,6436.0,False,1.0,0.004661280298321913
2023-06-06 10:40:00,0.0024970248341560364,0.007732755954222181,0.007732755954222181,0,1.0,4.21883824608601,6466.0,False,1.0,0.007732755954222181
2023-06-06 11:25:00,0.0025556334294378757,0.008594229588704705,0.008594229588704705,0,1.0,4.227432475674715,6516.0,False,1.0,0.008594229588704705
2023-06-06 14:10:00,0.004102352075278759,-0.00395617772367618,-0.00395617772367618,0,1.0,4.223476297951039,6572.0,False,1.0,-0.00395617772367618
2023-06-06 14:55:00,0.003066824749112129,-0.00702719217842962,-0.00702719217842962,0,1.0,4.216449105772609,6546.0,False,1.0,-0.00702719217842962
2023-06-06 21:35:00,0.0018814081558957696,0.002461538461538515,0.002461538461538515,0,1.0,4.218910644234148,6500.0,False,1.0,0.002461538461538515
2023-06-07 09:40:00,0.002389892702922225,0.0015346838551257846,0.0015346838551257846,0,1.0,4.220445328089274,6516.0,False,1.0,0.0015346838551257846
2023-06-07 10:40:00,0.003758651204407215,-0.001225865767698453,-0.001225865767698453,0,1.0,4.2192194623215755,6526.0,False,1.0,-0.001225865767698453
2023-06-07 11:25:00,0.002759150927886367,-0.006136851795029097,-0.006136851795029097,0,1.0,4.213082610526547,6518.0,False,1.0,-0.006136851795029097
2023-06-07 14:10:00,0.004272487945854664,0.0003087372645877995,0.0003087372645877995,0,1.0,4.213391347791134,6478.0,False,1.0,0.0003087372645877995
2023-06-07 14:55:00,0.0020581050775945187,-0.004012345679012319,-0.004012345679012319,0,1.0,4.209379002112122,6480.0,False,1.0,-0.004012345679012319
2023-06-07 21:35:00,0.002113002585247159,0.001859312054539819,0.001859312054539819,0,1.0,4.211238314166661,6454.0,False,1.0,0.001859312054539819
2023-06-08 09:40:00,0.0025408936198800802,0.0003093102381688251,0.0003093102381688251,0,1.0,4.21154762440483,6466.0,False,1.0,0.0003093102381688251
2023-06-08 10:40:00,0.0021941924933344126,-0.0037105751391465214,-0.0037105751391465214,0,1.0,4.2078370492656845,6468.0,False,1.0,-0.0037105751391465214
2023-06-08 11:25:00,0.0010346346534788609,-0.0009310986964617962,-0.0009310986964617962,0,1.0,4.206905950569222,6444.0,False,1.0,-0.0009310986964617962
2023-06-08 14:10:00,0.0007915050373412669,-0.004038521279900564,-0.004038521279900564,0,1.0,4.202867429289322,6438.0,False,1.0,-0.004038521279900564
2023-06-08 14:55:00,0.003527842229232192,0.005302557704304434,0.005302557704304434,0,1.0,4.208169986993626,6412.0,False,1.0,0.005302557704304434
2023-06-08 21:35:00,0.0024228713009506464,0.004033509152963077,0.004033509152963077,0,1.0,4.212203496146589,6446.0,False,1.0,0.004033509152963077
2023-06-09 09:40:00,0.002198407193645835,0.01266996291718181,0.01266996291718181,0,1.0,4.224873459063771,6472.0,False,1.0,0.01266996291718181
2023-06-09 10:40:00,0.004250152036547661,0.005797985962770813,0.005797985962770813,0,1.0,4.230671445026542,6554.0,False,1.0,0.005797985962770813
2023-06-09 11:25:00,0.004354743752628565,0.009708737864077666,0.009708737864077666,0,1.0,4.24038018289062,6592.0,False,1.0,0.009708737864077666
2023-06-09 14:10:00,0.004160870797932148,-0.0030048076923077094,-0.0030048076923077094,0,1.0,4.237375375198312,6656.0,False,1.0,-0.0030048076923077094
2023-06-09 14:55:00,0.0034966208040714264,0.0009041591320071429,0.0009041591320071429,0,1.0,4.238279534330319,6636.0,False,1.0,0.0009041591320071429
2023-06-09 21:35:00,0.0008149138302542269,0.010237880156579449,0.010237880156579449,0,1.0,4.248517414486899,6642.0,False,1.0,0.010237880156579449
2023-06-12 09:40:00,0.0004243665898684412,-0.009239940387481327,-0.009239940387481327,0,1.0,4.239277474099417,6710.0,False,1.0,-0.009239940387481327
2023-06-12 10:40:00,0.0005998076521791518,-0.006618531889289958,-0.006618531889289958,0,1.0,4.2326589422101275,6648.0,False,1.0,-0.006618531889289958
2023-06-12 11:25:00,-0.0004901493084616959,0.0006056935190792423,0.0006056935190792423,0,1.0,4.233264635729206,6604.0,False,0.0,0.0006056935190792423
2023-06-12 14:10:00,0.0004133971524424851,-0.006053268765133124,-0.0,1,0.0,4.233264635729206,6608.0,False,0.0,-0.006053268765133124
2023-06-12 14:55:00,0.00021100732556078583,-0.0036540803897685548,-0.0,1,0.0,4.233264635729206,6568.0,False,0.0,-0.0036540803897685548
2023-06-13 09:40:00,0.000490084697958082,0.005195599022004949,0.0,0,0.0,4.233264635729206,6544.0,False,0.0,0.005195599022004949
2023-06-13 10:40:00,3.751923213712871e-05,0.0003040437823047526,0.0,0,0.0,4.233264635729206,6578.0,False,0.0,0.0003040437823047526
2023-06-13 11:25:00,0.0005964561714790761,0.002431610942249307,0.0,0,0.0,4.233264635729206,6580.0,False,0.0,0.002431610942249307
2023-06-13 14:10:00,0.0017033894546329975,-0.0009096422073984201,-0.0,0,0.0,4.233264635729206,6596.0,False,0.0,-0.0009096422073984201
2023-06-13 14:55:00,0.002456383313983679,0.004855842185129022,0.0,0,0.0,4.233264635729206,6590.0,False,1.0,0.004855842185129022
2023-06-13 21:35:00,0.0021968698129057884,0.008456659619450413,0.008456659619450413,0,1.0,4.241721295348658,6622.0,False,1.0,0.008456659619450413
2023-06-14 09:40:00,0.0012827060418203473,0.004791853848457706,0.004791853848457706,0,1.0,4.246513149197115,6678.0,False,1.0,0.004791853848457706
2023-06-14 10:40:00,0.0016301251016557217,0.006557377049180246,0.006557377049180246,0,1.0,4.253070526246296,6710.0,False,1.0,0.006557377049180246
2023-06-14 11:25:00,0.002514633582904935,0.004145691442108301,0.004145691442108301,0,1.0,4.257216217688404,6754.0,False,1.0,0.004145691442108301
2023-06-14 14:10:00,0.0024796847719699144,0.00029489826010031805,0.00029489826010031805,0,1.0,4.257511115948503,6782.0,False,1.0,0.00029489826010031805
2023-06-14 14:55:00,0.0020690136589109898,-0.0026533018867924696,-0.0026533018867924696,0,1.0,4.254857814061712,6784.0,False,1.0,-0.0026533018867924696
2023-06-14 21:35:00,0.0017783640651032329,-0.0038427431274017376,-0.0038427431274017376,0,1.0,4.25101507093431,6766.0,False,1.0,-0.0038427431274017376
2023-06-15 09:40:00,0.0016647125594317913,-0.003264094955489627,-0.003264094955489627,0,1.0,4.24775097597882,6740.0,False,1.0,-0.003264094955489627
2023-06-15 10:40:00,0.0011162152513861656,0.0023816612086930977,0.0023816612086930977,0,1.0,4.250132637187513,6718.0,False,1.0,0.0023816612086930977
2023-06-15 11:25:00,0.002524352166801691,0.0020790020790020236,0.0020790020790020236,0,1.0,4.252211639266515,6734.0,False,1.0,0.0020790020790020236
2023-06-15 14:10:00,0.000316120742354542,0.011558980438648447,0.011558980438648447,0,1.0,4.263770619705164,6748.0,False,1.0,0.011558980438648447
2023-06-15 14:55:00,0.001756900455802679,-0.0026369762672135977,-0.0026369762672135977,0,1.0,4.26113364343795,6826.0,False,1.0,-0.0026369762672135977
2023-06-15 21:35:00,0.0023004000540822744,0.007931844888366735,0.007931844888366735,0,1.0,4.269065488326317,6808.0,False,1.0,0.007931844888366735
2023-06-16 09:40:00,0.0016628376906737685,0.01952783445059758,0.01952783445059758,0,1.0,4.288593322776914,6862.0,False,1.0,0.01952783445059758
2023-06-16 10:40:00,0.0015163670759648085,0.010863350485992074,0.010863350485992074,0,1.0,4.299456673262906,6996.0,False,1.0,0.010863350485992074
2023-06-16 11:25:00,0.0038521040696650743,0.011595022624434348,0.011595022624434348,0,1.0,4.311051695887341,7072.0,False,1.0,0.011595022624434348
2023-06-16 14:10:00,0.0036076190881431103,0.0016773832820800028,0.0016773832820800028,0,1.0,4.31272907916942,7154.0,False,1.0,0.0016773832820800028
2023-06-16 14:55:00,0.0026900283992290497,-0.0013954786491766624,-0.0013954786491766624,0,1.0,4.311333600520244,7166.0,False,1.0,-0.0013954786491766624
2023-06-16 21:35:00,0.0019698161631822586,0.012017887087758528,0.012017887087758528,0,1.0,4.323351487608003,7156.0,False,1.0,0.012017887087758528
2023-06-19 09:40:00,0.00160387740470469,-0.010218171775752571,-0.010218171775752571,0,1.0,4.31313331583225,7242.0,False,1.0,-0.010218171775752571
2023-06-19 10:40:00,0.002142841462045908,-0.0005580357142856984,-0.0005580357142856984,0,1.0,4.312575280117964,7168.0,False,1.0,-0.0005580357142856984
2023-06-19 11:25:00,0.0016475525917485356,0.006141820212171911,0.006141820212171911,0,1.0,4.318717100330137,7164.0,False,1.0,0.006141820212171911
2023-06-19 14:10:00,0.004002880305051804,0.0019422863485016872,0.0019422863485016872,0,1.0,4.320659386678638,7208.0,False,1.0,0.0019422863485016872
2023-06-19 14:55:00,0.0015358766540884972,0.0002769315978952136,0.0002769315978952136,0,1.0,4.320936318276533,7222.0,False,1.0,0.0002769315978952136
2023-06-20 09:40:00,0.0005834526382386684,0.0008305647840531893,0.0008305647840531893,0,1.0,4.321766883060586,7224.0,False,1.0,0.0008305647840531893
2023-06-20 10:40:00,0.0006537571898661554,0.0008298755186721962,0.0008298755186721962,0,1.0,4.322596758579258,7230.0,False,1.0,0.0008298755186721962
2023-06-20 11:25:00,0.0022505908273160458,0.0005527915975678255,0.0005527915975678255,0,1.0,4.323149550176826,7236.0,False,1.0,0.0005527915975678255
2023-06-20 14:10:00,0.002664537401869893,0.0005524861878452025,0.0005524861878452025,0,1.0,4.323702036364671,7240.0,False,1.0,0.0005524861878452025
2023-06-20 14:55:00,0.002084763254970312,-0.000828271673108727,-0.000828271673108727,0,1.0,4.322873764691563,7244.0,False,1.0,-0.000828271673108727
2023-06-20 21:35:00,1.9156886992277578e-06,-0.006079027355623046,-0.006079027355623046,0,1.0,4.31679473733594,7238.0,False,1.0,-0.006079027355623046
2023-06-21 09:40:00,0.0007659445400349796,-0.026132888518209607,-0.026132888518209607,0,1.0,4.29066184881773,7194.0,False,1.0,-0.026132888518209607
2023-06-21 10:40:00,-0.0003888992650900036,0.0031401655723666266,0.0031401655723666266,0,1.0,4.293802014390097,7006.0,False,0.0,0.0031401655723666266
2023-06-21 11:25:00,0.0014377086190506816,-0.007398975526465512,-0.0,1,0.0,4.293802014390097,7028.0,False,1.0,-0.007398975526465512
2023-06-21 14:10:00,0.0025023689959198236,0.002293577981651307,0.002293577981651307,1,1.0,4.296095592371747,6976.0,False,1.0,0.002293577981651307
2023-06-21 14:55:00,0.0010580657981336117,0.004862700228833061,0.004862700228833061,0,1.0,4.300958292600581,6992.0,False,1.0,0.004862700228833061
2023-06-21 21:35:00,-0.00012991999392397702,0.006262453743239416,0.006262453743239416,0,1.0,4.30722074634382,7026.0,False,0.0,0.006262453743239416
2023-06-26 09:40:00,-0.0004534719919320196,0.008486562942008558,0.0,1,0.0,4.30722074634382,7070.0,False,0.0,0.008486562942008558
2023-06-26 10:40:00,0.00113189616240561,-0.011500701262272095,-0.0,1,0.0,4.30722074634382,7130.0,False,1.0,-0.011500701262272095
2023-06-26 11:25:00,0.0011683040065690875,0.004540295119182858,0.004540295119182858,1,1.0,4.3117610414630025,7048.0,False,1.0,0.004540295119182858
2023-06-26 14:10:00,0.003577498020604253,-0.0025423728813559476,-0.0025423728813559476,1,1.0,4.3092186685816465,7080.0,False,1.0,-0.0025423728813559476
2023-06-26 14:55:00,0.0032597773242741823,0.01642594165958644,0.01642594165958644,0,1.0,4.325644610241233,7062.0,False,1.0,0.01642594165958644
2023-06-27 09:40:00,0.002704446669667959,-0.0016717748676511324,-0.0016717748676511324,0,1.0,4.323972835373582,7178.0,False,1.0,-0.0016717748676511324
2023-06-27 10:40:00,0.0036696053575724363,0.004186435947530098,0.004186435947530098,0,1.0,4.3281592713211126,7166.0,False,1.0,0.004186435947530098
2023-06-27 11:25:00,0.003786355722695589,0.0011117287381878782,0.0011117287381878782,0,1.0,4.3292710000593,7196.0,False,1.0,0.0011117287381878782
2023-06-27 14:10:00,0.004126646555960178,0.005274847307051633,0.005274847307051633,0,1.0,4.334545847366352,7204.0,False,1.0,0.005274847307051633
2023-06-27 14:55:00,0.0023420886136591434,-0.008285004142502106,-0.008285004142502106,0,1.0,4.326260843223849,7242.0,False,1.0,-0.008285004142502106
2023-06-27 21:35:00,0.0005587254418060184,-0.00835421888053467,-0.00835421888053467,0,1.0,4.3179066243433155,7182.0,False,1.0,-0.00835421888053467
2023-06-28 09:40:00,0.00034373218659311533,0.010109519797809607,0.010109519797809607,0,1.0,4.328016144141125,7122.0,False,1.0,0.010109519797809607
2023-06-28 10:40:00,0.002227469813078642,0.006672226855713115,0.006672226855713115,0,1.0,4.334688370996838,7194.0,False,1.0,0.006672226855713115
2023-06-28 11:25:00,0.003022052813321352,0.014084507042253502,0.014084507042253502,0,1.0,4.348772878039091,7242.0,False,1.0,0.014084507042253502
2023-06-28 14:10:00,0.002262464025989175,0.0032679738562091387,0.0032679738562091387,0,1.0,4.3520408518953,7344.0,False,1.0,0.0032679738562091387
2023-06-28 14:55:00,0.002175308531150222,-0.004071661237785018,-0.004071661237785018,0,1.0,4.3479691906575155,7368.0,False,1.0,-0.004071661237785018
2023-06-28 21:35:00,0.002190063474699855,-0.009811937857726938,-0.009811937857726938,0,1.0,4.338157252799788,7338.0,False,1.0,-0.009811937857726938
2023-06-29 09:40:00,0.0021276548504829407,0.004404073768235595,0.004404073768235595,0,1.0,4.342561326568024,7266.0,False,1.0,0.004404073768235595
2023-06-29 10:40:00,0.002890430623665452,-0.0032885722115648663,-0.0032885722115648663,0,1.0,4.339272754356459,7298.0,False,1.0,-0.0032885722115648663
2023-06-29 11:25:00,0.003305396530777216,0.004674182018146844,0.004674182018146844,0,1.0,4.343946936374605,7274.0,False,1.0,0.004674182018146844
2023-06-29 14:10:00,0.001117886509746313,0.0016420361247948545,0.0016420361247948545,0,1.0,4.3455889724994,7308.0,False,1.0,0.0016420361247948545
2023-06-29 14:55:00,0.0012764461571350694,0.0005464480874317612,0.0005464480874317612,0,1.0,4.346135420586832,7320.0,False,1.0,0.0005464480874317612
2023-06-29 21:35:00,0.0013633827911689878,0.0016384489350080855,0.0016384489350080855,0,1.0,4.34777386952184,7324.0,False,1.0,0.0016384489350080855
2023-06-30 09:40:00,0.0005137171829119325,0.005997818974918134,0.005997818974918134,0,1.0,4.353771688496758,7336.0,False,1.0,0.005997818974918134
2023-06-30 10:40:00,0.0025131560396403074,0.003794037940379358,0.003794037940379358,0,1.0,4.357565726437137,7380.0,False,1.0,0.003794037940379358
2023-06-30 11:25:00,0.0030621325131505728,0.0016198704103671524,0.0016198704103671524,0,1.0,4.359185596847505,7408.0,False,1.0,0.0016198704103671524
2023-06-30 14:10:00,0.002178575610741973,-0.0010781671159029171,-0.0010781671159029171,0,1.0,4.358107429731602,7420.0,False,1.0,-0.0010781671159029171
2023-06-30 14:55:00,0.0012305228738114238,-0.005396654074473872,-0.005396654074473872,0,1.0,4.352710775657128,7412.0,False,1.0,-0.005396654074473872
2023-06-30 21:35:00,-5.663862975779921e-05,0.03608247422680422,0.03608247422680422,0,1.0,4.388793249883932,7372.0,False,0.0,0.03608247422680422
2023-07-03 09:40:00,-0.0024518913123756647,0.00995024875621886,0.0,1,0.0,4.388793249883932,7638.0,False,-1.0,0.00995024875621886
2023-07-03 10:40:00,-0.002255870494991541,-0.0033704952035260582,0.0033704952035260582,1,-1.0,4.392163745087458,7714.0,False,-1.0,-0.0033704952035260582
2023-07-03 11:25:00,-0.0018385337898507714,-0.0013007284079084025,0.0013007284079084025,0,-1.0,4.393464473495366,7688.0,False,-1.0,-0.0013007284079084025
2023-07-03 14:10:00,-0.00021409249166026711,0.005209690023443514,-0.005209690023443514,0,-1.0,4.388254783471923,7678.0,False,-1.0,0.005209690023443514
2023-07-03 14:55:00,-0.0012157089076936245,-0.015288934957242817,0.015288934957242817,0,-1.0,4.403543718429166,7718.0,False,-1.0,-0.015288934957242817
2023-07-04 09:40:00,0.0013565877452492714,0.0007894736842104511,-0.0007894736842104511,0,-1.0,4.402754244744955,7600.0,False,0.0,0.0007894736842104511
2023-07-04 10:40:00,0.0012842136202380061,0.0031554036287142484,0.0,1,0.0,4.402754244744955,7606.0,False,1.0,0.0031554036287142484
2023-07-04 11:25:00,0.0012695139739662409,0.001310615989515096,0.001310615989515096,1,1.0,4.40406486073447,7630.0,False,1.0,0.001310615989515096
2023-07-04 14:10:00,0.0026833955198526382,-0.005235602094240788,-0.005235602094240788,0,1.0,4.398829258640229,7640.0,False,1.0,-0.005235602094240788
2023-07-04 14:55:00,-0.0005028421874158084,0.0,0.0,0,1.0,4.398829258640229,7600.0,False,0.0,0.0
2023-07-04 21:35:00,-0.0011791122378781438,0.0028947368421052833,0.0,1,0.0,4.398829258640229,7600.0,False,-1.0,0.0028947368421052833
2023-07-05 09:40:00,-0.0010080679785460234,-0.0015743899239044623,0.0015743899239044623,1,-1.0,4.400403648564134,7622.0,False,-1.0,-0.0015743899239044623
2023-07-05 10:40:00,-0.0015177440363913774,-0.0015768725361366975,0.0015768725361366975,0,-1.0,4.4019805211002705,7610.0,False,-1.0,-0.0015768725361366975
2023-07-05 11:25:00,-0.0005651888204738498,-0.01158199526191106,0.01158199526191106,0,-1.0,4.413562516362182,7598.0,False,-1.0,-0.01158199526191106
2023-07-05 14:10:00,-0.0006017566774971783,0.003195739014647092,-0.003195739014647092,0,-1.0,4.410366777347535,7510.0,False,-1.0,0.003195739014647092
2023-07-05 14:55:00,-0.0007060404750518501,0.005043801433501471,-0.005043801433501471,0,-1.0,4.405322975914033,7534.0,False,-1.0,0.005043801433501471
2023-07-05 21:35:00,-0.00015186281234491616,0.0007923930269413404,-0.0007923930269413404,0,-1.0,4.404530582887092,7572.0,False,-1.0,0.0007923930269413404
2023-07-06 09:40:00,-0.0002531203499529511,-0.0026392187912377407,0.0026392187912377407,0,-1.0,4.40716980167833,7578.0,False,-1.0,-0.0026392187912377407
2023-07-06 10:40:00,-0.0005158880376257002,-0.00211696215930135,0.00211696215930135,0,-1.0,4.409286763837631,7558.0,False,-1.0,-0.00211696215930135
2023-07-06 11:25:00,-0.00048272416461259127,0.0010607265977193858,-0.0010607265977193858,0,-1.0,4.408226037239912,7542.0,False,-1.0,0.0010607265977193858
2023-07-06 14:10:00,0.000760185532271862,0.002913907284768147,-0.002913907284768147,0,-1.0,4.405312129955144,7550.0,False,0.0,0.002913907284768147
2023-07-06 14:55:00,0.0021520634181797504,0.0007923930269413404,0.0,1,0.0,4.405312129955144,7572.0,False,1.0,0.0007923930269413404
2023-07-06 21:35:00,0.0007056411122903228,-0.010556875164951185,-0.010556875164951185,1,1.0,4.3947552547901925,7578.0,False,1.0,-0.010556875164951185
2023-07-07 09:40:00,0.0004558864457067102,-0.00400106695118696,-0.00400106695118696,0,1.0,4.390754187839006,7498.0,False,1.0,-0.00400106695118696
2023-07-07 10:40:00,-5.698182576452382e-05,0.004284949116229342,0.004284949116229342,0,1.0,4.395039136955235,7468.0,False,0.0,0.004284949116229342
2023-07-07 11:25:00,0.0017992522334679961,-0.0016000000000000458,-0.0,1,0.0,4.395039136955235,7500.0,False,1.0,-0.0016000000000000458
2023-07-07 14:10:00,0.0015097077703103423,-0.002136752136752129,-0.002136752136752129,1,1.0,4.392902384818482,7488.0,False,1.0,-0.002136752136752129
2023-07-07 14:55:00,0.0009988542879000306,-0.0010706638115631772,-0.0010706638115631772,0,1.0,4.39183172100692,7472.0,False,1.0,-0.0010706638115631772
2023-07-07 21:35:00,0.00015679975331295282,-0.000803858520900369,-0.000803858520900369,0,1.0,4.39102786248602,7464.0,False,1.0,-0.000803858520900369
2023-07-10 09:40:00,-0.00011216607526876032,-0.0002681684097612935,-0.0002681684097612935,0,1.0,4.390759694076258,7458.0,False,0.0,-0.0002681684097612935
2023-07-10 10:40:00,0.00039600403397344053,-0.008315450643776812,-0.0,1,0.0,4.390759694076258,7456.0,False,0.0,-0.008315450643776812
2023-07-10 11:25:00,0.0009233395685441792,0.0,0.0,1,0.0,4.390759694076258,7394.0,False,1.0,0.0
2023-07-10 14:10:00,0.0008829507860355079,0.011631052204490233,0.011631052204490233,0,1.0,4.402390746280748,7394.0,False,1.0,0.011631052204490233
2023-07-10 14:55:00,0.0026279306039214134,0.02219251336898398,0.02219251336898398,0,1.0,4.424583259649732,7480.0,False,1.0,0.02219251336898398
2023-07-11 09:40:00,0.0018991910619661212,-0.010462987182840666,-0.010462987182840666,0,1.0,4.414120272466891,7646.0,False,1.0,-0.010462987182840666
2023-07-11 10:40:00,0.001874040812253952,0.0005286809410520732,0.0005286809410520732,0,1.0,4.414648953407943,7566.0,False,1.0,0.0005286809410520732
2023-07-11 11:25:00,0.0021602788474410772,-0.0007926023778070945,-0.0007926023778070945,0,1.0,4.4138563510301365,7570.0,False,1.0,-0.0007926023778070945
2023-07-11 14:10:00,0.002538410248234868,-0.005288207297726055,-0.005288207297726055,0,1.0,4.408568143732411,7564.0,False,1.0,-0.005288207297726055
2023-07-11 14:55:00,0.00261577102355659,-0.0005316321105794941,-0.0005316321105794941,0,1.0,4.408036511621831,7524.0,False,1.0,-0.0005316321105794941
2023-07-11 21:35:00,0.0017880286322906613,0.0,0.0,0,1.0,4.408036511621831,7520.0,False,1.0,0.0
2023-07-12 09:40:00,0.0013599261874333024,0.003989361702127603,0.003989361702127603,0,1.0,4.412025873323959,7520.0,False,1.0,0.003989361702127603
2023-07-12 10:40:00,0.002504246309399605,0.0007947019867549088,0.0007947019867549088,0,1.0,4.412820575310714,7550.0,False,1.0,0.0007947019867549088
2023-07-12 11:25:00,0.0019019977189600468,0.0015881418740073538,0.0015881418740073538,0,1.0,4.414408717184721,7556.0,False,1.0,0.0015881418740073538
2023-07-12 14:10:00,0.0021480440627783537,-0.003171247357293905,-0.003171247357293905,0,1.0,4.4112374698274275,7568.0,False,1.0,-0.003171247357293905
2023-07-12 14:55:00,0.0006405014428310096,-0.003711558854718966,-0.003711558854718966,0,1.0,4.4075259109727085,7544.0,False,1.0,-0.003711558854718966
2023-07-12 21:35:00,0.0028045889921486378,0.0029270888770622783,0.0029270888770622783,0,1.0,4.41045299984977,7516.0,False,1.0,0.0029270888770622783
2023-07-13 09:40:00,0.001403891947120428,-0.01644998673388165,-0.01644998673388165,0,1.0,4.394003013115889,7538.0,False,1.0,-0.01644998673388165
2023-07-13 10:40:00,-0.00010640571417752653,0.0005395198273536739,0.0005395198273536739,0,1.0,4.394542532943243,7414.0,False,0.0,0.0005395198273536739
2023-07-13 11:25:00,0.0007422564085572958,-0.0002696144513345544,-0.0,1,0.0,4.394542532943243,7418.0,False,1.0,-0.0002696144513345544
2023-07-13 14:10:00,0.0007629306055605412,0.0005393743257819938,0.0005393743257819938,1,1.0,4.395081907269025,7416.0,False,1.0,0.0005393743257819938
2023-07-13 14:55:00,0.0002884817367885262,0.0016172506738545422,0.0016172506738545422,0,1.0,4.396699157942879,7420.0,False,1.0,0.0016172506738545422
2023-07-13 21:35:00,0.0007237136014737189,0.009418729817007643,0.009418729817007643,0,1.0,4.406117887759887,7432.0,False,1.0,0.009418729817007643
2023-07-14 09:40:00,0.00017291761469095945,0.013596374300186564,0.013596374300186564,0,1.0,4.419714262060074,7502.0,False,1.0,0.013596374300186564
2023-07-14 10:40:00,0.0014372672885656357,0.0007890583903209514,0.0007890583903209514,0,1.0,4.420503320450394,7604.0,False,1.0,0.0007890583903209514
2023-07-14 11:25:00,0.0013581321109086275,0.0026281208935610145,0.0026281208935610145,0,1.0,4.423131441343955,7610.0,False,1.0,0.0026281208935610145
2023-07-14 14:10:00,0.0010612931801006198,-0.003669724770642202,-0.003669724770642202,0,1.0,4.419461716573313,7630.0,False,1.0,-0.003669724770642202
2023-07-14 14:55:00,-0.001048705424182117,-0.01210207840042099,-0.01210207840042099,0,1.0,4.407359638172892,7602.0,False,0.0,-0.01210207840042099
2023-07-14 21:35:00,0.002300887368619442,-0.0005326231691078487,-0.0,1,0.0,4.407359638172892,7510.0,False,1.0,-0.0005326231691078487
2023-07-17 09:40:00,0.002293966943398118,-0.004529709565680773,-0.004529709565680773,1,1.0,4.402829928607211,7506.0,False,1.0,-0.004529709565680773
2023-07-17 10:40:00,0.0015458306297659874,0.009100642398286896,0.009100642398286896,0,1.0,4.411930571005499,7472.0,False,1.0,0.009100642398286896
2023-07-17 11:25:00,0.0012974604032933712,0.005039787798408524,0.005039787798408524,0,1.0,4.4169703588039075,7540.0,False,1.0,0.005039787798408524
2023-07-17 14:10:00,0.0003138897009193897,0.0021113750329901926,0.0021113750329901926,0,1.0,4.419081733836897,7578.0,False,1.0,0.0021113750329901926
2023-07-17 14:55:00,-0.0006527326768264174,0.00026336581511721135,0.00026336581511721135,0,1.0,4.4193450996520145,7594.0,False,0.0,0.00026336581511721135
2023-07-18 09:40:00,0.0010090211872011423,0.003422854133754649,0.0,1,0.0,4.4193450996520145,7596.0,False,1.0,0.003422854133754649
2023-07-18 10:40:00,0.0003962974878959358,0.002623983206507585,0.002623983206507585,1,1.0,4.4219690828585225,7622.0,False,1.0,0.002623983206507585
2023-07-18 11:25:00,0.0002124388556694612,0.002617115938235992,0.002617115938235992,0,1.0,4.424586198796758,7642.0,False,1.0,0.002617115938235992
2023-07-18 14:10:00,0.0015235079918056726,-0.012007308796658789,-0.012007308796658789,0,1.0,4.412578890000099,7662.0,False,1.0,-0.012007308796658789
2023-07-18 14:55:00,-0.0005441652610898018,-0.0007926023778070945,-0.0007926023778070945,0,1.0,4.411786287622292,7570.0,False,0.0,-0.0007926023778070945
2023-07-18 21:35:00,-0.00040374931995756924,0.0026441036488631386,0.0,1,0.0,4.411786287622292,7564.0,False,0.0,0.0026441036488631386
2023-07-19 09:40:00,-0.00041414095903746784,0.012921940928270148,0.0,1,0.0,4.411786287622292,7584.0,False,0.0,0.012921940928270148
2023-07-19 10:40:00,-0.0005462440312840044,-0.003124186409789065,-0.0,0,0.0,4.411786287622292,7682.0,False,0.0,-0.003124186409789065
2023-07-19 11:25:00,9.1479996626731e-06,-0.0007834943849569509,-0.0,0,0.0,4.411786287622292,7658.0,False,0.0,-0.0007834943849569509
2023-07-19 14:10:00,-0.0006330158212222159,0.002090956612650352,0.0,1,0.0,4.411786287622292,7652.0,False,-1.0,0.002090956612650352
2023-07-19 14:55:00,-0.0005989919882267714,0.0,-0.0,1,-1.0,4.411786287622292,7668.0,False,-1.0,0.0
2023-07-19 21:35:00,-0.0006428161868825555,0.00782472613458518,-0.00782472613458518,0,-1.0,4.403961561487707,7668.0,False,-1.0,0.00782472613458518
2023-07-20 09:40:00,-0.0036883819848299026,0.0036231884057971175,-0.0036231884057971175,0,-1.0,4.40033837308191,7728.0,False,-1.0,0.0036231884057971175
2023-07-20 10:40:00,-0.0017687857616692781,-0.007478081485301713,0.007478081485301713,0,-1.0,4.407816454567212,7756.0,False,-1.0,-0.007478081485301713
2023-07-20 11:25:00,-0.0011845458066090941,0.005455962587685104,-0.005455962587685104,0,-1.0,4.402360491979527,7698.0,False,-1.0,0.005455962587685104
2023-07-20 14:10:00,-0.0003742615517694503,0.00025839793281656753,-0.00025839793281656753,0,-1.0,4.40210209404671,7740.0,False,-1.0,0.00025839793281656753
2023-07-20 14:55:00,-0.0007518617203459144,-0.0005166623611470023,0.0005166623611470023,0,-1.0,4.402618756407858,7742.0,False,-1.0,-0.0005166623611470023
2023-07-20 21:35:00,-0.0007217215606942773,-0.00025846471956580963,0.00025846471956580963,0,-1.0,4.402877221127423,7738.0,False,-1.0,-0.00025846471956580963
2023-07-21 09:40:00,-0.0016728203045204282,0.0018097207859357756,-0.0018097207859357756,0,-1.0,4.401067500341488,7736.0,False,-1.0,0.0018097207859357756
2023-07-21 10:40:00,-0.001095471903681755,-0.0002580645161290862,0.0002580645161290862,0,-1.0,4.401325564857617,7750.0,False,-1.0,-0.0002580645161290862
2023-07-21 11:25:00,-0.001642329036258161,-0.003355704697986628,0.003355704697986628,0,-1.0,4.404681269555603,7748.0,False,-1.0,-0.003355704697986628
2023-07-21 14:10:00,0.000661014171782881,-0.004662004662004615,0.004662004662004615,0,-1.0,4.409343274217608,7722.0,False,0.0,-0.004662004662004615
2023-07-21 14:55:00,0.0023194265086203814,-0.0031225604996096834,-0.0,1,0.0,4.409343274217608,7686.0,False,1.0,-0.0031225604996096834
2023-07-21 21:35:00,0.0010487434919923544,-0.004698512137823019,-0.004698512137823019,1,1.0,4.404644762079785,7662.0,False,1.0,-0.004698512137823019
2023-07-24 09:40:00,0.0011277174344286323,-0.00996590611067405,-0.00996590611067405,0,1.0,4.394678855969111,7626.0,False,1.0,-0.00996590611067405
2023-07-24 10:40:00,-0.00044991401955485344,-0.00026490066225171027,-0.00026490066225171027,0,1.0,4.394413955306859,7550.0,False,0.0,-0.00026490066225171027
2023-07-24 11:25:00,-0.0005679317400790751,0.003444621091679867,0.0,1,0.0,4.394413955306859,7548.0,False,0.0,0.003444621091679867
2023-07-24 14:10:00,0.0008939822437241673,-0.004224980195405292,-0.0,1,0.0,4.394413955306859,7574.0,False,1.0,-0.004224980195405292
2023-07-24 14:55:00,0.0003574348520487547,0.015380535666931872,0.015380535666931872,1,1.0,4.40979449097379,7542.0,False,1.0,0.015380535666931872
2023-07-25 09:40:00,0.0015906170010566711,0.006267955079655163,0.006267955079655163,1,1.0,4.416062446053445,7658.0,False,1.0,0.006267955079655163
2023-07-25 10:40:00,0.0022164462134242058,0.0025953802232026035,0.0025953802232026035,0,1.0,4.4186578262766485,7706.0,False,1.0,0.0025953802232026035
2023-07-25 11:25:00,0.0007915927562862635,0.005953921822417829,0.005953921822417829,0,1.0,4.424611748099066,7726.0,False,1.0,0.005953921822417829
2023-07-25 14:10:00,-0.00014361103239934891,-0.006176016469377266,-0.006176016469377266,0,1.0,4.418435731629689,7772.0,False,0.0,-0.006176016469377266
2023-07-25 14:55:00,-0.0002438813535263762,-0.004919730709476933,-0.0,1,0.0,4.418435731629689,7724.0,False,0.0,-0.004919730709476933
2023-07-25 21:35:00,-0.0004339963779784739,0.0002602133749673996,0.0,1,0.0,4.418435731629689,7686.0,False,0.0,0.0002602133749673996
2023-07-26 09:40:00,-0.0008021428948268294,0.0015608740894901274,0.0,0,0.0,4.418435731629689,7688.0,False,-1.0,0.0015608740894901274
2023-07-26 10:40:00,4.640199040295556e-05,0.0002597402597401821,-0.0002597402597401821,0,-1.0,4.4181759913699485,7700.0,False,0.0,0.0002597402597401821
2023-07-26 11:25:00,-0.0012585202930495143,0.010127239678005662,0.0,1,0.0,4.4181759913699485,7702.0,False,-1.0,0.010127239678005662
2023-07-26 14:10:00,-0.0024203804787248373,0.003856041131105492,-0.003856041131105492,1,-1.0,4.414319950238843,7780.0,False,-1.0,0.003856041131105492
2023-07-26 14:55:00,-0.002723244484513998,0.0005121638924456828,-0.0005121638924456828,0,-1.0,4.413807786346397,7810.0,False,-1.0,0.0005121638924456828
2023-07-26 21:35:00,-0.002750442596152425,-0.00025595085743534973,0.00025595085743534973,0,-1.0,4.414063737203833,7814.0,False,-1.0,-0.00025595085743534973
2023-07-27 09:40:00,-0.0037176725454628468,-0.0025601638504864077,0.0025601638504864077,0,-1.0,4.416623901054319,7812.0,False,-1.0,-0.0025601638504864077
2023-07-27 10:40:00,-0.0030750371515750885,-0.0056468172484599455,0.0056468172484599455,0,-1.0,4.422270718302779,7792.0,False,-1.0,-0.0056468172484599455
2023-07-27 11:25:00,-0.002713152440264821,-0.003355704697986628,0.003355704697986628,0,-1.0,4.425626423000766,7748.0,False,-1.0,-0.003355704697986628
2023-07-27 14:10:00,-0.001579325064085424,0.00440300440300434,-0.00440300440300434,0,-1.0,4.421223418597761,7722.0,False,-1.0,0.00440300440300434
2023-07-27 14:55:00,-0.0005267486558295786,-0.003094378545642096,0.003094378545642096,0,-1.0,4.424317797143403,7756.0,False,-1.0,-0.003094378545642096
2023-07-27 21:35:00,-0.001471704337745905,-0.007242628039317078,0.007242628039317078,0,-1.0,4.43156042518272,7732.0,False,-1.0,-0.007242628039317078
2023-07-28 09:40:00,-0.000646324479021132,-0.004168837936425196,0.004168837936425196,0,-1.0,4.435729263119145,7676.0,False,-1.0,-0.004168837936425196
2023-07-28 10:40:00,-0.0005849518929608166,-0.00784929356357933,0.00784929356357933,0,-1.0,4.443578556682725,7644.0,False,-1.0,-0.00784929356357933
2023-07-28 11:25:00,0.0009914763504639268,0.0029008438818565185,-0.0029008438818565185,0,-1.0,4.440677712800868,7584.0,False,0.0,0.0029008438818565185
2023-07-28 14:10:00,0.0008114659576676786,0.0013147515119642517,0.0,1,0.0,4.440677712800868,7606.0,False,1.0,0.0013147515119642517
2023-07-28 14:55:00,0.0002078225661534816,0.0034138655462185863,0.0034138655462185863,1,1.0,4.444091578347087,7616.0,False,1.0,0.0034138655462185863
2023-07-28 21:35:00,-0.00015525362687185407,-0.012038733315885897,-0.012038733315885897,0,1.0,4.432052845031201,7642.0,False,0.0,-0.012038733315885897
2023-07-31 09:40:00,5.9451260312926024e-05,-0.004768211920529786,-0.0,1,0.0,4.432052845031201,7550.0,False,0.0,-0.004768211920529786
2023-07-31 10:40:00,-0.00027139493613503873,-0.005323396326856522,-0.0,1,0.0,4.432052845031201,7514.0,False,0.0,-0.005323396326856522
2023-07-31 11:25:00,-0.0010154311312362552,-0.0018731602890018628,-0.0,1,0.0,4.432052845031201,7474.0,False,-1.0,-0.0018731602890018628
2023-07-31 14:10:00,0.0006863588932901621,-0.00214477211796249,0.00214477211796249,1,-1.0,4.434197617149163,7460.0,False,0.0,-0.00214477211796249
2023-07-31 14:55:00,-0.00041217770194634795,0.000806018269747355,0.0,1,0.0,4.434197617149163,7444.0,False,0.0,0.000806018269747355
2023-08-01 09:40:00,-0.0016686934977769852,0.00026845637583883253,0.0,1,0.0,4.434197617149163,7450.0,False,-1.0,0.00026845637583883253
2023-08-01 10:40:00,-0.0005822081002406776,-0.0008051529790660261,0.0008051529790660261,0,-1.0,4.4350027701282295,7452.0,False,-1.0,-0.0008051529790660261
2023-08-01 11:25:00,-0.00032656139228492975,0.007789417136717658,-0.007789417136717658,0,-1.0,4.427213352991512,7446.0,False,-1.0,0.007789417136717658
2023-08-01 14:10:00,0.0013469151454046369,0.003997867803837929,-0.003997867803837929,0,-1.0,4.423215485187674,7504.0,False,0.0,0.003997867803837929
2023-08-01 14:55:00,-0.00030575913842767477,0.006636580833554451,0.0,1,0.0,4.423215485187674,7534.0,False,0.0,0.006636580833554451
2023-08-01 21:35:00,-0.0004013142315670848,-0.007383966244725704,-0.0,1,0.0,4.423215485187674,7584.0,False,0.0,-0.007383966244725704
2023-08-02 09:40:00,-0.0004924150998704135,0.01381509032943673,0.0,0,0.0,4.423215485187674,7528.0,False,-1.0,0.01381509032943673
2023-08-02 10:40:00,0.0020107559394091368,0.0013102725366875845,-0.0013102725366875845,0,-1.0,4.421905212650986,7632.0,False,0.0,0.0013102725366875845
2023-08-02 11:25:00,0.0026255056727677584,0.0007851347814709086,0.0,1,0.0,4.421905212650986,7642.0,False,1.0,0.0007851347814709086
2023-08-02 14:10:00,0.0030903525184839964,-0.0005230125523012497,-0.0005230125523012497,1,1.0,4.4213822000986855,7648.0,False,1.0,-0.0005230125523012497
2023-08-02 14:55:00,0.003835340728983283,0.0023547880690737433,0.0023547880690737433,0,1.0,4.423736988167759,7644.0,False,1.0,0.0023547880690737433
2023-08-02 21:35:00,0.003068232676014304,-0.010441138084051116,-0.010441138084051116,0,1.0,4.413295850083708,7662.0,False,1.0,-0.010441138084051116
2023-08-03 09:40:00,0.001024551223963499,0.002637826431020729,0.002637826431020729,0,1.0,4.415933676514729,7582.0,False,1.0,0.002637826431020729
2023-08-03 10:40:00,0.0014861138770356774,-0.00105235464351483,-0.00105235464351483,0,1.0,4.4148813218712135,7602.0,False,1.0,-0.00105235464351483
2023-08-03 11:25:00,-0.00021144528000149876,-0.005530682117461105,-0.005530682117461105,0,1.0,4.409350639753752,7594.0,False,0.0,-0.005530682117461105
2023-08-03 14:10:00,-0.00046330521581694484,-0.007415254237288171,-0.0,1,0.0,4.409350639753752,7552.0,False,-1.0,-0.007415254237288171
2023-08-03 14:55:00,0.0011888376902788877,-0.008804695837780097,0.008804695837780097,1,-1.0,4.418155335591533,7496.0,False,0.0,-0.008804695837780097
2023-08-03 21:35:00,0.001697615021839738,0.0016150740242260042,0.0,1,0.0,4.418155335591533,7430.0,False,1.0,0.0016150740242260042
2023-08-04 09:40:00,0.0014830000000074506,0.022037086804622463,0.022037086804622463,1,1.0,4.440192422396155,7442.0,False,1.0,0.022037086804622463
2023-08-04 10:40:00,0.0017462557880207896,-0.0042072048382855165,-0.0042072048382855165,0,1.0,4.435985217557869,7606.0,False,1.0,-0.0042072048382855165
2023-08-04 11:25:00,0.0025614018086344004,0.00026406126221290016,0.00026406126221290016,0,1.0,4.436249278820083,7574.0,False,1.0,0.00026406126221290016
2023-08-04 14:10:00,0.0019014490535482764,-0.0055438225976768285,-0.0055438225976768285,0,1.0,4.430705456222405,7576.0,False,1.0,-0.0055438225976768285
2023-08-04 14:55:00,0.002214837586507201,0.0,0.0,0,1.0,4.430705456222405,7534.0,False,1.0,0.0
2023-08-04 21:35:00,0.0007585129351355135,0.004247411733474982,0.004247411733474982,0,1.0,4.4349528679558805,7534.0,False,1.0,0.004247411733474982
2023-08-07 09:40:00,0.0012773582711815834,0.001321702352630183,0.001321702352630183,0,1.0,4.436274570308511,7566.0,False,1.0,0.001321702352630183
2023-08-07 10:40:00,0.00047813012497499585,-0.007655755015839483,-0.007655755015839483,0,1.0,4.428618815292671,7576.0,False,1.0,-0.007655755015839483
2023-08-07 11:25:00,0.0012318750377744436,0.0002660281989890212,0.0002660281989890212,0,1.0,4.428884843491661,7518.0,False,1.0,0.0002660281989890212
2023-08-07 14:10:00,0.0005705076619051397,-0.006382978723404209,-0.006382978723404209,0,1.0,4.422501864768257,7520.0,False,1.0,-0.006382978723404209
2023-08-07 14:55:00,0.0012152581475675106,-0.005620985010706625,-0.005620985010706625,0,1.0,4.416880879757549,7472.0,False,1.0,-0.005620985010706625
2023-08-08 09:40:00,0.0002654329582583159,0.00026917900403766737,0.00026917900403766737,0,1.0,4.417150058761587,7430.0,False,1.0,0.00026917900403766737
2023-08-08 10:40:00,-0.0001994937629206106,-0.013455328310010728,-0.013455328310010728,0,1.0,4.403694730451576,7432.0,False,0.0,-0.013455328310010728
2023-08-08 11:25:00,-0.00014671628014184535,0.0013638843426078129,0.0,1,0.0,4.403694730451576,7332.0,False,0.0,0.0013638843426078129
2023-08-08 14:10:00,0.0010308835189789534,-0.0024516480523018025,-0.0,1,0.0,4.403694730451576,7342.0,False,1.0,-0.0024516480523018025
2023-08-08 14:55:00,0.0011434640036895871,0.0035499726925176667,0.0035499726925176667,1,1.0,4.4072447031440944,7324.0,False,1.0,0.0035499726925176667
2023-08-08 21:35:00,0.0005059675313532352,-0.011428571428571455,-0.011428571428571455,1,1.0,4.395816131715523,7350.0,False,1.0,-0.011428571428571455
2023-08-09 09:40:00,0.002492528175935149,0.0,0.0,0,1.0,4.395816131715523,7266.0,True,1.0,0.00880814753647119
2023-08-09 10:40:00,0.00212339055724442,-0.00027285129604370795,-0.00027285129604370795,0,1.0,4.39554328041948,7330.0,False,1.0,-0.00027285129604370795
2023-08-09 11:25:00,0.0038192044012248516,0.0005458515283842669,0.0005458515283842669,0,1.0,4.396089131947863,7328.0,False,1.0,0.0005458515283842669
2023-08-09 14:10:00,0.0034325611777603626,0.004637206764866342,0.004637206764866342,0,1.0,4.40072633871273,7332.0,False,1.0,0.004637206764866342
2023-08-09 14:55:00,0.004940502345561981,0.003801248981808225,0.003801248981808225,0,1.0,4.404527587694538,7366.0,False,1.0,0.003801248981808225
2023-08-09 21:35:00,0.004744634032249451,0.00135244793075473,0.00135244793075473,0,1.0,4.405880035625293,7394.0,False,1.0,0.00135244793075473
2023-08-10 09:40:00,0.0049796393141150475,-0.004862236628849326,-0.004862236628849326,0,1.0,4.401017798996444,7404.0,False,1.0,-0.004862236628849326
2023-08-10 10:40:00,0.005383627954870462,-0.001357220412595006,-0.001357220412595006,0,1.0,4.399660578583848,7368.0,False,1.0,-0.001357220412595006
2023-08-10 11:25:00,0.005596042610704899,-0.0027181299266104686,-0.0027181299266104686,0,1.0,4.396942448657239,7358.0,False,1.0,-0.0027181299266104686
2023-08-10 14:10:00,0.003994059283286333,0.005996184246388703,0.005996184246388703,0,1.0,4.402938632903627,7338.0,False,1.0,0.005996184246388703
2023-08-10 14:55:00,0.0051605007611215115,-0.0005418585749119575,-0.0005418585749119575,0,1.0,4.402396774328715,7382.0,False,1.0,-0.0005418585749119575
2023-08-10 21:35:00,0.004802242387086153,-0.0008132285172133269,-0.0008132285172133269,0,1.0,4.401583545811502,7378.0,False,1.0,-0.0008132285172133269
2023-08-11 09:40:00,0.0037156594917178154,0.0005425935973955021,0.0005425935973955021,0,1.0,4.402126139408898,7372.0,False,1.0,0.0005425935973955021
2023-08-11 10:40:00,0.003391170408576727,-0.0056941431670282094,-0.0056941431670282094,0,1.0,4.396431996241869,7376.0,False,1.0,-0.0056941431670282094
2023-08-11 11:25:00,0.0032758975867182016,-0.003272429779111019,-0.003272429779111019,0,1.0,4.393159566462758,7334.0,False,1.0,-0.003272429779111019
2023-08-11 14:10:00,0.003006697865203023,-0.002735978112175075,-0.002735978112175075,0,1.0,4.3904235883505836,7310.0,False,1.0,-0.002735978112175075
2023-08-11 14:55:00,0.002331108320504427,0.0024691358024691024,0.0024691358024691024,0,1.0,4.392892724153053,7290.0,False,1.0,0.0024691358024691024
2023-08-11 21:35:00,0.0014333170838654041,0.0010946907498632363,0.0010946907498632363,0,1.0,4.3939874149029166,7308.0,False,1.0,0.0010946907498632363
2023-08-14 09:40:00,0.0008955205557867885,0.006287588846364045,0.006287588846364045,0,1.0,4.400275003749281,7316.0,False,1.0,0.006287588846364045
2023-08-14 10:40:00,0.0019709595944732428,-0.0008149959250203231,-0.0008149959250203231,0,1.0,4.39946000782426,7362.0,False,1.0,-0.0008149959250203231
2023-08-14 11:25:00,0.002216189866885543,-0.010059815116911341,-0.010059815116911341,0,1.0,4.389400192707349,7356.0,False,1.0,-0.010059815116911341
2023-08-14 14:10:00,0.0036078921984881163,-0.003570447679208999,-0.003570447679208999,0,1.0,4.38582974502814,7282.0,False,1.0,-0.003570447679208999
2023-08-14 14:55:00,0.0030549438670277596,0.0022050716648291946,0.0022050716648291946,0,1.0,4.388034816692969,7256.0,False,1.0,0.0022050716648291946
2023-08-15 09:40:00,0.0020265241619199514,0.012651265126512712,0.012651265126512712,0,1.0,4.400686081819481,7272.0,False,1.0,0.012651265126512712
2023-08-15 10:40:00,0.0026999518740922213,0.006246605105920677,0.006246605105920677,0,1.0,4.406932686925402,7364.0,False,1.0,0.006246605105920677
2023-08-15 11:25:00,0.004079229664057493,0.0032388663967610754,0.0032388663967610754,0,1.0,4.410171553322163,7410.0,False,1.0,0.0032388663967610754
2023-08-15 14:10:00,0.0033192909322679043,0.01049233252623094,0.01049233252623094,0,1.0,4.420663885848394,7434.0,False,1.0,0.01049233252623094
2023-08-15 14:55:00,0.00240495172329247,0.00026624068157610203,0.00026624068157610203,0,1.0,4.42093012652997,7512.0,False,1.0,0.00026624068157610203
2023-08-15 21:35:00,0.0028080155607312918,0.0013308490817141028,0.0013308490817141028,0,1.0,4.4222609756116835,7514.0,False,1.0,0.0013308490817141028
2023-08-16 09:40:00,0.0020720146130770445,-0.0007974481658692412,-0.0007974481658692412,0,1.0,4.421463527445814,7524.0,False,1.0,-0.0007974481658692412
2023-08-16 10:40:00,0.0029776347801089287,0.0005320563979782644,0.0005320563979782644,0,1.0,4.421995583843793,7518.0,False,1.0,0.0005320563979782644
2023-08-16 11:25:00,0.0033428813330829144,0.0015953203935124005,0.0015953203935124005,0,1.0,4.423590904237305,7522.0,False,1.0,0.0015953203935124005
2023-08-16 14:10:00,0.002409256063401699,0.0007963897000264897,0.0007963897000264897,0,1.0,4.424387293937332,7534.0,False,1.0,0.0007963897000264897
2023-08-16 14:55:00,0.0010086798574775457,-0.0015915119363395513,-0.0015915119363395513,0,1.0,4.422795782000993,7540.0,False,1.0,-0.0015915119363395513
2023-08-16 21:35:00,0.0010574058396741748,0.0058448459086077875,0.0058448459086077875,0,1.0,4.4286406279096,7528.0,False,1.0,0.0058448459086077875
2023-08-17 09:40:00,0.0004458127077668905,-0.007659799260433142,-0.007659799260433142,0,1.0,4.420980828649167,7572.0,False,1.0,-0.007659799260433142
2023-08-17 10:40:00,0.0005266002262942493,0.005323396326856633,0.005323396326856633,0,1.0,4.426304224976024,7514.0,False,1.0,0.005323396326856633
2023-08-17 11:25:00,0.0005182399763725698,0.001588562351072298,0.001588562351072298,0,1.0,4.427892787327096,7554.0,False,1.0,0.001588562351072298
2023-08-17 14:10:00,0.00044047299888916314,0.0029077451757864026,0.0029077451757864026,0,1.0,4.430800532502882,7566.0,False,1.0,0.0029077451757864026
2023-08-17 14:55:00,-0.0003110917750746012,0.0010542962572481773,0.0010542962572481773,0,1.0,4.43185482876013,7588.0,False,0.0,0.0010542962572481773
2023-08-17 21:35:00,3.622622898546979e-05,0.0036861506055818616,0.0,1,0.0,4.43185482876013,7596.0,False,0.0,0.0036861506055818616
2023-08-18 09:40:00,5.813210373162292e-05,0.004459601259181545,0.0,1,0.0,4.43185482876013,7624.0,False,0.0,0.004459601259181545
2023-08-18 10:40:00,0.0004149649466853589,-0.004178636719770146,-0.0,0,0.0,4.43185482876013,7658.0,False,0.0,-0.004178636719770146
2023-08-18 11:25:00,0.0009904114995151758,0.0007867820613689513,0.0,0,0.0,4.43185482876013,7626.0,False,0.0,0.0007867820613689513
2023-08-18 14:10:00,0.0004703208396676928,0.0,0.0,0,0.0,4.43185482876013,7632.0,False,0.0,0.0
2023-08-18 14:55:00,0.00041538153891451657,-0.0018343815513627293,-0.0,0,0.0,4.43185482876013,7632.0,False,0.0,-0.0018343815513627293
2023-08-18 21:35:00,-0.0016367214266210794,0.006300866369125746,0.0,0,0.0,4.43185482876013,7618.0,False,-1.0,0.006300866369125746
2023-08-21 09:40:00,-0.0015396642265841365,0.01252282807200622,-0.01252282807200622,1,-1.0,4.419332000688124,7666.0,False,-1.0,0.01252282807200622
2023-08-21 10:40:00,-0.00033457844983786345,-0.007729966503478458,0.007729966503478458,1,-1.0,4.4270619671916025,7762.0,False,-1.0,-0.007729966503478458
2023-08-21 11:25:00,0.0002154098910978064,-0.002077382498052449,0.002077382498052449,0,-1.0,4.429139349689655,7702.0,False,0.0,-0.002077382498052449
2023-08-21 14:10:00,0.0004405929066706449,-0.0028623471246421728,-0.0,1,0.0,4.429139349689655,7686.0,False,0.0,-0.0028623471246421728
2023-08-21 14:55:00,-0.0019788979552686214,-0.0026096033402922547,-0.0,1,0.0,4.429139349689655,7664.0,False,-1.0,-0.0026096033402922547
2023-08-22 09:40:00,-0.002082566265016794,0.0015698587127157548,-0.0015698587127157548,1,-1.0,4.427569490976939,7644.0,False,-1.0,0.0015698587127157548
2023-08-22 10:40:00,-0.002434904919937253,-0.0023510971786834256,0.0023510971786834256,1,-1.0,4.429920588155623,7656.0,False,-1.0,-0.0023510971786834256
2023-08-22 11:25:00,-0.0019451732514426112,-0.0028803351662738397,0.0028803351662738397,0,-1.0,4.432800923321897,7638.0,False,-1.0,-0.0028803351662738397
2023-08-22 14:10:00,-0.0005850913585163653,-0.0010504201680672232,0.0010504201680672232,0,-1.0,4.433851343489964,7616.0,False,-1.0,-0.0010504201680672232
2023-08-22 14:55:00,-0.00041467041592113674,0.001051524710830698,-0.001051524710830698,0,-1.0,4.432799818779133,7608.0,False,-1.0,0.001051524710830698
2023-08-22 21:35:00,-0.0008680166210979223,-0.0002626050420168058,0.0002626050420168058,0,-1.0,4.43306242382115,7616.0,False,-1.0,-0.0002626050420168058
2023-08-23 09:40:00,-0.001819752505980432,-0.012345679012345734,0.012345679012345734,0,-1.0,4.445408102833495,7614.0,False,-1.0,-0.012345679012345734
2023-08-23 10:40:00,-0.0013748678611591458,0.002925531914893531,-0.002925531914893531,0,-1.0,4.442482570918602,7520.0,False,-1.0,0.002925531914893531
2023-08-23 11:25:00,-0.0005890081520192325,0.005568814638027053,-0.005568814638027053,0,-1.0,4.436913756280575,7542.0,False,-1.0,0.005568814638027053
2023-08-23 14:10:00,-0.00030372352921403944,-0.0007911392405063333,0.0007911392405063333,0,-1.0,4.437704895521081,7584.0,False,-1.0,-0.0007911392405063333
2023-08-23 14:55:00,-0.00013843712804373354,-0.0013196093956189259,0.0013196093956189259,0,-1.0,4.4390245049167,7578.0,False,-1.0,-0.0013196093956189259
2023-08-23 21:35:00,-0.0007497668266296387,0.012949260042283361,-0.012949260042283361,0,-1.0,4.426075244874417,7568.0,False,-1.0,0.012949260042283361
2023-08-24 09:40:00,0.0003191438445355743,0.008087659796504054,-0.008087659796504054,0,-1.0,4.4179875850779124,7666.0,False,0.0,0.008087659796504054
2023-08-24 10:40:00,0.0012107654474675655,-0.0010351966873706209,-0.0,1,0.0,4.4179875850779124,7728.0,False,1.0,-0.0010351966873706209
2023-08-24 11:25:00,0.0022708692122250795,0.0,0.0,1,1.0,4.4179875850779124,7720.0,False,1.0,0.0
2023-08-24 14:10:00,0.0022708692122250795,-0.002331606217616633,-0.002331606217616633,0,1.0,4.415655978860296,7720.0,False,1.0,-0.002331606217616633
2023-08-24 14:55:00,0.0008058508392423391,-0.008309529992209796,-0.008309529992209796,0,1.0,4.407346448868086,7702.0,False,1.0,-0.008309529992209796
2023-08-24 21:35:00,0.0013005957007408142,0.004189578423671181,0.004189578423671181,0,1.0,4.411536027291757,7638.0,False,1.0,0.004189578423671181
2023-08-25 09:40:00,0.00047861464554443955,0.004954367666232029,0.004954367666232029,0,1.0,4.4164903949579895,7670.0,False,1.0,0.004954367666232029
2023-08-25 10:40:00,0.0007269627531059086,0.002854177477944919,0.002854177477944919,0,1.0,4.419344572435934,7708.0,False,1.0,0.002854177477944919
2023-08-25 11:25:00,0.001089351368136704,-0.001293661060802087,-0.001293661060802087,0,1.0,4.418050911375133,7730.0,False,1.0,-0.001293661060802087
2023-08-25 14:10:00,-0.00013223776477389038,0.002072538860103723,0.002072538860103723,0,1.0,4.420123450235236,7720.0,False,0.0,0.002072538860103723
2023-08-25 14:55:00,0.0005025699501857162,0.001292657704239808,0.0,1,0.0,4.420123450235236,7736.0,False,1.0,0.001292657704239808
2023-08-25 21:35:00,0.0004092504968866706,0.01936483346243212,0.01936483346243212,1,1.0,4.439488283697668,7746.0,False,1.0,0.01936483346243212
2023-08-28 09:40:00,-0.0030672140419483185,-0.010385005065856157,-0.010385005065856157,0,1.0,4.429103278631812,7896.0,False,0.0,-0.010385005065856157
2023-08-28 10:40:00,-0.004009304568171501,-0.0017916560020475591,-0.0,1,0.0,4.429103278631812,7814.0,False,-1.0,-0.0017916560020475591
2023-08-28 11:25:00,-0.0028609177097678185,-0.002051282051282022,0.002051282051282022,1,-1.0,4.431154560683094,7800.0,False,-1.0,-0.002051282051282022
2023-08-28 14:10:00,-0.0023704729974269867,-0.00565262076053441,0.00565262076053441,0,-1.0,4.436807181443628,7784.0,False,-1.0,-0.00565262076053441
2023-08-28 14:55:00,-0.0035059924703091383,0.00568475452196382,-0.00568475452196382,0,-1.0,4.4311224269216645,7740.0,False,-1.0,0.00568475452196382
2023-08-29 09:40:00,-0.004365906119346619,-0.0017985611510791255,0.0017985611510791255,0,-1.0,4.432920988072744,7784.0,False,-1.0,-0.0017985611510791255
2023-08-29 10:40:00,-0.003519308054819703,0.00617760617760621,-0.00617760617760621,0,-1.0,4.426743381895138,7770.0,False,-1.0,0.00617760617760621
2023-08-29 11:25:00,-0.005156250670552254,0.0012790995139422279,-0.0012790995139422279,0,-1.0,4.425464282381196,7818.0,False,-1.0,0.0012790995139422279
2023-08-29 14:10:00,-0.003545821877196431,0.0012774655084313302,-0.0012774655084313302,0,-1.0,4.424186816872764,7828.0,False,-1.0,0.0012774655084313302
2023-08-29 14:55:00,-0.003829996334388852,-0.00969635110997702,0.00969635110997702,0,-1.0,4.433883167982741,7838.0,False,-1.0,-0.00969635110997702
2023-08-29 21:35:00,-0.0027773245237767696,0.011594949755217687,-0.011594949755217687,0,-1.0,4.422288218227523,7762.0,False,-1.0,0.011594949755217687
2023-08-30 09:40:00,-0.002973497612401843,-0.004584819154355602,0.004584819154355602,0,-1.0,4.426873037381879,7852.0,False,-1.0,-0.004584819154355602
2023-08-30 10:40:00,-0.0046170782297849655,0.0,-0.0,0,-1.0,4.426873037381879,7816.0,False,-1.0,0.0
2023-08-30 11:25:00,-0.003915514796972275,-0.0005117707267143778,0.0005117707267143778,0,-1.0,4.427384808108593,7816.0,False,-1.0,-0.0005117707267143778
2023-08-30 14:10:00,-0.002609443152323365,-0.0007680491551459445,0.0007680491551459445,0,-1.0,4.42815285726374,7812.0,False,-1.0,-0.0007680491551459445
2023-08-30 14:55:00,-0.004417255520820618,-0.000768639508070712,0.000768639508070712,0,-1.0,4.42892149677181,7806.0,False,-1.0,-0.000768639508070712
2023-08-30 21:35:00,-0.002586186630651355,0.008717948717948731,-0.008717948717948731,0,-1.0,4.420203548053862,7800.0,False,-1.0,0.008717948717948731
2023-08-31 09:40:00,-0.0024422358255833387,0.0038129130655821797,-0.0038129130655821797,0,-1.0,4.4163906349882796,7868.0,False,-1.0,0.0038129130655821797
2023-08-31 10:40:00,-0.003153848461806774,0.0055710306406684396,-0.0055710306406684396,0,-1.0,4.410819604347611,7898.0,False,-1.0,0.0055710306406684396
2023-08-31 11:25:00,-0.002427566098049283,-0.0012591286829514159,0.0012591286829514159,0,-1.0,4.412078733030563,7942.0,False,-1.0,-0.0012591286829514159
2023-08-31 14:10:00,-0.002271945821121335,0.001260716086737279,-0.001260716086737279,0,-1.0,4.410818016943825,7932.0,False,-1.0,0.001260716086737279
2023-08-31 14:55:00,-0.002340786624699831,-0.0037773860488542477,0.0037773860488542477,0,-1.0,4.4145954029926795,7942.0,False,-1.0,-0.0037773860488542477
2023-08-31 21:35:00,-0.0023061647079885006,-0.00025278058645095136,0.00025278058645095136,0,-1.0,4.414848183579131,7912.0,False,-1.0,-0.00025278058645095136
2023-09-01 09:40:00,-0.002948394976556301,-0.0010113780025284846,0.0010113780025284846,0,-1.0,4.415859561581659,7910.0,False,-1.0,-0.0010113780025284846
2023-09-01 10:40:00,-0.004223804920911789,-0.0012655024044545549,0.0012655024044545549,0,-1.0,4.417125063986114,7902.0,False,-1.0,-0.0012655024044545549
2023-09-01 11:25:00,-0.0025558643974363804,0.006588950836289964,-0.006588950836289964,0,-1.0,4.410536113149824,7892.0,False,-1.0,0.006588950836289964
2023-09-01 14:10:00,-0.002558048814535141,0.0015105740181269312,-0.0015105740181269312,0,-1.0,4.409025539131697,7944.0,False,-1.0,0.0015105740181269312
2023-09-01 14:55:00,-0.002736477879807353,-0.0007541478129713397,0.0007541478129713397,0,-1.0,4.409779686944669,7956.0,False,-1.0,-0.0007541478129713397
2023-09-01 21:35:00,-0.003556842915713787,-0.007295597484276772,0.007295597484276772,0,-1.0,4.417075284428945,7950.0,False,-1.0,-0.007295597484276772
2023-09-04 09:40:00,-0.0014070563483983278,-0.010897110998479453,0.010897110998479453,0,-1.0,4.427972395427425,7892.0,False,-1.0,-0.010897110998479453
2023-09-04 10:40:00,-0.0031393705867230892,0.000512426338713734,-0.000512426338713734,0,-1.0,4.42745996908871,7806.0,False,-1.0,0.000512426338713734
2023-09-04 11:25:00,-0.0035349198151379824,-0.0033290653008962723,0.0033290653008962723,0,-1.0,4.430789034389607,7810.0,False,-1.0,-0.0033290653008962723
2023-09-04 14:10:00,-0.0007429259130731225,-0.008221993833504637,0.008221993833504637,0,-1.0,4.439011028223112,7784.0,False,-1.0,-0.008221993833504637
2023-09-04 14:55:00,-0.00014746282249689102,0.0028497409326424528,-0.0028497409326424528,0,-1.0,4.436161287290469,7720.0,False,-1.0,0.0028497409326424528
2023-09-05 09:40:00,-0.0020286079961806536,0.0010333247222940045,-0.0010333247222940045,0,-1.0,4.435127962568175,7742.0,False,-1.0,0.0010333247222940045
2023-09-05 10:40:00,-0.002115062437951565,-0.0030967741935483684,0.0030967741935483684,0,-1.0,4.438224736761724,7750.0,False,-1.0,-0.0030967741935483684
2023-09-05 11:25:00,-0.0007989943842403591,0.005177323323841465,-0.005177323323841465,0,-1.0,4.433047413437882,7726.0,False,-1.0,0.005177323323841465
2023-09-05 14:10:00,0.00021314424520824105,-0.005408189544166886,0.005408189544166886,0,-1.0,4.438455602982049,7766.0,False,0.0,-0.005408189544166886
2023-09-05 14:55:00,-0.0004241903661750257,-0.0018125323666493554,-0.0,1,0.0,4.438455602982049,7724.0,False,0.0,-0.0018125323666493554
2023-09-05 21:35:00,-0.0011188811622560024,0.006225680933852118,0.0,1,0.0,4.438455602982049,7710.0,False,0.0,0.006225680933852118
2023-09-06 09:40:00,-0.0017108613392338157,0.002320185614849146,0.0,0,0.0,4.438455602982049,7758.0,False,-1.0,0.002320185614849146
2023-09-06 10:40:00,-0.0007069639395922422,-0.001286008230452662,0.001286008230452662,0,-1.0,4.4397416112125025,7776.0,False,-1.0,-0.001286008230452662
2023-09-06 11:25:00,-0.0004642632557079196,-0.00978624774658765,0.00978624774658765,0,-1.0,4.44952785895909,7766.0,False,-1.0,-0.00978624774658765
2023-09-06 14:10:00,-0.0006331450422294438,-0.000520156046813991,0.000520156046813991,0,-1.0,4.450048015005904,7690.0,False,-1.0,-0.000520156046813991
2023-09-06 14:55:00,-0.00013590860180556774,0.001301066874837442,-0.001301066874837442,0,-1.0,4.448746948131067,7686.0,False,-1.0,0.001301066874837442
2023-09-06 21:35:00,0.0002779503702186048,-0.0018191268191267707,0.0018191268191267707,0,-1.0,4.450566074950193,7696.0,False,0.0,-0.0018191268191267707
2023-09-07 09:40:00,4.764190089190379e-05,-0.0028638375423066798,-0.0,1,0.0,4.450566074950193,7682.0,False,0.0,-0.0028638375423066798
2023-09-07 10:40:00,0.00023900657834019512,-0.0005221932114882755,-0.0,1,0.0,4.450566074950193,7660.0,False,0.0,-0.0005221932114882755
2023-09-07 11:25:00,1.5867348338360898e-05,-0.0065308254963427625,-0.0,0,0.0,4.450566074950193,7656.0,False,0.0,-0.0065308254963427625
2023-09-07 14:10:00,0.00041759456507861614,0.0002629503023927615,0.0,0,0.0,4.450566074950193,7606.0,False,0.0,0.0002629503023927615
2023-09-07 14:55:00,0.000799309927970171,-0.0002628811777076745,-0.0,0,0.0,4.450566074950193,7608.0,False,0.0,-0.0002628811777076745
2023-09-07 21:35:00,0.0001803394261514768,-0.011306863002892409,-0.0,0,0.0,4.450566074950193,7606.0,False,0.0,-0.011306863002892409
2023-09-08 09:40:00,-0.0011231793323531747,0.0013297872340425343,0.0,0,0.0,4.450566074950193,7520.0,False,-1.0,0.0013297872340425343
2023-09-08 10:40:00,0.00038482368108816445,0.0013280212483399723,-0.0013280212483399723,1,-1.0,4.449238053701853,7530.0,False,0.0,0.0013280212483399723
2023-09-08 11:25:00,0.0012636880856007338,-0.002122015915119402,-0.0,1,0.0,4.449238053701853,7540.0,False,1.0,-0.002122015915119402
2023-09-08 14:10:00,0.00010628476593410596,0.005050505050504972,0.005050505050504972,0,1.0,4.454288558752358,7524.0,False,1.0,0.005050505050504972
2023-09-08 14:55:00,0.0004198749375063926,0.0007934408886538513,0.0007934408886538513,0,1.0,4.455081999641012,7562.0,False,1.0,0.0007934408886538513
2023-09-08 21:35:00,0.0005905708530917764,0.009249471458773861,0.009249471458773861,0,1.0,4.464331471099786,7568.0,False,1.0,0.009249471458773861
2023-09-11 09:40:00,0.0001704444148344919,-0.0036658811207122,-0.0036658811207122,0,1.0,4.460665589979074,7638.0,False,1.0,-0.0036658811207122
2023-09-11 10:40:00,0.0011776275932788849,0.002890932982917205,0.002890932982917205,0,1.0,4.463556522961991,7610.0,False,1.0,0.002890932982917205
2023-09-11 11:25:00,0.001747855800203979,0.0015723270440251014,0.0015723270440251014,0,1.0,4.465128850006016,7632.0,False,1.0,0.0015723270440251014
2023-09-11 14:10:00,0.0029985748697072268,-0.026949241234955568,-0.026949241234955568,0,1.0,4.43817960877106,7644.0,False,1.0,-0.026949241234955568
2023-09-11 14:55:00,8.72724995133467e-05,0.0032266738370529957,0.0032266738370529957,0,1.0,4.4414062826081135,7438.0,False,1.0,0.0032266738370529957
2023-09-12 09:40:00,0.0005333962617442012,0.0032162958992227875,0.0032162958992227875,0,1.0,4.444622578507336,7462.0,False,1.0,0.0032162958992227875
2023-09-12 10:40:00,0.0006934447446838021,-0.0013358268768367543,-0.0013358268768367543,0,1.0,4.443286751630499,7486.0,False,1.0,-0.0013358268768367543
2023-09-12 11:25:00,0.0001943288662005216,-0.0029427501337613293,-0.0029427501337613293,0,1.0,4.440344001496738,7476.0,False,1.0,-0.0029427501337613293
2023-09-12 14:10:00,0.001665933639742434,-0.0026831231553527957,-0.0026831231553527957,0,1.0,4.437660878341385,7454.0,False,1.0,-0.0026831231553527957
2023-09-12 14:55:00,6.151345587568358e-05,-0.0005380683346785098,-0.0005380683346785098,0,1.0,4.437122810006707,7434.0,False,1.0,-0.0005380683346785098
2023-09-12 21:35:00,-0.0005552555085159838,0.0024226110363392284,0.0024226110363392284,0,1.0,4.439545421043046,7430.0,False,0.0,0.0024226110363392284
2023-09-13 09:40:00,-0.0005005779676139355,0.001879699248120259,0.0,1,0.0,4.439545421043046,7448.0,False,-1.0,0.001879699248120259
2023-09-13 10:40:00,0.0010890424018725753,-0.0034843205574912606,0.0034843205574912606,1,-1.0,4.443029741600537,7462.0,False,0.0,-0.0034843205574912606
2023-09-13 11:25:00,0.0007442896603606641,-0.006186121570736947,-0.0,1,0.0,4.443029741600537,7436.0,False,1.0,-0.006186121570736947
2023-09-13 14:10:00,0.000993691268377006,-0.002976995940460081,-0.002976995940460081,1,1.0,4.4400527456600765,7390.0,False,1.0,-0.002976995940460081
2023-09-13 14:55:00,0.0013692138018086553,-0.0002714440825190012,-0.0002714440825190012,0,1.0,4.439781301577558,7368.0,False,1.0,-0.0002714440825190012
2023-09-13 21:35:00,0.0026846982073038816,0.004887320119467908,0.004887320119467908,0,1.0,4.4446686216970255,7366.0,False,1.0,0.004887320119467908
2023-09-14 09:40:00,0.002305887872353196,0.010537692515536268,0.010537692515536268,0,1.0,4.455206314212562,7402.0,False,1.0,0.010537692515536268
2023-09-14 10:40:00,0.00297993584536016,-0.0016042780748662944,-0.0016042780748662944,0,1.0,4.453602036137696,7480.0,False,1.0,-0.0016042780748662944
2023-09-14 11:25:00,0.004314032848924398,0.0013390465988216693,0.0013390465988216693,0,1.0,4.454941082736517,7468.0,False,1.0,0.0013390465988216693
2023-09-14 14:10:00,0.004321583081036806,-0.0018721583311045453,-0.0018721583311045453,0,1.0,4.453068924405413,7478.0,False,1.0,-0.0018721583311045453
2023-09-14 14:55:00,0.003121770452708006,-0.001071811361200381,-0.001071811361200381,0,1.0,4.451997113044213,7464.0,False,1.0,-0.001071811361200381
2023-09-14 21:35:00,0.003082290990278125,0.008047210300429208,0.008047210300429208,0,1.0,4.460044323344642,7456.0,False,1.0,0.008047210300429208
2023-09-15 09:40:00,0.0027131515089422464,0.0018626929217668842,0.0018626929217668842,0,1.0,4.461907016266409,7516.0,False,1.0,0.0018626929217668842
2023-09-15 10:40:00,0.0033661851193755865,-0.0010624169986719334,-0.0010624169986719334,0,1.0,4.460844599267737,7530.0,False,1.0,-0.0010624169986719334
2023-09-15 11:25:00,0.0027470672503113747,-0.00212709385801646,-0.00212709385801646,0,1.0,4.45871750540972,7522.0,False,1.0,-0.00212709385801646
2023-09-15 14:10:00,0.002583639696240425,-0.004796163069544335,-0.004796163069544335,0,1.0,4.453921342340176,7506.0,False,1.0,-0.004796163069544335
2023-09-15 14:55:00,0.0031120015773922205,0.0016064257028112205,0.0016064257028112205,0,1.0,4.4555277680429874,7470.0,False,1.0,0.0016064257028112205
2023-09-15 21:35:00,0.0010768031934276223,-0.014434643143544479,-0.014434643143544479,0,1.0,4.441093124899443,7482.0,False,1.0,-0.014434643143544479
2023-09-18 09:40:00,0.0009705235133878887,-0.005424464334147006,-0.005424464334147006,0,1.0,4.435668660565296,7374.0,False,1.0,-0.005424464334147006
2023-09-18 10:40:00,-0.0005066990270279348,0.0021816198527406794,0.0021816198527406794,0,1.0,4.437850280418037,7334.0,False,0.0,0.0021816198527406794
2023-09-18 11:25:00,-0.0010000638430938125,-0.005986394557823127,-0.0,1,0.0,4.437850280418037,7350.0,False,-1.0,-0.005986394557823127
2023-09-18 14:10:00,-0.00029640187858603895,0.0060224473035861426,-0.0060224473035861426,1,-1.0,4.431827833114451,7306.0,False,-1.0,0.0060224473035861426
2023-09-18 14:55:00,-0.00015205159434117377,-0.003537414965986363,0.003537414965986363,0,-1.0,4.435365248080438,7350.0,False,-1.0,-0.003537414965986363
2023-09-19 09:40:00,-0.0002640227321535349,-0.0043691971600218205,0.0043691971600218205,0,-1.0,4.439734445240459,7324.0,False,-1.0,-0.0043691971600218205
2023-09-19 10:40:00,-0.0012209665728732944,-0.003565551289083979,0.003565551289083979,0,-1.0,4.443299996529544,7292.0,False,-1.0,-0.003565551289083979
2023-09-19 11:25:00,-0.0008668441441841424,0.002477291494632494,-0.002477291494632494,0,-1.0,4.440822705034911,7266.0,False,-1.0,0.002477291494632494
2023-09-19 14:10:00,0.0007988592842593789,0.00027457440966505153,-0.00027457440966505153,0,-1.0,4.440548130625246,7284.0,False,0.0,0.00027457440966505153
2023-09-19 14:55:00,0.0008397028432227671,-0.00027449903925336194,-0.0,1,0.0,4.440548130625246,7286.0,False,1.0,-0.00027449903925336194
2023-09-19 21:35:00,0.002291520358994603,0.006589785831960571,0.006589785831960571,1,1.0,4.447137916457207,7284.0,False,1.0,0.006589785831960571
2023-09-20 09:40:00,0.001734613673761487,0.0002727768685215626,0.0002727768685215626,0,1.0,4.447410693325728,7332.0,False,1.0,0.0002727768685215626
2023-09-20 10:40:00,0.0007076426409184933,-0.0038178347422961334,-0.0038178347422961334,0,1.0,4.443592858583432,7334.0,False,1.0,-0.0038178347422961334
2023-09-20 11:25:00,0.0028384935576468706,0.0021899808376677488,0.0021899808376677488,0,1.0,4.445782839421099,7306.0,False,1.0,0.0021899808376677488
2023-09-20 14:10:00,0.003782709129154682,-0.0005462988254575363,-0.0005462988254575363,0,1.0,4.4452365405956416,7322.0,False,1.0,-0.0005462988254575363
2023-09-20 14:55:00,0.0041404650546610355,0.0010931948619841148,0.0010931948619841148,0,1.0,4.446329735457626,7318.0,False,1.0,0.0010931948619841148
2023-09-20 21:35:00,0.0027196104638278484,-0.0038220038220038166,-0.0038220038220038166,0,1.0,4.442507731635622,7326.0,False,1.0,-0.0038220038220038166
2023-09-21 09:40:00,0.003014901652932167,-0.0032885722115648663,-0.0032885722115648663,0,1.0,4.4392191594240575,7298.0,False,1.0,-0.0032885722115648663
2023-09-21 10:40:00,0.0022270840127021074,-0.00549903766840798,-0.00549903766840798,0,1.0,4.43372012175565,7274.0,False,1.0,-0.00549903766840798
2023-09-21 11:25:00,0.0032210799399763346,-0.0019353055017971021,-0.0019353055017971021,0,1.0,4.4317848162538525,7234.0,False,1.0,-0.0019353055017971021
2023-09-21 14:10:00,0.003679597517475486,-0.00027700831024934924,-0.00027700831024934924,0,1.0,4.431507807943603,7220.0,False,1.0,-0.00027700831024934924
2023-09-21 14:55:00,0.0017258238513022661,-0.005818786367414841,-0.005818786367414841,0,1.0,4.425689021576188,7218.0,False,1.0,-0.005818786367414841
2023-09-21 21:35:00,0.002496676752343774,0.00557413600891854,0.00557413600891854,0,1.0,4.431263157585107,7176.0,False,1.0,0.00557413600891854
2023-09-22 09:40:00,0.0019176664063706994,0.00027716186252768615,0.00027716186252768615,0,1.0,4.431540319447635,7216.0,False,1.0,0.00027716186252768615
2023-09-22 10:40:00,0.00247639580629766,0.0036021058464947853,0.0036021058464947853,0,1.0,4.43514242529413,7218.0,False,1.0,0.0036021058464947853
2023-09-22 11:25:00,0.0024753303732722998,-0.001656543346217565,-0.001656543346217565,0,1.0,4.433485881947912,7244.0,False,1.0,-0.001656543346217565
2023-09-22 14:10:00,0.0029552835039794445,-0.0011061946902655162,-0.0011061946902655162,0,1.0,4.432379687257646,7232.0,False,1.0,-0.0011061946902655162
2023-09-22 14:55:00,0.0033196513541042805,0.0019379844961240345,0.0019379844961240345,0,1.0,4.434317671753771,7224.0,False,1.0,0.0019379844961240345
2023-09-22 21:35:00,0.0024790852330625057,0.00635534678087879,0.00635534678087879,0,1.0,4.44067301853465,7238.0,False,1.0,0.00635534678087879
2023-09-25 09:40:00,0.0027425901498645544,0.0005491488193301031,0.0005491488193301031,0,1.0,4.441222167353979,7284.0,False,1.0,0.0005491488193301031
2023-09-25 10:40:00,0.0031462961342185736,0.002195389681668436,0.002195389681668436,0,1.0,4.443417557035648,7288.0,False,1.0,0.002195389681668436
2023-09-25 11:25:00,0.003217338817194104,-0.0010952902519167917,-0.0010952902519167917,0,1.0,4.442322266783731,7304.0,False,1.0,-0.0010952902519167917
2023-09-25 14:10:00,0.0045507908798754215,-0.013706140350877138,-0.013706140350877138,0,1.0,4.428616126432853,7296.0,False,1.0,-0.013706140350877138
2023-09-25 14:55:00,0.0030684033408761024,0.0013896609227348478,0.0013896609227348478,0,1.0,4.430005787355588,7196.0,False,1.0,0.0013896609227348478
2023-09-26 09:40:00,0.002594454912468791,0.009714127116291937,0.009714127116291937,0,1.0,4.439719914471881,7206.0,False,1.0,0.009714127116291937
2023-09-26 10:40:00,0.003255771240219474,-0.002748763056624526,-0.002748763056624526,0,1.0,4.436971151415256,7276.0,False,1.0,-0.002748763056624526
2023-09-26 11:25:00,0.00392517726868391,0.0011025358324145973,0.0011025358324145973,0,1.0,4.4380736872476705,7256.0,False,1.0,0.0011025358324145973
2023-09-26 14:10:00,0.005000270903110504,-0.0002753303964757592,-0.0002753303964757592,0,1.0,4.437798356851195,7264.0,False,1.0,-0.0002753303964757592
2023-09-26 14:55:00,0.0027443249709904194,-0.003304874690168047,-0.003304874690168047,0,1.0,4.4344934821610265,7262.0,False,1.0,-0.003304874690168047
2023-09-26 21:35:00,0.0019325176253914833,-0.00027631942525563336,-0.00027631942525563336,0,1.0,4.434217162735771,7238.0,False,1.0,-0.00027631942525563336
2023-09-27 09:40:00,0.002152999397367239,0.005251520176893232,0.005251520176893232,0,1.0,4.439468682912664,7236.0,False,1.0,0.005251520176893232
2023-09-27 10:40:00,0.004273321945220232,-0.0010998075336815516,-0.0010998075336815516,0,1.0,4.438368875378982,7274.0,False,1.0,-0.0010998075336815516
2023-09-27 11:25:00,0.003306274302303791,-0.0046793283787502915,-0.0046793283787502915,0,1.0,4.433689547000232,7266.0,False,1.0,-0.0046793283787502915
2023-09-27 14:10:00,0.0026415984611958265,0.00829646017699126,0.00829646017699126,0,1.0,4.441986007177223,7232.0,False,1.0,0.00829646017699126
2023-09-27 14:55:00,0.0021606632508337498,0.004114097641250591,0.004114097641250591,0,1.0,4.446100104818473,7292.0,False,1.0,0.004114097641250591
2023-09-27 21:35:00,0.001474388875067234,0.010925976509150503,0.010925976509150503,0,1.0,4.457026081327625,7322.0,False,1.0,0.010925976509150503
2023-09-28 09:40:00,0.0016810628585517406,0.0021615779519048584,0.0021615779519048584,0,1.0,4.45918765927953,7402.0,False,1.0,0.0021615779519048584
2023-09-28 10:40:00,0.0018224273808300495,-0.0005392289026692199,-0.0005392289026692199,0,1.0,4.4586484303768605,7418.0,False,1.0,-0.0005392289026692199
2023-09-28 11:25:00,0.0014503338607028127,-0.003506878877798769,-0.003506878877798769,0,1.0,4.455141551499062,7414.0,False,1.0,-0.003506878877798769
2023-09-28 14:10:00,0.0012792388442903757,0.002977801840822858,0.002977801840822858,0,1.0,4.458119353339884,7388.0,False,1.0,0.002977801840822858
2023-09-28 14:55:00,0.0007278893026523292,0.004858299595141613,0.004858299595141613,0,1.0,4.462977652935026,7410.0,False,1.0,0.004858299595141613
2023-09-28 21:35:00,-7.290540088433772e-05,-0.0182648401826484,-0.0182648401826484,0,1.0,4.444712812752377,7446.0,False,0.0,-0.0182648401826484
2023-10-09 09:40:00,-0.0027465703897178173,-0.018331053351573146,-0.0,1,0.0,4.444712812752377,7310.0,False,-1.0,-0.018331053351573146
2023-10-09 10:40:00,-0.0024444754235446453,0.0002787068004459492,-0.0002787068004459492,1,-1.0,4.444434105951931,7176.0,False,-1.0,0.0002787068004459492
2023-10-09 11:25:00,-0.0017837962368503213,-0.0030649205906937427,0.0030649205906937427,0,-1.0,4.447499026542625,7178.0,False,-1.0,-0.0030649205906937427
2023-10-09 14:10:00,7.055955211399123e-05,0.0022358859698154987,-0.0022358859698154987,0,-1.0,4.445263140572809,7156.0,False,0.0,0.0022358859698154987
2023-10-09 14:55:00,-0.0009564527426846325,-0.007529280535415461,-0.0,1,0.0,4.445263140572809,7172.0,False,0.0,-0.007529280535415461
2023-10-10 09:40:00,-0.001339420792646706,-0.01601573475695417,-0.0,1,0.0,4.445263140572809,7118.0,False,0.0,-0.01601573475695417
2023-10-10 10:40:00,-0.001455996185541153,-0.0017133066818960652,-0.0,0,0.0,4.445263140572809,7004.0,False,0.0,-0.0017133066818960652
2023-10-10 11:25:00,-0.0015051837544888258,0.0028604118993134087,0.0,0,0.0,4.445263140572809,6992.0,False,0.0,0.0028604118993134087
2023-10-10 14:10:00,-0.0006379348342306912,0.00741585852823734,0.0,0,0.0,4.445263140572809,7012.0,False,0.0,0.00741585852823734
2023-10-10 14:55:00,-0.0010101660154759884,0.0019818799546997834,0.0,0,0.0,4.445263140572809,7064.0,False,0.0,0.0019818799546997834
2023-10-10 21:35:00,-0.0008828525897115469,-0.002825656965244394,-0.0,0,0.0,4.445263140572809,7078.0,False,0.0,-0.002825656965244394
2023-10-11 09:40:00,-0.0016473730793222785,0.011051289317087098,0.0,0,0.0,4.445263140572809,7058.0,False,0.0,0.011051289317087098
2023-10-11 10:40:00,0.001252220943570137,0.000840807174887992,0.0,0,0.0,4.445263140572809,7136.0,False,0.0,0.000840807174887992
2023-10-11 11:25:00,0.0020910908933728933,-0.010081209745169462,-0.0,1,0.0,4.445263140572809,7142.0,False,1.0,-0.010081209745169462
2023-10-11 14:10:00,0.002907258691266179,-0.0008486562942008335,-0.0008486562942008335,1,1.0,4.444414484278608,7070.0,False,1.0,-0.0008486562942008335
2023-10-11 14:55:00,0.001159898703917861,0.0014156285390714007,0.0014156285390714007,0,1.0,4.4458301128176805,7064.0,False,1.0,0.0014156285390714007
2023-10-11 21:35:00,0.00013484456576406956,-0.001130901894260683,-0.001130901894260683,0,1.0,4.44469921092342,7074.0,False,1.0,-0.001130901894260683
2023-10-12 09:40:00,-2.3212129235616885e-05,0.0,0.0,0,1.0,4.44469921092342,7066.0,False,0.0,0.0
2023-10-12 10:40:00,0.0020564997103065252,0.005094820266062783,0.0,1,0.0,4.44469921092342,7066.0,False,1.0,0.005094820266062783
2023-10-12 11:25:00,0.0035717354621738195,0.001689664883131492,0.001689664883131492,1,1.0,4.4463888758065515,7102.0,False,1.0,0.001689664883131492
2023-10-12 14:10:00,0.0009935301495715976,0.0005622715771718134,0.0005622715771718134,0,1.0,4.446951147383723,7114.0,False,1.0,0.0005622715771718134
2023-10-12 14:55:00,0.0023963216226547956,0.003933689238550198,0.003933689238550198,0,1.0,4.450884836622274,7118.0,False,1.0,0.003933689238550198
2023-10-12 21:35:00,0.0021439180709421635,-0.0019591379792891495,-0.0019591379792891495,0,1.0,4.448925698642984,7146.0,False,1.0,-0.0019591379792891495
2023-10-13 09:40:00,0.0012367352610453963,0.009254066180594434,0.009254066180594434,0,1.0,4.458179764823579,7132.0,False,1.0,0.009254066180594434
2023-10-13 10:40:00,0.002550265518948436,0.0038899694359544323,0.0038899694359544323,0,1.0,4.462069734259534,7198.0,False,1.0,0.0038899694359544323
2023-10-13 11:25:00,0.0024942350573837757,0.0011071132023250385,0.0011071132023250385,0,1.0,4.463176847461859,7226.0,False,1.0,0.0011071132023250385
2023-10-13 14:10:00,0.002367822453379631,0.003041194359966859,0.003041194359966859,0,1.0,4.466218041821826,7234.0,False,1.0,0.003041194359966859
2023-10-13 14:55:00,0.0013892457354813814,0.0024807056229327884,0.0024807056229327884,0,1.0,4.468698747444758,7256.0,False,1.0,0.0024807056229327884
2023-10-13 21:35:00,0.0011036869836971164,0.013747594171020117,0.013747594171020117,0,1.0,4.482446341615779,7274.0,False,1.0,0.013747594171020117
2023-10-16 09:40:00,0.0006368504837155342,-0.00433957146731756,-0.00433957146731756,0,1.0,4.478106770148461,7374.0,False,1.0,-0.00433957146731756
2023-10-16 10:40:00,0.0007925158133730292,-0.003541269408880443,-0.003541269408880443,0,1.0,4.474565500739581,7342.0,False,1.0,-0.003541269408880443
2023-10-16 11:25:00,0.0014035966014489532,0.0005467468562054822,0.0005467468562054822,0,1.0,4.475112247595786,7316.0,False,1.0,0.0005467468562054822
2023-10-16 14:10:00,0.001668898155912757,0.0002732240437157696,0.0002732240437157696,0,1.0,4.475385471639502,7320.0,False,1.0,0.0002732240437157696
2023-10-16 14:55:00,0.0006480601150542498,-0.0040972411909314665,-0.0040972411909314665,0,1.0,4.47128823044857,7322.0,False,1.0,-0.0040972411909314665
2023-10-17 09:40:00,0.0011180046712979674,0.003291278113000562,0.003291278113000562,0,1.0,4.474579508561571,7292.0,False,1.0,0.003291278113000562
2023-10-17 10:40:00,0.0008514562505297363,0.002186987424822373,0.002186987424822373,0,1.0,4.476766495986393,7316.0,False,1.0,0.002186987424822373
2023-10-17 11:25:00,0.000428344210376963,-0.0021822149481723896,-0.0021822149481723896,0,1.0,4.47458428103822,7332.0,False,1.0,-0.0021822149481723896
2023-10-17 14:10:00,0.0016532307490706444,0.0027337342810278553,0.0027337342810278553,0,1.0,4.4773180153192484,7316.0,False,1.0,0.0027337342810278553
2023-10-17 14:55:00,-0.00091973488451913,-0.002998909487459067,-0.002998909487459067,0,1.0,4.474319105831789,7336.0,False,0.0,-0.002998909487459067
2023-10-17 21:35:00,-0.0008794506429694593,0.010391030899644438,0.0,1,0.0,4.474319105831789,7314.0,False,0.0,0.010391030899644438
2023-10-18 09:40:00,-0.0009798334212973714,-0.004600811907983782,-0.0,1,0.0,4.474319105831789,7390.0,False,-1.0,-0.004600811907983782
2023-10-18 10:40:00,-0.0006326186121441424,0.005981511691136587,-0.005981511691136587,0,-1.0,4.468337594140653,7356.0,False,-1.0,0.005981511691136587
2023-10-18 11:25:00,0.0011566565372049809,-0.00216216216216214,0.00216216216216214,0,-1.0,4.470499756302815,7400.0,False,0.0,-0.00216216216216214
2023-10-18 14:10:00,0.0009016678668558598,0.0008125677139760867,0.0,1,0.0,4.470499756302815,7384.0,False,0.0,0.0008125677139760867
2023-10-18 14:55:00,0.00011800626816693693,-0.004059539918809252,-0.0,1,0.0,4.470499756302815,7390.0,False,0.0,-0.004059539918809252
2023-10-18 21:35:00,-0.00045614264672622085,-0.003260869565217428,-0.0,0,0.0,4.470499756302815,7360.0,False,0.0,-0.003260869565217428
2023-10-19 09:40:00,-0.0007889989647082984,0.008178844056706547,0.0,1,0.0,4.470499756302815,7336.0,False,0.0,0.008178844056706547
2023-10-19 10:40:00,0.0005810208385810256,0.0010816657652785722,0.0,1,0.0,4.470499756302815,7396.0,False,0.0,0.0010816657652785722
2023-10-19 11:25:00,0.001218463876284659,-0.004051863857374438,-0.0,1,0.0,4.470499756302815,7404.0,False,1.0,-0.004051863857374438
2023-10-19 14:10:00,-9.712266910355538e-05,-0.00216978573365878,-0.00216978573365878,1,1.0,4.468329970569156,7374.0,False,0.0,-0.00216978573365878
2023-10-19 14:55:00,-0.0017351503483951092,-0.00434900788257675,-0.0,1,0.0,4.468329970569156,7358.0,False,-1.0,-0.00434900788257675
2023-10-19 21:35:00,-0.002409190870821476,-0.012285012285012331,0.012285012285012331,1,-1.0,4.480614982854169,7326.0,False,-1.0,-0.012285012285012331
2023-10-20 09:40:00,-0.0028571542352437973,0.00027639579878391274,-0.00027639579878391274,0,-1.0,4.480338587055385,7236.0,False,-1.0,0.00027639579878391274
2023-10-20 10:40:00,-0.0025117001496255398,-0.0019342359767892114,0.0019342359767892114,0,-1.0,4.482272823032174,7238.0,False,-1.0,-0.0019342359767892114
2023-10-20 11:25:00,-0.0015152405248954892,0.00027685492801765577,-0.00027685492801765577,0,-1.0,4.481995968104156,7224.0,False,-1.0,0.00027685492801765577
2023-10-20 14:10:00,-0.002090863883495331,0.00415167450871845,-0.00415167450871845,0,-1.0,4.477844293595438,7226.0,False,-1.0,0.00415167450871845
2023-10-20 14:55:00,-0.00029245499172247946,-0.004134509371554573,0.004134509371554573,0,-1.0,4.481978802966992,7256.0,False,-1.0,-0.004134509371554573
2023-10-20 21:35:00,3.9347454730886966e-05,-0.002214226404649855,0.002214226404649855,0,-1.0,4.484193029371642,7226.0,False,0.0,-0.002214226404649855
2023-10-23 09:40:00,9.743306145537645e-05,0.001941747572815622,0.0,1,0.0,4.484193029371642,7210.0,False,0.0,0.001941747572815622
2023-10-23 10:40:00,-0.0010256108362227678,-0.005260243632336681,-0.0,1,0.0,4.484193029371642,7224.0,False,-1.0,-0.005260243632336681
2023-10-23 11:25:00,0.00019900179177056998,-0.0038964653492903345,0.0038964653492903345,1,-1.0,4.488089494720933,7186.0,False,0.0,-0.0038964653492903345
2023-10-23 14:10:00,0.001309680170379579,0.0002794076557697256,0.0,1,0.0,4.488089494720933,7158.0,False,1.0,0.0002794076557697256
2023-10-23 14:55:00,0.001133445417508483,0.0027932960893854997,0.0027932960893854997,0,1.0,4.490882790810318,7160.0,False,1.0,0.0027932960893854997
2023-10-24 09:40:00,-0.0004425971128512174,-0.009470752089136503,-0.009470752089136503,0,1.0,4.4814120387211815,7180.0,False,0.0,-0.009470752089136503
2023-10-24 10:40:00,-0.0003721709654200822,-0.003374578177727794,-0.0,1,0.0,4.4814120387211815,7112.0,False,0.0,-0.003374578177727794
2023-10-24 11:25:00,-0.00011298042954877019,-0.0022573363431150906,-0.0,1,0.0,4.4814120387211815,7088.0,False,0.0,-0.0022573363431150906
2023-10-24 14:10:00,0.0013655174989253283,-0.003676470588235281,-0.0,0,0.0,4.4814120387211815,7072.0,False,1.0,-0.003676470588235281
2023-10-24 14:55:00,0.0010751349618658423,0.006244677831393597,0.006244677831393597,1,1.0,4.487656716552575,7046.0,False,1.0,0.006244677831393597
2023-10-24 21:35:00,0.0004842194030061364,-0.0008462623413257875,-0.0008462623413257875,1,1.0,4.486810454211249,7090.0,False,1.0,-0.0008462623413257875
2023-10-25 09:40:00,0.00036947481567040086,-0.004517221908526214,-0.004517221908526214,0,1.0,4.482293232302723,7084.0,False,1.0,-0.004517221908526214
2023-10-25 10:40:00,0.0008674665587022901,-0.005104934770277958,-0.005104934770277958,0,1.0,4.477188297532445,7052.0,False,1.0,-0.005104934770277958
2023-10-25 11:25:00,0.0008005383424460888,0.0022805017103761926,0.0022805017103761926,0,1.0,4.479468799242822,7016.0,False,1.0,0.0022805017103761926
2023-10-25 14:10:00,0.0008188792271539569,-0.0028441410693970104,-0.0028441410693970104,0,1.0,4.476624658173424,7032.0,False,1.0,-0.0028441410693970104
2023-10-25 14:55:00,0.0012433631345629692,0.0011409013120364797,0.0011409013120364797,0,1.0,4.47776555948546,7012.0,False,1.0,0.0011409013120364797
2023-10-25 21:35:00,0.001783907413482666,0.005698005698005604,0.005698005698005604,0,1.0,4.483463565183467,7020.0,False,1.0,0.005698005698005604
2023-10-26 09:40:00,0.002694471972063184,0.003966005665722472,0.003966005665722472,0,1.0,4.487429570849189,7060.0,False,1.0,0.003966005665722472
2023-10-26 10:40:00,0.003166995942592621,0.0011286681715576563,0.0011286681715576563,0,1.0,4.488558239020747,7088.0,False,1.0,0.0011286681715576563
2023-10-26 11:25:00,0.004411520902067423,0.005073280721533235,0.005073280721533235,0,1.0,4.49363151974228,7096.0,False,1.0,0.005073280721533235
2023-10-26 14:10:00,0.003164964960888028,0.009254066180594434,0.009254066180594434,0,1.0,4.502885585922875,7132.0,False,1.0,0.009254066180594434
2023-10-26 14:55:00,0.002434080932289362,0.005557099194220649,0.005557099194220649,0,1.0,4.508442685117095,7198.0,False,1.0,0.005557099194220649
2023-10-26 21:35:00,0.003605434438213706,-0.000828958275766789,-0.000828958275766789,0,1.0,4.5076137268413285,7238.0,False,1.0,-0.000828958275766789
2023-10-27 09:40:00,0.003067661775276065,-0.00967920353982299,-0.00967920353982299,0,1.0,4.497934523301506,7232.0,False,1.0,-0.00967920353982299
2023-10-27 10:40:00,0.0037126389797776937,0.0039095224797542905,0.0039095224797542905,0,1.0,4.50184404578126,7162.0,False,1.0,0.0039095224797542905
2023-10-27 11:25:00,0.003047827398404479,-0.0019471488178025576,-0.0019471488178025576,0,1.0,4.499896896963458,7190.0,False,1.0,-0.0019471488178025576
2023-10-27 14:10:00,0.003439130261540413,0.007525083612040184,0.007525083612040184,0,1.0,4.507421980575497,7176.0,False,1.0,0.007525083612040184
2023-10-27 14:55:00,0.003544348292052746,0.004702627939142445,0.004702627939142445,0,1.0,4.51212460851464,7230.0,False,1.0,0.004702627939142445
2023-10-27 21:35:00,0.002040870487689972,0.005231277533039647,0.005231277533039647,0,1.0,4.51735588604768,7264.0,False,1.0,0.005231277533039647
2023-10-30 09:40:00,0.0014522114070132375,-0.002191180498493539,-0.002191180498493539,0,1.0,4.515164705549187,7302.0,False,1.0,-0.002191180498493539
2023-10-30 10:40:00,0.002096321899443865,-0.0008234971177600858,-0.0008234971177600858,0,1.0,4.514341208431427,7286.0,False,1.0,-0.0008234971177600858
2023-10-30 11:25:00,0.0018937964923679829,-0.0038461538461538325,-0.0038461538461538325,0,1.0,4.510495054585273,7280.0,False,1.0,-0.0038461538461538325
2023-10-30 14:10:00,0.0002611760573927313,0.00027578599007171967,0.00027578599007171967,0,1.0,4.510770840575344,7252.0,False,1.0,0.00027578599007171967
2023-10-30 14:55:00,-0.0012091631069779396,-0.016542597187758523,-0.016542597187758523,0,1.0,4.494228243387585,7254.0,False,0.0,-0.016542597187758523
2023-10-31 09:40:00,-0.0024065962061285973,-0.003364171572750263,-0.0,1,0.0,4.494228243387585,7134.0,False,-1.0,-0.003364171572750263
2023-10-31 10:40:00,-0.0015941450837999582,-0.0030942334739803012,0.0030942334739803012,1,-1.0,4.497322476861566,7110.0,False,-1.0,-0.0030942334739803012
2023-10-31 11:25:00,-0.001471719122491777,-0.003386004514672636,0.003386004514672636,0,-1.0,4.500708481376238,7088.0,False,-1.0,-0.003386004514672636
2023-10-31 14:10:00,0.0012964813504368067,0.004813137032842585,-0.004813137032842585,0,-1.0,4.4958953443433955,7064.0,False,0.0,0.004813137032842585
2023-10-31 14:55:00,0.00018892201478593051,0.0,0.0,1,0.0,4.4958953443433955,7098.0,False,0.0,0.0
2023-10-31 21:35:00,0.00017857804778032005,0.006480698788391193,0.0,1,0.0,4.4958953443433955,7098.0,False,0.0,0.006480698788391193
2023-11-01 09:40:00,0.0006025827024132013,0.0013997760358341882,0.0,0,0.0,4.4958953443433955,7144.0,False,0.0,0.0013997760358341882
2023-11-01 10:40:00,0.00012181092461105436,-0.009784735812133127,-0.0,0,0.0,4.4958953443433955,7154.0,False,0.0,-0.009784735812133127
2023-11-01 11:25:00,0.0016658930107951164,0.0019762845849802257,0.0,0,0.0,4.4958953443433955,7084.0,False,1.0,0.0019762845849802257
2023-11-01 14:10:00,0.0019900030456483364,0.0016906170752324368,0.0016906170752324368,0,1.0,4.497585961418628,7098.0,False,1.0,0.0016906170752324368
2023-11-01 14:55:00,0.0023526696022599936,0.005063291139240533,0.005063291139240533,0,1.0,4.502649252557869,7110.0,False,1.0,0.005063291139240533
2023-11-01 21:35:00,0.0012742818798869848,-0.0005597537083683601,-0.0005597537083683601,0,1.0,4.5020894988495,7146.0,False,1.0,-0.0005597537083683601
2023-11-02 09:40:00,0.001781025086529553,0.0028003360403248134,0.0028003360403248134,0,1.0,4.504889834889825,7142.0,False,1.0,0.0028003360403248134
2023-11-02 10:40:00,0.002859054133296013,0.0039095224797542905,0.0039095224797542905,0,1.0,4.508799357369579,7162.0,False,1.0,0.0039095224797542905
2023-11-02 11:25:00,0.002166082849726081,0.010570236439499281,0.010570236439499281,0,1.0,4.5193695938090785,7190.0,False,1.0,0.010570236439499281
2023-11-02 14:10:00,0.002226519864052534,0.005505092210294604,0.005505092210294604,0,1.0,4.524874686019373,7266.0,False,1.0,0.005505092210294604
2023-11-02 14:55:00,0.0008327223476953804,0.001642485628250645,0.001642485628250645,0,1.0,4.526517171647624,7306.0,False,1.0,0.001642485628250645
2023-11-02 21:35:00,0.001375293591991067,-0.0016397922929761721,-0.0016397922929761721,0,1.0,4.524877379354648,7318.0,False,1.0,-0.0016397922929761721
2023-11-03 09:40:00,0.0005376621847972274,0.00793868053654534,0.00793868053654534,0,1.0,4.532816059891194,7306.0,False,1.0,0.00793868053654534
2023-11-03 10:40:00,0.0010546478442847729,-0.004073872895165698,-0.004073872895165698,0,1.0,4.528742186996028,7364.0,False,1.0,-0.004073872895165698
2023-11-03 11:25:00,0.0011112979846075177,-0.000818107444777727,-0.000818107444777727,0,1.0,4.52792407955125,7334.0,False,1.0,-0.000818107444777727
2023-11-03 14:10:00,0.0007465339149348438,0.0013646288209607782,0.0013646288209607782,0,1.0,4.529288708372211,7328.0,False,1.0,0.0013646288209607782
2023-11-03 14:55:00,0.0008421046077273786,0.0,0.0,0,1.0,4.529288708372211,7338.0,False,1.0,0.0
2023-11-03 21:35:00,-0.0016103897942230105,-0.002725538293813057,-0.002725538293813057,0,1.0,4.526563170078398,7338.0,False,0.0,-0.002725538293813057
2023-11-06 09:40:00,-0.0017764060758054256,0.0008198961464880306,0.0,1,0.0,4.526563170078398,7318.0,False,-1.0,0.0008198961464880306
2023-11-06 10:40:00,-0.0020649011712521315,-0.007099945385035444,0.007099945385035444,1,-1.0,4.533663115463433,7324.0,False,-1.0,-0.007099945385035444
2023-11-06 11:25:00,-0.0025920679327100515,0.0016501650165017256,-0.0016501650165017256,0,-1.0,4.532012950446932,7272.0,False,-1.0,0.0016501650165017256
2023-11-06 14:10:00,-0.0020012841559946537,0.007688083470620555,-0.007688083470620555,0,-1.0,4.524324866976311,7284.0,False,-1.0,0.007688083470620555
2023-11-06 14:55:00,-0.001769934082403779,0.005449591280654031,-0.005449591280654031,0,-1.0,4.518875275695657,7340.0,False,-1.0,0.005449591280654031
2023-11-07 09:40:00,-0.001813258626498282,-0.0021680216802167918,0.0021680216802167918,0,-1.0,4.521043297375874,7380.0,False,-1.0,-0.0021680216802167918
2023-11-07 10:40:00,-0.0017109534237533808,0.0010863661053774898,-0.0010863661053774898,0,-1.0,4.519956931270496,7364.0,False,-1.0,0.0010863661053774898
2023-11-07 11:25:00,-0.0010396772995591164,0.00623982637004894,-0.00623982637004894,0,-1.0,4.513717104900447,7372.0,False,-1.0,0.00623982637004894
2023-11-07 14:10:00,1.3652899724547751e-05,-0.0010784578053383287,0.0010784578053383287,0,-1.0,4.514795562705785,7418.0,False,0.0,-0.0010784578053383287
2023-11-07 14:55:00,-0.0018070006044581532,-0.010796221322537103,-0.0,1,0.0,4.514795562705785,7410.0,False,-1.0,-0.010796221322537103
2023-11-07 21:35:00,-0.0013749581994488835,0.007094133697135074,-0.007094133697135074,1,-1.0,4.50770142900865,7330.0,False,-1.0,0.007094133697135074
2023-11-08 09:40:00,-0.002726093865931034,-0.005689515036575443,0.005689515036575443,0,-1.0,4.513390944045225,7382.0,False,-1.0,-0.005689515036575443
2023-11-08 10:40:00,-0.0018096285639330745,0.0016348773841960984,-0.0016348773841960984,0,-1.0,4.51175606666103,7340.0,False,-1.0,0.0016348773841960984
2023-11-08 11:25:00,0.00047672213986516,0.005712731229597479,-0.005712731229597479,0,-1.0,4.506043335431432,7352.0,False,0.0,0.005712731229597479
2023-11-08 14:10:00,-0.0009738178341649473,-0.0064917500676223705,-0.0,1,0.0,4.506043335431432,7394.0,False,0.0,-0.0064917500676223705
2023-11-08 14:55:00,-0.0017717439914122224,0.004356112169888293,0.0,1,0.0,4.506043335431432,7346.0,False,-1.0,0.004356112169888293
2023-11-08 21:35:00,-0.0007425567600876093,-0.00623475196530221,0.00623475196530221,0,-1.0,4.512278087396734,7378.0,False,-1.0,-0.00623475196530221
2023-11-09 09:40:00,-0.0003356243541929871,0.0016366612111293755,-0.0016366612111293755,0,-1.0,4.510641426185605,7332.0,False,-1.0,0.0016366612111293755
2023-11-09 10:40:00,0.0003626015968620777,0.002723311546841023,-0.002723311546841023,0,-1.0,4.5079181146387635,7344.0,False,0.0,0.002723311546841023
2023-11-09 11:25:00,0.0011343115475028753,-0.00543183052688756,-0.0,1,0.0,4.5079181146387635,7364.0,False,1.0,-0.00543183052688756
2023-11-09 14:10:00,0.000585182395298034,-0.010922992900054607,-0.010922992900054607,1,1.0,4.496995121738709,7324.0,False,1.0,-0.010922992900054607
2023-11-09 14:55:00,-0.0004366789944469929,0.004417448923246914,0.004417448923246914,0,1.0,4.501412570661956,7244.0,False,0.0,0.004417448923246914
2023-11-09 21:35:00,-0.0008428961155004799,0.002748763056624526,0.0,1,0.0,4.501412570661956,7276.0,False,-1.0,0.002748763056624526
2023-11-10 09:40:00,-0.0005932470667175949,0.011513157894736947,-0.011513157894736947,1,-1.0,4.489899412767219,7296.0,False,-1.0,0.011513157894736947
2023-11-10 10:40:00,3.323613782413304e-05,-0.006233062330623262,0.006233062330623262,0,-1.0,4.496132475097842,7380.0,False,0.0,-0.006233062330623262
2023-11-10 11:25:00,0.0011117905378341675,0.002454322334333181,0.0,1,0.0,4.496132475097842,7334.0,False,1.0,0.002454322334333181
2023-11-10 14:10:00,-0.0003125476941931993,0.004080522306855183,0.004080522306855183,1,1.0,4.500212997404697,7352.0,False,0.0,0.004080522306855183
2023-11-10 14:55:00,-0.0005648343358188868,0.002438363587103698,0.0,1,0.0,4.500212997404697,7382.0,False,0.0,0.002438363587103698
2023-11-10 21:35:00,-0.0009964513592422009,0.003783783783783745,0.0,1,0.0,4.500212997404697,7400.0,False,-1.0,0.003783783783783745
2023-11-13 09:40:00,-0.0012382459826767445,-0.005385029617662851,0.005385029617662851,0,-1.0,4.50559802702236,7428.0,False,-1.0,-0.005385029617662851
2023-11-13 10:40:00,-0.0005576222320087254,-0.0021656740660530582,0.0021656740660530582,0,-1.0,4.507763701088413,7388.0,False,-1.0,-0.0021656740660530582
2023-11-13 11:25:00,-0.0004742449091281742,-0.0037981551817688475,0.0037981551817688475,0,-1.0,4.511561856270182,7372.0,False,-1.0,-0.0037981551817688475
2023-11-13 14:10:00,0.0026914787013083696,0.0,-0.0,0,-1.0,4.511561856270182,7344.0,False,0.0,0.0
2023-11-13 14:55:00,7.443648792104796e-05,-0.0019063180827886272,-0.0,1,0.0,4.511561856270182,7344.0,False,0.0,-0.0019063180827886272
2023-11-14 09:40:00,-0.0001564740960020572,0.017462482946793978,0.0,1,0.0,4.511561856270182,7330.0,False,0.0,0.017462482946793978
2023-11-14 10:40:00,-0.0006187070393934846,0.00026816840976140455,0.0,1,0.0,4.511561856270182,7458.0,False,-1.0,0.00026816840976140455
2023-11-14 11:25:00,0.0012504684273153543,0.0016085790884718953,-0.0016085790884718953,1,-1.0,4.50995327718171,7460.0,False,0.0,0.0016085790884718953
2023-11-14 14:10:00,0.003133014077320695,0.0002676659528908498,0.0,1,0.0,4.50995327718171,7472.0,False,1.0,0.0002676659528908498
2023-11-14 14:55:00,0.00031054497230798006,0.0008027829810008935,0.0008027829810008935,1,1.0,4.510756060162711,7474.0,False,1.0,0.0008027829810008935
2023-11-14 21:35:00,0.00030626272200606763,0.015508021390374438,0.015508021390374438,0,1.0,4.5262640815530855,7480.0,False,1.0,0.015508021390374438
2023-11-15 09:40:00,0.0007625541184097528,-0.0015797788309637184,-0.0015797788309637184,0,1.0,4.524684302722122,7596.0,False,1.0,-0.0015797788309637184
2023-11-15 10:40:00,0.0009326113504357636,0.0031645569620253333,0.0031645569620253333,0,1.0,4.527848859684147,7584.0,False,1.0,0.0031645569620253333
2023-11-15 11:25:00,0.002805357798933983,0.0013144058885383725,0.0013144058885383725,0,1.0,4.529163265572685,7608.0,False,1.0,0.0013144058885383725
2023-11-15 14:10:00,0.0029265088960528374,-0.0018377526909950648,-0.0018377526909950648,0,1.0,4.52732551288169,7618.0,False,1.0,-0.0018377526909950648
2023-11-15 14:55:00,0.001555456081405282,0.002367175170962632,0.002367175170962632,0,1.0,4.529692688052653,7604.0,False,1.0,0.002367175170962632
2023-11-15 21:35:00,0.0009146041702479124,0.0013119916032537926,0.0013119916032537926,0,1.0,4.531004679655907,7622.0,False,1.0,0.0013119916032537926
2023-11-16 09:40:00,0.0003950334503315389,-0.0015723270440252124,-0.0015723270440252124,0,1.0,4.529432352611882,7632.0,False,1.0,-0.0015723270440252124
2023-11-16 10:40:00,0.0006614643498323858,0.0007874015748030594,0.0007874015748030594,0,1.0,4.530219754186685,7620.0,False,1.0,0.0007874015748030594
2023-11-16 11:25:00,0.001039072754792869,-0.0020980854969839813,-0.0020980854969839813,0,1.0,4.5281216686897015,7626.0,False,1.0,-0.0020980854969839813
2023-11-16 14:10:00,-0.0007733377278782427,-0.0005256241787122695,-0.0005256241787122695,0,1.0,4.527596044510989,7610.0,False,0.0,-0.0005256241787122695
2023-11-16 14:55:00,-0.0007242197752930224,-0.0013147515119642517,-0.0,1,0.0,4.527596044510989,7606.0,False,-1.0,-0.0013147515119642517
2023-11-16 21:35:00,0.0005085020675323904,-0.00789889415481837,0.00789889415481837,1,-1.0,4.535494938665807,7596.0,False,0.0,-0.00789889415481837
2023-11-17 09:40:00,-0.001722159911878407,-0.014065817409766423,-0.0,1,0.0,4.535494938665807,7536.0,False,-1.0,-0.014065817409766423
2023-11-17 10:40:00,-0.0021968118380755186,0.0026917900403768957,-0.0026917900403768957,1,-1.0,4.5328031486254305,7430.0,False,-1.0,0.0026917900403768957
2023-11-17 11:25:00,-0.00017164374003186822,0.005906040268456314,-0.005906040268456314,0,-1.0,4.526897108356974,7450.0,False,-1.0,0.005906040268456314
2023-11-17 14:10:00,0.00046940581523813307,0.0002668801708032298,-0.0002668801708032298,0,-1.0,4.526630228186171,7494.0,False,0.0,0.0002668801708032298
2023-11-17 14:55:00,0.0012734353076666594,-0.0010672358591248265,-0.0,1,0.0,4.526630228186171,7496.0,False,1.0,-0.0010672358591248265
2023-11-17 21:35:00,0.0010295645333826542,-0.0032051282051281937,-0.0032051282051281937,1,1.0,4.523425099981043,7488.0,False,1.0,-0.0032051282051281937
2023-11-20 09:40:00,0.0012207552790641785,0.000267952840300012,0.000267952840300012,0,1.0,4.523693052821343,7464.0,False,1.0,0.000267952840300012
2023-11-20 10:40:00,0.0017299966420978308,0.002678810608089943,0.002678810608089943,0,1.0,4.526371863429432,7466.0,False,1.0,0.002678810608089943
2023-11-20 11:25:00,0.002068587113171816,0.0,0.0,0,1.0,4.526371863429432,7486.0,False,1.0,0.0
2023-11-20 14:10:00,0.0020557271782308817,-0.0010686615014694478,-0.0010686615014694478,0,1.0,4.525303201927963,7486.0,False,1.0,-0.0010686615014694478
2023-11-20 14:55:00,-0.00038195151137188077,0.006686279753944868,0.006686279753944868,0,1.0,4.531989481681908,7478.0,False,0.0,0.006686279753944868
2023-11-21 09:40:00,0.0003328950551804155,0.0015940488841656997,0.0,1,0.0,4.531989481681908,7528.0,False,0.0,0.0015940488841656997
2023-11-21 10:40:00,0.0014417351922020316,-0.0013262599469495706,-0.0,1,0.0,4.531989481681908,7540.0,False,1.0,-0.0013262599469495706
2023-11-21 11:25:00,0.0003338670649100095,-0.004780876494023922,-0.004780876494023922,0,1.0,4.527208605187884,7530.0,False,1.0,-0.004780876494023922
2023-11-21 14:10:00,0.0014184535248205066,-0.01040832666132907,-0.01040832666132907,0,1.0,4.516800278526555,7494.0,False,1.0,-0.01040832666132907
2023-11-21 14:55:00,-0.000682407000567764,0.0013484358144553177,0.0013484358144553177,0,1.0,4.51814871434101,7416.0,False,0.0,0.0013484358144553177
2023-11-21 21:35:00,-0.0005087130120955408,0.003231887961217428,0.0,1,0.0,4.51814871434101,7426.0,False,-1.0,0.003231887961217428
2023-11-22 09:40:00,-0.0008054289501160383,0.002953020134228268,-0.002953020134228268,1,-1.0,4.515195694206782,7450.0,False,-1.0,0.002953020134228268
2023-11-22 10:40:00,0.0009440848371013999,0.006691648822269913,-0.006691648822269913,0,-1.0,4.508504045384512,7472.0,False,0.0,0.006691648822269913
2023-11-22 11:25:00,0.0017492350889369845,0.00212709385801646,0.0,1,0.0,4.508504045384512,7522.0,False,1.0,0.00212709385801646
2023-11-22 14:10:00,0.0018870540661737323,-0.004245157866808125,-0.004245157866808125,1,1.0,4.504258887517704,7538.0,False,1.0,-0.004245157866808125
2023-11-22 14:55:00,0.0005614525871351361,0.006661337596589378,0.006661337596589378,0,1.0,4.510920225114294,7506.0,False,1.0,0.006661337596589378
2023-11-22 21:35:00,0.0005901644472032785,-0.010322922181048133,-0.010322922181048133,0,1.0,4.500597302933246,7556.0,False,1.0,-0.010322922181048133
2023-11-23 09:40:00,0.0005032173939980567,-0.0037443166622092017,-0.0037443166622092017,0,1.0,4.496852986271037,7478.0,False,1.0,-0.0037443166622092017
2023-11-23 10:40:00,-0.0001263509620912373,-0.002953020134228157,-0.002953020134228157,0,1.0,4.493899966136809,7450.0,False,0.0,-0.002953020134228157
2023-11-23 11:25:00,0.00046313731581903994,-0.0035002692514808365,-0.0,1,0.0,4.493899966136809,7428.0,False,0.0,-0.0035002692514808365
2023-11-23 14:10:00,0.001372481812722981,0.004323155903809717,0.0,1,0.0,4.493899966136809,7402.0,False,1.0,0.004323155903809717
2023-11-23 14:55:00,0.0004790957900695503,0.002690341673392549,0.002690341673392549,0,1.0,4.496590307810201,7434.0,False,1.0,0.002690341673392549
2023-11-23 21:35:00,0.0006845887401141226,-0.009390931043734896,-0.009390931043734896,0,1.0,4.4871993767664655,7454.0,False,1.0,-0.009390931043734896
2023-11-24 09:40:00,0.0006091796676628292,-0.0016251354279522845,-0.0016251354279522845,0,1.0,4.485574241338513,7384.0,False,1.0,-0.0016251354279522845
2023-11-24 10:40:00,0.0005416421336121857,-0.0021703743895822303,-0.0021703743895822303,0,1.0,4.483403866948931,7372.0,False,1.0,-0.0021703743895822303
2023-11-24 11:25:00,0.000660157180391252,-0.005165851005981548,-0.005165851005981548,0,1.0,4.478238015942949,7356.0,False,1.0,-0.005165851005981548
2023-11-24 14:10:00,0.0012747211148962379,0.0035528833014484285,0.0035528833014484285,0,1.0,4.481790899244398,7318.0,False,1.0,0.0035528833014484285
2023-11-24 14:55:00,0.001948375953361392,0.0010893246187364536,0.0010893246187364536,0,1.0,4.482880223863135,7344.0,False,1.0,0.0010893246187364536
2023-11-24 21:35:00,0.0006547452067025006,-0.011425462459194735,-0.011425462459194735,0,1.0,4.47145476140394,7352.0,False,1.0,-0.011425462459194735
2023-11-27 09:40:00,0.0006995239527896047,0.008255365987892116,0.008255365987892116,0,1.0,4.479710127391833,7268.0,False,1.0,0.008255365987892116
2023-11-27 10:40:00,0.001461279229260981,-0.0040938864628821126,-0.0040938864628821126,0,1.0,4.47561624092895,7328.0,False,1.0,-0.0040938864628821126
2023-11-27 11:25:00,0.0014019975205883384,-0.0024664291586735665,-0.0024664291586735665,0,1.0,4.473149811770277,7298.0,False,1.0,-0.0024664291586735665
2023-11-27 14:10:00,-0.00023256093845702708,0.009615384615384581,0.009615384615384581,0,1.0,4.482765196385661,7280.0,False,0.0,0.009615384615384581
2023-11-27 14:55:00,0.0006598395411856472,0.007074829931972726,0.0,1,0.0,4.482765196385661,7350.0,False,1.0,0.007074829931972726
2023-11-28 09:40:00,0.00195870827883482,0.004323155903809717,0.004323155903809717,1,1.0,4.4870883522894704,7402.0,False,1.0,0.004323155903809717
2023-11-28 10:40:00,0.002660422818735242,0.0005380683346785098,0.0005380683346785098,0,1.0,4.487626420624149,7434.0,False,1.0,0.0005380683346785098
2023-11-28 11:25:00,0.0029416431207209826,-0.004033342296316245,-0.004033342296316245,0,1.0,4.483593078327833,7438.0,False,1.0,-0.004033342296316245
2023-11-28 14:10:00,0.0019087912514805794,-0.004319654427645814,-0.004319654427645814,0,1.0,4.479273423900187,7408.0,False,1.0,-0.004319654427645814
2023-11-28 14:55:00,0.0031461080070585012,0.0008134490238611569,0.0008134490238611569,0,1.0,4.480086872924048,7376.0,False,1.0,0.0008134490238611569
2023-11-28 21:35:00,0.0013080561766400933,-0.003522080736927613,-0.003522080736927613,0,1.0,4.476564792187121,7382.0,False,1.0,-0.003522080736927613
2023-11-29 09:40:00,0.0023701780010014772,0.0010875475802065715,0.0010875475802065715,0,1.0,4.477652339767327,7356.0,False,1.0,0.0010875475802065715
2023-11-29 10:40:00,0.0001100873269024305,-0.008419337316675768,-0.008419337316675768,0,1.0,4.469233002450651,7364.0,False,1.0,-0.008419337316675768
2023-11-29 11:25:00,0.003109955694526434,-0.0008216926869351049,-0.0008216926869351049,0,1.0,4.468411309763717,7302.0,False,1.0,-0.0008216926869351049
2023-11-29 14:10:00,0.003414696315303445,-0.0019188596491228616,-0.0019188596491228616,0,1.0,4.466492450114593,7296.0,False,1.0,-0.0019188596491228616
2023-11-29 14:55:00,0.001848095329478383,-0.003845097500686623,-0.003845097500686623,0,1.0,4.4626473526139065,7282.0,False,1.0,-0.003845097500686623
2023-11-29 21:35:00,0.002945877145975828,0.002481389578163684,0.002481389578163684,0,1.0,4.4651287421920705,7254.0,False,1.0,0.002481389578163684
2023-11-30 09:40:00,0.0033674815203994513,0.003575357535753554,0.003575357535753554,0,1.0,4.468704099727824,7272.0,False,1.0,0.003575357535753554
2023-11-30 10:40:00,0.00372722907923162,0.0005480953685941259,0.0005480953685941259,0,1.0,4.469252195096418,7298.0,False,1.0,0.0005480953685941259
2023-11-30 11:25:00,0.004671812988817692,0.0027389756231168683,0.0027389756231168683,0,1.0,4.4719911707195354,7302.0,False,1.0,0.0027389756231168683
2023-11-30 14:10:00,0.005184121895581484,0.002185195301830145,0.002185195301830145,0,1.0,4.474176366021365,7322.0,False,1.0,0.002185195301830145
2023-11-30 14:55:00,0.004894321318715811,-0.0008176614881438837,-0.0008176614881438837,0,1.0,4.473358704533221,7338.0,False,1.0,-0.0008176614881438837
2023-11-30 21:35:00,0.004676849115639925,0.0013638843426078129,0.0013638843426078129,0,1.0,4.474722588875829,7332.0,False,1.0,0.0013638843426078129
2023-12-01 09:40:00,0.0043680076487362385,-0.014437482974666294,-0.014437482974666294,0,1.0,4.460285105901162,7342.0,False,1.0,-0.014437482974666294
2023-12-01 10:40:00,0.0025007198564708233,-0.008844665561083431,-0.008844665561083431,0,1.0,4.451440440340079,7236.0,False,1.0,-0.008844665561083431
2023-12-01 11:25:00,0.00249363761395216,0.0019520356943669714,0.0019520356943669714,0,1.0,4.453392476034446,7172.0,False,1.0,0.0019520356943669714
2023-12-01 14:10:00,0.00400456041097641,0.0011132758140830479,0.0011132758140830479,0,1.0,4.4545057518485285,7186.0,False,1.0,0.0011132758140830479
2023-12-01 14:55:00,0.0035739962477236986,0.002502085070892335,0.002502085070892335,0,1.0,4.457007836919421,7194.0,False,1.0,0.002502085070892335
2023-12-01 21:35:00,0.0030074752867221832,0.0002773155851358844,0.0002773155851358844,0,1.0,4.457285152504557,7212.0,False,1.0,0.0002773155851358844
2023-12-04 09:40:00,0.0026046494022011757,-0.007208206265594708,-0.007208206265594708,0,1.0,4.450076946238962,7214.0,False,1.0,-0.007208206265594708
2023-12-04 10:40:00,0.0026224663015455008,0.0033510192683607887,0.0033510192683607887,0,1.0,4.453427965507323,7162.0,False,1.0,0.0033510192683607887
2023-12-04 11:25:00,0.0023033316247165203,0.0011132758140830479,0.0011132758140830479,0,1.0,4.454541241321405,7186.0,False,1.0,0.0011132758140830479
2023-12-04 14:10:00,0.0040108514949679375,0.0013900472616068527,0.0013900472616068527,0,1.0,4.455931288583012,7194.0,False,1.0,0.0013900472616068527
2023-12-04 14:55:00,0.002348719397559762,-0.0016657412548584105,-0.0016657412548584105,0,1.0,4.454265547328154,7204.0,False,1.0,-0.0016657412548584105
2023-12-05 09:40:00,0.0029383802320808172,-0.006674082313681828,-0.006674082313681828,0,1.0,4.447591465014472,7192.0,False,1.0,-0.006674082313681828
2023-12-05 10:40:00,0.002497374080121517,0.004199328107502787,0.004199328107502787,0,1.0,4.451790793121974,7144.0,False,1.0,0.004199328107502787
2023-12-05 11:25:00,0.002865924034267664,-0.0025090604962364482,-0.0025090604962364482,0,1.0,4.449281732625739,7174.0,False,1.0,-0.0025090604962364482
2023-12-05 14:10:00,0.0036815106868743896,-0.004471771939631108,-0.004471771939631108,0,1.0,4.444809960686108,7156.0,False,1.0,-0.004471771939631108
2023-12-05 14:55:00,0.002571611199527979,-0.0014037057832678723,-0.0014037057832678723,0,1.0,4.44340625490284,7124.0,False,1.0,-0.0014037057832678723
2023-12-05 21:35:00,0.0019116717157885432,-0.0033736294630306585,-0.0033736294630306585,0,1.0,4.440032625439809,7114.0,False,1.0,-0.0033736294630306585
2023-12-06 09:40:00,0.0021288092248141766,-0.019464033850493667,-0.019464033850493667,0,1.0,4.420568591589316,7090.0,False,1.0,-0.019464033850493667
2023-12-06 10:40:00,0.001524814055301249,-0.0025891829689298484,-0.0025891829689298484,0,1.0,4.417979408620385,6952.0,False,1.0,-0.0025891829689298484
2023-12-06 11:25:00,0.0022102566435933113,-0.001730602826651273,-0.001730602826651273,0,1.0,4.416248805793734,6934.0,False,1.0,-0.001730602826651273
2023-12-06 14:10:00,0.0025257726665586233,0.0014446691707599157,0.0014446691707599157,0,1.0,4.417693474964494,6922.0,False,1.0,0.0014446691707599157
2023-12-06 14:55:00,0.001904815318994224,0.0011540680900172795,0.0011540680900172795,0,1.0,4.418847543054511,6932.0,False,1.0,0.0011540680900172795
2023-12-06 21:35:00,0.0021247444674372673,-0.009221902017291117,-0.009221902017291117,0,1.0,4.40962564103722,6940.0,False,1.0,-0.009221902017291117
2023-12-07 09:40:00,0.002242669928818941,-0.008435136707388047,-0.008435136707388047,0,1.0,4.401190504329833,6876.0,False,1.0,-0.008435136707388047
2023-12-07 10:40:00,0.0022074913140386343,0.0011733646230565054,0.0011733646230565054,0,1.0,4.402363868952889,6818.0,False,1.0,0.0011733646230565054
2023-12-07 11:25:00,0.0013197839725762606,0.005273952534427195,0.005273952534427195,0,1.0,4.407637821487316,6826.0,False,1.0,0.005273952534427195
2023-12-07 14:10:00,0.001765276538208127,0.0020402215097639065,0.0020402215097639065,0,1.0,4.409678042997079,6862.0,False,1.0,0.0020402215097639065
2023-12-07 14:55:00,0.0031660590320825577,0.006399069226294296,0.006399069226294296,0,1.0,4.416077112223374,6876.0,False,1.0,0.006399069226294296
2023-12-07 21:35:00,0.0026473919861018658,0.009248554913294793,0.009248554913294793,0,1.0,4.4253256671366685,6920.0,False,1.0,0.009248554913294793
2023-12-08 09:40:00,0.0030349548906087875,0.004868270332187841,0.004868270332187841,0,1.0,4.430193937468857,6984.0,False,1.0,0.004868270332187841
2023-12-08 10:40:00,0.0028976278845220804,0.002564833285836343,0.002564833285836343,0,1.0,4.432758770754694,7018.0,False,1.0,0.002564833285836343
2023-12-08 11:25:00,0.0020667894277721643,0.0,0.0,0,1.0,4.432758770754694,7036.0,False,1.0,0.0
2023-12-08 14:10:00,-0.0004867658717557788,0.005400795906765232,0.005400795906765232,0,1.0,4.438159566661458,7036.0,False,0.0,0.005400795906765232
2023-12-08 14:55:00,-0.0004944760585203767,0.002261803788521366,0.0,1,0.0,4.438159566661458,7074.0,False,0.0,0.002261803788521366
2023-12-08 21:35:00,-0.0018567681545391679,0.003102961918194591,0.0,1,0.0,4.438159566661458,7090.0,False,0.0,0.003102961918194591
2023-12-11 09:40:00,0.0014336082385852933,0.0,0.0,0,0.0,4.438159566661458,7112.0,True,0.0,0.0056242969628796935
2023-12-11 10:40:00,0.0018761695828288794,0.0019574944071587552,0.0,1,0.0,4.438159566661458,7152.0,False,0.0,0.0019574944071587552
2023-12-11 11:25:00,0.00204511103220284,-0.0022327658386827043,-0.0,1,0.0,4.438159566661458,7166.0,False,0.0,-0.0022327658386827043
2023-12-11 14:10:00,0.0024055547546595335,0.00419580419580412,0.0,0,0.0,4.438159566661458,7150.0,False,1.0,0.00419580419580412
2023-12-11 14:55:00,0.001981590874493122,0.0005571030640667551,0.0005571030640667551,0,1.0,4.438716669725525,7180.0,False,1.0,0.0005571030640667551
2023-12-12 09:40:00,0.0026447977870702744,0.0050111358574609355,0.0050111358574609355,0,1.0,4.443727805582986,7184.0,False,1.0,0.0050111358574609355
2023-12-12 10:40:00,0.001594783621840179,-0.0030470914127423976,-0.0030470914127423976,0,1.0,4.440680714170243,7220.0,False,1.0,-0.0030470914127423976
2023-12-12 11:25:00,0.002375328214839101,-0.00027785495971099916,-0.00027785495971099916,0,1.0,4.440402859210533,7198.0,False,1.0,-0.00027785495971099916
2023-12-12 14:10:00,0.0013667824678122997,0.0033351862145636346,0.0033351862145636346,0,1.0,4.443738045425096,7196.0,False,1.0,0.0033351862145636346
2023-12-12 14:55:00,0.0009268280700780451,-0.00027700831024934924,-0.00027700831024934924,0,1.0,4.443461037114847,7220.0,False,1.0,-0.00027700831024934924
2023-12-12 21:35:00,-0.0010899801272898912,-0.014408423385979474,-0.014408423385979474,0,1.0,4.429052613728867,7218.0,False,0.0,-0.014408423385979474
2023-12-13 09:40:00,-0.0023541515693068504,0.004217036828788379,0.0,1,0.0,4.429052613728867,7114.0,False,-1.0,0.004217036828788379
2023-12-13 10:40:00,-0.0013181449612602592,0.0008398656215005129,-0.0008398656215005129,1,-1.0,4.4282127481073665,7144.0,False,-1.0,0.0008398656215005129
2023-12-13 11:25:00,-0.0004262543225195259,-0.01118881118881121,0.01118881118881121,0,-1.0,4.4394015592961775,7150.0,False,-1.0,-0.01118881118881121
2023-12-13 14:10:00,-0.00044926433474756777,0.0025459688826026117,-0.0025459688826026117,0,-1.0,4.436855590413575,7070.0,False,-1.0,0.0025459688826026117
2023-12-13 14:55:00,0.0002912833006121218,-0.00366817155756205,0.00366817155756205,0,-1.0,4.4405237619711375,7088.0,False,0.0,-0.00366817155756205
2023-12-13 21:35:00,0.0005297792376950383,0.004814500141602895,0.0,1,0.0,4.4405237619711375,7062.0,False,0.0,0.004814500141602895
2023-12-14 09:40:00,-0.00012554634304251522,0.0008455467869221689,0.0,1,0.0,4.4405237619711375,7096.0,False,0.0,0.0008455467869221689
2023-12-14 10:40:00,-9.069861698662862e-05,-0.005068994649394587,-0.0,1,0.0,4.4405237619711375,7102.0,False,0.0,-0.005068994649394587
2023-12-14 11:25:00,0.0007497569313272834,0.002264364562694521,0.0,1,0.0,4.4405237619711375,7066.0,False,0.0,0.002264364562694521
2023-12-14 14:10:00,0.00040678505320101976,-0.0019768426998023614,-0.0,1,0.0,4.4405237619711375,7082.0,False,0.0,-0.0019768426998023614
2023-12-14 14:55:00,-0.00010376994032412767,0.001697792869269854,0.0,1,0.0,4.4405237619711375,7068.0,False,0.0,0.001697792869269854
2023-12-14 21:35:00,0.0005058848764747381,0.005367231638418124,0.0,1,0.0,4.4405237619711375,7080.0,False,0.0,0.005367231638418124
2023-12-15 09:40:00,0.0013107677223160863,0.0044956448440574,0.0,1,0.0,4.4405237619711375,7118.0,False,0.0,0.0044956448440574
2023-12-15 10:40:00,0.00145492993760854,-0.0013986013986013734,-0.0,0,0.0,4.4405237619711375,7150.0,False,1.0,-0.0013986013986013734
2023-12-15 11:25:00,0.0021855123341083527,-0.0002801120448179262,-0.0002801120448179262,0,1.0,4.44024364992632,7140.0,False,1.0,-0.0002801120448179262
2023-12-15 14:10:00,0.002500670263543725,-0.010647240123283885,-0.010647240123283885,0,1.0,4.429596409803035,7138.0,False,1.0,-0.010647240123283885
2023-12-15 14:55:00,0.0030339029617607594,0.0014160294534126816,0.0014160294534126816,0,1.0,4.431012439256448,7062.0,False,1.0,0.0014160294534126816
2023-12-15 21:35:00,0.0005631393869407475,-0.002828054298642524,-0.002828054298642524,0,1.0,4.428184384957806,7072.0,False,1.0,-0.002828054298642524
2023-12-18 09:40:00,1.843115569499787e-05,-0.0022688598979012653,-0.0022688598979012653,0,1.0,4.425915525059905,7052.0,False,1.0,-0.0022688598979012653
2023-12-18 10:40:00,-0.00012935424456372857,0.0011370096645821892,0.0011370096645821892,0,1.0,4.427052534724487,7036.0,False,0.0,0.0011370096645821892
2023-12-18 11:25:00,-0.00019804573094006628,0.0025553662691653045,0.0,1,0.0,4.427052534724487,7044.0,False,0.0,0.0025553662691653045
2023-12-18 14:10:00,0.00033205392537638545,0.005097706032285432,0.0,1,0.0,4.427052534724487,7062.0,False,0.0,0.005097706032285432
2023-12-18 14:55:00,0.000887462287209928,0.01098901098901095,0.0,1,0.0,4.427052534724487,7098.0,False,1.0,0.01098901098901095
2023-12-19 09:40:00,0.002150776796042919,-0.0050167224080267525,-0.0050167224080267525,1,1.0,4.4220358123164605,7176.0,False,1.0,-0.0050167224080267525
2023-12-19 10:40:00,0.002301598899066448,0.0011204481792717047,0.0011204481792717047,0,1.0,4.423156260495732,7140.0,False,1.0,0.0011204481792717047
2023-12-19 11:25:00,0.0014001287054270506,-0.0005595970900951208,-0.0005595970900951208,0,1.0,4.422596663405637,7148.0,False,1.0,-0.0005595970900951208
2023-12-19 14:10:00,0.003659585490822792,0.002239641657334923,0.002239641657334923,0,1.0,4.424836305062971,7144.0,False,1.0,0.002239641657334923
2023-12-19 14:55:00,0.0028074486181139946,0.0,0.0,0,1.0,4.424836305062971,7160.0,False,1.0,0.0
2023-12-19 21:35:00,0.002169043989852071,0.0008379888268157387,0.0008379888268157387,0,1.0,4.425674293889787,7160.0,False,1.0,0.0008379888268157387
2023-12-20 09:40:00,0.0017410061554983258,0.0005581914596706206,0.0005581914596706206,0,1.0,4.426232485349457,7166.0,False,1.0,0.0005581914596706206
2023-12-20 10:40:00,0.002644948661327362,0.0022315202231519837,0.0022315202231519837,0,1.0,4.42846400557261,7170.0,False,1.0,0.0022315202231519837
2023-12-20 11:25:00,0.0016424251953139901,-0.003061508488728104,-0.003061508488728104,0,1.0,4.425402497083882,7186.0,False,1.0,-0.003061508488728104
2023-12-20 14:10:00,0.0013113449094817042,0.0019542155220546586,0.0019542155220546586,0,1.0,4.4273567126059366,7164.0,False,1.0,0.0019542155220546586
2023-12-20 14:55:00,0.00013926593237556517,-0.0011145165784340882,-0.0011145165784340882,0,1.0,4.426242196027502,7178.0,False,1.0,-0.0011145165784340882
2023-12-20 21:35:00,0.0012168644461780787,0.008926080892608157,0.008926080892608157,0,1.0,4.435168276920111,7170.0,False,1.0,0.008926080892608157
2023-12-21 09:40:00,0.0008577625849284232,-0.008017694221730709,-0.008017694221730709,0,1.0,4.42715058269838,7234.0,False,1.0,-0.008017694221730709
2023-12-21 10:40:00,-0.0004630546027328819,-0.0025083612040134318,-0.0025083612040134318,0,1.0,4.424642221494366,7176.0,False,0.0,-0.0025083612040134318
2023-12-21 11:25:00,0.0011292078997939825,-0.004749930148086112,-0.0,1,0.0,4.424642221494366,7158.0,False,1.0,-0.004749930148086112
2023-12-21 14:10:00,0.0022114869207143784,0.005334081976417826,0.005334081976417826,1,1.0,4.429976303470784,7124.0,False,1.0,0.005334081976417826
2023-12-21 14:55:00,0.000600676576141268,0.0011170064227870036,0.0011170064227870036,0,1.0,4.431093309893571,7162.0,False,1.0,0.0011170064227870036
2023-12-21 21:35:00,-0.0007317611016333103,-0.015062761506276168,-0.015062761506276168,0,1.0,4.416030548387296,7170.0,False,0.0,-0.015062761506276168
2023-12-22 09:40:00,-0.0002647588844411075,-0.007080147267063186,-0.0,1,0.0,4.416030548387296,7062.0,False,0.0,-0.007080147267063186
2023-12-22 10:40:00,0.00016747725021559745,0.003422703936109439,0.0,1,0.0,4.416030548387296,7012.0,False,0.0,0.003422703936109439
2023-12-22 11:25:00,0.0015626762760803103,0.011938601478112654,0.0,1,0.0,4.416030548387296,7036.0,False,1.0,0.011938601478112654
2023-12-22 14:10:00,0.0018752299947664142,-0.0011235955056180247,-0.0011235955056180247,1,1.0,4.414906952881678,7120.0,False,1.0,-0.0011235955056180247
2023-12-22 14:55:00,0.0023340906482189894,0.0016872890888639525,0.0016872890888639525,0,1.0,4.416594241970541,7112.0,False,1.0,0.0016872890888639525
2023-12-22 21:35:00,0.001209075329825282,-0.0036496350364964014,-0.0036496350364964014,0,1.0,4.412944606934045,7124.0,False,1.0,-0.0036496350364964014
2023-12-25 09:40:00,0.0009193466976284981,-0.010143702451394732,-0.010143702451394732,0,1.0,4.40280090448265,7098.0,False,1.0,-0.010143702451394732
2023-12-25 10:40:00,0.0016295532695949078,0.012524907486478831,0.012524907486478831,0,1.0,4.415325811969129,7026.0,False,1.0,0.012524907486478831
2023-12-25 11:25:00,0.0021507025230675936,0.0014056789429295335,0.0014056789429295335,0,1.0,4.416731490912058,7114.0,False,1.0,0.0014056789429295335
2023-12-25 14:10:00,0.0040307375602424145,0.0008422234699607678,0.0008422234699607678,0,1.0,4.417573714382019,7124.0,False,1.0,0.0008422234699607678
2023-12-25 14:55:00,0.001532618422061205,0.0022440392706872814,0.0022440392706872814,0,1.0,4.419817753652707,7130.0,False,1.0,0.0022440392706872814
2023-12-26 09:40:00,-0.00023007503477856517,0.0030786453960256477,0.0030786453960256477,0,1.0,4.422896399048732,7146.0,False,0.0,0.0030786453960256477
2023-12-26 10:40:00,0.0008834957843646407,0.0022321428571427937,0.0,1,0.0,4.422896399048732,7168.0,False,1.0,0.0022321428571427937
2023-12-26 11:25:00,0.0006363169522956014,-0.0016703786191536452,-0.0016703786191536452,1,1.0,4.421226020429579,7184.0,False,1.0,-0.0016703786191536452
2023-12-26 14:10:00,0.0024393037892878056,0.0025097601784718204,0.0025097601784718204,0,1.0,4.423735780608051,7172.0,False,1.0,0.0025097601784718204
2023-12-26 14:55:00,0.002661622827872634,0.0011126564673156203,0.0011126564673156203,0,1.0,4.424848437075367,7190.0,False,1.0,0.0011126564673156203
2023-12-26 21:35:00,0.002190815517678857,0.0041678243956655425,0.0041678243956655425,0,1.0,4.429016261471032,7198.0,False,1.0,0.0041678243956655425
2023-12-27 09:40:00,0.0019017058657482266,0.0024903154399558147,0.0024903154399558147,0,1.0,4.431506576910988,7228.0,False,1.0,0.0024903154399558147
2023-12-27 10:40:00,0.0025807011406868696,0.002208114821970808,0.002208114821970808,0,1.0,4.433714691732959,7246.0,False,1.0,0.002208114821970808
2023-12-27 11:25:00,0.0029031233862042427,-0.0013770311209033714,-0.0013770311209033714,0,1.0,4.432337660612056,7262.0,False,1.0,-0.0013770311209033714
2023-12-27 14:10:00,0.002504585077986121,0.0013789299503585983,0.0013789299503585983,0,1.0,4.4337165905624145,7252.0,False,1.0,0.0013789299503585983
2023-12-27 14:55:00,0.002025070833042264,0.0019278435692646756,0.0019278435692646756,0,1.0,4.435644434131679,7262.0,False,1.0,0.0019278435692646756
2023-12-27 21:35:00,0.0003263946564402431,-0.004947773501924102,-0.004947773501924102,0,1.0,4.430696660629755,7276.0,False,1.0,-0.004947773501924102
2023-12-28 09:40:00,3.157921673846431e-05,0.0024861878453039665,0.0024861878453039665,0,1.0,4.433182848475059,7240.0,False,1.0,0.0024861878453039665
2023-12-28 10:40:00,-0.00026298940065316856,-0.005235602094240788,-0.005235602094240788,0,1.0,4.427947246380818,7258.0,False,0.0,-0.005235602094240788
2023-12-28 11:25:00,0.0008056105580180883,0.0016620498614958734,0.0,1,0.0,4.427947246380818,7220.0,False,1.0,0.0016620498614958734
2023-12-28 14:10:00,0.0004657402168959379,0.0019358407079645978,0.0019358407079645978,1,1.0,4.429883087088783,7232.0,False,1.0,0.0019358407079645978
2023-12-28 14:55:00,-8.96699057193473e-05,-0.0013800717637316717,-0.0013800717637316717,0,1.0,4.428503015325051,7246.0,False,0.0,-0.0013800717637316717
2023-12-28 21:35:00,-0.0008590907673351467,-0.002211166390270858,-0.0,1,0.0,4.428503015325051,7236.0,False,-1.0,-0.002211166390270858
2023-12-29 09:40:00,-0.0007842296618036926,-0.01218836565096948,0.01218836565096948,1,-1.0,4.44069138097602,7220.0,False,-1.0,-0.01218836565096948
2023-12-29 10:40:00,-0.0006069788942113519,-0.0019629837352775903,0.0019629837352775903,0,-1.0,4.442654364711298,7132.0,False,-1.0,-0.0019629837352775903
2023-12-29 11:25:00,0.0014172897208482027,-0.0022478224220287,0.0022478224220287,0,-1.0,4.4449021871333265,7118.0,False,0.0,-0.0022478224220287
2023-12-29 14:10:00,0.0022277473472058773,0.000844832441565746,0.0,1,0.0,4.4449021871333265,7102.0,False,1.0,0.000844832441565746
2023-12-29 14:55:00,0.0008158190175890923,-0.0016882386043893804,-0.0016882386043893804,1,1.0,4.443213948528937,7108.0,False,1.0,-0.0016882386043893804
2023-12-29 21:35:00,0.0015352328773587942,-0.0002818489289740933,-0.0002818489289740933,0,1.0,4.442932099599963,7096.0,False,1.0,-0.0002818489289740933
2024-01-02 09:40:00,0.0012479337165132165,-0.005920496193966729,-0.005920496193966729,0,1.0,4.437011603405996,7094.0,False,1.0,-0.005920496193966729
2024-01-02 10:40:00,0.0007322519668377936,0.00311968235961424,0.00311968235961424,0,1.0,4.44013128576561,7052.0,False,1.0,0.00311968235961424
2024-01-02 11:25:00,0.0008402403327636421,0.00593723494486853,0.00593723494486853,0,1.0,4.446068520710479,7074.0,False,1.0,0.00593723494486853
2024-01-02 14:10:00,0.0020157243125140667,-0.002529510961214121,-0.002529510961214121,0,1.0,4.443539009749264,7116.0,False,1.0,-0.002529510961214121
2024-01-02 14:55:00,0.0010144944535568357,-0.015215553677092153,-0.015215553677092153,0,1.0,4.428323456072173,7098.0,False,1.0,-0.015215553677092153
2024-01-03 09:40:00,-0.0005319748306646943,0.0011444921316166035,0.0011444921316166035,0,1.0,4.429467948203789,6990.0,False,0.0,0.0011444921316166035
2024-01-03 10:40:00,-9.37380755203776e-05,-0.0034295513003714806,-0.0,1,0.0,4.429467948203789,6998.0,False,0.0,-0.0034295513003714806
2024-01-03 11:25:00,-0.00027969630900770426,-0.004588471465443056,-0.0,1,0.0,4.429467948203789,6974.0,False,0.0,-0.004588471465443056
2024-01-03 14:10:00,0.0008351492579095066,0.0011524056467877575,0.0,0,0.0,4.429467948203789,6942.0,False,1.0,0.0011524056467877575
2024-01-03 14:55:00,0.00041950453305616975,-0.0002877697841726645,-0.0002877697841726645,1,1.0,4.4291801784196165,6950.0,False,1.0,-0.0002877697841726645
2024-01-03 21:35:00,0.0004778644652105868,0.0031663788140472438,0.0031663788140472438,1,1.0,4.4323465572336636,6948.0,False,1.0,0.0031663788140472438
2024-01-04 09:40:00,0.0015209412667900324,0.004591104734576801,0.004591104734576801,0,1.0,4.436937661968241,6970.0,False,1.0,0.004591104734576801
2024-01-04 10:40:00,0.00033468572655692697,-0.003141959440159936,-0.003141959440159936,0,1.0,4.43379570252808,7002.0,False,1.0,-0.003141959440159936
2024-01-04 11:25:00,0.0009070825180970132,-0.0014326647564469885,-0.0014326647564469885,0,1.0,4.432363037771633,6980.0,False,1.0,-0.0014326647564469885
2024-01-04 14:10:00,0.0007041571079753339,0.00258249641319952,0.00258249641319952,0,1.0,4.434945534184833,6970.0,False,1.0,0.00258249641319952
2024-01-04 14:55:00,0.0007236831588670611,-0.00028620492272468656,-0.00028620492272468656,0,1.0,4.434659329262109,6988.0,False,1.0,-0.00028620492272468656
2024-01-04 21:35:00,0.0016780596924945712,-0.001145147437732641,-0.001145147437732641,0,1.0,4.433514181824376,6986.0,False,1.0,-0.001145147437732641
2024-01-05 09:40:00,0.002697175135836005,0.0031527658354828514,0.0031527658354828514,0,1.0,4.436666947659859,6978.0,False,1.0,0.0031527658354828514
2024-01-05 10:40:00,0.002450611675158143,-0.0005714285714285561,-0.0005714285714285561,0,1.0,4.436095519088431,7000.0,False,1.0,-0.0005714285714285561
2024-01-05 11:25:00,0.002529761055484414,0.0062893081761006275,0.0062893081761006275,0,1.0,4.442384827264531,6996.0,False,1.0,0.0062893081761006275
2024-01-05 14:10:00,0.002119711833074689,0.002556818181818077,0.002556818181818077,0,1.0,4.444941645446349,7040.0,False,1.0,0.002556818181818077
2024-01-05 14:55:00,0.0012947063660249114,-0.005100595069424729,-0.005100595069424729,0,1.0,4.439841050376924,7058.0,False,1.0,-0.005100595069424729
2024-01-05 21:35:00,0.0011308846296742558,0.0025633722586158036,0.0025633722586158036,0,1.0,4.442404422635541,7022.0,False,1.0,0.0025633722586158036
2024-01-08 09:40:00,0.001043975818902254,-0.00369318181818179,-0.00369318181818179,0,1.0,4.438711240817359,7040.0,False,1.0,-0.00369318181818179
2024-01-08 10:40:00,0.0011576121905818582,0.005702879954377016,0.005702879954377016,0,1.0,4.444414120771736,7014.0,False,1.0,0.005702879954377016
2024-01-08 11:25:00,0.001100334688089788,0.0,0.0,0,1.0,4.444414120771736,7054.0,False,1.0,0.0
2024-01-08 14:10:00,0.0020054157357662916,-0.004819960306209237,-0.004819960306209237,0,1.0,4.439594160465527,7054.0,False,1.0,-0.004819960306209237
2024-01-08 14:55:00,-1.0531952284509316e-05,-0.01652421652421654,-0.01652421652421654,0,1.0,4.42306994394131,7020.0,False,0.0,-0.01652421652421654
2024-01-09 09:40:00,-0.00043986091623082757,0.016801853997682414,0.0,1,0.0,4.42306994394131,6904.0,False,0.0,0.016801853997682414
2024-01-09 10:40:00,0.0010903216898441315,0.002279202279202197,0.0,1,0.0,4.42306994394131,7020.0,False,1.0,0.002279202279202197
2024-01-09 11:25:00,0.0016769738867878914,0.0036952814098920594,0.0036952814098920594,1,1.0,4.426765225351202,7036.0,False,1.0,0.0036952814098920594
2024-01-09 14:10:00,0.0014955977676436305,-0.0002832058906825363,-0.0002832058906825363,1,1.0,4.4264820194605194,7062.0,False,1.0,-0.0002832058906825363
2024-01-09 14:55:00,0.0001541737001389265,-0.0005665722379603055,-0.0005665722379603055,0,1.0,4.425915447222559,7060.0,False,1.0,-0.0005665722379603055
2024-01-09 21:35:00,0.00034110041451640427,0.0045351473922903285,0.0045351473922903285,0,1.0,4.430450594614849,7056.0,False,1.0,0.0045351473922903285
2024-01-10 09:40:00,0.00020914190099574625,0.00648984198645608,0.00648984198645608,0,1.0,4.436940436601305,7088.0,False,1.0,0.00648984198645608
2024-01-10 10:40:00,0.0006686259876005352,0.0019624334174375146,0.0019624334174375146,0,1.0,4.438902870018743,7134.0,False,1.0,0.0019624334174375146
2024-01-10 11:25:00,-5.6959277571877465e-05,0.0030777839955231645,0.0030777839955231645,0,1.0,4.441980654014266,7148.0,False,0.0,0.0030777839955231645
2024-01-10 14:10:00,0.00020792786381207407,0.006136680613668011,0.0,1,0.0,4.441980654014266,7170.0,False,0.0,0.006136680613668011
2024-01-10 14:55:00,0.00011535217345226556,0.0002772387025229417,0.0,1,0.0,4.441980654014266,7214.0,False,0.0,0.0002772387025229417
2024-01-10 21:35:00,-0.0005038343952037394,0.0019401330376940251,0.0,0,0.0,4.441980654014266,7216.0,False,-1.0,0.0019401330376940251
2024-01-11 09:40:00,0.0004402690683491528,-0.0005532503457814641,0.0005532503457814641,1,-1.0,4.442533904360047,7230.0,False,0.0,-0.0005532503457814641
2024-01-11 10:40:00,-0.00018933248065877706,0.0008303349017437789,0.0,1,0.0,4.442533904360047,7226.0,False,0.0,0.0008303349017437789
2024-01-11 11:25:00,0.0003715232596732676,0.0022123893805310324,0.0,1,0.0,4.442533904360047,7232.0,False,0.0,0.0022123893805310324
2024-01-11 14:10:00,0.00034387948107905686,0.004690949227373009,0.0,1,0.0,4.442533904360047,7248.0,False,0.0,0.004690949227373009
2024-01-11 14:55:00,0.00015516589337494224,-0.003295797857731375,-0.0,0,0.0,4.442533904360047,7282.0,False,0.0,-0.003295797857731375
2024-01-11 21:35:00,-0.0004472486034501344,-0.0022044640396803317,-0.0,0,0.0,4.442533904360047,7258.0,False,-1.0,-0.0022044640396803317
2024-01-12 09:40:00,0.0006421410362236202,0.0035901684617509755,-0.0035901684617509755,1,-1.0,4.438943735898296,7242.0,False,0.0,0.0035901684617509755
2024-01-12 10:40:00,0.0005577470292337239,-0.00027517886626304833,-0.0,1,0.0,4.438943735898296,7268.0,False,1.0,-0.00027517886626304833
2024-01-12 11:25:00,0.0008068202878348529,0.004128819157720898,0.004128819157720898,0,1.0,4.443072555056017,7266.0,False,1.0,0.004128819157720898
2024-01-12 14:10:00,0.00036328492569737136,0.003015350877193068,0.003015350877193068,0,1.0,4.44608790593321,7296.0,False,1.0,0.003015350877193068
2024-01-12 14:55:00,0.0007246615132316947,0.0019130910084723673,0.0019130910084723673,0,1.0,4.4480009969416825,7318.0,False,1.0,0.0019130910084723673
2024-01-12 21:35:00,-0.0004943133099004626,-0.008728859792689558,-0.008728859792689558,0,1.0,4.439272137148993,7332.0,False,0.0,-0.008728859792689558
2024-01-15 09:40:00,0.0006738118827342987,-0.0011007154650523043,-0.0,1,0.0,4.439272137148993,7268.0,False,1.0,-0.0011007154650523043
2024-01-15 10:40:00,-0.0007458741893060505,0.003581267217630746,0.003581267217630746,1,1.0,4.442853404366623,7260.0,False,0.0,0.003581267217630746
2024-01-15 11:25:00,-0.0013496647588908672,0.0016469942355201717,0.0,1,0.0,4.442853404366623,7286.0,False,-1.0,0.0016469942355201717
2024-01-15 14:10:00,-0.0005863560945726931,0.0032885722115647553,-0.0032885722115647553,1,-1.0,4.4395648321550585,7298.0,False,-1.0,0.0032885722115647553
2024-01-15 14:55:00,-0.0003471137606538832,-0.0002731494127287126,0.0002731494127287126,0,-1.0,4.439837981567788,7322.0,False,-1.0,-0.0002731494127287126
2024-01-16 09:40:00,0.0013577159261330962,-0.002732240437158473,0.002732240437158473,0,-1.0,4.442570222004946,7320.0,False,0.0,-0.002732240437158473
2024-01-16 10:40:00,0.0012764183338731527,0.005479452054794498,0.0,1,0.0,4.442570222004946,7300.0,False,1.0,0.005479452054794498
2024-01-16 11:25:00,0.0015159811591729522,-0.00027247956403264606,-0.00027247956403264606,1,1.0,4.442297742440914,7340.0,False,1.0,-0.00027247956403264606
2024-01-16 14:10:00,0.002446654951199889,0.0027255382938129458,0.0027255382938129458,0,1.0,4.445023280734727,7338.0,False,1.0,0.0027255382938129458
2024-01-16 14:55:00,0.0022708578035235405,0.004077194889915647,0.004077194889915647,0,1.0,4.449100475624642,7358.0,False,1.0,0.004077194889915647
2024-01-16 21:35:00,0.0009861342841759324,-0.0002707092582566739,-0.0002707092582566739,0,1.0,4.448829766366385,7388.0,False,1.0,-0.0002707092582566739
2024-01-17 09:40:00,0.00039406545693054795,-0.006498781478472826,-0.006498781478472826,0,1.0,4.442330984887914,7386.0,False,1.0,-0.006498781478472826
2024-01-17 10:40:00,0.0005225660279393196,0.001907876805669062,0.001907876805669062,0,1.0,4.444238861693583,7338.0,False,1.0,0.001907876805669062
2024-01-17 11:25:00,0.0009924417827278376,-0.00353645266594127,-0.00353645266594127,0,1.0,4.440702409027641,7352.0,False,1.0,-0.00353645266594127
2024-01-17 14:10:00,0.0011485281866043806,0.0,0.0,0,1.0,4.440702409027641,7326.0,False,1.0,0.0
2024-01-17 14:55:00,0.0021387976594269276,-0.00354900354900356,-0.00354900354900356,0,1.0,4.437153405478638,7326.0,False,1.0,-0.00354900354900356
2024-01-17 21:35:00,0.001263481448404491,0.003835616438356171,0.003835616438356171,0,1.0,4.440989021916994,7300.0,False,1.0,0.003835616438356171
2024-01-18 09:40:00,0.0014107656897976995,0.008460698689956248,0.008460698689956248,0,1.0,4.44944972060695,7328.0,False,1.0,0.008460698689956248
2024-01-18 10:40:00,0.0025320635177195072,-0.006224627875507482,-0.006224627875507482,0,1.0,4.443225092731442,7390.0,False,1.0,-0.006224627875507482
2024-01-18 11:25:00,0.003510773414745927,0.0038126361655772545,0.0038126361655772545,0,1.0,4.447037728897019,7344.0,False,1.0,0.0038126361655772545
2024-01-18 14:10:00,0.0025559240020811558,0.0010851871947910041,0.0010851871947910041,0,1.0,4.44812291609181,7372.0,False,1.0,0.0010851871947910041
2024-01-18 14:55:00,0.002385254018008709,0.003794037940379358,0.003794037940379358,0,1.0,4.451916954032189,7380.0,False,1.0,0.003794037940379358
2024-01-18 21:35:00,0.0010745702311396599,-0.0005399568034557545,-0.0005399568034557545,0,1.0,4.451376997228733,7408.0,False,1.0,-0.0005399568034557545
2024-01-19 09:40:00,0.0019883622881025076,0.005942733657482435,0.005942733657482435,0,1.0,4.457319730886216,7404.0,False,1.0,0.005942733657482435
2024-01-19 10:40:00,0.0023666471242904663,0.004027926960257888,0.004027926960257888,0,1.0,4.461347657846474,7448.0,False,1.0,0.004027926960257888
2024-01-19 11:25:00,0.002601352985948324,0.004279219042524707,0.004279219042524707,0,1.0,4.465626876888999,7478.0,False,1.0,0.004279219042524707
2024-01-19 14:10:00,0.0021662991493940353,-0.000798934753661773,-0.000798934753661773,0,1.0,4.464827942135337,7510.0,False,1.0,-0.000798934753661773
2024-01-19 14:55:00,0.002931935014203191,0.0031982942430703876,0.0031982942430703876,0,1.0,4.468026236378408,7504.0,False,1.0,0.0031982942430703876
2024-01-19 21:35:00,0.0015222851652652025,-0.007173219978745982,-0.007173219978745982,0,1.0,4.460853016399661,7528.0,False,1.0,-0.007173219978745982
2024-01-22 09:40:00,0.002552820136770606,-0.0005351886540004847,-0.0005351886540004847,0,1.0,4.46031782774566,7474.0,False,1.0,-0.0005351886540004847
2024-01-22 10:40:00,0.0022526250686496496,0.0034805890227576075,0.0034805890227576075,0,1.0,4.463798416768419,7470.0,False,1.0,0.0034805890227576075
2024-01-22 11:25:00,0.0015721787931397557,0.0010672358591248265,0.0010672358591248265,0,1.0,4.464865652627544,7496.0,False,1.0,0.0010672358591248265
2024-01-22 14:10:00,0.0020111766643822193,-0.004797441364605581,-0.004797441364605581,0,1.0,4.4600682112629375,7504.0,False,1.0,-0.004797441364605581
2024-01-22 14:55:00,0.0014801686629652977,0.0016068559185860032,0.0016068559185860032,0,1.0,4.461675067181524,7468.0,False,1.0,0.0016068559185860032
2024-01-23 09:40:00,0.0017139128176495433,0.002406417112299497,0.002406417112299497,0,1.0,4.464081484293823,7480.0,False,1.0,0.002406417112299497
2024-01-23 10:40:00,0.0021745723206549883,-0.0029341157642037707,-0.0029341157642037707,0,1.0,4.46114736852962,7498.0,False,1.0,-0.0029341157642037707
2024-01-23 11:25:00,0.0020040248055011034,0.0010700909577314732,0.0010700909577314732,0,1.0,4.462217459487351,7476.0,False,1.0,0.0010700909577314732
2024-01-23 14:10:00,0.0021934157703071833,-0.003206841261357618,-0.003206841261357618,0,1.0,4.459010618225994,7484.0,False,1.0,-0.003206841261357618
2024-01-23 14:55:00,0.0013347681378945708,-0.00214477211796249,-0.00214477211796249,0,1.0,4.456865846108031,7460.0,False,1.0,-0.00214477211796249
2024-01-23 21:35:00,0.0009318928932771087,0.0037614185921548415,0.0037614185921548415,0,1.0,4.460627264700186,7444.0,False,1.0,0.0037614185921548415
2024-01-24 09:40:00,0.002314140321686864,0.0008029978586723274,0.0008029978586723274,0,1.0,4.461430262558858,7472.0,False,1.0,0.0008029978586723274
2024-01-24 10:40:00,0.0012727525318041444,0.0016047071409468483,0.0016047071409468483,0,1.0,4.463034969699805,7478.0,False,1.0,0.0016047071409468483
2024-01-24 11:25:00,0.0029233875684440136,-0.0010680907877169687,-0.0010680907877169687,0,1.0,4.461966878912088,7490.0,False,1.0,-0.0010680907877169687
2024-01-24 14:10:00,0.001970530953258276,-0.001603849238171584,-0.001603849238171584,0,1.0,4.460363029673917,7482.0,False,1.0,-0.001603849238171584
2024-01-24 14:55:00,0.002573485719040036,0.004016064257028162,0.004016064257028162,0,1.0,4.464379093930945,7470.0,False,1.0,0.004016064257028162
2024-01-24 21:35:00,0.0017284840578213334,0.0018666666666666831,0.0018666666666666831,0,1.0,4.466245760597611,7500.0,False,1.0,0.0018666666666666831
2024-01-25 09:40:00,0.002693092217668891,0.0007985094490283728,0.0007985094490283728,0,1.0,4.46704427004664,7514.0,False,1.0,0.0007985094490283728
2024-01-25 10:40:00,0.0018953561084344983,0.0018617021276596812,0.0018617021276596812,0,1.0,4.4689059721743,7520.0,False,1.0,0.0018617021276596812
2024-01-25 11:25:00,0.002673525596037507,0.0031855588001061808,0.0031855588001061808,0,1.0,4.472091530974406,7534.0,False,1.0,0.0031855588001061808
2024-01-25 14:10:00,0.0014171480434015393,-0.0007938608097379785,-0.0007938608097379785,0,1.0,4.471297670164668,7558.0,False,1.0,-0.0007938608097379785
2024-01-25 14:55:00,0.0018168252427130938,-0.002913135593220373,-0.002913135593220373,0,1.0,4.468384534571447,7552.0,False,1.0,-0.002913135593220373
2024-01-25 21:35:00,0.0013217307860031724,-0.0010624169986719334,-0.0010624169986719334,0,1.0,4.467322117572775,7530.0,False,1.0,-0.0010624169986719334
2024-01-26 09:40:00,0.0023303311318159103,-0.00611539484179735,-0.00611539484179735,0,1.0,4.461206722730978,7522.0,False,1.0,-0.00611539484179735
2024-01-26 10:40:00,0.0017118463292717934,0.0010700909577314732,0.0010700909577314732,0,1.0,4.4622768136887085,7476.0,False,1.0,0.0010700909577314732
2024-01-26 11:25:00,0.0011645980412140489,0.0016034206306787535,0.0016034206306787535,0,1.0,4.4638802343193875,7484.0,False,1.0,0.0016034206306787535
2024-01-26 14:10:00,0.002091274131089449,0.010939167556029972,0.010939167556029972,0,1.0,4.4748194018754175,7496.0,False,1.0,0.010939167556029972
2024-01-26 14:55:00,0.001293433946557343,-0.004222750065980496,-0.004222750065980496,0,1.0,4.470596651809437,7578.0,False,1.0,-0.004222750065980496
2024-01-26 21:35:00,0.0010640958789736032,-0.002915451895043719,-0.002915451895043719,0,1.0,4.467681199914393,7546.0,False,1.0,-0.002915451895043719
2024-01-29 09:40:00,0.0018249547574669123,-0.0074428495481126955,-0.0074428495481126955,0,1.0,4.46023835036628,7524.0,False,1.0,-0.0074428495481126955
2024-01-29 10:40:00,0.0003863736055791378,-0.00026780931976433386,-0.00026780931976433386,0,1.0,4.459970541046516,7468.0,False,1.0,-0.00026780931976433386
2024-01-29 11:25:00,-5.791630610474385e-05,-0.001607286364853966,-0.001607286364853966,0,1.0,4.458363254681663,7466.0,False,0.0,-0.001607286364853966
2024-01-29 14:10:00,0.0007082725642248988,-0.0005366246310705147,-0.0,1,0.0,4.458363254681663,7454.0,False,0.0,-0.0005366246310705147
2024-01-29 14:55:00,0.0007514766766689718,-0.009127516778523526,-0.0,1,0.0,4.458363254681663,7450.0,False,0.0,-0.009127516778523526
2024-01-30 09:40:00,0.00034013402182608843,-0.0029802221620157665,-0.0,0,0.0,4.458363254681663,7382.0,False,0.0,-0.0029802221620157665
2024-01-30 10:40:00,0.00012099521700292826,0.0021739130434783593,0.0,0,0.0,4.458363254681663,7360.0,False,0.0,0.0021739130434783593
2024-01-30 11:25:00,-0.00012096522550564259,-0.008676789587852451,-0.0,0,0.0,4.458363254681663,7376.0,False,0.0,-0.008676789587852451
2024-01-30 14:10:00,0.00027307940763421357,-0.005743982494529565,-0.0,1,0.0,4.458363254681663,7312.0,False,0.0,-0.005743982494529565
2024-01-30 14:55:00,-0.0003945101925637573,-0.010453920220082513,-0.0,1,0.0,4.458363254681663,7270.0,False,0.0,-0.010453920220082513
2024-01-30 21:35:00,-0.0005248636589385569,0.0011120378092854821,0.0,1,0.0,4.458363254681663,7194.0,False,0.0,0.0011120378092854821
2024-01-31 09:40:00,-0.000330123322783038,0.006387114690363793,0.0,1,0.0,4.458363254681663,7202.0,False,0.0,0.006387114690363793
2024-01-31 10:40:00,0.00035525698331184685,-0.007174392935982321,-0.0,0,0.0,4.458363254681663,7248.0,False,0.0,-0.007174392935982321
2024-01-31 11:25:00,0.0003933486877940595,-0.0008337965536409087,-0.0,1,0.0,4.458363254681663,7196.0,False,0.0,-0.0008337965536409087
2024-01-31 14:10:00,0.00038797128945589066,-0.009179415855354645,-0.0,1,0.0,4.458363254681663,7190.0,False,0.0,-0.009179415855354645
2024-01-31 14:55:00,0.0001015723537420854,0.0025266704098820814,0.0,0,0.0,4.458363254681663,7124.0,False,0.0,0.0025266704098820814
2024-01-31 21:35:00,-0.00018432455544825643,-0.008681041725007055,-0.0,0,0.0,4.458363254681663,7142.0,False,0.0,-0.008681041725007055
2024-02-01 09:40:00,0.0004730656510218978,0.0016949152542373724,0.0,1,0.0,4.458363254681663,7080.0,False,0.0,0.0016949152542373724
2024-02-01 10:40:00,0.0009276354103349149,0.0005640157924422518,0.0,1,0.0,4.458363254681663,7092.0,False,1.0,0.0005640157924422518
2024-02-01 11:25:00,0.0012538639130070806,0.0025366403607667287,0.0025366403607667287,0,1.0,4.460899895042429,7096.0,False,1.0,0.0025366403607667287
2024-02-01 14:10:00,0.0014739843318238854,-0.0022490863086871427,-0.0022490863086871427,0,1.0,4.458650808733742,7114.0,False,1.0,-0.0022490863086871427
2024-02-01 14:55:00,0.0009122131741605699,0.002535925612848766,0.002535925612848766,0,1.0,4.46118673434659,7098.0,False,1.0,0.002535925612848766
2024-02-01 21:35:00,0.0006664386601187289,-0.0014052838673411783,-0.0014052838673411783,0,1.0,4.459781450479249,7116.0,False,1.0,-0.0014052838673411783
2024-02-02 09:40:00,0.0015551690012216568,-0.0019701660568534063,-0.0019701660568534063,0,1.0,4.457811284422395,7106.0,False,1.0,-0.0019701660568534063
2024-02-02 10:40:00,0.0013166993157938123,-0.001974055273547659,-0.001974055273547659,0,1.0,4.455837229148848,7092.0,False,1.0,-0.001974055273547659
2024-02-02 11:25:00,0.0013126161647960544,-0.001977959875671065,-0.001977959875671065,0,1.0,4.453859269273177,7078.0,False,1.0,-0.001977959875671065
2024-02-02 14:10:00,0.001421970664523542,-0.0036806342015854865,-0.0036806342015854865,0,1.0,4.450178635071591,7064.0,False,1.0,-0.0036806342015854865
2024-02-02 14:55:00,0.001118413987569511,0.0034100596760442414,0.0034100596760442414,0,1.0,4.453588694747635,7038.0,False,1.0,0.0034100596760442414
2024-02-02 21:35:00,0.0004806604702025652,-0.00679694137638065,-0.00679694137638065,0,1.0,4.446791753371254,7062.0,False,1.0,-0.00679694137638065
2024-02-05 09:40:00,0.0011372828157618642,0.005417735956658065,0.005417735956658065,0,1.0,4.452209489327912,7014.0,False,1.0,0.005417735956658065
2024-02-05 10:40:00,0.0008891751640476286,0.0,0.0,0,1.0,4.452209489327912,7052.0,False,1.0,0.0
2024-02-05 11:25:00,0.0009410563507117331,0.0011344299489506326,0.0011344299489506326,0,1.0,4.453343919276863,7052.0,False,1.0,0.0011344299489506326
2024-02-05 14:10:00,0.0003228134592063725,-0.0005665722379603055,-0.0005665722379603055,0,1.0,4.452777347038903,7060.0,False,1.0,-0.0005665722379603055
2024-02-05 14:55:00,-7.007387466728687e-05,0.001984126984126977,0.001984126984126977,0,1.0,4.45476147402303,7056.0,False,0.0,0.001984126984126977
2024-02-06 09:40:00,0.0019264339935034513,0.0048090523338049085,0.0,1,0.0,4.45476147402303,7070.0,False,1.0,0.0048090523338049085
2024-02-06 10:40:00,0.0017608985072001815,0.007882882882882969,0.007882882882882969,1,1.0,4.462644356905913,7104.0,False,1.0,0.007882882882882969
2024-02-06 11:25:00,0.0017754744039848447,-0.008100558659217882,-0.008100558659217882,0,1.0,4.454543798246695,7160.0,False,1.0,-0.008100558659217882
2024-02-06 14:10:00,0.0011184647446498275,0.0014080540692762433,0.0014080540692762433,0,1.0,4.455951852315971,7102.0,False,1.0,0.0014080540692762433
2024-02-06 14:55:00,0.00023759638133924454,-0.0008436445444319762,-0.0008436445444319762,0,1.0,4.45510820777154,7112.0,False,1.0,-0.0008436445444319762
2024-02-06 21:35:00,0.00036369863664731383,0.00422178440754295,0.00422178440754295,0,1.0,4.459329992179082,7106.0,False,1.0,0.00422178440754295
2024-02-07 09:40:00,0.001332084066234529,-0.0014013452914798386,-0.0014013452914798386,0,1.0,4.457928646887602,7136.0,False,1.0,-0.0014013452914798386
2024-02-07 10:40:00,-0.00027350924210622907,-0.0042099354476564654,-0.0042099354476564654,0,1.0,4.4537187114399455,7126.0,False,0.0,-0.0042099354476564654
2024-02-07 11:25:00,0.00021571232355199754,-0.00366403607666288,-0.0,1,0.0,4.4537187114399455,7096.0,False,0.0,-0.00366403607666288
2024-02-07 14:10:00,0.0007364490302279592,0.00028288543140031486,0.0,1,0.0,4.4537187114399455,7070.0,False,1.0,0.00028288543140031486
2024-02-07 14:55:00,0.0003170800337102264,0.006787330316742057,0.006787330316742057,0,1.0,4.4605060417566875,7072.0,False,1.0,0.006787330316742057
2024-02-07 21:35:00,0.00010657428356353194,-0.00393258426966292,-0.00393258426966292,0,1.0,4.456573457487025,7120.0,False,1.0,-0.00393258426966292
2024-02-08 09:40:00,0.0006323265843093395,0.007050197405527259,0.007050197405527259,0,1.0,4.463623654892552,7092.0,False,1.0,0.007050197405527259
2024-02-08 10:40:00,0.0006385960732586682,0.005320638476617123,0.005320638476617123,0,1.0,4.468944293369169,7142.0,False,1.0,0.005320638476617123
2024-02-08 11:25:00,-0.0006430718349292874,0.0027855153203342198,0.0027855153203342198,0,1.0,4.471729808689503,7180.0,False,0.0,0.0027855153203342198
2024-02-08 14:10:00,-0.0007503359229303896,-0.0016666666666667052,-0.0,1,0.0,4.471729808689503,7200.0,False,-1.0,-0.0016666666666667052
2024-02-08 14:55:00,-0.0007893227739259601,0.0033388981636059967,-0.0033388981636059967,1,-1.0,4.468390910525898,7188.0,False,-1.0,0.0033388981636059967
2024-02-08 21:35:00,-0.002026846632361412,-0.004991680532445919,0.004991680532445919,0,-1.0,4.473382591058343,7212.0,False,-1.0,-0.004991680532445919
2024-02-19 09:40:00,-0.0018338629743084311,0.0008361204013378476,-0.0008361204013378476,0,-1.0,4.472546470657005,7176.0,False,-1.0,0.0008361204013378476
2024-02-19 10:40:00,-0.0016371075762435794,0.0030632135895294343,-0.0030632135895294343,0,-1.0,4.469483257067476,7182.0,False,-1.0,0.0030632135895294343
2024-02-19 11:25:00,-0.0021647310350090265,0.0036091060521932228,-0.0036091060521932228,0,-1.0,4.465874151015283,7204.0,False,-1.0,0.0036091060521932228
2024-02-19 14:10:00,-0.0019118962809443474,0.003872752420470249,-0.003872752420470249,0,-1.0,4.462001398594813,7230.0,False,-1.0,0.003872752420470249
2024-02-19 14:55:00,-0.0018651746213436127,0.012124552218242046,-0.012124552218242046,0,-1.0,4.44987684637657,7258.0,False,-1.0,0.012124552218242046
2024-02-20 09:40:00,0.000935358926653862,-0.0010890280424721288,0.0010890280424721288,0,-1.0,4.450965874419042,7346.0,False,0.0,-0.0010890280424721288
2024-02-20 10:40:00,-0.0002764706441666931,-0.0016353229762877675,-0.0,1,0.0,4.450965874419042,7338.0,False,0.0,-0.0016353229762877675
2024-02-20 11:25:00,-0.0010825577192008495,0.0005460005460005135,0.0,1,0.0,4.450965874419042,7326.0,False,-1.0,0.0005460005460005135
2024-02-20 14:10:00,7.179703243309632e-05,0.0008185538881309018,-0.0008185538881309018,0,-1.0,4.450147320530911,7330.0,False,0.0,0.0008185538881309018
2024-02-20 14:55:00,-0.0008193085668608546,-0.0032715376226826187,-0.0,1,0.0,4.450147320530911,7336.0,False,-1.0,-0.0032715376226826187
2024-02-20 21:35:00,-0.000832362798973918,0.006017505470459428,-0.006017505470459428,1,-1.0,4.444129815060452,7312.0,False,-1.0,0.006017505470459428
2024-02-21 09:40:00,1.383655489917146e-05,0.0005437737901032857,-0.0005437737901032857,0,-1.0,4.443586041270349,7356.0,False,0.0,0.0005437737901032857
2024-02-21 10:40:00,0.000665660947561264,0.0040760869565217295,0.0,1,0.0,4.443586041270349,7360.0,False,1.0,0.0040760869565217295
2024-02-21 11:25:00,0.0019120569340884686,-0.0013531799729363803,-0.0013531799729363803,1,1.0,4.442232861297413,7390.0,False,1.0,-0.0013531799729363803
2024-02-21 14:10:00,0.0006417068070732057,0.0,0.0,0,1.0,4.442232861297413,7380.0,False,1.0,0.0
2024-02-21 14:55:00,0.0017939730314537883,0.0,0.0,0,1.0,4.442232861297413,7380.0,False,1.0,0.0
2024-02-21 21:35:00,-0.0005168900825083256,-0.001626016260162566,-0.001626016260162566,0,1.0,4.44060684503725,7380.0,False,0.0,-0.001626016260162566
2024-02-22 09:40:00,0.0004256022803019732,0.0002714440825188902,0.0,1,0.0,4.44060684503725,7368.0,False,0.0,0.0002714440825188902
2024-02-22 10:40:00,-0.0002746985701378435,-0.0010854816824965585,-0.0,1,0.0,4.44060684503725,7370.0,False,0.0,-0.0010854816824965585
2024-02-22 11:25:00,0.0005391052691265941,0.001901657158380976,0.0,1,0.0,4.44060684503725,7362.0,False,1.0,0.001901657158380976
2024-02-22 14:10:00,0.0024416211526840925,-0.0010845986984815426,-0.0010845986984815426,1,1.0,4.439522246338768,7376.0,False,1.0,-0.0010845986984815426
2024-02-22 14:55:00,0.0023293171543627977,-0.0029858849077090133,-0.0029858849077090133,0,1.0,4.43653636143106,7368.0,False,1.0,-0.0029858849077090133
2024-02-22 21:35:00,0.0006034094840288162,-0.005445140212360422,-0.005445140212360422,0,1.0,4.431091221218699,7346.0,False,1.0,-0.005445140212360422
2024-02-23 09:40:00,0.001620273687876761,-0.0021899808376676377,-0.0021899808376676377,0,1.0,4.428901240381031,7306.0,False,1.0,-0.0021899808376676377
2024-02-23 10:40:00,0.0011218464933335781,-0.0038408779149520234,-0.0038408779149520234,0,1.0,4.425060362466079,7290.0,False,1.0,-0.0038408779149520234
2024-02-23 11:25:00,0.00014172695227898657,0.0002754062241807631,0.0002754062241807631,0,1.0,4.42533576869026,7262.0,False,1.0,0.0002754062241807631
2024-02-23 14:10:00,0.00024794533965177834,0.0019273127753303143,0.0019273127753303143,0,1.0,4.42726308146559,7264.0,False,1.0,0.0019273127753303143
2024-02-23 14:55:00,0.0004870576085522771,0.002198406155537125,0.002198406155537125,0,1.0,4.429461487621127,7278.0,False,1.0,0.002198406155537125
2024-02-23 21:35:00,0.0014410007279366255,-0.0002741979709349751,-0.0002741979709349751,0,1.0,4.4291872896501925,7294.0,False,1.0,-0.0002741979709349751
2024-02-26 09:40:00,0.0025971310678869486,0.0,0.0,0,1.0,4.4291872896501925,7292.0,False,1.0,0.0
2024-02-26 10:40:00,0.00278615509159863,0.003291278113000562,0.003291278113000562,0,1.0,4.432478567763193,7292.0,False,1.0,0.003291278113000562
2024-02-26 11:25:00,0.0015866720350459218,-0.005467468562055822,-0.005467468562055822,0,1.0,4.427011099201137,7316.0,False,1.0,-0.005467468562055822
2024-02-26 14:10:00,0.0002937683602795005,-0.0002748763056624748,-0.0002748763056624748,0,1.0,4.4267362228954745,7276.0,False,1.0,-0.0002748763056624748
2024-02-26 14:55:00,0.00046995049342513084,0.007423700852350779,0.007423700852350779,0,1.0,4.434159923747826,7274.0,False,1.0,0.007423700852350779
2024-02-27 09:40:00,0.0016768627101555467,0.004912663755458624,0.004912663755458624,0,1.0,4.439072587503285,7328.0,False,1.0,0.004912663755458624
2024-02-27 10:40:00,0.001447096117772162,-0.0010863661053774898,-0.0010863661053774898,0,1.0,4.437986221397907,7364.0,False,1.0,-0.0010863661053774898
2024-02-27 11:25:00,0.0016557608032599092,-0.0002718868950516429,-0.0002718868950516429,0,1.0,4.437714334502855,7356.0,False,1.0,-0.0002718868950516429
2024-02-27 14:10:00,0.0017990010092034936,-0.0013598041881969225,-0.0013598041881969225,0,1.0,4.4363545303146585,7354.0,False,1.0,-0.0013598041881969225
2024-02-27 14:55:00,0.0008462179685011506,0.002450980392156854,0.002450980392156854,0,1.0,4.438805510706816,7344.0,False,1.0,0.002450980392156854
2024-02-27 21:35:00,0.001039574621245265,0.005704971475142706,0.005704971475142706,0,1.0,4.444510482181958,7362.0,False,1.0,0.005704971475142706
2024-02-28 09:40:00,0.0018824804574251175,-0.00216099405726633,-0.00216099405726633,0,1.0,4.442349488124692,7404.0,False,1.0,-0.00216099405726633
2024-02-28 10:40:00,0.0010732535738497972,0.002707092582566295,0.002707092582566295,0,1.0,4.445056580707258,7388.0,False,1.0,0.002707092582566295
2024-02-28 11:25:00,0.0022779186256229877,0.0008099352051835762,0.0008099352051835762,0,1.0,4.445866515912442,7408.0,False,1.0,0.0008099352051835762
2024-02-28 14:10:00,0.0010590964229777455,0.0,0.0,0,1.0,4.445866515912442,7414.0,False,1.0,0.0
2024-02-28 14:55:00,0.000745813362300396,-0.0016185594820609106,-0.0016185594820609106,0,1.0,4.444247956430381,7414.0,False,1.0,-0.0016185594820609106
2024-02-28 21:35:00,0.00021845918672624975,0.0035125641718454226,0.0035125641718454226,0,1.0,4.447760520602227,7402.0,False,1.0,0.0035125641718454226
2024-02-29 09:40:00,0.0007978211506269872,0.0029617662897145625,0.0029617662897145625,0,1.0,4.450722286891941,7428.0,False,1.0,0.0029617662897145625
2024-02-29 10:40:00,0.0015465054893866181,0.0032214765100671006,0.0032214765100671006,0,1.0,4.453943763402008,7450.0,False,1.0,0.0032214765100671006
2024-02-29 11:25:00,0.0016751846997067332,-0.0005351886540004847,-0.0005351886540004847,0,1.0,4.453408574748007,7474.0,False,1.0,-0.0005351886540004847
2024-02-29 14:10:00,0.0009297070791944861,-0.002409638554216831,-0.002409638554216831,0,1.0,4.450998936193791,7470.0,False,1.0,-0.002409638554216831
2024-02-29 14:55:00,0.00043938684393651783,0.0021470746108427363,0.0021470746108427363,0,1.0,4.453146010804634,7452.0,False,1.0,0.0021470746108427363
2024-02-29 21:35:00,0.0004648895119316876,0.0024102838778790048,0.0024102838778790048,0,1.0,4.455556294682513,7468.0,False,1.0,0.0024102838778790048
2024-03-01 09:40:00,0.0008418306242674589,0.003473149879775539,0.003473149879775539,0,1.0,4.4590294445622884,7486.0,False,1.0,0.003473149879775539
2024-03-01 10:40:00,0.0009186413954012096,0.0034611288604899926,0.0034611288604899926,0,1.0,4.462490573422778,7512.0,False,1.0,0.0034611288604899926
2024-03-01 11:25:00,0.0014028878649696708,0.0,0.0,0,1.0,4.462490573422778,7538.0,False,1.0,0.0
2024-03-01 14:10:00,0.0011303593637421727,0.0031838684001062045,0.0031838684001062045,0,1.0,4.465674441822885,7538.0,False,1.0,0.0031838684001062045
2024-03-01 14:55:00,0.0006540302420035005,-0.00026448029621795044,-0.00026448029621795044,0,1.0,4.465409961526667,7562.0,False,1.0,-0.00026448029621795044
2024-03-01 21:35:00,-0.00048556903493590653,-0.004761904761904745,-0.004761904761904745,0,1.0,4.460648056764763,7560.0,False,0.0,-0.004761904761904745
2024-03-04 09:40:00,7.79548554419307e-06,-0.00026581605528974706,-0.0,1,0.0,4.460648056764763,7524.0,False,0.0,-0.00026581605528974706
2024-03-04 10:40:00,0.00023800322378519922,-0.0023929805902686008,-0.0,1,0.0,4.460648056764763,7522.0,False,0.0,-0.0023929805902686008
2024-03-04 11:25:00,-0.0001280338183278218,-0.00026652452025588413,-0.0,0,0.0,4.460648056764763,7504.0,False,0.0,-0.00026652452025588413
2024-03-04 14:10:00,0.0005980979185551405,-0.0015995734470807266,-0.0,1,0.0,4.460648056764763,7502.0,False,1.0,-0.0015995734470807266
2024-03-04 14:55:00,0.0010637822560966015,-0.0010680907877169687,-0.0010680907877169687,1,1.0,4.459579965977046,7490.0,False,1.0,-0.0010680907877169687
2024-03-05 09:40:00,0.0007733031525276601,0.0018711574445335888,0.0018711574445335888,0,1.0,4.461451123421579,7482.0,False,1.0,0.0018711574445335888
2024-03-05 10:40:00,0.00020365099771879613,-0.0026680896478121774,-0.0026680896478121774,0,1.0,4.458783033773766,7496.0,False,1.0,-0.0026680896478121774
2024-03-05 11:25:00,0.0017898182850331068,0.005082932049224276,0.005082932049224276,0,1.0,4.4638659658229916,7476.0,False,1.0,0.005082932049224276
2024-03-05 14:10:00,0.0024588187225162983,0.004258717061485173,0.004258717061485173,0,1.0,4.4681246828844765,7514.0,False,1.0,0.004258717061485173
2024-03-05 14:55:00,0.0012123381020501256,-0.002120328650940917,-0.002120328650940917,0,1.0,4.466004354233536,7546.0,False,1.0,-0.002120328650940917
2024-03-05 21:35:00,0.0007790356758050621,0.009030544488711767,0.009030544488711767,0,1.0,4.475034898722248,7530.0,False,1.0,0.009030544488711767
2024-03-06 09:40:00,0.000971153611317277,0.0013161358252171684,0.0013161358252171684,0,1.0,4.476351034547465,7598.0,False,1.0,0.0013161358252171684
2024-03-06 10:40:00,0.001654542749747634,0.0034174553101997684,0.0034174553101997684,0,1.0,4.479768489857665,7608.0,False,1.0,0.0034174553101997684
2024-03-06 11:25:00,0.00248628668487072,0.0023578726748756385,0.0023578726748756385,0,1.0,4.48212636253254,7634.0,False,1.0,0.0023578726748756385
2024-03-06 14:10:00,0.0021773362532258034,0.002875065342394123,0.002875065342394123,0,1.0,4.485001427874934,7652.0,False,1.0,0.002875065342394123
2024-03-06 14:55:00,0.002063894644379616,0.0010424811050300242,0.0010424811050300242,0,1.0,4.486043908979964,7674.0,False,1.0,0.0010424811050300242
2024-03-06 21:35:00,0.0017190726939588785,-0.0013017443374121473,-0.0013017443374121473,0,1.0,4.484742164642552,7682.0,False,1.0,-0.0013017443374121473
2024-03-07 09:40:00,0.002498870948329568,0.0018248175182482562,0.0018248175182482562,0,1.0,4.4865669821608005,7672.0,False,1.0,0.0018248175182482562
2024-03-07 10:40:00,0.0010181666584685445,-0.001301066874837331,-0.001301066874837331,0,1.0,4.485265915285963,7686.0,False,1.0,-0.001301066874837331
2024-03-07 11:25:00,0.002234115730971098,-0.0018238665971860302,-0.0018238665971860302,0,1.0,4.483442048688777,7676.0,False,1.0,-0.0018238665971860302
2024-03-07 14:10:00,0.0019469980616122484,0.003132341425215346,0.003132341425215346,0,1.0,4.486574390113992,7662.0,False,1.0,0.003132341425215346
2024-03-07 14:55:00,0.0019849413074553013,-0.0010408534998699315,-0.0010408534998699315,0,1.0,4.485533536614122,7686.0,False,1.0,-0.0010408534998699315
2024-03-07 21:35:00,0.0011699905153363943,0.0033862985152384173,0.0033862985152384173,0,1.0,4.48891983512936,7678.0,False,1.0,0.0033862985152384173
2024-03-08 09:40:00,0.0013128650607541203,0.009345794392523255,0.009345794392523255,0,1.0,4.4982656295218835,7704.0,False,1.0,0.009345794392523255
2024-03-08 10:40:00,0.0013663603458553553,-0.00462962962962965,-0.00462962962962965,0,1.0,4.493635999892254,7776.0,False,1.0,-0.00462962962962965
2024-03-08 11:25:00,0.0024968422949314117,0.0005167958656331351,0.0005167958656331351,0,1.0,4.494152795757887,7740.0,False,1.0,0.0005167958656331351
2024-03-08 14:10:00,0.000577661267016083,0.0069731404958677246,0.0069731404958677246,0,1.0,4.501125936253755,7744.0,False,1.0,0.0069731404958677246
2024-03-08 14:55:00,0.0023934587370604277,0.0015388561169531467,0.0015388561169531467,0,1.0,4.502664792370708,7798.0,False,1.0,0.0015388561169531467
2024-03-08 21:35:00,0.00018010420899372548,-0.0015364916773367154,-0.0015364916773367154,0,1.0,4.501128300693371,7810.0,False,1.0,-0.0015364916773367154
2024-03-11 09:40:00,0.0002662989136297256,-0.0015388561169530357,-0.0015388561169530357,0,1.0,4.499589444576419,7798.0,False,1.0,-0.0015388561169530357
2024-03-11 10:40:00,0.0018306694692000747,-0.002311841767274614,-0.002311841767274614,0,1.0,4.4972776028091435,7786.0,False,1.0,-0.002311841767274614
2024-03-11 11:25:00,0.0003033654356840998,0.000514933058702427,0.000514933058702427,0,1.0,4.497792535867846,7768.0,False,1.0,0.000514933058702427
2024-03-11 14:10:00,0.0022902756463736296,0.0005146680391148184,0.0005146680391148184,0,1.0,4.49830720390696,7772.0,False,1.0,0.0005146680391148184
2024-03-11 14:55:00,0.0010223116260021925,0.007201646090535085,0.007201646090535085,0,1.0,4.505508849997495,7776.0,False,1.0,0.007201646090535085
2024-03-12 09:40:00,0.001983482390642166,-0.0033197139938713205,-0.0033197139938713205,0,1.0,4.502189136003624,7832.0,False,1.0,-0.0033197139938713205
2024-03-12 10:40:00,0.0025055098813027143,-0.002562131693569003,-0.002562131693569003,0,1.0,4.499627004310055,7806.0,False,1.0,-0.002562131693569003
2024-03-12 11:25:00,0.001407408039085567,0.0028255843822244664,0.0028255843822244664,0,1.0,4.502452588692279,7786.0,False,1.0,0.0028255843822244664
2024-03-12 14:10:00,0.002409578999504447,0.0038422131147541894,0.0038422131147541894,0,1.0,4.506294801807034,7808.0,False,1.0,0.0038422131147541894
2024-03-12 14:55:00,0.002509469399228692,0.0007655014034191332,0.0007655014034191332,0,1.0,4.507060303210453,7838.0,False,1.0,0.0007655014034191332
2024-03-12 21:35:00,0.0002335852914256975,0.0020397756246812726,0.0020397756246812726,0,1.0,4.509100078835134,7844.0,False,1.0,0.0020397756246812726
2024-03-13 09:40:00,0.0017001050291582942,0.0048346055979644476,0.0048346055979644476,0,1.0,4.5139346844330985,7860.0,False,1.0,0.0048346055979644476
2024-03-13 10:40:00,0.0021363531704992056,-0.006077487971638429,-0.006077487971638429,0,1.0,4.50785719646146,7898.0,False,1.0,-0.006077487971638429
2024-03-13 11:25:00,0.00178433652035892,-0.0007643312101910382,-0.0007643312101910382,0,1.0,4.507092865251269,7850.0,False,1.0,-0.0007643312101910382
2024-03-13 14:10:00,0.0014451057650148869,0.0028046914839368053,0.0028046914839368053,0,1.0,4.509897556735206,7844.0,False,1.0,0.0028046914839368053
2024-03-13 14:55:00,0.0022418880835175514,0.0022883295194509046,0.0022883295194509046,0,1.0,4.512185886254657,7866.0,False,1.0,0.0022883295194509046
2024-03-13 21:35:00,0.002270025433972478,0.008878741755454111,0.008878741755454111,0,1.0,4.5210646280101106,7884.0,False,1.0,0.008878741755454111
2024-03-14 09:40:00,0.002096602227538824,0.006789036962534523,0.006789036962534523,0,1.0,4.527853664972645,7954.0,False,1.0,0.006789036962534523
2024-03-14 10:40:00,0.0019628521986305714,0.010239760239760143,0.010239760239760143,0,1.0,4.538093425212406,8008.0,False,1.0,0.010239760239760143
2024-03-14 11:25:00,0.0023777340538799763,0.003955500618046948,0.003955500618046948,0,1.0,4.542048925830453,8090.0,False,1.0,0.003955500618046948
2024-03-14 14:10:00,0.0022373427636921406,0.0007387343018960824,0.0007387343018960824,0,1.0,4.5427876601323485,8122.0,False,1.0,0.0007387343018960824
2024-03-14 14:55:00,0.0019207365112379193,0.0009842519685039353,0.0009842519685039353,0,1.0,4.543771912100852,8128.0,False,1.0,0.0009842519685039353
2024-03-14 21:35:00,0.0013335392577573657,0.007866273352999054,0.007866273352999054,0,1.0,4.551638185453851,8136.0,False,1.0,0.007866273352999054
2024-03-15 09:40:00,0.0014415838522836566,-0.003658536585365857,-0.003658536585365857,0,1.0,4.547979648868485,8200.0,False,1.0,-0.003658536585365857
2024-03-15 10:40:00,0.0015197339234873652,-0.005385556915544654,-0.005385556915544654,0,1.0,4.542594091952941,8170.0,False,1.0,-0.005385556915544654
2024-03-15 11:25:00,0.0014799380442127585,0.00467634752645818,0.00467634752645818,0,1.0,4.547270439479398,8126.0,False,1.0,0.00467634752645818
2024-03-15 14:10:00,0.001994405873119831,-0.0039196472317490905,-0.0039196472317490905,0,1.0,4.543350792247649,8164.0,False,1.0,-0.0039196472317490905
2024-03-15 14:55:00,0.001755268662236631,-0.004918839153959631,-0.004918839153959631,0,1.0,4.538431953093689,8132.0,False,1.0,-0.004918839153959631
2024-03-15 21:35:00,0.0015575730940327048,0.02941176470588225,0.02941176470588225,0,1.0,4.567843717799572,8092.0,False,1.0,0.02941176470588225
2024-03-18 09:40:00,0.00029642911977134645,-0.013925570228091266,-0.013925570228091266,0,1.0,4.55391814757148,8330.0,False,1.0,-0.013925570228091266
2024-03-18 10:40:00,0.0002138599957106635,0.0014609203798392478,0.0014609203798392478,0,1.0,4.5553790679513195,8214.0,False,1.0,0.0014609203798392478
2024-03-18 11:25:00,9.504440822638571e-05,-0.012885971310478972,-0.012885971310478972,0,1.0,4.5424930966408406,8226.0,False,1.0,-0.012885971310478972
2024-03-18 14:10:00,-0.00012578147288877517,0.003694581280788256,0.003694581280788256,0,1.0,4.546187677921629,8120.0,False,0.0,0.003694581280788256
2024-03-18 14:55:00,-0.0002952950890175998,0.0009815950920244454,0.0,1,0.0,4.546187677921629,8150.0,False,0.0,0.0009815950920244454
2024-03-19 09:40:00,-0.0013922960497438908,0.0036773719048786013,0.0,1,0.0,4.546187677921629,8158.0,False,-1.0,0.0036773719048786013
2024-03-19 10:40:00,-0.0011612547095865011,-0.005862237420615535,0.005862237420615535,0,-1.0,4.552049915342245,8188.0,False,-1.0,-0.005862237420615535
2024-03-19 11:25:00,-0.0007065502577461302,0.0004914004914005066,-0.0004914004914005066,0,-1.0,4.551558514850844,8140.0,False,-1.0,0.0004914004914005066
2024-03-19 14:10:00,-0.0003663465322460979,-0.0029469548133594925,0.0029469548133594925,0,-1.0,4.554505469664203,8144.0,False,-1.0,-0.0029469548133594925
2024-03-19 14:55:00,-0.0012148183304816484,0.008620689655172376,-0.008620689655172376,0,-1.0,4.545884780009031,8120.0,False,-1.0,0.008620689655172376
2024-03-19 21:35:00,-0.0019638356752693653,0.0004884004884004867,-0.0004884004884004867,0,-1.0,4.54539637952063,8190.0,False,-1.0,0.0004884004884004867
2024-03-20 09:40:00,-0.0016870121471583843,-0.001952648279228697,0.001952648279228697,0,-1.0,4.547349027799859,8194.0,False,-1.0,-0.001952648279228697
2024-03-20 10:40:00,-0.0009829445043578744,0.001711910002445638,-0.001711910002445638,0,-1.0,4.545637117797414,8178.0,False,-1.0,0.001711910002445638
2024-03-20 11:25:00,-0.0004561528330668807,0.0087890625,-0.0087890625,0,-1.0,4.536848055297414,8192.0,False,-1.0,0.0087890625
2024-03-20 14:10:00,0.0010074524907395244,0.0038722168441431837,-0.0038722168441431837,0,-1.0,4.53297583845327,8264.0,False,0.0,0.0038722168441431837
2024-03-20 14:55:00,0.0008753762231208384,0.007473481195757081,0.0,1,0.0,4.53297583845327,8296.0,False,0.0,0.007473481195757081
2024-03-20 21:35:00,-3.9636663132114336e-05,0.005503709021297043,0.0,1,0.0,4.53297583845327,8358.0,False,0.0,0.005503709021297043
2024-03-21 09:40:00,0.0012231622822582722,-0.00928129462160876,-0.0,1,0.0,4.53297583845327,8404.0,False,1.0,-0.00928129462160876
2024-03-21 10:40:00,0.00011730402911780402,0.00048042277203941275,0.00048042277203941275,1,1.0,4.533456261225309,8326.0,False,1.0,0.00048042277203941275
2024-03-21 11:25:00,0.0006238091154955328,0.0014405762304920966,0.0014405762304920966,0,1.0,4.534896837455801,8330.0,False,1.0,0.0014405762304920966
2024-03-21 14:10:00,0.0012801780831068754,0.0033565092304004285,0.0033565092304004285,0,1.0,4.538253346686202,8342.0,False,1.0,0.0033565092304004285
2024-03-21 14:55:00,-0.001488821697421372,-0.01003584229390686,-0.01003584229390686,0,1.0,4.528217504392295,8370.0,False,0.0,-0.01003584229390686
2024-03-21 21:35:00,-0.0014532983768731356,0.006275645667390695,0.0,1,0.0,4.528217504392295,8286.0,False,-1.0,0.006275645667390695
2024-03-22 09:40:00,-0.0016451881965622306,-0.0016790597265531337,0.0016790597265531337,1,-1.0,4.5298965641188484,8338.0,False,-1.0,-0.0016790597265531337
2024-03-22 10:40:00,-0.0013932918664067984,-0.006967803940413297,0.006967803940413297,0,-1.0,4.536864368059261,8324.0,False,-1.0,-0.006967803940413297
2024-03-22 11:25:00,-0.0003109622048214078,0.0036293249455601195,-0.0036293249455601195,0,-1.0,4.533235043113701,8266.0,False,-1.0,0.0036293249455601195
2024-03-22 14:10:00,-0.0003626770048867911,0.00048216007714563247,-0.00048216007714563247,0,-1.0,4.532752883036556,8296.0,False,-1.0,0.00048216007714563247
2024-03-22 14:55:00,-0.0010773472022265196,-0.006265060240963849,0.006265060240963849,0,-1.0,4.5390179432775195,8300.0,False,-1.0,-0.006265060240963849
2024-03-22 21:35:00,-0.0014596098335459828,-0.0004849660523763566,0.0004849660523763566,0,-1.0,4.5395029093298955,8248.0,False,-1.0,-0.0004849660523763566
2024-03-25 09:40:00,-0.0005922666168771684,0.01091703056768556,-0.01091703056768556,0,-1.0,4.52858587876221,8244.0,False,-1.0,0.01091703056768556
2024-03-25 10:40:00,-0.0007107299170456827,-0.005759539236861011,0.005759539236861011,0,-1.0,4.534345417999071,8334.0,False,-1.0,-0.005759539236861011
2024-03-25 11:25:00,-0.00012167701788712293,0.006999758629012698,-0.006999758629012698,0,-1.0,4.5273456593700585,8286.0,False,-1.0,0.006999758629012698
2024-03-25 14:10:00,0.0021725576370954514,-0.0009587727708533222,0.0009587727708533222,0,-1.0,4.528304432140912,8344.0,False,0.0,-0.0009587727708533222
2024-03-25 14:55:00,0.0003114453284069896,0.006957773512475951,0.0,1,0.0,4.528304432140912,8336.0,False,0.0,0.006957773512475951
2024-03-26 09:40:00,0.0017669089138507843,-0.008339289969025443,-0.0,1,0.0,4.528304432140912,8394.0,False,1.0,-0.008339289969025443
2024-03-26 10:40:00,0.0007542797829955816,-0.0016818837097549721,-0.0016818837097549721,0,1.0,4.526622548431157,8324.0,False,1.0,-0.0016818837097549721
2024-03-26 11:25:00,-0.0007342826575040817,-0.004572803850782181,-0.004572803850782181,0,1.0,4.522049744580375,8310.0,False,0.0,-0.004572803850782181
2024-03-26 14:10:00,0.0013861065963283181,0.006286266924564687,0.0,1,0.0,4.522049744580375,8272.0,False,1.0,0.006286266924564687
2024-03-26 14:55:00,-0.00038962095277383924,-0.008409418548774639,-0.008409418548774639,1,1.0,4.5136403260316005,8324.0,False,0.0,-0.008409418548774639
2024-03-26 21:35:00,-0.0007783611072227359,0.006542282529682586,0.0,1,0.0,4.5136403260316005,8254.0,False,-1.0,0.006542282529682586
2024-03-27 09:40:00,-0.0008351184660568833,-0.005055368319691889,0.005055368319691889,1,-1.0,4.518695694351292,8308.0,False,-1.0,-0.005055368319691889
2024-03-27 10:40:00,-0.0008850904414430261,-0.013065569804016408,0.013065569804016408,0,-1.0,4.531761264155309,8266.0,False,-1.0,-0.013065569804016408
2024-03-27 11:25:00,-0.00039082011790014803,-0.007354743809757314,0.007354743809757314,0,-1.0,4.539116007965066,8158.0,False,-1.0,-0.007354743809757314
2024-03-27 14:10:00,-0.00036947947228327394,0.0029636947394418023,-0.0029636947394418023,0,-1.0,4.5361523132256245,8098.0,False,-1.0,0.0029636947394418023
2024-03-27 14:55:00,-0.0011701529147103429,0.0012312238364935446,-0.0012312238364935446,0,-1.0,4.5349210893891305,8122.0,False,-1.0,0.0012312238364935446
2024-03-27 21:35:00,-0.0014065607683733106,-0.000983767830791904,0.000983767830791904,0,-1.0,4.535904857219922,8132.0,False,-1.0,-0.000983767830791904
2024-03-28 09:40:00,-0.0010077542392536998,-0.0002461841457410685,0.0002461841457410685,0,-1.0,4.536151041365663,8124.0,False,-1.0,-0.0002461841457410685
2024-03-28 10:40:00,-0.0007119304500520229,-0.0017237133710908958,0.0017237133710908958,0,-1.0,4.537874754736754,8122.0,False,-1.0,-0.0017237133710908958
2024-03-28 11:25:00,-0.00041617327951826155,0.0017266896891958705,-0.0017266896891958705,0,-1.0,4.536148065047558,8108.0,False,-1.0,0.0017266896891958705
2024-03-28 14:10:00,-0.0006645015673711896,-0.0007387343018960824,0.0007387343018960824,0,-1.0,4.536886799349454,8122.0,False,-1.0,-0.0007387343018960824
2024-03-28 14:55:00,-0.00047657525283284485,0.0007392804337111869,-0.0007392804337111869,0,-1.0,4.536147518915743,8116.0,False,-1.0,0.0007392804337111869
2024-03-28 21:35:00,-0.0013032114366069436,-0.011819748830337318,0.011819748830337318,0,-1.0,4.54796726774608,8122.0,False,-1.0,-0.011819748830337318
2024-03-29 09:40:00,-0.0008588851196691394,0.0144530276601047,-0.0144530276601047,0,-1.0,4.533514240085975,8026.0,False,-1.0,0.0144530276601047
2024-03-29 10:40:00,0.0012108107330277562,0.0004912797838367844,-0.0004912797838367844,0,-1.0,4.533022960302139,8142.0,False,0.0,0.0004912797838367844
2024-03-29 11:25:00,0.0022478927858173847,0.0019641541861035172,0.0,1,0.0,4.533022960302139,8146.0,False,1.0,0.0019641541861035172
2024-03-29 14:10:00,0.0017374517628923059,0.0007351139426610143,0.0007351139426610143,1,1.0,4.533758074244799,8162.0,False,1.0,0.0007351139426610143
2024-03-29 14:55:00,0.0010041267378255725,0.004897159647404559,0.004897159647404559,0,1.0,4.538655233892204,8168.0,False,1.0,0.004897159647404559
2024-03-29 21:35:00,-0.0002876528596971184,-0.003898635477582846,-0.003898635477582846,0,1.0,4.534756598414621,8208.0,False,0.0,-0.003898635477582846
2024-04-01 09:40:00,0.00034199387300759554,0.008317025440313097,0.0,1,0.0,4.534756598414621,8176.0,False,0.0,0.008317025440313097
2024-04-01 10:40:00,0.0003251000016462058,0.004609412906356081,0.0,1,0.0,4.534756598414621,8244.0,False,0.0,0.004609412906356081
2024-04-01 11:25:00,0.0007338708383031189,-0.001207437816952428,-0.0,0,0.0,4.534756598414621,8282.0,False,1.0,-0.001207437816952428
2024-04-01 14:10:00,0.0008569791680201888,0.0016924564796905184,0.0016924564796905184,0,1.0,4.5364490548943115,8272.0,False,1.0,0.0016924564796905184
2024-04-01 14:55:00,-0.0011812610318884254,0.005551532705768691,0.005551532705768691,0,1.0,4.54200058760008,8286.0,False,0.0,0.005551532705768691
2024-04-02 09:40:00,-0.0009383233264088631,-0.00696111377820452,-0.0,1,0.0,4.54200058760008,8332.0,False,-1.0,-0.00696111377820452
2024-04-02 10:40:00,-0.0005495460354723036,-0.0016920473773265332,0.0016920473773265332,1,-1.0,4.543692634977407,8274.0,False,-1.0,-0.0016920473773265332
2024-04-02 11:25:00,-0.0006960042519494891,0.007021791767554575,-0.007021791767554575,0,-1.0,4.536670843209852,8260.0,False,-1.0,0.007021791767554575
2024-04-02 14:10:00,-0.00017453778127674013,-0.002644866554460168,0.002644866554460168,0,-1.0,4.539315709764312,8318.0,False,-1.0,-0.002644866554460168
2024-04-02 14:55:00,-0.0021451811771839857,-0.0009643201542912649,0.0009643201542912649,0,-1.0,4.540280029918604,8296.0,False,-1.0,-0.0009643201542912649
2024-04-02 21:35:00,-0.001219919417053461,0.024855212355212375,-0.024855212355212375,0,-1.0,4.5154248175633915,8288.0,False,-1.0,0.024855212355212375
2024-04-03 09:40:00,-0.000518529734108597,-0.0011773016246762191,0.0011773016246762191,0,-1.0,4.516602119188068,8494.0,False,-1.0,-0.0011773016246762191
2024-04-03 10:40:00,-0.0012085617054253817,-0.002593116454502553,0.002593116454502553,0,-1.0,4.51919523564257,8484.0,False,-1.0,-0.002593116454502553
2024-04-03 11:25:00,-0.0006779590621590614,0.005436067123611332,-0.005436067123611332,0,-1.0,4.513759168518959,8462.0,False,-1.0,0.005436067123611332
2024-04-03 14:10:00,-0.0007218258106149733,0.0018805829807240215,-0.0018805829807240215,0,-1.0,4.511878585538235,8508.0,False,-1.0,0.0018805829807240215
2024-04-03 14:55:00,-0.0006571945850737393,0.004223369310182967,-0.004223369310182967,0,-1.0,4.507655216228052,8524.0,False,-1.0,0.004223369310182967
2024-04-03 21:35:00,-0.00152642244938761,-0.0042056074766355644,0.0042056074766355644,0,-1.0,4.511860823704687,8560.0,False,-1.0,-0.0042056074766355644
2024-04-08 09:40:00,-0.004115434363484383,-0.011027686532144587,0.011027686532144587,0,-1.0,4.522888510236832,8524.0,False,-1.0,-0.011027686532144587
2024-04-08 10:40:00,-0.0037827782798558474,-0.0016607354685646003,0.0016607354685646003,0,-1.0,4.524549245705397,8430.0,False,-1.0,-0.0016607354685646003
2024-04-08 11:25:00,-0.00381575059145689,-0.004990494296577941,0.004990494296577941,0,-1.0,4.529539740001975,8416.0,False,-1.0,-0.004990494296577941
2024-04-08 14:10:00,-0.001381352893076837,-0.01671841413900166,0.01671841413900166,0,-1.0,4.546258154140977,8374.0,False,-1.0,-0.01671841413900166
2024-04-08 14:55:00,-0.002495790831744671,-0.05416565460286615,0.05416565460286615,0,-1.0,4.600423808743843,8234.0,False,-1.0,-0.05416565460286615
2024-04-09 09:40:00,0.0006506147910840809,0.0,0.0,0,-1.0,4.600423808743843,7788.0,True,0.0,-0.0007704160246533309
2024-04-09 10:40:00,0.0007297215051949024,0.004883063479825145,0.0,1,0.0,4.600423808743843,7782.0,False,1.0,0.004883063479825145
2024-04-09 11:25:00,-0.0003482385363895446,0.009718670076726443,0.009718670076726443,1,1.0,4.610142478820569,7820.0,False,0.0,0.009718670076726443
2024-04-09 14:10:00,0.0011557304533198476,0.0010131712259371373,0.0,1,0.0,4.610142478820569,7896.0,False,1.0,0.0010131712259371373
2024-04-09 14:55:00,0.0005883912090212107,-0.0030364372469635637,-0.0030364372469635637,1,1.0,4.607106041573606,7904.0,False,1.0,-0.0030364372469635637
2024-04-09 21:35:00,-3.096165164606646e-05,-0.005329949238578657,-0.005329949238578657,0,1.0,4.601776092335028,7880.0,False,0.0,-0.005329949238578657
2024-04-10 09:40:00,0.0007228167960420251,0.0010206685378923996,0.0,1,0.0,4.601776092335028,7838.0,False,1.0,0.0010206685378923996
2024-04-10 10:40:00,0.0005842120153829455,0.004078511343359681,0.004078511343359681,1,1.0,4.605854603678387,7846.0,False,1.0,0.004078511343359681
2024-04-10 11:25:00,0.0008748738910071552,-0.0015232292460015673,-0.0015232292460015673,0,1.0,4.604331374432386,7878.0,False,1.0,-0.0015232292460015673
2024-04-10 14:10:00,0.0009611612185835838,0.002542588354945252,0.002542588354945252,0,1.0,4.606873962787331,7866.0,False,1.0,0.002542588354945252
2024-04-10 14:55:00,0.0008080978295765817,0.002282525995434881,0.002282525995434881,0,1.0,4.609156488782766,7886.0,False,1.0,0.002282525995434881
2024-04-10 21:35:00,0.0015831895871087909,-0.008856275303643746,-0.008856275303643746,0,1.0,4.600300213479122,7904.0,False,1.0,-0.008856275303643746
2024-04-11 09:40:00,0.0033605892676860094,0.0048506510084247445,0.0048506510084247445,0,1.0,4.6051508644875465,7834.0,False,1.0,0.0048506510084247445
2024-04-11 10:40:00,0.0030620687175542116,0.0030487804878047697,0.0030487804878047697,0,1.0,4.608199644975352,7872.0,False,1.0,0.0030487804878047697
2024-04-11 11:25:00,0.0019251910271123052,-0.0020263424518743856,-0.0020263424518743856,0,1.0,4.6061733025234775,7896.0,False,1.0,-0.0020263424518743856
2024-04-11 14:10:00,0.0015436637913808227,-0.0002538071065989467,-0.0002538071065989467,0,1.0,4.605919495416878,7880.0,False,1.0,-0.0002538071065989467
2024-04-11 14:55:00,0.0014473112532868981,0.002538715410002501,0.002538715410002501,0,1.0,4.608458210826881,7878.0,False,1.0,0.002538715410002501
2024-04-11 21:35:00,0.0007337264250963926,-0.0070904026335780745,-0.0070904026335780745,0,1.0,4.601367808193303,7898.0,False,1.0,-0.0070904026335780745
2024-04-12 09:40:00,0.002043463522568345,-0.0040805916857944435,-0.0040805916857944435,0,1.0,4.5972872165075085,7842.0,False,1.0,-0.0040805916857944435
2024-04-12 10:40:00,0.0006102068582549691,-0.005633802816901401,-0.005633802816901401,0,1.0,4.591653413690607,7810.0,False,1.0,-0.005633802816901401
2024-04-12 11:25:00,0.0018124801572412252,0.0036054596961112573,0.0036054596961112573,0,1.0,4.595258873386719,7766.0,False,1.0,0.0036054596961112573
2024-04-12 14:10:00,0.0024030001368373632,-0.003079291762894565,-0.003079291762894565,0,1.0,4.592179581623824,7794.0,False,1.0,-0.003079291762894565
2024-04-12 14:55:00,0.0026719127781689167,-0.0002574002574002865,-0.0002574002574002865,0,1.0,4.5919221813664235,7770.0,False,1.0,-0.0002574002574002865
2024-04-12 21:35:00,0.0012926820199936628,0.012615859938208018,0.012615859938208018,0,1.0,4.6045380413046315,7768.0,False,1.0,0.012615859938208018
2024-04-15 09:40:00,0.0016757250996306539,-0.011695906432748537,-0.011695906432748537,0,1.0,4.5928421348718835,7866.0,False,1.0,-0.011695906432748537
2024-04-15 10:40:00,0.0005187416099943221,-0.00025726781579626934,-0.00025726781579626934,0,1.0,4.592584867056087,7774.0,False,1.0,-0.00025726781579626934
2024-04-15 11:25:00,0.0009508739458397031,-0.0002573340195574092,-0.0002573340195574092,0,1.0,4.59232753303653,7772.0,False,1.0,-0.0002573340195574092
2024-04-15 14:10:00,0.0025161108933389187,-0.007979407979407993,-0.007979407979407993,0,1.0,4.584348125057121,7770.0,False,1.0,-0.007979407979407993
2024-04-15 14:55:00,0.0026129488833248615,-0.007265179034769087,-0.007265179034769087,0,1.0,4.577082946022353,7708.0,False,1.0,-0.007265179034769087
2024-04-16 09:40:00,0.0017279841704294086,0.002090956612650352,0.002090956612650352,0,1.0,4.579173902635002,7652.0,False,1.0,0.002090956612650352
2024-04-16 10:40:00,0.0016731172800064087,-0.004173187271778844,-0.004173187271778844,0,1.0,4.575000715363224,7668.0,False,1.0,-0.004173187271778844
2024-04-16 11:25:00,0.0025100274942815304,-0.0015715034049240684,-0.0015715034049240684,0,1.0,4.5734292119583,7636.0,False,1.0,-0.0015715034049240684
2024-04-16 14:10:00,0.0014559522969648242,0.0023609653725078505,0.0023609653725078505,0,1.0,4.575790177330807,7624.0,False,1.0,0.0023609653725078505
2024-04-16 14:55:00,0.0008514524670317769,-0.006019366657942893,-0.006019366657942893,0,1.0,4.569770810672864,7642.0,False,1.0,-0.006019366657942893
2024-04-16 21:35:00,0.00011219891894143075,-0.0007898894154818592,-0.0007898894154818592,0,1.0,4.568980921257383,7596.0,False,1.0,-0.0007898894154818592
2024-04-17 09:40:00,0.0007998375804163516,0.001054018445322713,0.001054018445322713,0,1.0,4.570034939702706,7590.0,False,1.0,0.001054018445322713
2024-04-17 10:40:00,0.0009513987461104989,-0.0015793629902606243,-0.0015793629902606243,0,1.0,4.568455576712445,7598.0,False,1.0,-0.0015793629902606243
2024-04-17 11:25:00,0.0015653370646759868,-0.013709464803585591,-0.013709464803585591,0,1.0,4.55474611190886,7586.0,False,1.0,-0.013709464803585591
2024-04-17 14:10:00,0.0019034036668017507,-0.010425020048115519,-0.010425020048115519,0,1.0,4.544321091860744,7482.0,False,1.0,-0.010425020048115519
2024-04-17 14:55:00,0.0028365927282720804,0.008103727714748876,0.008103727714748876,0,1.0,4.552424819575493,7404.0,False,1.0,0.008103727714748876
2024-04-17 21:35:00,0.002482517622411251,0.003215434083601254,0.003215434083601254,0,1.0,4.555640253659094,7464.0,False,1.0,0.003215434083601254
2024-04-18 09:40:00,0.0033423458226025105,-0.006677350427350404,-0.006677350427350404,0,1.0,4.548962903231743,7488.0,False,1.0,-0.006677350427350404
2024-04-18 10:40:00,0.0032881281804293394,0.0026888948642107557,0.0026888948642107557,0,1.0,4.551651798095954,7438.0,False,1.0,0.0026888948642107557
2024-04-18 11:25:00,0.001550100976601243,-0.002413515687851975,-0.002413515687851975,0,1.0,4.549238282408102,7458.0,False,1.0,-0.002413515687851975
2024-04-18 14:10:00,0.0015668129781261086,0.0010752688172042113,0.0010752688172042113,0,1.0,4.550313551225306,7440.0,False,1.0,0.0010752688172042113
2024-04-18 14:55:00,0.0012464731698855758,-0.00026852846401714814,-0.00026852846401714814,0,1.0,4.550045022761289,7448.0,False,1.0,-0.00026852846401714814
2024-04-18 21:35:00,0.001055777887813747,0.0002686005909213751,0.0002686005909213751,0,1.0,4.550313623352211,7446.0,False,1.0,0.0002686005909213751
2024-04-19 09:40:00,0.0012604593066498637,-0.001879699248120259,-0.001879699248120259,0,1.0,4.54843392410409,7448.0,False,1.0,-0.001879699248120259
2024-04-19 10:40:00,0.0015135946450755,0.007263922518159882,0.007263922518159882,0,1.0,4.55569784662225,7434.0,False,1.0,0.007263922518159882
2024-04-19 11:25:00,0.004176751710474491,-0.004807692307692291,-0.004807692307692291,0,1.0,4.5508901543145575,7488.0,False,1.0,-0.004807692307692291
2024-04-19 14:10:00,0.0026827421970665455,-0.0021470746108427363,-0.0021470746108427363,0,1.0,4.548743079703715,7452.0,False,1.0,-0.0021470746108427363
2024-04-19 14:55:00,0.0004124123661313206,-0.00591715976331364,-0.00591715976331364,0,1.0,4.542825919940401,7436.0,False,1.0,-0.00591715976331364
2024-04-19 21:35:00,-1.6099091226351447e-05,0.00027056277056281,0.00027056277056281,0,1.0,4.543096482710964,7392.0,False,0.0,0.00027056277056281
2024-04-22 09:40:00,0.00029676168924197555,0.0059507708953205896,0.0,1,0.0,4.543096482710964,7394.0,False,0.0,0.0059507708953205896
2024-04-22 10:40:00,0.0007686753524467349,-0.006453347674105991,-0.0,1,0.0,4.543096482710964,7438.0,False,0.0,-0.006453347674105991
2024-04-22 11:25:00,0.0011481652036309242,-0.002435723951285551,-0.0,0,0.0,4.543096482710964,7390.0,False,1.0,-0.002435723951285551
2024-04-22 14:10:00,0.001188835478387773,-0.006782419967444331,-0.006782419967444331,0,1.0,4.53631406274352,7372.0,False,1.0,-0.006782419967444331
2024-04-22 14:55:00,0.00027874618535861373,0.016115815350997043,0.016115815350997043,0,1.0,4.552429878094516,7322.0,False,1.0,0.016115815350997043
2024-04-23 09:40:00,0.0012460334692150354,0.004301075268817289,0.004301075268817289,0,1.0,4.556730953363334,7440.0,False,1.0,0.004301075268817289
2024-04-23 10:40:00,0.0012979400344192982,0.004550321199143559,0.004550321199143559,0,1.0,4.561281274562478,7472.0,False,1.0,0.004550321199143559
2024-04-23 11:25:00,0.0014120708219707012,0.00026645350386367284,0.00026645350386367284,0,1.0,4.5615477280663415,7506.0,False,1.0,0.00026645350386367284
2024-04-23 14:10:00,0.0010354341939091682,0.00293020777836972,0.00293020777836972,0,1.0,4.564477935844711,7508.0,False,1.0,0.00293020777836972
2024-04-23 14:55:00,-0.00018055255350191146,-0.011155378486055745,-0.011155378486055745,0,1.0,4.553322557358655,7530.0,False,0.0,-0.011155378486055745
2024-04-23 21:35:00,-2.025468711508438e-05,0.007520816545796505,0.0,1,0.0,4.553322557358655,7446.0,False,0.0,0.007520816545796505
2024-04-24 09:40:00,0.00043914667912758887,0.007731271660890382,0.0,1,0.0,4.553322557358655,7502.0,False,0.0,0.007731271660890382
2024-04-24 10:40:00,0.0004062992229592055,-0.003439153439153464,-0.0,1,0.0,4.553322557358655,7560.0,False,0.0,-0.003439153439153464
2024-04-24 11:25:00,0.0016005003126338124,-0.0026546323334217803,-0.0,1,0.0,4.553322557358655,7534.0,False,1.0,-0.0026546323334217803
2024-04-24 14:10:00,0.00015996200090739876,-0.0037263774287995544,-0.0037263774287995544,0,1.0,4.549596179929855,7514.0,False,1.0,-0.0037263774287995544
2024-04-24 14:55:00,0.00035736183053813875,0.0013358268768368653,0.0013358268768368653,0,1.0,4.5509320068066925,7486.0,False,1.0,0.0013358268768368653
2024-04-24 21:35:00,-0.00013069776468910277,-0.0005336179295624133,-0.0005336179295624133,0,1.0,4.55039838887713,7496.0,False,0.0,-0.0005336179295624133
2024-04-25 09:40:00,0.0006966465734876692,-0.012279765082754968,-0.0,1,0.0,4.55039838887713,7492.0,False,0.0,-0.012279765082754968
2024-04-25 10:40:00,-0.0001110328157665208,0.0008108108108109136,0.0,1,0.0,4.55039838887713,7400.0,False,0.0,0.0008108108108109136
2024-04-25 11:25:00,0.00029549311148002744,-0.010532001080205244,-0.0,1,0.0,4.55039838887713,7406.0,False,0.0,-0.010532001080205244
2024-04-25 14:10:00,0.00017293372366111726,-0.0016375545851528006,-0.0,1,0.0,4.55039838887713,7328.0,False,0.0,-0.0016375545851528006
2024-04-25 14:55:00,0.0008240246097557247,-0.0035538545653363007,-0.0,0,0.0,4.55039838887713,7316.0,False,1.0,-0.0035538545653363007
2024-04-25 21:35:00,0.0007840401376597583,-0.0038408779149520234,-0.0038408779149520234,0,1.0,4.546557510962177,7290.0,False,1.0,-0.0038408779149520234
2024-04-26 09:40:00,0.0010332840029150248,0.01597356100247871,0.01597356100247871,0,1.0,4.562531071964656,7262.0,False,1.0,0.01597356100247871
2024-04-26 10:40:00,0.0021146510262042284,-0.0002710761724044053,-0.0002710761724044053,0,1.0,4.562259995792251,7378.0,False,1.0,-0.0002710761724044053
2024-04-26 11:25:00,0.00301778013817966,-0.0010845986984815426,-0.0010845986984815426,0,1.0,4.56117539709377,7376.0,False,1.0,-0.0010845986984815426
2024-04-26 14:10:00,0.0025829935912042856,0.0021715526601520097,0.0021715526601520097,0,1.0,4.563346949753923,7368.0,False,1.0,0.0021715526601520097
2024-04-26 14:55:00,0.0007090125582180917,0.0013542795232937,0.0013542795232937,0,1.0,4.564701229277216,7384.0,False,1.0,0.0013542795232937
2024-04-26 21:35:00,0.0004124222614336759,0.010008114687584557,0.010008114687584557,0,1.0,4.574709343964801,7394.0,False,1.0,0.010008114687584557
2024-04-29 09:40:00,0.0005284640938043594,-0.003481521156936229,-0.003481521156936229,0,1.0,4.571227822807865,7468.0,False,1.0,-0.003481521156936229
2024-04-29 10:40:00,0.0024951710365712643,-0.0024187046492878395,-0.0024187046492878395,0,1.0,4.568809118158577,7442.0,False,1.0,-0.0024187046492878395
2024-04-29 11:25:00,0.0023106560111045837,0.0035021551724137012,0.0035021551724137012,0,1.0,4.572311273330991,7424.0,False,1.0,0.0035021551724137012
2024-04-29 14:10:00,0.0024635514710098505,0.00026845637583883253,0.00026845637583883253,0,1.0,4.572579729706829,7450.0,False,1.0,0.00026845637583883253
2024-04-29 14:55:00,0.0013838113518431783,-0.0013419216317767102,-0.0013419216317767102,0,1.0,4.571237808075052,7452.0,False,1.0,-0.0013419216317767102
2024-04-30 09:40:00,0.0011348695261403918,-0.012631013168503125,-0.012631013168503125,0,1.0,4.55860679490655,7442.0,False,1.0,-0.012631013168503125
2024-04-30 10:40:00,0.00029465233092196286,-0.003810560696788201,-0.003810560696788201,0,1.0,4.554796234209761,7348.0,False,1.0,-0.003810560696788201
2024-04-30 11:25:00,0.0008822609088383615,0.003551912568306115,0.003551912568306115,0,1.0,4.5583481467780675,7320.0,False,1.0,0.003551912568306115
2024-04-30 14:10:00,0.001834514201618731,0.0005445140212361199,0.0005445140212361199,0,1.0,4.558892660799303,7346.0,False,1.0,0.0005445140212361199
2024-04-30 14:55:00,0.0006125972140580416,0.0,0.0,0,1.0,4.558892660799303,7350.0,False,1.0,0.0
2024-04-30 21:35:00,-0.00037748596514575183,0.004897959183673528,0.004897959183673528,0,1.0,4.563790619982977,7350.0,False,0.0,0.004897959183673528
2024-05-06 09:40:00,-1.2111449905205518e-05,-0.005144868670457603,-0.0,1,0.0,4.563790619982977,7386.0,False,0.0,-0.005144868670457603
2024-05-06 10:40:00,0.0012861969880759716,0.008709853021230174,0.0,1,0.0,4.563790619982977,7348.0,False,1.0,0.008709853021230174
2024-05-06 11:25:00,-0.00019171315943822265,-0.0032379924446842567,-0.0032379924446842567,1,1.0,4.560552627538293,7412.0,False,0.0,-0.0032379924446842567
2024-05-06 14:10:00,0.0005472390912473202,0.0037899296155927686,0.0,1,0.0,4.560552627538293,7388.0,False,1.0,0.0037899296155927686
2024-05-06 14:55:00,0.0006153442664071918,0.01132686084142387,0.01132686084142387,1,1.0,4.571879488379716,7416.0,False,1.0,0.01132686084142387
2024-05-07 09:40:00,0.0011087035527452826,0.0047999999999999154,0.0047999999999999154,1,1.0,4.576679488379717,7500.0,False,1.0,0.0047999999999999154
2024-05-07 10:40:00,0.001684245653450489,0.001326963906581824,0.001326963906581824,0,1.0,4.578006452286298,7536.0,False,1.0,0.001326963906581824
2024-05-07 11:25:00,0.0018058792920783162,0.002120328650940806,0.002120328650940806,0,1.0,4.580126780937239,7546.0,False,1.0,0.002120328650940806
2024-05-07 14:10:00,0.0016824546037241817,-0.0013224014810896412,-0.0013224014810896412,0,1.0,4.57880437945615,7562.0,False,1.0,-0.0013224014810896412
2024-05-07 14:55:00,0.0011224624468013644,-0.00026483050847458944,-0.00026483050847458944,0,1.0,4.578539548947675,7552.0,False,1.0,-0.00026483050847458944
2024-05-07 21:35:00,-0.00016098558262456208,0.0,0.0,0,1.0,4.578539548947675,7550.0,False,0.0,0.0
2024-05-08 09:40:00,0.0012504201149567962,-0.002913907284768258,-0.0,1,0.0,4.578539548947675,7550.0,False,1.0,-0.002913907284768258
2024-05-08 10:40:00,0.0009667423437349498,0.005579171094580282,0.005579171094580282,1,1.0,4.584118720042255,7528.0,False,1.0,0.005579171094580282
2024-05-08 11:25:00,0.0009452171507291496,-0.0007926023778070945,-0.0007926023778070945,0,1.0,4.583326117664448,7570.0,False,1.0,-0.0007926023778070945
2024-05-08 14:10:00,0.00017859344370663166,-0.005288207297726055,-0.005288207297726055,0,1.0,4.578037910366723,7564.0,False,1.0,-0.005288207297726055
2024-05-08 14:55:00,0.00019422260811552405,-0.0034556087187666007,-0.0034556087187666007,0,1.0,4.574582301647956,7524.0,False,1.0,-0.0034556087187666007
2024-05-08 21:35:00,-9.622347715776414e-05,-0.0058682315284075415,-0.0058682315284075415,0,1.0,4.568714070119548,7498.0,False,0.0,-0.0058682315284075415
2024-05-09 09:40:00,0.0007669890765100718,-0.002146498524282281,-0.0,1,0.0,4.568714070119548,7454.0,False,1.0,-0.002146498524282281
2024-05-09 10:40:00,0.0009940547170117497,0.0032266738370529957,0.0032266738370529957,1,1.0,4.571940743956601,7438.0,False,1.0,0.0032266738370529957
2024-05-09 11:25:00,5.022924960940145e-05,-0.0002680246582685841,-0.0002680246582685841,0,1.0,4.571672719298332,7462.0,False,1.0,-0.0002680246582685841
2024-05-09 14:10:00,0.00047346873907372355,-0.0018766756032171372,-0.0018766756032171372,0,1.0,4.569796043695115,7460.0,False,1.0,-0.0018766756032171372
2024-05-09 14:55:00,0.0006747166044078767,-0.006177813591189851,-0.006177813591189851,0,1.0,4.563618230103926,7446.0,False,1.0,-0.006177813591189851
2024-05-09 21:35:00,0.0003466013877186924,-0.005945945945945996,-0.005945945945945996,0,1.0,4.55767228415798,7400.0,False,1.0,-0.005945945945945996
2024-05-10 09:40:00,0.00033682113280519843,-0.006797172376291516,-0.006797172376291516,0,1.0,4.550875111781688,7356.0,False,1.0,-0.006797172376291516
2024-05-10 10:40:00,-0.0002121334837283939,-0.003284971256501512,-0.003284971256501512,0,1.0,4.547590140525187,7306.0,False,0.0,-0.003284971256501512
2024-05-10 11:25:00,0.0008740281919017434,-0.0008239494644328715,-0.0,1,0.0,4.547590140525187,7282.0,False,1.0,-0.0008239494644328715
2024-05-10 14:10:00,0.0011011582100763917,0.0,0.0,1,1.0,4.547590140525187,7276.0,False,1.0,0.0
2024-05-10 14:55:00,0.0014296539593487978,0.0030236393622868896,0.0030236393622868896,0,1.0,4.550613779887474,7276.0,False,1.0,0.0030236393622868896
2024-05-10 21:35:00,0.001002786448225379,0.004110715264455944,0.004110715264455944,0,1.0,4.5547244951519295,7298.0,False,1.0,0.004110715264455944
2024-05-13 09:40:00,0.0010111602023243904,0.004912663755458624,0.004912663755458624,0,1.0,4.559637158907388,7328.0,False,1.0,0.004912663755458624
2024-05-13 10:40:00,0.002185941208153963,0.009234111895708885,0.009234111895708885,0,1.0,4.568871270803097,7364.0,False,1.0,0.009234111895708885
2024-05-13 11:25:00,0.0025770901702344418,0.0024219590958018955,0.0024219590958018955,0,1.0,4.571293229898899,7432.0,False,1.0,0.0024219590958018955
2024-05-13 14:10:00,0.002519222442060709,-0.0026845637583892135,-0.0026845637583892135,0,1.0,4.568608666140509,7450.0,False,1.0,-0.0026845637583892135
2024-05-13 14:55:00,0.0012924596667289734,0.011036339165545028,0.011036339165545028,0,1.0,4.5796450053060545,7430.0,False,1.0,0.011036339165545028
2024-05-14 09:40:00,0.001165366149507463,0.004259850905218299,0.004259850905218299,0,1.0,4.583904856211273,7512.0,False,1.0,0.004259850905218299
2024-05-14 10:40:00,0.001436906517483294,-0.003976670201484622,-0.003976670201484622,0,1.0,4.579928186009788,7544.0,False,1.0,-0.003976670201484622
2024-05-14 11:25:00,0.0018588453531265259,0.0010646792653712378,0.0010646792653712378,0,1.0,4.580992865275159,7514.0,False,1.0,0.0010646792653712378
2024-05-14 14:10:00,0.0018106865463778377,0.0007976601967560892,0.0007976601967560892,0,1.0,4.581790525471916,7522.0,False,1.0,0.0007976601967560892
2024-05-14 14:55:00,0.0008246129145845771,-0.004782146652497321,-0.004782146652497321,0,1.0,4.577008378819418,7528.0,False,1.0,-0.004782146652497321
2024-05-14 21:35:00,-0.00037883748882450163,-0.016284036305392435,-0.016284036305392435,0,1.0,4.560724342514026,7492.0,False,0.0,-0.016284036305392435
2024-05-15 09:40:00,0.0005282032070681453,0.0027137042062415073,0.0,1,0.0,4.560724342514026,7370.0,False,0.0,0.0027137042062415073
2024-05-15 10:40:00,0.0008815288892947137,0.009201623815967563,0.0,1,0.0,4.560724342514026,7390.0,False,1.0,0.009201623815967563
2024-05-15 11:25:00,0.0007224429864436388,0.006167873424510528,0.006167873424510528,0,1.0,4.566892215938536,7458.0,False,1.0,0.006167873424510528
2024-05-15 14:10:00,0.0006612427532672882,0.006663113006396548,0.006663113006396548,0,1.0,4.573555328944932,7504.0,False,1.0,0.006663113006396548
2024-05-15 14:55:00,-0.00011559651466086507,-0.001059041567381569,-0.001059041567381569,0,1.0,4.57249628737755,7554.0,False,0.0,-0.001059041567381569
2024-05-15 21:35:00,-6.978945748414844e-05,-0.004240657301881834,-0.0,1,0.0,4.57249628737755,7546.0,False,0.0,-0.004240657301881834
2024-05-16 09:40:00,-0.0009282904793508351,0.005855735959542141,0.0,1,0.0,4.57249628737755,7514.0,False,-1.0,0.005855735959542141
2024-05-16 10:40:00,-0.0006801987183280289,-0.0023815824292140464,0.0023815824292140464,0,-1.0,4.574877869806764,7558.0,False,-1.0,-0.0023815824292140464
2024-05-16 11:25:00,-0.0006384842563420534,-0.0034482758620689724,0.0034482758620689724,0,-1.0,4.578326145668834,7540.0,False,-1.0,-0.0034482758620689724
2024-05-16 14:10:00,-0.0003488468355499208,-0.008251264306627593,0.008251264306627593,0,-1.0,4.586577409975462,7514.0,False,-1.0,-0.008251264306627593
2024-05-16 14:55:00,-3.09609567921143e-05,0.00026838432635534204,-0.00026838432635534204,0,-1.0,4.586309025649106,7452.0,False,-1.0,0.00026838432635534204
2024-05-16 21:35:00,-0.00010186253348365426,0.005366246310705591,-0.005366246310705591,0,-1.0,4.5809427793384,7454.0,False,-1.0,0.005366246310705591
2024-05-17 09:40:00,8.18031548988074e-05,0.006672004270082743,-0.006672004270082743,0,-1.0,4.574270775068317,7494.0,False,0.0,0.006672004270082743
2024-05-17 10:40:00,0.0005626269849017262,-0.0007953340402969689,-0.0,1,0.0,4.574270775068317,7544.0,False,1.0,-0.0007953340402969689
2024-05-17 11:25:00,-0.00020415284961927682,0.0005306447333510711,0.0005306447333510711,1,1.0,4.574801419801668,7538.0,False,0.0,0.0005306447333510711
2024-05-17 14:10:00,0.0008446378051303327,0.0037125430920179614,0.0,1,0.0,4.574801419801668,7542.0,False,1.0,0.0037125430920179614
2024-05-17 14:55:00,0.0006290321471169591,0.009511228533685578,0.009511228533685578,1,1.0,4.584312648335354,7570.0,False,1.0,0.009511228533685578
2024-05-17 21:35:00,-0.00030926428735256195,0.004972520282648496,0.004972520282648496,0,1.0,4.5892851686180025,7642.0,False,0.0,0.004972520282648496
2024-05-20 09:40:00,-0.00013882170605938882,0.0005208333333333037,0.0,1,0.0,4.5892851686180025,7680.0,False,0.0,0.0005208333333333037
2024-05-20 10:40:00,7.525605906266719e-05,0.0,0.0,1,0.0,4.5892851686180025,7684.0,False,0.0,0.0
2024-05-20 11:25:00,0.0006548257661052048,-0.004164497657470068,-0.0,1,0.0,4.5892851686180025,7684.0,False,1.0,-0.004164497657470068
2024-05-20 14:10:00,0.0007768525392748415,0.003397804495556711,0.003397804495556711,1,1.0,4.592682973113559,7652.0,False,1.0,0.003397804495556711
2024-05-20 14:55:00,0.00033298126072622836,0.0065121125293046145,0.0065121125293046145,0,1.0,4.599195085642864,7678.0,False,1.0,0.0065121125293046145
2024-05-21 09:40:00,0.0010884911753237247,0.0007763975155279379,0.0007763975155279379,0,1.0,4.599971483158392,7728.0,False,1.0,0.0007763975155279379
2024-05-21 10:40:00,0.0007771440432406962,-0.005171967933798816,-0.005171967933798816,0,1.0,4.594799515224594,7734.0,False,1.0,-0.005171967933798816
2024-05-21 11:25:00,0.0009927278151735663,-0.00103977125032495,-0.00103977125032495,0,1.0,4.593759743974269,7694.0,False,1.0,-0.00103977125032495
2024-05-21 14:10:00,0.0018991000251844525,-0.006505334374186877,-0.006505334374186877,0,1.0,4.587254409600082,7686.0,False,1.0,-0.006505334374186877
2024-05-21 14:55:00,-0.0007572172908112407,0.0034049240440021666,0.0034049240440021666,0,1.0,4.590659333644084,7636.0,False,0.0,0.0034049240440021666
2024-05-21 21:35:00,-0.0012427441542968154,-0.006525711302531989,-0.0,1,0.0,4.590659333644084,7662.0,False,-1.0,-0.006525711302531989
2024-05-22 09:40:00,-0.0007594646885991096,0.006043089858118744,-0.006043089858118744,1,-1.0,4.584616243785966,7612.0,False,-1.0,0.006043089858118744
2024-05-22 10:40:00,-2.6459310902282596e-05,-0.0023504831548707417,0.0023504831548707417,0,-1.0,4.586966726940837,7658.0,False,-1.0,-0.0023504831548707417
2024-05-22 11:25:00,-0.0001406419469276443,0.0005235602094240122,-0.0005235602094240122,0,-1.0,4.586443166731412,7640.0,False,-1.0,0.0005235602094240122
2024-05-22 14:10:00,-0.0002104262966895476,-0.0013082155939299067,0.0013082155939299067,0,-1.0,4.587751382325342,7644.0,False,-1.0,-0.0013082155939299067
2024-05-22 14:55:00,-2.6366367819719017e-05,0.0036678019386953142,-0.0036678019386953142,0,-1.0,4.584083580386647,7634.0,False,-1.0,0.0036678019386953142
2024-05-22 21:35:00,-0.000788356876000762,0.000783085356303781,-0.000783085356303781,0,-1.0,4.583300495030343,7662.0,False,-1.0,0.000783085356303781
2024-05-23 09:40:00,0.00012054582475684583,-0.009128847157016118,0.009128847157016118,0,-1.0,4.592429342187359,7668.0,False,0.0,-0.009128847157016118
2024-05-23 10:40:00,0.000278934690868482,0.00026322716504334487,0.0,1,0.0,4.592429342187359,7598.0,False,0.0,0.00026322716504334487
2024-05-23 11:25:00,0.0019524559611454606,0.001052631578947416,0.0,1,0.0,4.592429342187359,7600.0,False,1.0,0.001052631578947416
2024-05-23 14:10:00,0.0006898972205817699,-0.007097791798107211,-0.007097791798107211,0,1.0,4.585331550389252,7608.0,False,1.0,-0.007097791798107211
2024-05-23 14:55:00,0.0006124599021859467,0.003441885093989905,0.003441885093989905,0,1.0,4.588773435483242,7554.0,False,1.0,0.003441885093989905
2024-05-23 21:35:00,0.0011965158628299832,0.004749340369393229,0.004749340369393229,0,1.0,4.593522775852636,7580.0,False,1.0,0.004749340369393229
2024-05-24 09:40:00,0.00030692998552694917,-0.0028886554621848637,-0.0028886554621848637,0,1.0,4.590634120390451,7616.0,False,1.0,-0.0028886554621848637
2024-05-24 10:40:00,0.00021235151507426053,0.0063207795628128505,0.0063207795628128505,0,1.0,4.596954899953263,7594.0,False,1.0,0.0063207795628128505
2024-05-24 11:25:00,0.0020877248607575893,0.001308557969118107,0.001308557969118107,0,1.0,4.598263457922381,7642.0,False,1.0,0.001308557969118107
2024-05-24 14:10:00,0.0022309983614832163,0.0,0.0,0,1.0,4.598263457922381,7652.0,False,1.0,0.0
2024-05-24 14:55:00,0.0003106622607447207,-0.010193413486670133,-0.010193413486670133,0,1.0,4.588070044435711,7652.0,False,1.0,-0.010193413486670133
2024-05-24 21:35:00,2.2271349735092372e-05,0.007129654079746528,0.007129654079746528,0,1.0,4.595199698515458,7574.0,False,1.0,0.007129654079746528
2024-05-27 09:40:00,0.0002907835878431797,-0.0002621919244887305,-0.0002621919244887305,0,1.0,4.594937506590969,7628.0,False,1.0,-0.0002621919244887305
2024-05-27 10:40:00,0.0010983197716996074,0.005245213742459898,0.005245213742459898,0,1.0,4.600182720333429,7626.0,False,1.0,0.005245213742459898
2024-05-27 11:25:00,0.0005470416508615017,-0.0060005217845030545,-0.0060005217845030545,0,1.0,4.594182198548926,7666.0,False,1.0,-0.0060005217845030545
2024-05-27 14:10:00,0.0010089522693306208,-0.0020997375328084544,-0.0020997375328084544,0,1.0,4.592082461016117,7620.0,False,1.0,-0.0020997375328084544
2024-05-27 14:55:00,-0.00025439061573706567,0.016044187269858012,0.016044187269858012,0,1.0,4.6081266482859755,7604.0,False,0.0,0.016044187269858012
2024-05-28 09:40:00,0.000537186220753938,0.003624126326689181,0.0,1,0.0,4.6081266482859755,7726.0,False,1.0,0.003624126326689181
2024-05-28 10:40:00,0.0006694589392282069,0.0005158627805004201,0.0005158627805004201,1,1.0,4.608642511066476,7754.0,False,1.0,0.0005158627805004201
2024-05-28 11:25:00,0.001115747494623065,0.00283578241814908,0.00283578241814908,0,1.0,4.611478293484625,7758.0,False,1.0,0.00283578241814908
2024-05-28 14:10:00,0.000982375000603497,-0.00025706940874037354,-0.00025706940874037354,0,1.0,4.6112212240758845,7780.0,False,1.0,-0.00025706940874037354
2024-05-28 14:55:00,-0.001135447178967297,-0.002314219593725908,-0.002314219593725908,0,1.0,4.608907004482159,7778.0,False,0.0,-0.002314219593725908
2024-05-28 21:35:00,0.00040503861964680254,0.010824742268041199,0.0,1,0.0,4.608907004482159,7760.0,False,1.0,0.010824742268041199
2024-05-29 09:40:00,0.0006986595690250397,0.0,0.0,1,1.0,4.608907004482159,7844.0,False,1.0,0.0
2024-05-29 10:40:00,0.0005668203812092543,0.0015298317185110655,0.0015298317185110655,0,1.0,4.61043683620067,7844.0,False,1.0,0.0015298317185110655
2024-05-29 11:25:00,0.0007155329221859574,0.0005091649694501932,0.0005091649694501932,0,1.0,4.61094600117012,7856.0,False,1.0,0.0005091649694501932
2024-05-29 14:10:00,0.000501583213917911,-0.0002544529262086259,-0.0002544529262086259,0,1.0,4.610691548243912,7860.0,False,1.0,-0.0002544529262086259
2024-05-29 14:55:00,5.864879858563654e-05,0.0,0.0,0,1.0,4.610691548243912,7858.0,False,1.0,0.0
2024-05-29 21:35:00,-0.0009484860929660499,0.0010180707559175328,0.0010180707559175328,0,1.0,4.611709618999829,7858.0,False,0.0,0.0010180707559175328
2024-05-30 09:40:00,-3.704503978951834e-05,-0.002034070683956224,-0.0,1,0.0,4.611709618999829,7866.0,False,0.0,-0.002034070683956224
2024-05-30 10:40:00,-0.0008040851098485291,-0.0058598726114649224,-0.0,1,0.0,4.611709618999829,7850.0,False,-1.0,-0.0058598726114649224
2024-05-30 11:25:00,-0.0009062078897841275,-0.0005125576627370565,0.0005125576627370565,0,-1.0,4.6122221766625655,7804.0,False,-1.0,-0.0005125576627370565
2024-05-30 14:10:00,7.894494774518535e-05,-0.007435897435897454,0.007435897435897454,0,-1.0,4.619658074098463,7800.0,False,0.0,-0.007435897435897454
2024-05-30 14:55:00,-0.0007242520805448294,0.00025833118057350113,0.0,1,0.0,4.619658074098463,7742.0,False,-1.0,0.00025833118057350113
2024-05-30 21:35:00,-0.001711064949631691,0.0025826446280992066,-0.0025826446280992066,1,-1.0,4.617075429470363,7744.0,False,-1.0,0.0025826446280992066
2024-05-31 09:40:00,-0.000995235051959753,0.0030911901081915882,-0.0030911901081915882,0,-1.0,4.613984239362172,7764.0,False,-1.0,0.0030911901081915882
2024-05-31 10:40:00,0.0005100739654153585,0.0035952747817153963,-0.0035952747817153963,0,-1.0,4.610388964580457,7788.0,False,0.0,0.0035952747817153963
2024-05-31 11:25:00,0.001246606814675033,0.0028147389969293,0.0,1,0.0,4.610388964580457,7816.0,False,1.0,0.0028147389969293
2024-05-31 14:10:00,0.0005198230501264334,0.006124011227353954,0.006124011227353954,1,1.0,4.616512975807811,7838.0,False,1.0,0.006124011227353954
2024-05-31 14:55:00,0.000510551908519119,0.0020289119959422397,0.0020289119959422397,0,1.0,4.618541887803753,7886.0,False,1.0,0.0020289119959422397
2024-05-31 21:35:00,-8.17008112790063e-05,-0.015945330296127547,-0.015945330296127547,0,1.0,4.602596557507625,7902.0,False,0.0,-0.015945330296127547
2024-06-03 09:40:00,0.001462646177969873,-0.007716049382716084,-0.0,1,0.0,4.602596557507625,7776.0,False,1.0,-0.007716049382716084
2024-06-03 10:40:00,0.0017367509426549077,0.0020736132711249855,0.0020736132711249855,1,1.0,4.60467017077875,7716.0,False,1.0,0.0020736132711249855
2024-06-03 11:25:00,0.0014464465202763677,-0.0069839627521987024,-0.0069839627521987024,0,1.0,4.597686208026551,7732.0,False,1.0,-0.0069839627521987024
2024-06-03 14:10:00,0.0026470827870070934,-0.002344360510549648,-0.002344360510549648,0,1.0,4.595341847516002,7678.0,False,1.0,-0.002344360510549648
2024-06-03 14:55:00,0.0018610478146001697,-0.006788511749347248,-0.006788511749347248,0,1.0,4.588553335766655,7660.0,False,1.0,-0.006788511749347248
2024-06-04 09:40:00,0.0021325228735804558,-0.004468980021030466,-0.004468980021030466,0,1.0,4.584084355745624,7608.0,False,1.0,-0.004468980021030466
2024-06-04 10:40:00,2.2821517632110044e-05,0.004224980195405292,0.004224980195405292,0,1.0,4.588309335941029,7574.0,False,1.0,0.004224980195405292
2024-06-04 11:25:00,1.7223163013113663e-05,0.004733105443071262,0.004733105443071262,0,1.0,4.5930424413841004,7606.0,False,1.0,0.004733105443071262
2024-06-04 14:10:00,0.0011178645072504878,-0.0015702695629415953,-0.0015702695629415953,0,1.0,4.591472171821159,7642.0,False,1.0,-0.0015702695629415953
2024-06-04 14:55:00,0.0005490026087500155,0.0031454783748361415,0.0031454783748361415,0,1.0,4.594617650195994,7630.0,False,1.0,0.0031454783748361415
2024-06-04 21:35:00,-0.00013021098857279867,-0.00418082048602042,-0.00418082048602042,0,1.0,4.590436829709974,7654.0,False,0.0,-0.00418082048602042
2024-06-05 09:40:00,0.0007948394049890339,-0.0015743899239044623,-0.0,1,0.0,4.590436829709974,7622.0,False,1.0,-0.0015743899239044623
2024-06-05 10:40:00,0.0017314449651166797,0.0023653088042050463,0.0023653088042050463,1,1.0,4.5928021385141795,7610.0,False,1.0,0.0023653088042050463
2024-06-05 11:25:00,0.0014745438238605857,0.0015731515469323831,0.0015731515469323831,0,1.0,4.594375290061112,7628.0,False,1.0,0.0015731515469323831
2024-06-05 14:10:00,0.00121063191909343,0.003403141361256523,0.003403141361256523,0,1.0,4.597778431422368,7640.0,False,1.0,0.003403141361256523
2024-06-05 14:55:00,0.0011017288779839873,-0.0073049830420036654,-0.0073049830420036654,0,1.0,4.590473448380365,7666.0,False,1.0,-0.0073049830420036654
2024-06-05 21:35:00,0.0010216215159744024,0.0005256241787121585,0.0005256241787121585,0,1.0,4.590999072559077,7610.0,False,1.0,0.0005256241787121585
2024-06-06 09:40:00,0.0011057096999138594,0.0010506960861571546,0.0010506960861571546,0,1.0,4.592049768645234,7614.0,False,1.0,0.0010506960861571546
2024-06-06 10:40:00,0.0013825061032548547,0.0013119916032537926,0.0013119916032537926,0,1.0,4.593361760248488,7622.0,False,1.0,0.0013119916032537926
2024-06-06 11:25:00,0.0030071858782321215,0.0007861635220125507,0.0007861635220125507,0,1.0,4.5941479237705005,7632.0,False,1.0,0.0007861635220125507
2024-06-06 14:10:00,0.001852489192970097,0.006022518984027281,0.006022518984027281,0,1.0,4.600170442754528,7638.0,False,1.0,0.006022518984027281
2024-06-06 14:55:00,0.002104982268065214,0.00338365434669452,0.00338365434669452,0,1.0,4.603554097101222,7684.0,False,1.0,0.00338365434669452
2024-06-06 21:35:00,0.002285873284563422,0.015564202334630295,0.015564202334630295,0,1.0,4.619118299435852,7710.0,False,1.0,0.015564202334630295
2024-06-07 09:40:00,0.0023283823393285275,0.0,0.0,0,1.0,4.619118299435852,7830.0,False,1.0,0.0
2024-06-07 10:40:00,0.0022046356461942196,-0.003320561941251632,-0.003320561941251632,0,1.0,4.615797737494601,7830.0,False,1.0,-0.003320561941251632
2024-06-07 11:25:00,0.0018814274808391929,-0.0028190671450538662,-0.0028190671450538662,0,1.0,4.612978670349547,7804.0,False,1.0,-0.0028190671450538662
2024-06-07 14:10:00,0.002094350988045335,0.0012850167052171901,0.0012850167052171901,0,1.0,4.6142636870547635,7782.0,False,1.0,0.0012850167052171901
2024-06-07 14:55:00,0.0009591286070644855,0.0007700205338809774,0.0007700205338809774,0,1.0,4.615033707588644,7792.0,False,1.0,0.0007700205338809774
2024-06-07 21:35:00,-0.0007550629088655114,-0.007181328545781018,-0.007181328545781018,0,1.0,4.607852379042864,7798.0,False,0.0,-0.007181328545781018
2024-06-11 09:40:00,-0.00039647912490181625,0.003616636528029016,0.0,1,0.0,4.607852379042864,7742.0,False,0.0,0.003616636528029016
2024-06-11 10:40:00,-0.00037343736039474607,-0.0038610038610038533,-0.0,1,0.0,4.607852379042864,7770.0,False,0.0,-0.0038610038610038533
2024-06-11 11:25:00,0.0003692028985824436,-0.013436692506459957,-0.0,0,0.0,4.607852379042864,7740.0,False,0.0,-0.013436692506459957
2024-06-11 14:10:00,0.0008872878970578313,-0.006547930853850192,-0.0,1,0.0,4.607852379042864,7636.0,False,1.0,-0.006547930853850192
2024-06-11 14:55:00,0.00028589405701495707,0.0076456630635381995,0.0076456630635381995,1,1.0,4.615498042106402,7586.0,False,1.0,0.0076456630635381995
2024-06-12 09:40:00,0.0005908795865252614,0.0,0.0,0,1.0,4.615498042106402,7644.0,False,1.0,0.0
2024-06-12 10:40:00,0.0020041787065565586,0.0005232862375719183,0.0005232862375719183,0,1.0,4.616021328343973,7644.0,False,1.0,0.0005232862375719183
2024-06-12 11:25:00,0.0014282513875514269,0.009937238493723743,0.009937238493723743,0,1.0,4.6259585668376975,7648.0,False,1.0,0.009937238493723743
2024-06-12 14:10:00,0.0017782707000151277,0.0007767995857068666,0.0007767995857068666,0,1.0,4.626735366423404,7724.0,False,1.0,0.0007767995857068666
2024-06-12 14:55:00,0.0008425326086580753,0.0005174644243208792,0.0005174644243208792,0,1.0,4.627252830847724,7730.0,False,1.0,0.0005174644243208792
2024-06-12 21:35:00,0.0002068989269901067,-0.005947763123868577,-0.005947763123868577,0,1.0,4.621305067723856,7734.0,False,1.0,-0.005947763123868577
2024-06-13 09:40:00,-0.0001309883955400437,0.004682622268470382,0.004682622268470382,0,1.0,4.625987689992327,7688.0,False,0.0,0.004682622268470382
2024-06-13 10:40:00,0.0009571302216500044,0.006214396685655155,0.0,1,0.0,4.625987689992327,7724.0,False,1.0,0.006214396685655155
2024-06-13 11:25:00,0.0009589262772351503,-0.006176016469377266,-0.006176016469377266,1,1.0,4.619811673522949,7772.0,False,1.0,-0.006176016469377266
2024-06-13 14:10:00,0.0009635998867452145,-0.0010357327809424888,-0.0010357327809424888,0,1.0,4.618775940742006,7724.0,False,1.0,-0.0010357327809424888
2024-06-13 14:55:00,0.0009857075056061149,0.0,0.0,0,1.0,4.618775940742006,7716.0,False,1.0,0.0
2024-06-13 21:35:00,-0.00023032791796140373,-0.004924831518921757,-0.004924831518921757,0,1.0,4.613851109223084,7716.0,False,0.0,-0.004924831518921757
2024-06-14 09:40:00,0.0004541590460576117,-0.0005209690023443292,-0.0,1,0.0,4.613851109223084,7678.0,False,0.0,-0.0005209690023443292
2024-06-14 10:40:00,0.0007380649331025779,-0.0028668230388324556,-0.0,1,0.0,4.613851109223084,7674.0,False,1.0,-0.0028668230388324556
2024-06-14 11:25:00,0.0009679917711764574,-0.001829587036068947,-0.001829587036068947,0,1.0,4.612021522187016,7652.0,False,1.0,-0.001829587036068947
2024-06-14 14:10:00,0.0003175399615429342,0.0109976433621366,0.0109976433621366,0,1.0,4.623019165549152,7638.0,False,1.0,0.0109976433621366
2024-06-14 14:55:00,0.00024914267123676836,-0.0036260036260036266,-0.0036260036260036266,0,1.0,4.619393161923149,7722.0,False,1.0,-0.0036260036260036266
2024-06-14 21:35:00,0.00025583748356439173,-0.004938913439043402,-0.004938913439043402,0,1.0,4.614454248484106,7694.0,False,1.0,-0.004938913439043402
2024-06-17 09:40:00,0.0007518710335716605,-0.0007836990595611049,-0.0007836990595611049,0,1.0,4.613670549424544,7656.0,False,1.0,-0.0007836990595611049
2024-06-17 10:40:00,0.0007280547288246453,-0.010457516339869244,-0.010457516339869244,0,1.0,4.603213033084675,7650.0,False,1.0,-0.010457516339869244
2024-06-17 11:25:00,0.0005498355603776872,-0.012945838837516543,-0.012945838837516543,0,1.0,4.590267194247159,7570.0,False,1.0,-0.012945838837516543
2024-06-17 14:10:00,0.0015478449640795588,0.0024089935760172043,0.0024089935760172043,0,1.0,4.592676187823176,7472.0,False,1.0,0.0024089935760172043
2024-06-17 14:55:00,0.0011362561490386724,0.007209612817089539,0.007209612817089539,0,1.0,4.599885800640266,7490.0,False,1.0,0.007209612817089539
2024-06-18 09:40:00,0.0006180250784382224,0.0060975609756097615,0.0060975609756097615,0,1.0,4.605983361615875,7544.0,False,1.0,0.0060975609756097615
2024-06-18 10:40:00,0.0008401424274779856,0.006324110671936722,0.006324110671936722,0,1.0,4.612307472287812,7590.0,False,1.0,0.006324110671936722
2024-06-18 11:25:00,0.0012811751803383231,-0.0028803351662738397,-0.0028803351662738397,0,1.0,4.609427137121538,7638.0,False,1.0,-0.0028803351662738397
2024-06-18 14:10:00,0.0017407845007255673,0.0015756302521008347,0.0015756302521008347,0,1.0,4.611002767373639,7616.0,False,1.0,0.0015756302521008347
2024-06-18 14:55:00,0.0009391424246132374,-0.0013109596224436526,-0.0013109596224436526,0,1.0,4.6096918077511955,7628.0,False,1.0,-0.0013109596224436526
2024-06-18 21:35:00,0.0003122719645034522,0.006563402467839374,0.006563402467839374,0,1.0,4.616255210219035,7618.0,False,1.0,0.006563402467839374
2024-06-19 09:40:00,0.0011013722978532314,-0.002608242044861764,-0.002608242044861764,0,1.0,4.613646968174173,7668.0,False,1.0,-0.002608242044861764
2024-06-19 10:40:00,0.0009996774606406689,0.0026150627615062483,0.0026150627615062483,0,1.0,4.61626203093568,7648.0,False,1.0,0.0026150627615062483
2024-06-19 11:25:00,0.0011806482216343284,0.0020865936358893666,0.0020865936358893666,0,1.0,4.618348624571569,7668.0,False,1.0,0.0020865936358893666
2024-06-19 14:10:00,0.001118778600357473,0.004164497657470179,0.004164497657470179,0,1.0,4.622513122229039,7684.0,False,1.0,0.004164497657470179
2024-06-19 14:55:00,0.0009639882482588291,-0.0015552099533436836,-0.0015552099533436836,0,1.0,4.620957912275696,7716.0,False,1.0,-0.0015552099533436836
2024-06-19 21:35:00,0.0001445928937755525,0.002336448598130758,0.002336448598130758,0,1.0,4.623294360873826,7704.0,False,1.0,0.002336448598130758
2024-06-20 09:40:00,0.00043595279566943645,0.0007770007770007137,0.0007770007770007137,0,1.0,4.624071361650826,7722.0,False,1.0,0.0007770007770007137
2024-06-20 10:40:00,0.00039977621054276824,-0.0028467908902691796,-0.0028467908902691796,0,1.0,4.621224570760557,7728.0,False,1.0,-0.0028467908902691796
2024-06-20 11:25:00,0.000734253553673625,-0.0007786140669607811,-0.0007786140669607811,0,1.0,4.6204459566935965,7706.0,False,1.0,-0.0007786140669607811
2024-06-20 14:10:00,0.00030267401598393917,-0.0005194805194804752,-0.0005194805194804752,0,1.0,4.619926476174117,7700.0,False,1.0,-0.0005194805194804752
2024-06-20 14:55:00,0.0009666348341852427,0.0018191268191267707,0.0018191268191267707,0,1.0,4.621745602993243,7696.0,False,1.0,0.0018191268191267707
2024-06-20 21:35:00,0.000952154747210443,0.003112840466926059,0.003112840466926059,0,1.0,4.624858443460169,7710.0,False,1.0,0.003112840466926059
2024-06-21 09:40:00,0.0016392439138144255,-0.007757951900698168,-0.007757951900698168,0,1.0,4.617100491559471,7734.0,False,1.0,-0.007757951900698168
2024-06-21 10:40:00,0.0006657940684817731,0.005212405525149899,0.005212405525149899,0,1.0,4.622312897084621,7674.0,False,1.0,0.005212405525149899
2024-06-21 11:25:00,0.00028159719659015536,-0.0041483017889552,-0.0041483017889552,0,1.0,4.618164595295665,7714.0,False,1.0,-0.0041483017889552
2024-06-21 14:10:00,0.0006054777768440545,-0.005206977349648478,-0.005206977349648478,0,1.0,4.612957617946017,7682.0,False,1.0,-0.005206977349648478
2024-06-21 14:55:00,0.0006722594262100756,0.0,0.0,0,1.0,4.612957617946017,7642.0,False,1.0,0.0
2024-06-21 21:35:00,-0.00041311391396448016,0.007327924627061,0.007327924627061,0,1.0,4.620285542573078,7642.0,False,0.0,0.007327924627061
2024-06-24 09:40:00,-0.00018267464474774897,-0.00909327097947521,-0.0,1,0.0,4.620285542573078,7698.0,False,0.0,-0.00909327097947521
2024-06-24 10:40:00,-0.0001619051763555035,-0.0031463030938646552,-0.0,1,0.0,4.620285542573078,7628.0,False,0.0,-0.0031463030938646552
2024-06-24 11:25:00,-2.2416152205551043e-05,0.006312467122567167,0.0,0,0.0,4.620285542573078,7604.0,False,0.0,0.006312467122567167
2024-06-24 14:10:00,0.001480687758885324,0.000522739153162588,0.0,0,0.0,4.620285542573078,7652.0,False,1.0,0.000522739153162588
2024-06-24 14:55:00,0.00031812413362786174,-0.006008359456635359,-0.006008359456635359,1,1.0,4.614277183116442,7656.0,False,1.0,-0.006008359456635359
2024-06-25 09:40:00,0.00044267773046158254,-0.01130091984231274,-0.01130091984231274,1,1.0,4.60297626327413,7610.0,False,1.0,-0.01130091984231274
2024-06-25 10:40:00,5.376484114094637e-05,0.00611376927166396,0.00611376927166396,0,1.0,4.609090032545794,7524.0,False,1.0,0.00611376927166396
2024-06-25 11:25:00,0.00012579064059536904,-0.0005284015852047297,-0.0005284015852047297,0,1.0,4.608561630960589,7570.0,False,1.0,-0.0005284015852047297
2024-06-25 14:10:00,0.0006575047736987472,-0.0010573618821041464,-0.0010573618821041464,0,1.0,4.607504269078484,7566.0,False,1.0,-0.0010573618821041464
2024-06-25 14:55:00,0.0009857909753918648,0.003704683778777529,0.003704683778777529,0,1.0,4.611208952857263,7558.0,False,1.0,0.003704683778777529
2024-06-25 21:35:00,0.0003690909070428461,-0.0007909306617452927,-0.0007909306617452927,0,1.0,4.6104180221955176,7586.0,False,1.0,-0.0007909306617452927
2024-06-26 09:40:00,0.0005092190112918615,-0.008707124010554068,-0.008707124010554068,0,1.0,4.6017108981849635,7580.0,False,1.0,-0.008707124010554068
2024-06-26 10:40:00,0.0005414505139924586,0.003992547245142308,0.003992547245142308,0,1.0,4.605703445430105,7514.0,False,1.0,0.003992547245142308
2024-06-26 11:25:00,0.0009544124477542937,0.006627783669141074,0.006627783669141074,0,1.0,4.612331229099246,7544.0,False,1.0,0.006627783669141074
2024-06-26 14:10:00,0.0012068351497873664,0.005794047932578428,0.005794047932578428,0,1.0,4.618125277031825,7594.0,False,1.0,0.005794047932578428
2024-06-26 14:55:00,0.0018687051488086581,-0.0005236973029588698,-0.0005236973029588698,0,1.0,4.617601579728866,7638.0,False,1.0,-0.0005236973029588698
2024-06-26 21:35:00,0.0009464570321142673,-0.0010479434110558516,-0.0010479434110558516,0,1.0,4.616553636317811,7634.0,False,1.0,-0.0010479434110558516
2024-06-27 09:40:00,0.00041196815436705947,0.003933910306844979,0.003933910306844979,0,1.0,4.6204875466246556,7626.0,False,1.0,0.003933910306844979
2024-06-27 10:40:00,0.001974967774003744,-0.003396029258098232,-0.003396029258098232,0,1.0,4.617091517366557,7656.0,False,1.0,-0.003396029258098232
2024-06-27 11:25:00,0.00036474864464253187,-0.003669724770642202,-0.003669724770642202,0,1.0,4.613421792595915,7630.0,False,1.0,-0.003669724770642202
2024-06-27 14:10:00,0.0002655866264831275,-0.0026308866087871863,-0.0026308866087871863,0,1.0,4.610790905987129,7602.0,False,1.0,-0.0026308866087871863
2024-06-27 14:55:00,0.00017217075219377875,0.0007913479293062409,0.0007913479293062409,0,1.0,4.611582253916435,7582.0,False,1.0,0.0007913479293062409
2024-06-27 21:35:00,0.001312383683398366,0.008170795993674318,0.008170795993674318,0,1.0,4.619753049910109,7588.0,False,1.0,0.008170795993674318
2024-06-28 09:40:00,0.0019480135524645448,-0.0015686274509804088,-0.0015686274509804088,0,1.0,4.618184422459128,7650.0,False,1.0,-0.0015686274509804088
2024-06-28 10:40:00,0.0016809629742056131,0.0018329405603561,0.0018329405603561,0,1.0,4.6200173630194845,7638.0,False,1.0,0.0018329405603561
2024-06-28 11:25:00,0.0020275581628084183,0.003920543648719299,0.003920543648719299,0,1.0,4.623937906668203,7652.0,False,1.0,0.003920543648719299
2024-06-28 14:10:00,0.001737892278470099,-0.0005206977349648811,-0.0005206977349648811,0,1.0,4.623417208933239,7682.0,False,1.0,-0.0005206977349648811
2024-06-28 14:55:00,0.0015858967090025544,-0.002344360510549648,-0.002344360510549648,0,1.0,4.621072848422689,7678.0,False,1.0,-0.002344360510549648
2024-06-28 21:35:00,-9.053363464772701e-05,0.00548302872062667,0.00548302872062667,0,1.0,4.626555877143316,7660.0,False,0.0,0.00548302872062667
2024-07-01 09:40:00,-0.0003143825742881745,0.011165930927031997,0.0,1,0.0,4.626555877143316,7702.0,False,0.0,0.011165930927031997
2024-07-01 10:40:00,0.0003834224189631641,0.0010272213662043672,0.0,1,0.0,4.626555877143316,7788.0,False,1.0,0.0010272213662043672
2024-07-01 11:25:00,0.001201573759317398,0.010261672652642329,0.010261672652642329,1,1.0,4.636817549795959,7796.0,False,1.0,0.010261672652642329
2024-07-01 14:10:00,0.0006539463065564632,-0.004824784154393136,-0.004824784154393136,1,1.0,4.631992765641565,7876.0,False,1.0,-0.004824784154393136
2024-07-01 14:55:00,1.6870431863935664e-05,0.006379178361826998,0.006379178361826998,0,1.0,4.638371944003392,7838.0,False,1.0,0.006379178361826998
2024-07-02 09:40:00,-0.0003606373502407223,0.004310344827586299,0.004310344827586299,0,1.0,4.642682288830978,7888.0,False,0.0,0.004310344827586299
2024-07-02 10:40:00,-0.00014498723612632602,0.0010098459984853037,0.0,1,0.0,4.642682288830978,7922.0,False,0.0,0.0010098459984853037
2024-07-02 11:25:00,-0.0002252308331662789,0.005800756620428782,0.0,1,0.0,4.642682288830978,7930.0,False,0.0,0.005800756620428782
2024-07-02 14:10:00,0.0006497458671219647,0.0012537612838514622,0.0,0,0.0,4.642682288830978,7976.0,False,1.0,0.0012537612838514622
2024-07-02 14:55:00,0.0002589892828837037,0.0005008765339344912,0.0005008765339344912,1,1.0,4.643183165364913,7986.0,False,1.0,0.0005008765339344912
2024-07-02 21:35:00,-7.696723332628608e-05,0.0012515644555695093,0.0012515644555695093,1,1.0,4.644434729820483,7990.0,False,0.0,0.0012515644555695093
2024-07-03 09:40:00,9.824830340221524e-05,-0.0030000000000000027,-0.0,1,0.0,4.644434729820483,8000.0,False,0.0,-0.0030000000000000027
2024-07-03 10:40:00,-0.0011518317041918635,-0.0005015045135405849,-0.0,1,0.0,4.644434729820483,7976.0,False,-1.0,-0.0005015045135405849
2024-07-03 11:25:00,0.00023636296100448817,0.0005017561465128217,-0.0005017561465128217,1,-1.0,4.643932973673969,7972.0,False,0.0,0.0005017561465128217
2024-07-03 14:10:00,0.00022447390074376017,0.0015045135406217547,0.0,1,0.0,4.643932973673969,7976.0,False,0.0,0.0015045135406217547
2024-07-03 14:55:00,0.0003548980748746544,0.0012518778167249778,0.0,0,0.0,4.643932973673969,7988.0,False,1.0,0.0012518778167249778
2024-07-03 21:35:00,-0.00027256077737547457,0.007001750437609422,0.007001750437609422,0,1.0,4.650934724111579,7998.0,False,0.0,0.007001750437609422
2024-07-04 09:40:00,8.161325240507722e-05,-0.001986590514030273,-0.0,1,0.0,4.650934724111579,8054.0,False,0.0,-0.001986590514030273
2024-07-04 10:40:00,-0.0001619380636839196,-0.0012440905697934657,-0.0,1,0.0,4.650934724111579,8038.0,False,0.0,-0.0012440905697934657
2024-07-04 11:25:00,0.001139171770773828,-0.0012456402590931281,-0.0,1,0.0,4.650934724111579,8028.0,False,1.0,-0.0012456402590931281
2024-07-04 14:10:00,0.00119257892947644,-0.0032427039161885274,-0.0032427039161885274,1,1.0,4.64769202019539,8018.0,False,1.0,-0.0032427039161885274
2024-07-04 14:55:00,-0.00018191360868513584,0.0010010010010010895,0.0010010010010010895,0,1.0,4.648693021196392,7992.0,False,0.0,0.0010010010010010895
2024-07-04 21:35:00,-0.0007222695276141167,-0.0014999999999999458,-0.0,1,0.0,4.648693021196392,8000.0,False,-1.0,-0.0014999999999999458
2024-07-05 09:40:00,-0.00010473195288795978,0.0037556334501751554,-0.0037556334501751554,1,-1.0,4.644937387746216,7988.0,False,-1.0,0.0037556334501751554
2024-07-05 10:40:00,-0.00019998513744212687,-0.0002494387627837158,0.0002494387627837158,0,-1.0,4.645186826509,8018.0,False,-1.0,-0.0002494387627837158
2024-07-05 11:25:00,0.0002017665683524683,-0.00024950099800402636,0.00024950099800402636,0,-1.0,4.645436327507004,8016.0,False,0.0,-0.00024950099800402636
2024-07-05 14:10:00,-0.000691858003847301,-0.000998253057149956,-0.0,1,0.0,4.645436327507004,8014.0,False,-1.0,-0.000998253057149956
2024-07-05 14:55:00,8.819368667900562e-05,-0.004996252810392177,0.004996252810392177,1,-1.0,4.650432580317396,8006.0,False,0.0,-0.004996252810392177
2024-07-05 21:35:00,0.0006198430783115327,0.0032638714536781244,0.0,1,0.0,4.650432580317396,7966.0,False,1.0,0.0032638714536781244
2024-07-08 09:40:00,9.733380284160376e-05,-0.00700700700700696,-0.00700700700700696,1,1.0,4.643425573310389,7992.0,False,1.0,-0.00700700700700696
2024-07-08 10:40:00,0.00012759477249346673,-0.00252016129032262,-0.00252016129032262,0,1.0,4.640905412020066,7936.0,False,1.0,-0.00252016129032262
2024-07-08 11:25:00,0.00011843195534311235,-0.002273875694795313,-0.002273875694795313,0,1.0,4.6386315363252715,7916.0,False,1.0,-0.002273875694795313
2024-07-08 14:10:00,0.0007318471907638013,-0.0017726006583945741,-0.0017726006583945741,0,1.0,4.6368589356668775,7898.0,False,1.0,-0.0017726006583945741
2024-07-08 14:55:00,6.000123903504573e-05,-0.0015220700152207556,-0.0015220700152207556,0,1.0,4.635336865651656,7884.0,False,1.0,-0.0015220700152207556
2024-07-09 09:40:00,-0.00014922043192200363,-0.0015243902439023849,-0.0015243902439023849,0,1.0,4.633812475407754,7872.0,False,0.0,-0.0015243902439023849
2024-07-09 10:40:00,-0.0008468609303236008,-0.003562340966921096,-0.0,1,0.0,4.633812475407754,7860.0,False,-1.0,-0.003562340966921096
2024-07-09 11:25:00,-0.001051363185979426,-0.00766087844739527,0.00766087844739527,1,-1.0,4.641473353855149,7832.0,False,-1.0,-0.00766087844739527
2024-07-09 14:10:00,0.0004400436009746045,0.0020586721564590515,-0.0020586721564590515,0,-1.0,4.63941468169869,7772.0,False,0.0,0.0020586721564590515
2024-07-09 14:55:00,0.0006601858185604215,-0.0005136106831021836,-0.0,1,0.0,4.63941468169869,7788.0,False,1.0,-0.0005136106831021836
2024-07-09 21:35:00,0.0003293353656772524,-0.008992805755395739,-0.008992805755395739,1,1.0,4.630421875943294,7784.0,False,1.0,-0.008992805755395739
2024-07-10 09:40:00,0.0008628013893030584,-0.012963443090484805,-0.012963443090484805,0,1.0,4.617458432852809,7714.0,False,1.0,-0.012963443090484805
2024-07-10 10:40:00,0.00012401174171827734,-0.0023640661938534313,-0.0023640661938534313,0,1.0,4.615094366658956,7614.0,False,1.0,-0.0023640661938534313
2024-07-10 11:25:00,0.00048690102994441986,-0.0036861506055818616,-0.0036861506055818616,0,1.0,4.611408216053373,7596.0,False,1.0,-0.0036861506055818616
2024-07-10 14:10:00,0.0006161220371723175,0.0036997885835095,0.0036997885835095,0,1.0,4.615108004636883,7568.0,False,1.0,0.0036997885835095
2024-07-10 14:55:00,0.0006101100007072091,0.003422854133754649,0.003422854133754649,0,1.0,4.6185308587706375,7596.0,False,1.0,0.003422854133754649
2024-07-10 21:35:00,0.0012156958691775799,0.005247966413014948,0.005247966413014948,0,1.0,4.623778825183653,7622.0,False,1.0,0.005247966413014948
2024-07-11 09:40:00,0.001449953648261726,-0.0052205690420256134,-0.0052205690420256134,0,1.0,4.618558256141627,7662.0,False,1.0,-0.0052205690420256134
2024-07-11 10:40:00,0.0015637677861377597,0.005510364733665618,0.005510364733665618,0,1.0,4.624068620875293,7622.0,False,1.0,0.005510364733665618
2024-07-11 11:25:00,0.0024969899095594883,0.0013048016701462384,0.0013048016701462384,0,1.0,4.625373422545439,7664.0,False,1.0,0.0013048016701462384
2024-07-11 14:10:00,0.0021037606056779623,-0.0013031013812874193,-0.0013031013812874193,0,1.0,4.624070321164152,7674.0,False,1.0,-0.0013031013812874193
2024-07-11 14:55:00,0.001183779677376151,-0.00287056367432148,-0.00287056367432148,0,1.0,4.62119975748983,7664.0,False,1.0,-0.00287056367432148
2024-07-11 21:35:00,0.0018005988094955683,0.012823868097356694,0.012823868097356694,0,1.0,4.6340236255871865,7642.0,False,1.0,0.012823868097356694
2024-07-12 09:40:00,0.0029921282548457384,-0.0018087855297157507,-0.0018087855297157507,0,1.0,4.632214840057471,7740.0,False,1.0,-0.0018087855297157507
2024-07-12 10:40:00,0.0023268996737897396,0.009836914315298984,0.009836914315298984,0,1.0,4.64205175437277,7726.0,False,1.0,0.009836914315298984
2024-07-12 11:25:00,0.002297312254086137,0.0020507562163547544,0.0020507562163547544,0,1.0,4.644102510589125,7802.0,False,1.0,0.0020507562163547544
2024-07-12 14:10:00,0.002165072364732623,-0.0033256587362496814,-0.0033256587362496814,0,1.0,4.640776851852875,7818.0,False,1.0,-0.0033256587362496814
2024-07-12 14:55:00,0.0008351466967724264,-0.0017967145790553918,-0.0017967145790553918,0,1.0,4.63898013727382,7792.0,False,1.0,-0.0017967145790553918
2024-07-12 21:35:00,-0.0010084599489346147,-0.01491385960401126,-0.01491385960401126,0,1.0,4.624066277669809,7778.0,False,0.0,-0.01491385960401126
2024-07-15 09:40:00,1.157044607680291e-06,0.002610284521012751,0.0,1,0.0,4.624066277669809,7662.0,False,0.0,0.002610284521012751
2024-07-15 10:40:00,0.0007503396482206881,0.0028638375423066798,0.0,1,0.0,4.624066277669809,7682.0,False,1.0,0.0028638375423066798
2024-07-15 11:25:00,0.0005218624719418585,0.003894080996884819,0.003894080996884819,0,1.0,4.6279603586666935,7704.0,False,1.0,0.003894080996884819
2024-07-15 14:10:00,0.00029190481291152537,-0.0033617791569692246,-0.0033617791569692246,0,1.0,4.624598579509724,7734.0,False,1.0,-0.0033617791569692246
2024-07-15 14:55:00,-0.0005627662176266313,0.0018162947586921607,0.0018162947586921607,0,1.0,4.626414874268416,7708.0,False,0.0,0.0018162947586921607
2024-07-16 09:40:00,-0.0012222221121191978,0.0038850038850037905,0.0,1,0.0,4.626414874268416,7722.0,False,-1.0,0.0038850038850037905
2024-07-16 10:40:00,-0.0007079847855493426,0.0025799793601650745,-0.0025799793601650745,1,-1.0,4.623834894908251,7752.0,False,-1.0,0.0025799793601650745
2024-07-16 11:25:00,-0.00025853057741187513,0.003860010293360805,-0.003860010293360805,0,-1.0,4.619974884614891,7772.0,False,-1.0,0.003860010293360805
2024-07-16 14:10:00,-0.00015252179582603276,0.0015380671622660103,-0.0015380671622660103,0,-1.0,4.618436817452624,7802.0,False,-1.0,0.0015380671622660103
2024-07-16 14:55:00,-0.0011462006950750947,0.001023803429741399,-0.001023803429741399,0,-1.0,4.617413014022883,7814.0,False,-1.0,0.001023803429741399
2024-07-16 21:35:00,-0.0020510659087449312,0.006136537969828604,-0.006136537969828604,0,-1.0,4.611276476053054,7822.0,False,-1.0,0.006136537969828604
2024-07-17 09:40:00,-0.00037984689697623253,0.004828462515883203,-0.004828462515883203,0,-1.0,4.606448013537171,7870.0,False,-1.0,0.004828462515883203
2024-07-17 10:40:00,-0.00023824453819543123,0.0042994436014163195,-0.0042994436014163195,0,-1.0,4.602148569935754,7908.0,False,-1.0,0.0042994436014163195
2024-07-17 11:25:00,-3.2039319194154814e-05,-0.006547469151347296,0.006547469151347296,0,-1.0,4.608696039087102,7942.0,False,-1.0,-0.006547469151347296
2024-07-17 14:10:00,-0.001197907025925815,-0.003041825095057016,0.003041825095057016,0,-1.0,4.6117378641821585,7890.0,False,-1.0,-0.003041825095057016
2024-07-17 14:55:00,-0.0005081915878690779,0.0005085176709891392,-0.0005085176709891392,0,-1.0,4.61122934651117,7866.0,False,-1.0,0.0005085176709891392
2024-07-17 21:35:00,-0.001765546971000731,-0.0020330368487928574,0.0020330368487928574,0,-1.0,4.613262383359962,7870.0,False,-1.0,-0.0020330368487928574
2024-07-18 09:40:00,-0.0012826547026634216,-0.0007639419404125158,0.0007639419404125158,0,-1.0,4.614026325300374,7854.0,False,-1.0,-0.0007639419404125158
2024-07-18 10:40:00,-0.001161658437922597,0.0,-0.0,0,-1.0,4.614026325300374,7848.0,False,-1.0,0.0
2024-07-18 11:25:00,-0.000869200739543885,0.003058103975535076,-0.003058103975535076,0,-1.0,4.610968221324839,7848.0,False,-1.0,0.003058103975535076
2024-07-18 14:10:00,-0.0012970695970579982,0.000508130081300795,-0.000508130081300795,0,-1.0,4.610460091243539,7872.0,False,-1.0,0.000508130081300795
2024-07-18 14:55:00,0.00011721109331119806,0.004316912138141227,-0.004316912138141227,0,-1.0,4.6061431791053975,7876.0,False,0.0,0.004316912138141227
2024-07-18 21:35:00,-0.0012933345278725028,-0.010619469026548645,-0.0,1,0.0,4.6061431791053975,7910.0,False,-1.0,-0.010619469026548645
2024-07-19 09:40:00,-9.279434743802994e-05,0.0028111423460259743,-0.0028111423460259743,1,-1.0,4.6033320367593715,7826.0,False,-1.0,0.0028111423460259743
2024-07-19 10:40:00,-7.061177893774584e-05,-0.000764525993883769,0.000764525993883769,0,-1.0,4.604096562753256,7848.0,False,-1.0,-0.000764525993883769
2024-07-19 11:25:00,-0.00014571430801879615,0.0020402958428971107,-0.0020402958428971107,0,-1.0,4.602056266910358,7842.0,False,-1.0,0.0020402958428971107
2024-07-19 14:10:00,-0.0001177527301479131,-0.0055993891575464305,0.0055993891575464305,0,-1.0,4.607655656067904,7858.0,False,-1.0,-0.0055993891575464305
2024-07-19 14:55:00,3.0041013815207407e-05,0.004863066291272089,-0.004863066291272089,0,-1.0,4.602792589776632,7814.0,False,0.0,0.004863066291272089
2024-07-19 21:35:00,0.000247757212491706,-0.011716760061130871,-0.0,1,0.0,4.602792589776632,7852.0,False,0.0,-0.011716760061130871
2024-07-22 09:40:00,0.0012853138614445925,0.006185567010309256,0.0,1,0.0,4.602792589776632,7760.0,False,1.0,0.006185567010309256
2024-07-22 10:40:00,-0.00018115859711542726,0.009477459016393519,0.009477459016393519,0,1.0,4.612270048793025,7808.0,False,0.0,0.009477459016393519
2024-07-22 11:25:00,0.0007053264998830855,0.005836082212636429,0.0,1,0.0,4.612270048793025,7882.0,False,1.0,0.005836082212636429
2024-07-22 14:10:00,0.0013360074954107404,-0.00025227043390518844,-0.00025227043390518844,1,1.0,4.61201777835912,7928.0,False,1.0,-0.00025227043390518844
2024-07-22 14:55:00,0.0008099549449980259,0.004289679535705249,0.004289679535705249,0,1.0,4.616307457894825,7926.0,False,1.0,0.004289679535705249
2024-07-23 09:40:00,0.0005183053435757756,0.006532663316582976,0.006532663316582976,0,1.0,4.622840121211408,7960.0,False,1.0,0.006532663316582976
2024-07-23 10:40:00,0.00079911615466699,-0.0022466300549176532,-0.0022466300549176532,0,1.0,4.620593491156491,8012.0,False,1.0,-0.0022466300549176532
2024-07-23 11:25:00,0.00044717208947986364,-0.007005253940455369,-0.007005253940455369,0,1.0,4.613588237216035,7994.0,False,1.0,-0.007005253940455369
2024-07-23 14:10:00,0.001259585958905518,-0.0017636684303351524,-0.0017636684303351524,0,1.0,4.6118245687857,7938.0,False,1.0,-0.0017636684303351524
2024-07-23 14:55:00,-0.0004493874730542302,-0.0012619888944976898,-0.0012619888944976898,0,1.0,4.610562579891202,7924.0,False,0.0,-0.0012619888944976898
2024-07-23 21:35:00,-0.0004253086808603257,0.005054334091483481,0.0,1,0.0,4.610562579891202,7914.0,False,-1.0,0.005054334091483481
2024-07-24 09:40:00,0.0011348542757332325,-0.0037716872014080804,0.0037716872014080804,1,-1.0,4.614334267092611,7954.0,False,0.0,-0.0037716872014080804
2024-07-24 10:40:00,-0.0004281447036191821,0.001009591115598285,0.0,1,0.0,4.614334267092611,7924.0,False,-1.0,0.001009591115598285
2024-07-24 11:25:00,-0.0003745491267181933,-0.0047907211296016605,0.0047907211296016605,1,-1.0,4.619124988222213,7932.0,False,-1.0,-0.0047907211296016605
2024-07-24 14:10:00,0.0007733064703643322,-0.01672156067899666,0.01672156067899666,0,-1.0,4.635846548901209,7894.0,False,0.0,-0.01672156067899666
2024-07-24 14:55:00,0.0007625684374943376,0.0002576655501158598,0.0,1,0.0,4.635846548901209,7762.0,False,1.0,0.0002576655501158598
2024-07-24 21:35:00,-0.0004223562136758119,0.001803194229778482,0.001803194229778482,1,1.0,4.6376497431309875,7764.0,False,0.0,0.001803194229778482
2024-07-25 09:40:00,-0.0006255711195990443,-0.008228336333247599,-0.0,1,0.0,4.6376497431309875,7778.0,False,-1.0,-0.008228336333247599
2024-07-25 10:40:00,-0.0018415780505165458,-0.0015556131708581722,0.0015556131708581722,1,-1.0,4.639205356301845,7714.0,False,-1.0,-0.0015556131708581722
2024-07-25 11:25:00,-0.0007751863449811935,0.0036354193715917305,-0.0036354193715917305,0,-1.0,4.6355699369302545,7702.0,False,-1.0,0.0036354193715917305
2024-07-25 14:10:00,-0.0001687845797277987,0.0043984476067271405,-0.0043984476067271405,0,-1.0,4.631171489323527,7730.0,False,-1.0,0.0043984476067271405
2024-07-25 14:55:00,-0.0004421230696607381,-0.003348789283874276,0.003348789283874276,0,-1.0,4.6345202786074005,7764.0,False,-1.0,-0.003348789283874276
2024-07-25 21:35:00,-0.0008910153992474079,0.009046265184802227,-0.009046265184802227,0,-1.0,4.625474013422599,7738.0,False,-1.0,0.009046265184802227
2024-07-26 09:40:00,0.00027508026687428355,0.006147540983606481,-0.006147540983606481,0,-1.0,4.619326472438992,7808.0,False,0.0,0.006147540983606481
2024-07-26 10:40:00,0.00047461013309657574,-0.0010183299389001643,-0.0,1,0.0,4.619326472438992,7856.0,False,1.0,-0.0010183299389001643
2024-07-26 11:25:00,0.0019766248296946287,0.004587155963302836,0.004587155963302836,1,1.0,4.623913628402295,7848.0,False,1.0,0.004587155963302836
2024-07-26 14:10:00,0.0011003910331055522,0.00025367833587019994,0.00025367833587019994,0,1.0,4.624167306738165,7884.0,False,1.0,0.00025367833587019994
2024-07-26 14:55:00,8.26982141006738e-05,-0.0010144559979711198,-0.0010144559979711198,0,1.0,4.623152850740194,7886.0,False,1.0,-0.0010144559979711198
2024-07-26 21:35:00,-0.0021948821377009153,-0.01777100787001773,-0.01777100787001773,0,1.0,4.605381842870176,7878.0,False,0.0,-0.01777100787001773
2024-07-29 09:40:00,-0.0005513067007996142,-0.010597053502196974,-0.0,1,0.0,4.605381842870176,7738.0,False,-1.0,-0.010597053502196974
2024-07-29 10:40:00,-0.001353558269329369,0.012800417972831823,-0.012800417972831823,1,-1.0,4.592581424897344,7656.0,False,-1.0,0.012800417972831823
2024-07-29 11:25:00,-0.001963971648365259,0.006706216146505017,-0.006706216146505017,0,-1.0,4.5858752087508385,7754.0,False,-1.0,0.006706216146505017
2024-07-29 14:10:00,-0.00045117459376342595,0.011017166282346835,-0.011017166282346835,0,-1.0,4.574858042468492,7806.0,False,-1.0,0.011017166282346835
2024-07-29 14:55:00,-0.0006412420771084726,-0.013684744044602182,0.013684744044602182,0,-1.0,4.588542786513094,7892.0,False,-1.0,-0.013684744044602182
2024-07-30 09:40:00,-0.0007456830935552716,0.00847893114080156,-0.00847893114080156,0,-1.0,4.580063855372293,7784.0,False,-1.0,0.00847893114080156
2024-07-30 10:40:00,-0.001366972690448165,0.006878980891719788,-0.006878980891719788,0,-1.0,4.573184874480573,7850.0,False,-1.0,0.006878980891719788
2024-07-30 11:25:00,0.0008119556005112827,-0.0007591093117408354,0.0007591093117408354,0,-1.0,4.573943983792313,7904.0,False,0.0,-0.0007591093117408354
2024-07-30 14:10:00,-0.0004249958146829158,-0.0035452013167890373,-0.0,1,0.0,4.573943983792313,7898.0,False,0.0,-0.0035452013167890373
2024-07-30 14:55:00,-0.0008838617941364646,-0.003049555273189286,-0.0,1,0.0,4.573943983792313,7870.0,False,-1.0,-0.003049555273189286
2024-07-30 21:35:00,-0.001493365503847599,0.0020392556716797294,-0.0020392556716797294,0,-1.0,4.571904728120634,7846.0,False,-1.0,0.0020392556716797294
2024-07-31 09:40:00,-0.0006728650769218802,-0.0038158229458152837,0.0038158229458152837,0,-1.0,4.57572055106645,7862.0,False,-1.0,-0.0038158229458152837
2024-07-31 10:40:00,-0.0006877454579807818,0.001532175689479054,-0.001532175689479054,0,-1.0,4.57418837537697,7832.0,False,-1.0,0.001532175689479054
2024-07-31 11:25:00,0.0010488255647942424,-0.0028046914839368053,0.0028046914839368053,0,-1.0,4.576993066860907,7844.0,False,0.0,-0.0028046914839368053
2024-07-31 14:10:00,-0.00028293373179621994,-0.0038353362311429606,-0.0,1,0.0,4.576993066860907,7822.0,False,0.0,-0.0038353362311429606
2024-07-31 14:55:00,-0.0006839334964752197,0.0,0.0,1,0.0,4.576993066860907,7792.0,False,-1.0,0.0
2024-07-31 21:35:00,3.239953002776019e-05,0.0033367556468173465,-0.0033367556468173465,0,-1.0,4.57365631121409,7792.0,False,0.0,0.0033367556468173465
2024-08-01 09:40:00,-8.612053352408111e-05,0.0020465592223075646,0.0,1,0.0,4.57365631121409,7818.0,False,0.0,0.0020465592223075646
2024-08-01 10:40:00,-0.0008217747090384364,-0.00612713811590504,-0.0,1,0.0,4.57365631121409,7834.0,False,-1.0,-0.00612713811590504
2024-08-01 11:25:00,-0.0005192846292629838,0.0012843565373747978,-0.0012843565373747978,0,-1.0,4.572371954676715,7786.0,False,-1.0,0.0012843565373747978
2024-08-01 14:10:00,-1.3481076166499406e-06,-0.0002565418163160693,0.0002565418163160693,0,-1.0,4.5726284964930315,7796.0,False,-1.0,-0.0002565418163160693
2024-08-01 14:55:00,-1.628007521503605e-05,-0.0035925070567103257,0.0035925070567103257,0,-1.0,4.576221003549741,7794.0,False,-1.0,-0.0035925070567103257
2024-08-01 21:35:00,0.0008197970455512404,0.01158897759464339,-0.01158897759464339,0,-1.0,4.564632025955098,7766.0,False,0.0,0.01158897759464339
2024-08-02 09:40:00,-0.0008610854274593294,-0.0007637474541751788,-0.0,1,0.0,4.564632025955098,7856.0,False,-1.0,-0.0007637474541751788
2024-08-02 10:40:00,-0.0007641406264156103,0.0005095541401274328,-0.0005095541401274328,1,-1.0,4.56412247181497,7850.0,False,-1.0,0.0005095541401274328
2024-08-02 11:25:00,0.0018039251444861293,0.00254647313470846,-0.00254647313470846,0,-1.0,4.5615759986802615,7854.0,False,0.0,0.00254647313470846
2024-08-02 14:10:00,0.002334031742066145,0.01066802133604261,0.0,1,0.0,4.5615759986802615,7874.0,False,1.0,0.01066802133604261
2024-08-02 14:55:00,0.002370791044086218,0.0010052777079667674,0.0010052777079667674,1,1.0,4.5625812763882285,7958.0,False,1.0,0.0010052777079667674
2024-08-02 21:35:00,0.000909443711861968,-0.019332161687170446,-0.019332161687170446,0,1.0,4.543249114701058,7966.0,False,1.0,-0.019332161687170446
2024-08-05 09:40:00,0.0011971571948379278,0.0033282130056324633,0.0033282130056324633,0,1.0,4.54657732770669,7812.0,False,1.0,0.0033282130056324633
2024-08-05 10:40:00,-0.0009263131069019437,-0.0035723398826230657,-0.0035723398826230657,0,1.0,4.543004987824068,7838.0,False,0.0,-0.0035723398826230657
2024-08-05 11:25:00,-0.0014035628410056233,0.014084507042253502,0.0,1,0.0,4.543004987824068,7810.0,False,-1.0,0.014084507042253502
2024-08-05 14:10:00,-0.0008181000594049692,-0.006818181818181834,0.006818181818181834,1,-1.0,4.549823169642249,7920.0,False,-1.0,-0.006818181818181834
2024-08-05 14:55:00,-0.0010295994579792023,-0.012712941774726705,0.012712941774726705,0,-1.0,4.562536111416976,7866.0,False,-1.0,-0.012712941774726705
2024-08-06 09:40:00,-0.0027904759626835585,0.0036054596961112573,-0.0036054596961112573,0,-1.0,4.558930651720864,7766.0,False,-1.0,0.0036054596961112573
2024-08-06 10:40:00,-0.0008209763327613473,-0.014113420579933256,0.014113420579933256,0,-1.0,4.573044072300798,7794.0,False,-1.0,-0.014113420579933256
2024-08-06 11:25:00,-0.00030844652792438865,-0.008589276418532021,0.008589276418532021,0,-1.0,4.58163334871933,7684.0,False,-1.0,-0.008589276418532021
2024-08-06 14:10:00,0.0005486481240950525,-0.0018377526909950648,0.0018377526909950648,0,-1.0,4.583471101410325,7618.0,False,0.0,-0.0018377526909950648
2024-08-06 14:55:00,0.00011134847591165453,0.0010520778537612685,0.0,1,0.0,4.583471101410325,7604.0,False,0.0,0.0010520778537612685
2024-08-06 21:35:00,-0.0007625438156537712,-0.003941145559642645,-0.0,1,0.0,4.583471101410325,7612.0,False,-1.0,-0.003941145559642645
2024-08-07 09:40:00,-0.0003082421899307519,0.001846478501714488,-0.001846478501714488,1,-1.0,4.581624622908611,7582.0,False,-1.0,0.001846478501714488
2024-08-07 10:40:00,0.0012021620059385896,0.0028962611901000024,-0.0028962611901000024,1,-1.0,4.578728361718511,7596.0,False,0.0,0.0028962611901000024
2024-08-07 11:25:00,0.0007305493927560747,-0.0057757941716986005,-0.0,1,0.0,4.578728361718511,7618.0,False,1.0,-0.0057757941716986005
2024-08-07 14:10:00,0.0007581038516946137,0.0015843675732769569,0.0015843675732769569,1,1.0,4.580312729291787,7574.0,False,1.0,0.0015843675732769569
2024-08-07 14:55:00,0.0003019901632796973,-0.0013182177695755248,-0.0013182177695755248,0,1.0,4.578994511522212,7586.0,False,1.0,-0.0013182177695755248
2024-08-07 21:35:00,-0.0008791170548647642,-0.0124076029567054,-0.0124076029567054,0,1.0,4.566586908565506,7576.0,False,0.0,-0.0124076029567054
2024-08-08 09:40:00,0.0025248341262340546,0.0,0.0,1,0.0,4.566586908565506,7482.0,True,1.0,-0.0013365410318096904
2024-08-08 10:40:00,0.001437121070921421,0.005888650963597364,0.005888650963597364,1,1.0,4.572475559529104,7472.0,False,1.0,0.005888650963597364
2024-08-08 11:25:00,0.0015201411442831159,-0.002128791910590788,-0.002128791910590788,0,1.0,4.570346767618513,7516.0,False,1.0,-0.002128791910590788
2024-08-08 14:10:00,0.0016290704952552915,-0.005066666666666664,-0.005066666666666664,0,1.0,4.565280100951846,7500.0,False,1.0,-0.005066666666666664
2024-08-08 14:55:00,0.0016878738533705473,-0.002144197266148451,-0.002144197266148451,0,1.0,4.563135903685698,7462.0,False,1.0,-0.002144197266148451
2024-08-08 21:35:00,0.002058707643300295,0.005372011818425948,0.005372011818425948,0,1.0,4.5685079155041235,7446.0,False,1.0,0.005372011818425948
2024-08-09 09:40:00,0.004147387575358152,0.009885118888592004,0.009885118888592004,0,1.0,4.5783930343927155,7486.0,False,1.0,0.009885118888592004
2024-08-09 10:40:00,0.0030203834176063538,0.0,0.0,0,1.0,4.5783930343927155,7560.0,False,1.0,0.0
2024-08-09 11:25:00,0.0038168125320225954,0.0023809523809523725,0.0023809523809523725,0,1.0,4.580773986773668,7560.0,False,1.0,0.0023809523809523725
2024-08-09 14:10:00,0.0036079995334148407,-0.0002639218791238296,-0.0002639218791238296,0,1.0,4.580510064894544,7578.0,False,1.0,-0.0002639218791238296
2024-08-09 14:55:00,0.000816677522379905,0.00026399155227041504,0.00026399155227041504,0,1.0,4.580774056446815,7576.0,False,1.0,0.00026399155227041504
2024-08-09 21:35:00,-0.0007478459738194942,-0.0010556875164950963,-0.0010556875164950963,0,1.0,4.57971836893032,7578.0,False,0.0,-0.0010556875164950963
2024-08-12 09:40:00,0.00025871372781693935,-0.0015852047556143,-0.0,1,0.0,4.57971836893032,7570.0,False,0.0,-0.0015852047556143
2024-08-12 10:40:00,0.0002514707448426634,-0.0002646202699126965,-0.0,1,0.0,4.57971836893032,7558.0,False,0.0,-0.0002646202699126965
2024-08-12 11:25:00,-0.0002539943379815668,-0.0026469031233457008,-0.0,0,0.0,4.57971836893032,7556.0,False,0.0,-0.0026469031233457008
2024-08-12 14:10:00,8.871401951182634e-05,0.006369426751592355,0.0,1,0.0,4.57971836893032,7536.0,False,0.0,0.006369426751592355
2024-08-12 14:55:00,-0.0010670563206076622,-0.005801687763713037,-0.0,1,0.0,4.57971836893032,7584.0,False,-1.0,-0.005801687763713037
2024-08-13 09:40:00,0.00018494763935450464,-0.002122015915119402,0.002122015915119402,1,-1.0,4.581840384845439,7540.0,False,0.0,-0.002122015915119402
2024-08-13 10:40:00,-9.978143498301506e-05,-0.0015948963317384823,-0.0,1,0.0,4.581840384845439,7524.0,False,0.0,-0.0015948963317384823
2024-08-13 11:25:00,-0.00018641562201082706,-0.007188498402555865,-0.0,1,0.0,4.581840384845439,7512.0,False,0.0,-0.007188498402555865
2024-08-13 14:10:00,0.001415468635968864,-0.005095199785465243,-0.0,1,0.0,4.581840384845439,7458.0,False,1.0,-0.005095199785465243
2024-08-13 14:55:00,0.0007185062859207392,0.0021563342318058343,0.0021563342318058343,1,1.0,4.583996719077245,7420.0,False,1.0,0.0021563342318058343
2024-08-13 21:35:00,4.2549272620817646e-05,-0.002151694459386788,-0.002151694459386788,1,1.0,4.5818450246178575,7436.0,False,1.0,-0.002151694459386788
2024-08-14 09:40:00,0.0005516667733900249,-0.006469002695417836,-0.006469002695417836,0,1.0,4.57537602192244,7420.0,False,1.0,-0.006469002695417836
2024-08-14 10:40:00,0.0002999987918883562,-0.0037981551817688475,-0.0037981551817688475,0,1.0,4.571577866740672,7372.0,False,1.0,-0.0037981551817688475
2024-08-14 11:25:00,0.0012009254423901439,0.0032679738562091387,0.0032679738562091387,0,1.0,4.574845840596881,7344.0,False,1.0,0.0032679738562091387
2024-08-14 14:10:00,0.0019991532899439335,0.006243213897936917,0.006243213897936917,0,1.0,4.581089054494817,7368.0,False,1.0,0.006243213897936917
2024-08-14 14:55:00,0.000879288068972528,0.0013487995683840737,0.0013487995683840737,0,1.0,4.582437854063201,7414.0,False,1.0,0.0013487995683840737
2024-08-14 21:35:00,0.001755754230543971,0.0035021551724137012,0.0035021551724137012,0,1.0,4.585940009235615,7424.0,False,1.0,0.0035021551724137012
2024-08-15 09:40:00,0.002688734093680978,0.0013422818791946067,0.0013422818791946067,0,1.0,4.58728229111481,7450.0,False,1.0,0.0013422818791946067
2024-08-15 10:40:00,0.0024058513808995485,0.0018766756032171372,0.0018766756032171372,0,1.0,4.589158966718027,7460.0,False,1.0,0.0018766756032171372
2024-08-15 11:25:00,0.002297220751643181,0.0005351886540005957,0.0005351886540005957,0,1.0,4.589694155372028,7474.0,False,1.0,0.0005351886540005957
2024-08-15 14:10:00,0.0025769209023565054,0.0008023535704733131,0.0008023535704733131,0,1.0,4.5904965089425005,7478.0,False,1.0,0.0008023535704733131
2024-08-15 14:55:00,0.0021258527413010597,0.0013361838588989983,0.0013361838588989983,0,1.0,4.5918326928013995,7484.0,False,1.0,0.0013361838588989983
2024-08-15 21:35:00,0.0011484634596854448,0.008807045636509248,0.008807045636509248,0,1.0,4.600639738437909,7494.0,False,1.0,0.008807045636509248
2024-08-16 09:40:00,0.0018140311585739255,-0.002116402116402072,-0.002116402116402072,0,1.0,4.598523336321507,7560.0,False,1.0,-0.002116402116402072
2024-08-16 10:40:00,0.0017095963703468442,0.00026511134676554526,0.00026511134676554526,0,1.0,4.598788447668272,7544.0,False,1.0,0.00026511134676554526
2024-08-16 11:25:00,0.0018128847004845738,-0.001060164325470403,-0.001060164325470403,0,1.0,4.597728283342802,7546.0,False,1.0,-0.001060164325470403
2024-08-16 14:10:00,0.001201248844154179,0.0,0.0,0,1.0,4.597728283342802,7538.0,False,1.0,0.0
2024-08-16 14:55:00,0.00029297079890966415,-0.005041124966834731,-0.005041124966834731,0,1.0,4.592687158375967,7538.0,False,1.0,-0.005041124966834731
2024-08-16 21:35:00,-0.0006076804711483419,0.009066666666666556,0.009066666666666556,0,1.0,4.601753825042634,7500.0,False,0.0,0.009066666666666556
2024-08-19 09:40:00,-0.0004456164315342903,-0.003435517970401647,-0.0,1,0.0,4.601753825042634,7568.0,False,0.0,-0.003435517970401647
2024-08-19 10:40:00,-0.0007567436550743878,-0.005568814638027053,-0.0,1,0.0,4.601753825042634,7542.0,False,-1.0,-0.005568814638027053
2024-08-19 11:25:00,-0.0002812740858644247,0.004533333333333278,-0.004533333333333278,0,-1.0,4.597220491709301,7500.0,False,-1.0,0.004533333333333278
2024-08-19 14:10:00,-7.65168369980529e-05,0.007167507300238851,-0.007167507300238851,0,-1.0,4.590052984409062,7534.0,False,-1.0,0.007167507300238851
2024-08-19 14:55:00,-0.00030624473583884537,-0.0036900369003689537,0.0036900369003689537,0,-1.0,4.593743021309431,7588.0,False,-1.0,-0.0036900369003689537
2024-08-20 09:40:00,0.0006448091007769108,0.004497354497354555,-0.004497354497354555,0,-1.0,4.589245666812076,7560.0,False,0.0,0.004497354497354555
2024-08-20 10:40:00,-0.0004475244495552033,-0.00026336581511721135,-0.0,1,0.0,4.589245666812076,7594.0,False,-1.0,-0.00026336581511721135
2024-08-20 11:25:00,-0.0009792421478778124,0.0021074815595363283,-0.0021074815595363283,1,-1.0,4.58713818525254,7592.0,False,-1.0,0.0021074815595363283
2024-08-20 14:10:00,-0.00017147995822597295,0.0007886435331230235,-0.0007886435331230235,0,-1.0,4.586349541719416,7608.0,False,-1.0,0.0007886435331230235
2024-08-20 14:55:00,-0.000469265942228958,0.0023640661938533203,-0.0023640661938533203,0,-1.0,4.583985475525563,7614.0,False,-1.0,0.0023640661938533203
2024-08-20 21:35:00,-0.0010329511715099216,0.004979035639413043,-0.004979035639413043,0,-1.0,4.57900643988615,7632.0,False,-1.0,0.004979035639413043
2024-08-21 09:40:00,-0.0006282269023358822,0.0005215123859192428,-0.0005215123859192428,0,-1.0,4.578484927500231,7670.0,False,-1.0,0.0005215123859192428
2024-08-21 10:40:00,-0.0005221270839683712,-0.0036486838676048627,0.0036486838676048627,0,-1.0,4.582133611367835,7674.0,False,-1.0,-0.0036486838676048627
2024-08-21 11:25:00,0.0004572211764752865,-0.0007847240387131027,0.0007847240387131027,0,-1.0,4.582918335406549,7646.0,False,0.0,-0.0007847240387131027
2024-08-21 14:10:00,0.000935833842959255,0.0018324607329842646,0.0,1,0.0,4.582918335406549,7640.0,False,1.0,0.0018324607329842646
2024-08-21 14:55:00,0.0006962392362765968,-0.000783903841128808,-0.000783903841128808,1,1.0,4.58213443156542,7654.0,False,1.0,-0.000783903841128808
2024-08-21 21:35:00,0.0006472135428339243,0.004184100418409997,0.004184100418409997,0,1.0,4.58631853198383,7648.0,False,1.0,0.004184100418409997
2024-08-22 09:40:00,0.0012563102645799518,0.00026041666666665186,0.00026041666666665186,0,1.0,4.586578948650497,7680.0,False,1.0,0.00026041666666665186
2024-08-22 10:40:00,0.0007685387972742319,0.0,0.0,0,1.0,4.586578948650497,7682.0,False,1.0,0.0
2024-08-22 11:25:00,0.0009944111807271838,0.013538141109086244,0.013538141109086244,0,1.0,4.600117089759584,7682.0,False,1.0,0.013538141109086244
2024-08-22 14:10:00,0.0009909466607496142,0.0007706139224248343,0.0007706139224248343,0,1.0,4.600887703682008,7786.0,False,1.0,0.0007706139224248343
2024-08-22 14:55:00,0.0006936088902875781,-0.0033367556468172355,-0.0033367556468172355,0,1.0,4.597550948035191,7792.0,False,1.0,-0.0033367556468172355
2024-08-22 21:35:00,0.00045926112215965986,0.00025753283543661354,0.00025753283543661354,0,1.0,4.597808480870627,7766.0,False,1.0,0.00025753283543661354
2024-08-23 09:40:00,0.0010394573910161853,0.0018022657054583835,0.0018022657054583835,0,1.0,4.599610746576086,7768.0,False,1.0,0.0018022657054583835
2024-08-23 10:40:00,0.0012484490871429443,0.002056026728347371,0.002056026728347371,0,1.0,4.601666773304433,7782.0,False,1.0,0.002056026728347371
2024-08-23 11:25:00,0.000959252764005214,0.002308284175429609,0.002308284175429609,0,1.0,4.603975057479863,7798.0,False,1.0,0.002308284175429609
2024-08-23 14:10:00,0.0011163162998855114,-0.0005117707267143778,-0.0005117707267143778,0,1.0,4.603463286753148,7816.0,False,1.0,-0.0005117707267143778
2024-08-23 14:55:00,0.0015105705242604017,0.0007680491551458335,0.0007680491551458335,0,1.0,4.604231335908294,7812.0,False,1.0,0.0007680491551458335
2024-08-23 21:35:00,0.000840046675875783,0.011511895625479607,0.011511895625479607,0,1.0,4.615743231533774,7818.0,False,1.0,0.011511895625479607
2024-08-26 09:40:00,0.0010729378554970026,-0.004046535154274111,-0.004046535154274111,0,1.0,4.611696696379499,7908.0,False,1.0,-0.004046535154274111
2024-08-26 10:40:00,0.0010320092551410198,0.002031488065007636,0.002031488065007636,0,1.0,4.613728184444507,7876.0,False,1.0,0.002031488065007636
2024-08-26 11:25:00,0.0014832743909209967,0.0040547389761784736,0.0040547389761784736,0,1.0,4.617782923420686,7892.0,False,1.0,0.0040547389761784736
2024-08-26 14:10:00,0.0010281048016622663,0.013124684502776374,0.013124684502776374,0,1.0,4.6309076079234615,7924.0,False,1.0,0.013124684502776374
2024-08-26 14:55:00,0.0004115038027521223,0.0017438963627305348,0.0017438963627305348,0,1.0,4.632651504286192,8028.0,False,1.0,0.0017438963627305348
2024-08-27 09:40:00,0.0009414267260581255,0.0022382491917434244,0.0022382491917434244,0,1.0,4.634889753477935,8042.0,False,1.0,0.0022382491917434244
2024-08-27 10:40:00,0.0006898920983076096,-0.0004962779156327812,-0.0004962779156327812,0,1.0,4.634393475562303,8060.0,False,1.0,-0.0004962779156327812
2024-08-27 11:25:00,0.0008866097778081894,0.0009930486593843213,0.0009930486593843213,0,1.0,4.635386524221687,8056.0,False,1.0,0.0009930486593843213
2024-08-27 14:10:00,0.0018320119706913829,0.002728174603174649,0.002728174603174649,0,1.0,4.638114698824862,8064.0,False,1.0,0.002728174603174649
2024-08-27 14:55:00,0.0018881384748965502,-0.003215434083601254,-0.003215434083601254,0,1.0,4.634899264741261,8086.0,False,1.0,-0.003215434083601254
2024-08-27 21:35:00,0.0006523494375869632,-0.0022332506203474045,-0.0022332506203474045,0,1.0,4.632666014120913,8060.0,False,1.0,-0.0022332506203474045
2024-08-28 09:40:00,0.00019629232701845467,-0.00024869435463814593,-0.00024869435463814593,0,1.0,4.632417319766275,8042.0,False,1.0,-0.00024869435463814593
2024-08-28 10:40:00,0.0004126047424506396,-0.003233830845771113,-0.003233830845771113,0,1.0,4.6291834889205035,8040.0,False,1.0,-0.003233830845771113
2024-08-28 11:25:00,0.0019115895265713334,-0.000249563264287489,-0.000249563264287489,0,1.0,4.6289339256562165,8014.0,False,1.0,-0.000249563264287489
2024-08-28 14:10:00,0.00246626534499228,-0.0022466300549176532,-0.0022466300549176532,0,1.0,4.6266872956012985,8012.0,False,1.0,-0.0022466300549176532
2024-08-28 14:55:00,0.001468550763092935,0.001000750562922148,0.001000750562922148,0,1.0,4.627688046164221,7994.0,False,1.0,0.001000750562922148
2024-08-28 21:35:00,5.291622437653132e-05,-0.001999500124968745,-0.001999500124968745,0,1.0,4.625688546039252,8002.0,False,1.0,-0.001999500124968745
2024-08-29 09:40:00,0.0009544696076773107,-0.005760080140245427,-0.005760080140245427,0,1.0,4.619928465899006,7986.0,False,1.0,-0.005760080140245427
2024-08-29 10:40:00,0.0010795592097565532,0.0012594458438286438,0.0012594458438286438,0,1.0,4.621187911742835,7940.0,False,1.0,0.0012594458438286438
2024-08-29 11:25:00,0.000791191472671926,0.0022641509433962703,0.0022641509433962703,0,1.0,4.623452062686232,7950.0,False,1.0,0.0022641509433962703
2024-08-29 14:10:00,0.0006660729413852096,0.005020080321285203,0.005020080321285203,0,1.0,4.628472143007517,7968.0,False,1.0,0.005020080321285203
2024-08-29 14:55:00,0.0016729393973946571,-0.0032467532467532756,-0.0032467532467532756,0,1.0,4.625225389760764,8008.0,False,1.0,-0.0032467532467532756
2024-08-29 21:35:00,0.0021795667707920074,0.004760711601102585,0.004760711601102585,0,1.0,4.629986101361866,7982.0,False,1.0,0.004760711601102585
2024-08-30 09:40:00,0.002409418812021613,0.007481296758104827,0.007481296758104827,0,1.0,4.637467398119971,8020.0,False,1.0,0.007481296758104827
2024-08-30 10:40:00,0.002115617971867323,-0.004455445544554459,-0.004455445544554459,0,1.0,4.6330119525754165,8080.0,False,1.0,-0.004455445544554459
2024-08-30 11:25:00,0.0032556827645748854,0.00348085529587272,0.00348085529587272,0,1.0,4.6364928078712895,8044.0,False,1.0,0.00348085529587272
2024-08-30 14:10:00,0.0029704845510423183,0.0002477700693757079,0.0002477700693757079,0,1.0,4.636740577940666,8072.0,False,1.0,0.0002477700693757079
2024-08-30 14:55:00,0.0026266949716955423,-0.002477086945751772,-0.002477086945751772,0,1.0,4.634263490994913,8074.0,False,1.0,-0.002477086945751772
2024-08-30 21:35:00,0.0011674169218167663,-0.013161162155450712,-0.013161162155450712,0,1.0,4.621102328839463,8054.0,False,1.0,-0.013161162155450712
2024-09-02 09:40:00,0.0023529750760644674,-0.0025163563160544022,-0.0025163563160544022,0,1.0,4.618585972523409,7948.0,False,1.0,-0.0025163563160544022
2024-09-02 10:40:00,0.0008115677046589553,-0.00025227043390518844,-0.00025227043390518844,0,1.0,4.618333702089503,7928.0,False,1.0,-0.00025227043390518844
2024-09-02 11:25:00,0.0007174117490649223,-0.0027756749936916902,-0.0027756749936916902,0,1.0,4.615558027095812,7926.0,False,1.0,-0.0027756749936916902
2024-09-02 14:10:00,0.0016223139828070998,0.005060728744939347,0.005060728744939347,0,1.0,4.62061875584075,7904.0,False,1.0,0.005060728744939347
2024-09-02 14:55:00,0.0007747295894660056,-0.001007049345417954,-0.001007049345417954,0,1.0,4.619611706495332,7944.0,False,1.0,-0.001007049345417954
2024-09-03 09:40:00,0.00037874578265473247,-0.002268145161290369,-0.002268145161290369,0,1.0,4.617343561334042,7936.0,False,1.0,-0.002268145161290369
2024-09-03 10:40:00,0.0015041953884065151,0.0045466026774438895,0.0045466026774438895,0,1.0,4.621890164011486,7918.0,False,1.0,0.0045466026774438895
2024-09-03 11:25:00,0.0011641796445474029,0.004274578828262543,0.004274578828262543,0,1.0,4.626164742839749,7954.0,False,1.0,0.004274578828262543
2024-09-03 14:10:00,0.002188032492995262,0.0007511266900350755,0.0007511266900350755,0,1.0,4.626915869529784,7988.0,False,1.0,0.0007511266900350755
2024-09-03 14:55:00,0.0014737864257767797,0.0012509382036527406,0.0012509382036527406,0,1.0,4.628166807733437,7994.0,False,1.0,0.0012509382036527406
2024-09-03 21:35:00,0.00036424046265892684,-0.009745127436281864,-0.009745127436281864,0,1.0,4.618421680297155,8004.0,False,1.0,-0.009745127436281864
2024-09-04 09:40:00,0.0007436044397763908,0.0032803431743628764,0.0032803431743628764,0,1.0,4.621702023471518,7926.0,False,1.0,0.0032803431743628764
2024-09-04 10:40:00,0.001310420222580433,-0.00452716297786715,-0.00452716297786715,0,1.0,4.617174860493651,7952.0,False,1.0,-0.00452716297786715
2024-09-04 11:25:00,0.0011574596865102649,-0.004800404244567957,-0.004800404244567957,0,1.0,4.612374456249083,7916.0,False,1.0,-0.004800404244567957
2024-09-04 14:10:00,0.001003893674351275,-0.0033003300330033403,-0.0033003300330033403,0,1.0,4.609074126216079,7878.0,False,1.0,-0.0033003300330033403
2024-09-04 14:55:00,0.0005867037107236683,0.004584819154355602,0.004584819154355602,0,1.0,4.613658945370435,7852.0,False,1.0,0.004584819154355602
2024-09-04 21:35:00,0.0004986955318599939,-0.004563894523326617,-0.004563894523326617,0,1.0,4.609095050847109,7888.0,False,1.0,-0.004563894523326617
2024-09-05 09:40:00,0.0010183490812778473,-0.002037697401935823,-0.002037697401935823,0,1.0,4.607057353445173,7852.0,False,1.0,-0.002037697401935823
2024-09-05 10:40:00,0.0010800209129229188,0.0005104645227156368,0.0005104645227156368,0,1.0,4.6075678179678885,7836.0,False,1.0,0.0005104645227156368
2024-09-05 11:25:00,0.00131960806902498,0.001530612244897922,0.001530612244897922,0,1.0,4.609098430212787,7840.0,False,1.0,0.001530612244897922
2024-09-05 14:10:00,0.0011026555439457297,-0.0015282730514518672,-0.0015282730514518672,0,1.0,4.607570157161335,7852.0,False,1.0,-0.0015282730514518672
2024-09-05 14:55:00,-0.0001402196503477171,0.0010204081632652073,0.0010204081632652073,0,1.0,4.6085905653246,7840.0,False,0.0,0.0010204081632652073
2024-09-05 21:35:00,0.0015577063895761967,0.01809378185524979,0.0,1,0.0,4.6085905653246,7848.0,False,1.0,0.01809378185524979
2024-09-06 09:40:00,0.0022974698804318905,-0.009011264080100112,-0.009011264080100112,1,1.0,4.5995793012445,7990.0,False,1.0,-0.009011264080100112
2024-09-06 10:40:00,0.00040164406527765095,-0.0012629451881788212,-0.0012629451881788212,0,1.0,4.598316356056321,7918.0,False,1.0,-0.0012629451881788212
2024-09-06 11:25:00,0.0006406546453945339,-0.004046535154274111,-0.004046535154274111,0,1.0,4.594269820902047,7908.0,False,1.0,-0.004046535154274111
2024-09-06 14:10:00,0.0008443474071100354,-0.000507872016251909,-0.000507872016251909,0,1.0,4.5937619488857955,7876.0,False,1.0,-0.000507872016251909
2024-09-06 14:55:00,0.0007856531301513314,0.0007621951219511924,0.0007621951219511924,0,1.0,4.594524144007746,7872.0,False,1.0,0.0007621951219511924
2024-09-06 21:35:00,0.00031406059861183167,-0.007108403148007092,-0.007108403148007092,0,1.0,4.587415740859739,7878.0,False,1.0,-0.007108403148007092
2024-09-09 09:40:00,0.0007488114642910659,0.007926361544362104,0.007926361544362104,0,1.0,4.595342102404101,7822.0,False,1.0,0.007926361544362104
2024-09-09 10:40:00,-0.0004502060473896563,-0.008625063419584023,-0.008625063419584023,0,1.0,4.586717038984517,7884.0,False,0.0,-0.008625063419584023
2024-09-09 11:25:00,-0.00019274302758276463,-0.0053735926305015225,-0.0,1,0.0,4.586717038984517,7816.0,False,0.0,-0.0053735926305015225
2024-09-09 14:10:00,-0.00046641388325951993,0.012348855158219596,0.0,1,0.0,4.586717038984517,7774.0,False,0.0,0.012348855158219596
2024-09-09 14:55:00,0.0009983552154153585,0.0,0.0,0,0.0,4.586717038984517,7870.0,False,1.0,0.0
2024-09-10 09:40:00,8.377843187190592e-05,0.006607369758576898,0.006607369758576898,1,1.0,4.593324408743094,7870.0,False,1.0,0.006607369758576898
2024-09-10 10:40:00,0.0005189350340515375,-0.0037869224943196667,-0.0037869224943196667,1,1.0,4.589537486248774,7922.0,False,1.0,-0.0037869224943196667
2024-09-10 11:25:00,0.0005570438806898892,-0.003547896604156109,-0.003547896604156109,0,1.0,4.585989589644617,7892.0,False,1.0,-0.003547896604156109
2024-09-10 14:10:00,5.6768865761114284e-05,-0.00025432349949139343,-0.00025432349949139343,0,1.0,4.585735266145126,7864.0,False,1.0,-0.00025432349949139343
2024-09-10 14:55:00,0.0001614001375855878,-0.002543881963876893,-0.002543881963876893,0,1.0,4.58319138418125,7862.0,False,1.0,-0.002543881963876893
2024-09-10 21:35:00,-0.00048287553363479674,-0.0038255547054323324,-0.0038255547054323324,0,1.0,4.579365829475817,7842.0,False,0.0,-0.0038255547054323324
2024-09-11 09:40:00,0.00010890317207667977,-0.002816180235535093,-0.0,1,0.0,4.579365829475817,7812.0,False,0.0,-0.002816180235535093
2024-09-11 10:40:00,-0.00017659882723819464,0.004107830551989711,0.0,1,0.0,4.579365829475817,7790.0,False,0.0,0.004107830551989711
2024-09-11 11:25:00,0.001354251871816814,0.003068268984914413,0.0,1,0.0,4.579365829475817,7822.0,False,1.0,0.003068268984914413
2024-09-11 14:10:00,0.0010384157067164779,0.0,0.0,1,1.0,4.579365829475817,7846.0,False,1.0,0.0
2024-09-11 14:55:00,0.0016931111458688974,0.003313790466479727,0.003313790466479727,0,1.0,4.582679619942297,7846.0,False,1.0,0.003313790466479727
2024-09-11 21:35:00,-0.0007897366886027157,-0.008130081300813052,-0.008130081300813052,0,1.0,4.574549538641484,7872.0,False,0.0,-0.008130081300813052
2024-09-12 09:40:00,-0.00026993430219590664,0.0051229508196721785,0.0,1,0.0,4.574549538641484,7808.0,False,0.0,0.0051229508196721785
2024-09-12 10:40:00,3.79684024665039e-05,-0.00891946992864423,-0.0,1,0.0,4.574549538641484,7848.0,False,0.0,-0.00891946992864423
2024-09-12 11:25:00,0.00027354509802535176,0.002314219593725797,0.0,1,0.0,4.574549538641484,7778.0,False,0.0,0.002314219593725797
2024-09-12 14:10:00,0.00021486439800355583,0.0012827090815803466,0.0,1,0.0,4.574549538641484,7796.0,False,0.0,0.0012827090815803466
2024-09-12 14:55:00,0.000574492325540632,0.004355623879067405,0.0,0,0.0,4.574549538641484,7806.0,False,1.0,0.004355623879067405
2024-09-12 21:35:00,-0.0007928109844215214,0.0025510204081633514,0.0025510204081633514,0,1.0,4.577100559049647,7840.0,False,0.0,0.0025510204081633514
2024-09-13 09:40:00,2.2123542294139042e-05,0.01195928753180664,0.0,1,0.0,4.577100559049647,7860.0,False,0.0,0.01195928753180664
2024-09-13 10:40:00,0.0007466152310371399,-0.007291928589388985,-0.0,1,0.0,4.577100559049647,7954.0,False,1.0,-0.007291928589388985
2024-09-13 11:25:00,0.0007761348970234394,-0.016210739614994973,-0.016210739614994973,0,1.0,4.560889819434652,7896.0,False,1.0,-0.016210739614994973
2024-09-13 14:10:00,0.0008027608273550868,0.0012873326467559565,0.0012873326467559565,0,1.0,4.562177152081408,7768.0,False,1.0,0.0012873326467559565
2024-09-13 14:55:00,9.51946567511186e-05,-0.0005142710208280166,-0.0005142710208280166,0,1.0,4.56166288106058,7778.0,False,1.0,-0.0005142710208280166
2024-09-13 21:35:00,-0.0007793789845891297,0.0020581425263699327,0.0020581425263699327,0,1.0,4.56372102358695,7774.0,False,0.0,0.0020581425263699327
2024-09-18 09:40:00,-0.000540038279723376,0.012836970474968012,0.0,1,0.0,4.56372102358695,7790.0,False,-1.0,0.012836970474968012
2024-09-18 10:40:00,-8.879291999619454e-05,-0.0010139416983523386,0.0010139416983523386,1,-1.0,4.564734965285303,7890.0,False,-1.0,-0.0010139416983523386
2024-09-18 11:25:00,0.0017329666297882795,0.0032986551636640105,-0.0032986551636640105,0,-1.0,4.561436310121639,7882.0,False,0.0,0.0032986551636640105
2024-09-18 14:10:00,-0.00013095565373077989,0.005563985837127028,0.0,1,0.0,4.561436310121639,7908.0,False,0.0,0.005563985837127028
2024-09-18 14:55:00,9.522809705231339e-05,0.010563380281690238,0.0,1,0.0,4.561436310121639,7952.0,False,0.0,0.010563380281690238
2024-09-19 09:40:00,0.00012190478446427733,-0.0009955201592832807,-0.0,1,0.0,4.561436310121639,8036.0,False,0.0,-0.0009955201592832807
2024-09-19 10:40:00,0.0003602414799388498,0.0032386646736422,0.0,1,0.0,4.561436310121639,8028.0,False,1.0,0.0032386646736422
2024-09-19 11:25:00,0.0009092693799175322,0.0024832381425379246,0.0024832381425379246,0,1.0,4.5639195482641775,8054.0,False,1.0,0.0024832381425379246
2024-09-19 14:10:00,0.00034455209970474243,0.010651473866732708,0.010651473866732708,0,1.0,4.574571022130909,8074.0,False,1.0,0.010651473866732708
2024-09-19 14:55:00,0.0001702853769529611,0.0004901960784313708,0.0004901960784313708,0,1.0,4.575061218209341,8160.0,False,1.0,0.0004901960784313708
2024-09-19 21:35:00,-0.0016081093344837427,-0.006369426751592355,-0.006369426751592355,0,1.0,4.5686917914577485,8164.0,False,0.0,-0.006369426751592355
2024-09-20 09:40:00,-0.0013466960517689586,0.00591715976331364,0.0,1,0.0,4.5686917914577485,8112.0,False,-1.0,0.00591715976331364
2024-09-20 10:40:00,0.0006375589873641729,0.0022058823529411686,-0.0022058823529411686,1,-1.0,4.566485909104808,8160.0,False,0.0,0.0022058823529411686
2024-09-20 11:25:00,3.7938654713798314e-05,0.0,0.0,1,0.0,4.566485909104808,8178.0,False,0.0,0.0
2024-09-20 14:10:00,0.00024254135496448725,-0.0012227928588897097,-0.0,1,0.0,4.566485909104808,8178.0,False,1.0,-0.0012227928588897097
2024-09-20 14:55:00,0.00045451370533555746,0.0031831537708129076,0.0031831537708129076,0,1.0,4.5696690628756205,8168.0,False,1.0,0.0031831537708129076
2024-09-20 21:35:00,0.0002345860848436132,-0.00024408103490358712,-0.00024408103490358712,0,1.0,4.569424981840717,8194.0,False,1.0,-0.00024408103490358712
2024-09-23 09:40:00,-9.075274647329934e-06,0.00341796875,0.00341796875,0,1.0,4.572842950590717,8192.0,False,0.0,0.00341796875
2024-09-23 10:40:00,0.0006014317623339593,0.00389294403892948,0.0,1,0.0,4.572842950590717,8220.0,False,1.0,0.00389294403892948
2024-09-23 11:25:00,0.0007067600381560624,0.0038778477944740875,0.0038778477944740875,1,1.0,4.576720798385191,8252.0,False,1.0,0.0038778477944740875
2024-09-23 14:10:00,0.0010927652474492788,-0.002414292612264557,-0.002414292612264557,0,1.0,4.574306505772926,8284.0,False,1.0,-0.002414292612264557
2024-09-23 14:55:00,0.00045645161299034953,0.0026621490803484527,0.0026621490803484527,0,1.0,4.576968654853275,8264.0,False,1.0,0.0026621490803484527
2024-09-24 09:40:00,-0.0002261710906168446,0.0002413709872073344,0.0002413709872073344,0,1.0,4.577210025840482,8286.0,False,0.0,0.0002413709872073344
2024-09-24 10:40:00,-0.0005660706083290279,-0.00458494208494209,-0.0,1,0.0,4.577210025840482,8288.0,False,-1.0,-0.00458494208494209
2024-09-24 11:25:00,-0.0008042436675168574,0.0,-0.0,1,-1.0,4.577210025840482,8250.0,False,-1.0,0.0
2024-09-24 14:10:00,8.711164991836995e-05,0.0007272727272726875,-0.0007272727272726875,0,-1.0,4.5764827531132095,8250.0,False,0.0,0.0007272727272726875
2024-09-24 14:55:00,0.0009903957834467292,0.0009689922480620172,0.0,1,0.0,4.5764827531132095,8256.0,False,1.0,0.0009689922480620172
2024-09-24 21:35:00,0.001421549590304494,0.013794772507260467,0.013794772507260467,1,1.0,4.590277525620469,8264.0,False,1.0,0.013794772507260467
2024-09-25 09:40:00,0.001309495186433196,0.0021484841250896114,0.0021484841250896114,0,1.0,4.592426009745559,8378.0,False,1.0,0.0021484841250896114
2024-09-25 10:40:00,0.00024272283189930022,-0.0038113387327298742,-0.0038113387327298742,0,1.0,4.588614671012829,8396.0,False,1.0,-0.0038113387327298742
2024-09-25 11:25:00,0.0011349115520715714,0.002391200382592107,0.002391200382592107,0,1.0,4.591005871395421,8364.0,False,1.0,0.002391200382592107
2024-09-25 14:10:00,0.0007726271287538111,-0.0011927480916030797,-0.0011927480916030797,0,1.0,4.589813123303818,8384.0,False,1.0,-0.0011927480916030797
2024-09-25 14:55:00,0.0008175683324225247,0.0016718414139000881,0.0016718414139000881,0,1.0,4.5914849647177185,8374.0,False,1.0,0.0016718414139000881
2024-09-25 21:35:00,0.001326306606642902,0.013590844062947083,0.013590844062947083,0,1.0,4.605075808780666,8388.0,False,1.0,0.013590844062947083
2024-09-26 09:40:00,0.0008144450257532299,0.007057163020465662,0.007057163020465662,0,1.0,4.612132971801131,8502.0,False,1.0,0.007057163020465662
2024-09-26 10:40:00,0.0009419492562301457,0.00046718056528849417,0.00046718056528849417,0,1.0,4.61260015236642,8562.0,False,1.0,0.00046718056528849417
2024-09-26 11:25:00,0.0018052345840260386,-0.003268736866682276,-0.003268736866682276,0,1.0,4.609331415499738,8566.0,False,1.0,-0.003268736866682276
2024-09-26 14:10:00,0.0018832547357305884,-0.003747950339658024,-0.003747950339658024,0,1.0,4.6055834651600795,8538.0,False,1.0,-0.003747950339658024
2024-09-26 14:55:00,0.0007673652144148946,0.0030566658829060955,0.0030566658829060955,0,1.0,4.608640131042986,8506.0,False,1.0,0.0030566658829060955
2024-09-26 21:35:00,0.0016017848392948508,0.014767932489451407,0.014767932489451407,0,1.0,4.6234080635324375,8532.0,False,1.0,0.014767932489451407
2024-09-27 09:40:00,0.001651821075938642,-0.012936012936012986,-0.012936012936012986,0,1.0,4.6104720505964245,8658.0,False,1.0,-0.012936012936012986
2024-09-27 10:40:00,0.0002559176064096391,0.006318745611982202,0.006318745611982202,0,1.0,4.616790796208406,8546.0,False,1.0,0.006318745611982202
2024-09-27 11:25:00,0.001111087272875011,0.0032558139534883956,0.0032558139534883956,0,1.0,4.620046610161895,8600.0,False,1.0,0.0032558139534883956
2024-09-27 14:10:00,0.0011630374938249588,-0.005099675475197074,-0.005099675475197074,0,1.0,4.614946934686698,8628.0,False,1.0,-0.005099675475197074
2024-09-27 14:55:00,0.0009587535751052201,0.004426840633737106,0.004426840633737106,0,1.0,4.619373775320435,8584.0,False,1.0,0.004426840633737106
2024-09-27 21:35:00,-0.0006739851087331772,-0.00347947112038971,-0.00347947112038971,0,1.0,4.6158943042000455,8622.0,False,0.0,-0.00347947112038971
2024-09-30 09:40:00,-8.953180076787248e-05,-0.00861266294227192,-0.0,1,0.0,4.6158943042000455,8592.0,False,0.0,-0.00861266294227192
2024-09-30 10:40:00,0.00043488398659974337,-0.005165531814980029,-0.0,1,0.0,4.6158943042000455,8518.0,False,1.0,-0.005165531814980029
2024-09-30 11:25:00,0.0005342100048437715,0.0011800802454566828,0.0011800802454566828,1,1.0,4.617074384445502,8474.0,False,1.0,0.0011800802454566828
2024-09-30 14:10:00,0.0005862197140231729,0.008486562942008558,0.008486562942008558,1,1.0,4.625560947387511,8484.0,False,1.0,0.008486562942008558
2024-09-30 14:55:00,0.0004845893708989024,0.04885460495558669,0.04885460495558669,0,1.0,4.674415552343097,8556.0,False,1.0,0.04885460495558669
2024-10-08 09:40:00,0.0016517855692654848,-0.0006685981724983137,-0.0006685981724983137,0,1.0,4.673746954170599,8974.0,False,1.0,-0.0006685981724983137
2024-10-08 10:40:00,0.0017689117230474949,-0.018956289027653894,-0.018956289027653894,0,1.0,4.654790665142945,8968.0,False,1.0,-0.018956289027653894
2024-10-08 11:25:00,0.0017727689119055867,0.0,0.0,0,1.0,4.654790665142945,8798.0,False,1.0,0.0
2024-10-08 14:10:00,0.0031150963623076677,-0.004546487838145041,-0.004546487838145041,0,1.0,4.6502441773048,8798.0,False,1.0,-0.004546487838145041
2024-10-08 14:55:00,0.000732314889319241,-0.012559945192966437,-0.012559945192966437,0,1.0,4.637684232111834,8758.0,False,1.0,-0.012559945192966437
2024-10-09 09:40:00,0.0004492148873396218,0.006938020351526353,0.006938020351526353,0,1.0,4.64462225246336,8648.0,False,1.0,0.006938020351526353
2024-10-09 10:40:00,0.0019225535215809941,-0.003215434083601254,-0.003215434083601254,0,1.0,4.6414068183797585,8708.0,False,1.0,-0.003215434083601254
2024-10-09 11:25:00,0.0026129570323973894,0.006221198156681984,0.006221198156681984,0,1.0,4.647628016536441,8680.0,False,1.0,0.006221198156681984
2024-10-09 14:10:00,0.0021235246676951647,0.0018319212273871788,0.0018319212273871788,0,1.0,4.649459937763828,8734.0,False,1.0,0.0018319212273871788
2024-10-09 14:55:00,0.0024618767201900482,-0.008228571428571474,-0.008228571428571474,0,1.0,4.641231366335257,8750.0,False,1.0,-0.008228571428571474
2024-10-09 21:35:00,0.00023642682936042547,-0.0009218713989398442,-0.0009218713989398442,0,1.0,4.640309494936316,8678.0,False,1.0,-0.0009218713989398442
2024-10-10 09:40:00,0.001429517986252904,0.011995386389850093,0.011995386389850093,0,1.0,4.652304881326167,8670.0,False,1.0,0.011995386389850093
2024-10-10 10:40:00,0.0010140250669792295,0.0006838386140870512,0.0006838386140870512,0,1.0,4.652988719940254,8774.0,False,1.0,0.0006838386140870512
2024-10-10 11:25:00,0.002354309195652604,-0.0043280182232345865,-0.0043280182232345865,0,1.0,4.648660701717018,8780.0,False,1.0,-0.0043280182232345865
2024-10-10 14:10:00,0.0023783778306096792,0.0036604895904828183,0.0036604895904828183,0,1.0,4.652321191307502,8742.0,False,1.0,0.0036604895904828183
2024-10-10 14:55:00,0.0015433465596288443,-0.00957374059721905,-0.00957374059721905,0,1.0,4.642747450710282,8774.0,False,1.0,-0.00957374059721905
2024-10-10 21:35:00,0.0013630040921270847,0.014959723820483273,0.014959723820483273,0,1.0,4.657707174530765,8690.0,False,1.0,0.014959723820483273
2024-10-11 09:40:00,0.0011281553888693452,0.0018140589569159982,0.0018140589569159982,0,1.0,4.659521233487681,8820.0,False,1.0,0.0018140589569159982
2024-10-11 10:40:00,0.0013940705684944987,-0.00022634676324129188,-0.00022634676324129188,0,1.0,4.659294886724441,8836.0,False,1.0,-0.00022634676324129188
2024-10-11 11:25:00,0.0029283410403877497,0.0029431741000678358,0.0029431741000678358,0,1.0,4.662238060824508,8834.0,False,1.0,0.0029431741000678358
2024-10-11 14:10:00,0.0024761457461863756,0.0015801354401805412,0.0015801354401805412,0,1.0,4.663818196264689,8860.0,False,1.0,0.0015801354401805412
2024-10-11 14:55:00,0.0019930326379835606,-0.0029299075952220477,-0.0029299075952220477,0,1.0,4.660888288669467,8874.0,False,1.0,-0.0029299075952220477
2024-10-11 21:35:00,0.001573847490362823,0.008815551537070476,0.008815551537070476,0,1.0,4.669703840206537,8848.0,False,1.0,0.008815551537070476
2024-10-14 09:40:00,0.0016562584787607193,-0.005825677795205042,-0.005825677795205042,0,1.0,4.663878162411332,8926.0,False,1.0,-0.005825677795205042
2024-10-14 10:40:00,0.00023156782845035195,0.0,0.0,0,1.0,4.663878162411332,8874.0,False,1.0,0.0
2024-10-14 11:25:00,0.001321469433605671,0.01487491548343467,0.01487491548343467,0,1.0,4.678753077894767,8874.0,False,1.0,0.01487491548343467
2024-10-14 14:10:00,0.002368754707276821,-0.015767266266933144,-0.015767266266933144,0,1.0,4.662985811627833,9006.0,False,1.0,-0.015767266266933144
2024-10-14 14:55:00,0.0003837242256850004,-0.0060920577617328275,-0.0060920577617328275,0,1.0,4.6568937538661,8864.0,False,1.0,-0.0060920577617328275
2024-10-15 09:40:00,-0.00045553024392575026,-0.004767309875141845,-0.004767309875141845,0,1.0,4.652126443990959,8810.0,False,0.0,-0.004767309875141845
2024-10-15 10:40:00,-0.0005101367132738233,0.0050182481751823715,0.0,1,0.0,4.652126443990959,8768.0,False,0.0,0.0050182481751823715
2024-10-15 11:25:00,-0.00030521582812070847,-0.004993191103041306,-0.0,1,0.0,4.652126443990959,8812.0,False,0.0,-0.004993191103041306
2024-10-15 14:10:00,0.0009001196012832224,-0.00296532846715325,-0.0,0,0.0,4.652126443990959,8768.0,False,1.0,-0.00296532846715325
2024-10-15 14:55:00,0.00028560301871038973,0.00022878059940523165,0.00022878059940523165,1,1.0,4.652355224590364,8742.0,False,1.0,0.00022878059940523165
2024-10-15 21:35:00,0.0004328897630330175,0.01532479414455623,0.01532479414455623,1,1.0,4.66768001873492,8744.0,False,1.0,0.01532479414455623
2024-10-16 09:40:00,0.0011632153764367104,0.00045055192610954364,0.00045055192610954364,0,1.0,4.668130570661029,8878.0,False,1.0,0.00045055192610954364
2024-10-16 10:40:00,0.00023334297293331474,0.0024769196126999127,0.0024769196126999127,0,1.0,4.67060749027373,8882.0,False,1.0,0.0024769196126999127
2024-10-16 11:25:00,0.002089784014970064,0.00696316262354002,0.00696316262354002,0,1.0,4.67757065289727,8904.0,False,1.0,0.00696316262354002
2024-10-16 14:10:00,0.0017243199981749058,-0.00535355788534464,-0.00535355788534464,0,1.0,4.672217095011925,8966.0,False,1.0,-0.00535355788534464
2024-10-16 14:55:00,0.000872428878210485,-0.0038125140165956584,-0.0038125140165956584,0,1.0,4.66840458099533,8918.0,False,1.0,-0.0038125140165956584
2024-10-16 21:35:00,0.000705126381944865,0.0018009905447995411,0.0018009905447995411,0,1.0,4.670205571540129,8884.0,False,1.0,0.0018009905447995411
2024-10-17 09:40:00,-0.00022193303448148072,0.008089887640449378,0.008089887640449378,0,1.0,4.678295459180578,8900.0,False,0.0,0.008089887640449378
2024-10-17 10:40:00,-9.364401194034144e-05,-0.004012483281319645,-0.0,1,0.0,4.678295459180578,8972.0,False,0.0,-0.004012483281319645
2024-10-17 11:25:00,0.0016732515068724751,-0.008281110116383217,-0.0,1,0.0,4.678295459180578,8936.0,False,1.0,-0.008281110116383217
2024-10-17 14:10:00,0.0013594351476058364,0.004739336492890933,0.004739336492890933,1,1.0,4.6830347956734695,8862.0,False,1.0,0.004739336492890933
2024-10-17 14:55:00,0.001199085614643991,-0.004492362982928988,-0.004492362982928988,1,1.0,4.6785424326905405,8904.0,False,1.0,-0.004492362982928988
2024-10-17 21:35:00,0.0008582862210460007,0.00496389891696758,0.00496389891696758,0,1.0,4.683506331607508,8864.0,False,1.0,0.00496389891696758
2024-10-18 09:40:00,0.0002818627399392426,0.013920071845532123,0.013920071845532123,0,1.0,4.69742640345304,8908.0,False,1.0,0.013920071845532123
2024-10-18 10:40:00,0.0018642967334017158,0.005535872453498625,0.005535872453498625,0,1.0,4.702962275906539,9032.0,False,1.0,0.005535872453498625
2024-10-18 11:25:00,0.0014991714851930737,-0.023563091829993388,-0.023563091829993388,0,1.0,4.679399184076545,9082.0,False,1.0,-0.023563091829993388
2024-10-18 14:10:00,0.0016768405912443995,0.001127649977447076,0.001127649977447076,0,1.0,4.6805268340539925,8868.0,False,1.0,0.001127649977447076
2024-10-18 14:55:00,0.0011623621685430408,-0.005631899076368518,-0.005631899076368518,0,1.0,4.674894934977624,8878.0,False,1.0,-0.005631899076368518
2024-10-18 21:35:00,0.0005341609939932823,-0.002265518803806099,-0.002265518803806099,0,1.0,4.672629416173818,8828.0,False,1.0,-0.002265518803806099
2024-10-21 09:40:00,0.00021277916675899178,-0.00476839237057225,-0.00476839237057225,0,1.0,4.667861023803246,8808.0,False,1.0,-0.00476839237057225
2024-10-21 10:40:00,0.001018561772070825,0.012776637006616465,0.012776637006616465,0,1.0,4.680637660809862,8766.0,False,1.0,0.012776637006616465
2024-10-21 11:25:00,0.0003804868902079761,-0.0031538634827663614,-0.0031538634827663614,0,1.0,4.6774837973270955,8878.0,False,1.0,-0.0031538634827663614
2024-10-21 14:10:00,0.0018042066367343068,0.0006779661016949046,0.0006779661016949046,0,1.0,4.678161763428791,8850.0,False,1.0,0.0006779661016949046
2024-10-21 14:55:00,0.0011833419557660818,0.004290876242095676,0.004290876242095676,0,1.0,4.6824526396708865,8856.0,False,1.0,0.004290876242095676
2024-10-22 09:40:00,0.0001529993605799973,0.003373060490218016,0.003373060490218016,0,1.0,4.685825700161105,8894.0,False,1.0,0.003373060490218016
2024-10-22 10:40:00,0.0018727517453953624,0.0026893769610041307,0.0026893769610041307,0,1.0,4.6885150771221085,8924.0,False,1.0,0.0026893769610041307
2024-10-22 11:25:00,0.0007687274483032525,-0.0002235136343317068,-0.0002235136343317068,0,1.0,4.688291563487777,8948.0,False,1.0,-0.0002235136343317068
2024-10-22 14:10:00,0.0017756118904799223,-0.002012072434607659,-0.002012072434607659,0,1.0,4.686279491053169,8946.0,False,1.0,-0.002012072434607659
2024-10-22 14:55:00,0.0015023465966805816,0.0033602150537634934,0.0033602150537634934,0,1.0,4.689639706106933,8928.0,False,1.0,0.0033602150537634934
2024-10-22 21:35:00,0.0016430214745923877,0.022996204509935225,0.022996204509935225,0,1.0,4.712635910616868,8958.0,False,1.0,0.022996204509935225
2024-10-23 09:40:00,0.0016350651858374476,-0.002182453077258839,-0.002182453077258839,0,1.0,4.710453457539609,9164.0,False,1.0,-0.002182453077258839
2024-10-23 10:40:00,0.0012504867045208812,0.0008748906386701893,0.0008748906386701893,0,1.0,4.711328348178279,9144.0,False,1.0,0.0008748906386701893
2024-10-23 11:25:00,0.0027726723346859217,0.0024038461538462563,0.0024038461538462563,0,1.0,4.713732194332126,9152.0,False,1.0,0.0024038461538462563
2024-10-23 14:10:00,0.0028060011100023985,-0.0021800741225201925,-0.0021800741225201925,0,1.0,4.711552120209605,9174.0,False,1.0,-0.0021800741225201925
2024-10-23 14:55:00,0.0021713816095143557,0.006117544242953965,0.006117544242953965,0,1.0,4.7176696644525595,9154.0,False,1.0,0.006117544242953965
2024-10-23 21:35:00,0.001384570961818099,-0.00846905537459286,-0.00846905537459286,0,1.0,4.709200609077966,9210.0,False,1.0,-0.00846905537459286
2024-10-24 09:40:00,0.001473073149099946,0.0024091108190977817,0.0024091108190977817,0,1.0,4.711609719897064,9132.0,False,1.0,0.0024091108190977817
2024-10-24 10:40:00,0.0021309296134859324,0.0056805767970287135,0.0056805767970287135,0,1.0,4.717290296694093,9154.0,False,1.0,0.0056805767970287135
2024-10-24 11:25:00,0.0023946049623191357,0.0039104931566369405,0.0039104931566369405,0,1.0,4.721200789850729,9206.0,False,1.0,0.0039104931566369405
2024-10-24 14:10:00,0.0017802785150706768,-0.001947630383034027,-0.001947630383034027,0,1.0,4.719253159467695,9242.0,False,1.0,-0.001947630383034027
2024-10-24 14:55:00,0.0014378437772393227,0.003469210754553309,0.003469210754553309,0,1.0,4.7227223702222485,9224.0,False,1.0,0.003469210754553309
2024-10-24 21:35:00,0.0011112234788015485,0.00907519446845284,0.00907519446845284,0,1.0,4.731797564690702,9256.0,False,1.0,0.00907519446845284
2024-10-25 09:40:00,0.0009260299848392606,0.0036402569593148026,0.0036402569593148026,0,1.0,4.735437821650017,9340.0,False,1.0,0.0036402569593148026
2024-10-25 10:40:00,0.0005500235129147768,-0.00042671218263279354,-0.00042671218263279354,0,1.0,4.735011109467384,9374.0,False,1.0,-0.00042671218263279354
2024-10-25 11:25:00,0.0018893568776547909,-0.005763073639274308,-0.005763073639274308,0,1.0,4.7292480358281095,9370.0,False,1.0,-0.005763073639274308
2024-10-25 14:10:00,0.0015014284290373325,0.002146844139115478,0.002146844139115478,0,1.0,4.731394879967225,9316.0,False,1.0,0.002146844139115478
2024-10-25 14:55:00,0.0003975288709625602,-0.0006426735218508783,-0.0006426735218508783,0,1.0,4.730752206445374,9336.0,False,1.0,-0.0006426735218508783
2024-10-25 21:35:00,-0.0007068327977322042,-0.008788853161843524,-0.008788853161843524,0,1.0,4.721963353283531,9330.0,False,0.0,-0.008788853161843524
2024-10-28 09:40:00,0.00018057426495943218,-0.008217993079584818,-0.0,1,0.0,4.721963353283531,9248.0,False,0.0,-0.008217993079584818
2024-10-28 10:40:00,0.000304653774946928,0.0034888791975578037,0.0,1,0.0,4.721963353283531,9172.0,False,0.0,0.0034888791975578037
2024-10-28 11:25:00,-0.0003988445387221873,0.0028248587570620654,0.0,0,0.0,4.721963353283531,9204.0,False,0.0,0.0028248587570620654
2024-10-28 14:10:00,0.0011868588626384735,0.003900325027085483,0.0,1,0.0,4.721963353283531,9230.0,False,1.0,0.003900325027085483
2024-10-28 14:55:00,0.0014760055346414447,-0.003021800129505703,-0.003021800129505703,1,1.0,4.718941553154025,9266.0,False,1.0,-0.003021800129505703
2024-10-29 09:40:00,0.00016281400166917592,0.004113444468499594,0.004113444468499594,0,1.0,4.7230549976225245,9238.0,False,1.0,0.004113444468499594
2024-10-29 10:40:00,0.0007747139316052198,0.004527813712807305,0.004527813712807305,0,1.0,4.727582811335332,9276.0,False,1.0,0.004527813712807305
2024-10-29 11:25:00,0.0008470065658912063,-0.0036488516849109143,-0.0036488516849109143,0,1.0,4.723933959650421,9318.0,False,1.0,-0.0036488516849109143
2024-10-29 14:10:00,0.0010555520420894027,-0.0004308487720809939,-0.0004308487720809939,0,1.0,4.72350311087834,9284.0,False,1.0,-0.0004308487720809939
2024-10-29 14:55:00,0.0007859248435124755,0.0,0.0,0,1.0,4.72350311087834,9280.0,False,1.0,0.0
2024-10-29 21:35:00,0.001465451903641224,0.008405172413793016,0.008405172413793016,0,1.0,4.7319082832921335,9280.0,False,1.0,0.008405172413793016
2024-10-30 09:40:00,0.0013839732855558395,0.0014960461637101297,0.0014960461637101297,0,1.0,4.733404329455844,9358.0,False,1.0,0.0014960461637101297
2024-10-30 10:40:00,0.0005471509648486972,-0.007895860008536038,-0.007895860008536038,0,1.0,4.725508469447307,9372.0,False,1.0,-0.007895860008536038
2024-10-30 11:25:00,0.0018526323838159442,0.0019359001935899123,0.0019359001935899123,0,1.0,4.727444369640898,9298.0,False,1.0,0.0019359001935899123
2024-10-30 14:10:00,0.0015448009362444282,-0.0012881064834693312,-0.0012881064834693312,0,1.0,4.726156263157428,9316.0,False,1.0,-0.0012881064834693312
2024-10-30 14:55:00,0.0018323693657293916,0.006448839208942347,0.006448839208942347,0,1.0,4.732605102366371,9304.0,False,1.0,0.006448839208942347
2024-10-30 21:35:00,0.0016484287334606051,0.005980350277659197,0.005980350277659197,0,1.0,4.73858545264403,9364.0,False,1.0,0.005980350277659197
2024-10-31 09:40:00,0.0016054859152063727,0.001273885350318471,0.001273885350318471,0,1.0,4.739859337994349,9420.0,False,1.0,0.001273885350318471
2024-10-31 10:40:00,0.0009121577022597194,0.0027565733672603177,0.0027565733672603177,0,1.0,4.742615911361609,9432.0,False,1.0,0.0027565733672603177
2024-10-31 11:25:00,0.0009464810136705637,0.002326073165574094,0.002326073165574094,0,1.0,4.744941984527183,9458.0,False,1.0,0.002326073165574094
2024-10-31 14:10:00,0.0011778558837249875,-0.0014767932489451185,-0.0014767932489451185,0,1.0,4.743465191278238,9480.0,False,1.0,-0.0014767932489451185
2024-10-31 14:55:00,0.0006373265641741455,-0.00021128248468205157,-0.00021128248468205157,0,1.0,4.743253908793556,9466.0,False,1.0,-0.00021128248468205157
2024-10-31 21:35:00,4.740222357213497e-05,0.006762468300929747,0.006762468300929747,0,1.0,4.750016377094486,9464.0,False,1.0,0.006762468300929747
2024-11-01 09:40:00,-0.0006657599005848169,0.008606213266162843,0.008606213266162843,0,1.0,4.758622590360648,9528.0,False,0.0,0.008606213266162843
2024-11-01 10:40:00,0.0013265226734802127,-0.006451612903225823,-0.0,1,0.0,4.758622590360648,9610.0,False,1.0,-0.006451612903225823
2024-11-01 11:25:00,0.001441053464077413,0.007540846250523758,0.007540846250523758,1,1.0,4.766163436611173,9548.0,False,1.0,0.007540846250523758
2024-11-01 14:10:00,0.0015810973709449172,0.004158004158004047,0.004158004158004047,0,1.0,4.770321440769177,9620.0,False,1.0,0.004158004158004047
2024-11-01 14:55:00,0.0011175114195793867,0.00020703933747401315,0.00020703933747401315,0,1.0,4.770528480106651,9660.0,False,1.0,0.00020703933747401315
2024-11-01 21:35:00,0.0008177413255907595,0.003104947215897269,0.003104947215897269,0,1.0,4.773633427322548,9662.0,False,1.0,0.003104947215897269
2024-11-04 09:40:00,0.0009331520996056497,-0.004127115146512539,-0.004127115146512539,0,1.0,4.769506312176036,9692.0,False,1.0,-0.004127115146512539
2024-11-04 10:40:00,-0.0008367108530364931,0.0018648984666389534,0.0018648984666389534,0,1.0,4.771371210642675,9652.0,False,0.0,0.0018648984666389534
2024-11-04 11:25:00,0.0007529887952841818,-0.0006204756980351389,-0.0,1,0.0,4.771371210642675,9670.0,False,0.0,-0.0006204756980351389
2024-11-04 14:10:00,0.0007688995101489127,0.00020695364238410008,0.0,1,0.0,4.771371210642675,9664.0,False,0.0,0.00020695364238410008
2024-11-04 14:55:00,0.00012868153862655163,0.0031036623215394687,0.0,0,0.0,4.771371210642675,9666.0,False,0.0,0.0031036623215394687
2024-11-05 09:40:00,-0.0007209500181488693,0.0016501650165017256,0.0,0,0.0,4.771371210642675,9696.0,False,0.0,0.0016501650165017256
2024-11-05 10:40:00,0.0007154917111620307,-0.001441515650741354,-0.0,1,0.0,4.771371210642675,9712.0,False,0.0,-0.001441515650741354
2024-11-05 11:25:00,0.00021742595708929002,0.0010311404413281267,0.0,1,0.0,4.771371210642675,9698.0,False,0.0,0.0010311404413281267
2024-11-05 14:10:00,0.00022694774088449776,-0.007622579316028055,-0.0,0,0.0,4.771371210642675,9708.0,False,0.0,-0.007622579316028055
2024-11-05 14:55:00,-0.00017108919564634562,-0.0010379904504878024,-0.0,0,0.0,4.771371210642675,9634.0,False,0.0,-0.0010379904504878024
2024-11-05 21:35:00,-0.0010630196193233132,-0.0014546965918537103,-0.0,1,0.0,4.771371210642675,9624.0,False,-1.0,-0.0014546965918537103
2024-11-06 09:40:00,-0.0009983411291614175,0.0016649323621227285,-0.0016649323621227285,1,-1.0,4.769706278280553,9610.0,False,-1.0,0.0016649323621227285
2024-11-06 10:40:00,-0.000881992164067924,0.0020777062123416012,-0.0020777062123416012,0,-1.0,4.767628572068211,9626.0,False,-1.0,0.0020777062123416012
2024-11-06 11:25:00,3.0647039238829166e-05,0.0002073398299813345,-0.0002073398299813345,0,-1.0,4.767421232238229,9646.0,False,0.0,0.0002073398299813345
2024-11-06 14:10:00,0.0004395896103233099,0.0020729684908789014,0.0,1,0.0,4.767421232238229,9648.0,False,0.0,0.0020729684908789014
2024-11-06 14:55:00,0.0008159882854670286,0.0059991725279271435,0.0,1,0.0,4.767421232238229,9668.0,False,1.0,0.0059991725279271435
2024-11-06 21:35:00,0.0011371112195774913,0.008636644046884578,0.008636644046884578,0,1.0,4.776057876285114,9726.0,False,1.0,0.008636644046884578
2024-11-07 09:40:00,0.0008076023659668863,0.011213047910295648,0.011213047910295648,0,1.0,4.7872709241954094,9810.0,False,1.0,0.011213047910295648
2024-11-07 10:40:00,0.0012126242509111762,0.00020161290322584513,0.00020161290322584513,0,1.0,4.787472537098635,9920.0,False,1.0,0.00020161290322584513
2024-11-07 11:25:00,0.0017879026709124446,-0.005644023382382568,-0.005644023382382568,0,1.0,4.781828513716253,9922.0,False,1.0,-0.005644023382382568
2024-11-07 14:10:00,-1.9239661924075335e-05,0.0004054327995135498,0.0004054327995135498,0,1.0,4.782233946515766,9866.0,False,0.0,0.0004054327995135498
2024-11-07 14:55:00,0.0008117635152302682,0.003850050658561255,0.0,1,0.0,4.782233946515766,9870.0,False,1.0,0.003850050658561255
2024-11-07 21:35:00,0.0011072872439399362,0.004037141703673752,0.004037141703673752,1,1.0,4.78627108821944,9908.0,False,1.0,0.004037141703673752
2024-11-08 09:40:00,0.0006514182896353304,0.007036590269400955,0.007036590269400955,0,1.0,4.793307678488841,9948.0,False,1.0,0.007036590269400955
2024-11-08 10:40:00,0.0004929141141474247,-0.0027949690556997586,-0.0027949690556997586,0,1.0,4.790512709433141,10018.0,False,1.0,-0.0027949690556997586
2024-11-08 11:25:00,0.001802340499125421,0.0014014014014014364,0.0014014014014014364,0,1.0,4.791914110834542,9990.0,False,1.0,0.0014014014014014364
2024-11-08 14:10:00,0.0012162127532064915,-0.0009996001599360538,-0.0009996001599360538,0,1.0,4.790914510674606,10004.0,False,1.0,-0.0009996001599360538
2024-11-08 14:55:00,0.0008907783776521683,0.012007204322593612,0.012007204322593612,0,1.0,4.8029217149972,9994.0,False,1.0,0.012007204322593612
2024-11-08 21:35:00,0.0010295059764757752,0.011864741941862711,0.011864741941862711,0,1.0,4.814786456939062,10114.0,False,1.0,0.011864741941862711
2024-11-11 09:40:00,-0.0005204221233725548,0.00508110220832525,0.00508110220832525,0,1.0,4.819867559147387,10234.0,False,0.0,0.00508110220832525
2024-11-11 10:40:00,-0.0012651692377403378,-0.009721952167995318,-0.0,1,0.0,4.819867559147387,10286.0,False,-1.0,-0.009721952167995318
2024-11-11 11:25:00,-0.0006425993633456528,-0.00039269585705870025,0.00039269585705870025,1,-1.0,4.820260255004446,10186.0,False,-1.0,-0.00039269585705870025
2024-11-11 14:10:00,-0.0002943195286206901,0.0009821253191906187,-0.0009821253191906187,0,-1.0,4.819278129685255,10182.0,False,-1.0,0.0009821253191906187
2024-11-11 14:55:00,-0.0009843518491834402,0.012755102040816313,-0.012755102040816313,0,-1.0,4.806523027644439,10192.0,False,-1.0,0.012755102040816313
2024-11-12 09:40:00,-0.00019659896497614682,-0.0013563262933540265,0.0013563262933540265,0,-1.0,4.807879353937793,10322.0,False,-1.0,-0.0013563262933540265
2024-11-12 10:40:00,-0.0010501595679670572,-0.012223515715948818,0.012223515715948818,0,-1.0,4.820102869653741,10308.0,False,-1.0,-0.012223515715948818
2024-11-12 11:25:00,-0.001246910891495645,0.00019642506383821257,-0.00019642506383821257,0,-1.0,4.819906444589904,10182.0,False,-1.0,0.00019642506383821257
2024-11-12 14:10:00,-0.0005778422928415239,-0.0017674783974862551,0.0017674783974862551,0,-1.0,4.82167392298739,10184.0,False,-1.0,-0.0017674783974862551
2024-11-12 14:55:00,-0.0021128254011273384,-0.003934684241589603,0.003934684241589603,0,-1.0,4.825608607228979,10166.0,False,-1.0,-0.003934684241589603
2024-11-12 21:35:00,-0.00225908774882555,0.002962670353545249,-0.002962670353545249,0,-1.0,4.822645936875434,10126.0,False,-1.0,0.002962670353545249
2024-11-13 09:40:00,-7.42343399906531e-05,-0.027176053564395453,0.027176053564395453,0,-1.0,4.84982199043983,10156.0,False,-1.0,-0.027176053564395453
2024-11-13 10:40:00,-0.001518399454653263,-0.0006072874493927571,0.0006072874493927571,0,-1.0,4.850429277889223,9880.0,False,-1.0,-0.0006072874493927571
2024-11-13 11:25:00,-0.0005370614235289395,-0.009317399230301837,0.009317399230301837,0,-1.0,4.859746677119524,9874.0,False,-1.0,-0.009317399230301837
2024-11-13 14:10:00,0.0009336515795439482,0.0038846861582497727,-0.0038846861582497727,0,-1.0,4.855861990961275,9782.0,False,0.0,0.0038846861582497727
2024-11-13 14:55:00,-0.00048672984121367335,-0.0008146639511201759,-0.0,1,0.0,4.855861990961275,9820.0,False,0.0,-0.0008146639511201759
2024-11-13 21:35:00,0.00045257568126544356,0.0024459845087647647,0.0,1,0.0,4.855861990961275,9812.0,False,0.0,0.0024459845087647647
2024-11-14 09:40:00,-0.0013368093641474843,-0.00020333468889788264,-0.0,1,0.0,4.855861990961275,9836.0,False,-1.0,-0.00020333468889788264
2024-11-14 10:40:00,-0.0010449825786054134,0.0036607687614398365,-0.0036607687614398365,1,-1.0,4.8522012221998345,9834.0,False,-1.0,0.0036607687614398365
2024-11-14 11:25:00,0.0010003873612731695,0.0014184397163119478,-0.0014184397163119478,0,-1.0,4.850782782483523,9870.0,False,0.0,0.0014184397163119478
2024-11-14 14:10:00,0.0003488083020783961,0.0,0.0,1,0.0,4.850782782483523,9884.0,False,0.0,0.0
2024-11-14 14:55:00,0.0007325805490836501,0.003035208417644597,0.0,1,0.0,4.850782782483523,9884.0,False,1.0,0.003035208417644597
2024-11-14 21:35:00,0.0009685211116448045,0.009078071414161837,0.009078071414161837,0,1.0,4.859860853897684,9914.0,False,1.0,0.009078071414161837
2024-11-15 09:40:00,0.0010142243700101972,-0.004998000799680158,-0.004998000799680158,0,1.0,4.8548628530980045,10004.0,False,1.0,-0.004998000799680158
2024-11-15 10:40:00,0.0006192027940414846,0.004420333534257637,0.004420333534257637,0,1.0,4.859283186632262,9954.0,False,1.0,0.004420333534257637
2024-11-15 11:25:00,0.000685111794155091,-0.004600920184036794,-0.004600920184036794,0,1.0,4.854682266448226,9998.0,False,1.0,-0.004600920184036794
2024-11-15 14:10:00,0.0020622320007532835,0.003818327974276503,0.003818327974276503,0,1.0,4.858500594422502,9952.0,False,1.0,0.003818327974276503
2024-11-15 14:55:00,0.0021364176645874977,0.01181181181181179,0.01181181181181179,0,1.0,4.870312406234314,9990.0,False,1.0,0.01181181181181179
2024-11-15 21:35:00,0.0018474920652806759,-0.0033636723387415746,-0.0033636723387415746,0,1.0,4.866948733895572,10108.0,False,1.0,-0.0033636723387415746
2024-11-18 09:40:00,0.0025584553368389606,-0.009728012705975786,-0.009728012705975786,0,1.0,4.857220721189596,10074.0,False,1.0,-0.009728012705975786
2024-11-18 10:40:00,0.00022013163834344596,-0.005613472333600655,-0.005613472333600655,0,1.0,4.851607248855995,9976.0,False,1.0,-0.005613472333600655
2024-11-18 11:25:00,5.887293809792027e-05,-0.003629032258064546,-0.003629032258064546,0,1.0,4.847978216597931,9920.0,False,1.0,-0.003629032258064546
2024-11-18 14:10:00,0.0015412196516990662,-0.003642250101173583,-0.003642250101173583,0,1.0,4.844335966496757,9884.0,False,1.0,-0.003642250101173583
2024-11-18 14:55:00,0.0007833561976440251,-0.0054833468724614365,-0.0054833468724614365,0,1.0,4.838852619624296,9848.0,False,1.0,-0.0054833468724614365
2024-11-19 09:40:00,-0.0006712765898555517,0.01102715948539923,0.01102715948539923,0,1.0,4.8498797791096955,9794.0,False,0.0,0.01102715948539923
2024-11-19 10:40:00,-0.000207098011742346,0.0008079175924056159,0.0,1,0.0,4.8498797791096955,9902.0,False,0.0,0.0008079175924056159
2024-11-19 11:25:00,0.001327639794908464,0.006659939455095909,0.0,1,0.0,4.8498797791096955,9910.0,False,1.0,0.006659939455095909
2024-11-19 14:10:00,0.0015739069785922766,0.006615878107457895,0.006615878107457895,1,1.0,4.856495657217153,9976.0,False,1.0,0.006615878107457895
2024-11-19 14:55:00,0.0018983053741976619,-0.00637323242381993,-0.00637323242381993,1,1.0,4.850122424793334,10042.0,False,1.0,-0.00637323242381993
2024-11-19 21:35:00,0.0009454090613871813,0.0008017638805370986,0.0008017638805370986,0,1.0,4.85092418867387,9978.0,False,1.0,0.0008017638805370986
2024-11-20 09:40:00,0.0002690037654247135,-0.0012016823552973843,-0.0012016823552973843,0,1.0,4.849722506318574,9986.0,False,1.0,-0.0012016823552973843
2024-11-20 10:40:00,0.0001280722499359399,-0.007419290154401459,-0.007419290154401459,0,1.0,4.842303216164172,9974.0,False,1.0,-0.007419290154401459
2024-11-20 11:25:00,0.0003884535108227283,0.004040404040404066,0.004040404040404066,0,1.0,4.846343620204577,9900.0,False,1.0,0.004040404040404066
2024-11-20 14:10:00,0.000323372456477955,0.0024144869215292353,0.0024144869215292353,0,1.0,4.848758107126105,9940.0,False,1.0,0.0024144869215292353
2024-11-20 14:55:00,-0.000154808527440764,-0.0014050582095543884,-0.0014050582095543884,0,1.0,4.847353048916551,9964.0,False,0.0,-0.0014050582095543884
2024-11-20 21:35:00,-0.001106609357520938,-0.0170854271356784,-0.0,1,0.0,4.847353048916551,9950.0,False,-1.0,-0.0170854271356784
2024-11-21 09:40:00,-0.0003478978178463876,-0.016973415132924385,0.016973415132924385,1,-1.0,4.864326464049475,9780.0,False,-1.0,-0.016973415132924385
2024-11-21 10:40:00,-0.0002481873380020261,0.0022883295194509046,-0.0022883295194509046,0,-1.0,4.8620381345300245,9614.0,False,-1.0,0.0022883295194509046
2024-11-21 11:25:00,-0.0005226266221143305,-0.0008302200083022404,0.0008302200083022404,0,-1.0,4.862868354538326,9636.0,False,-1.0,-0.0008302200083022404
2024-11-21 14:10:00,0.00023617324768565595,-0.00394682176983796,0.00394682176983796,0,-1.0,4.866815176308165,9628.0,False,0.0,-0.00394682176983796
2024-11-21 14:55:00,-0.0011933725327253342,-0.005005213764337824,-0.0,1,0.0,4.866815176308165,9590.0,False,-1.0,-0.005005213764337824
2024-11-21 21:35:00,0.00020215526456013322,0.003143994969608155,-0.003143994969608155,1,-1.0,4.863671181338557,9542.0,False,0.0,0.003143994969608155
2024-11-22 09:40:00,1.1525129593792371e-05,-0.0006268282490597965,-0.0,1,0.0,4.863671181338557,9572.0,False,0.0,-0.0006268282490597965
2024-11-22 10:40:00,-0.000779409077949822,0.006481287894626764,0.0,1,0.0,4.863671181338557,9566.0,False,-1.0,0.006481287894626764
2024-11-22 11:25:00,-0.00034344400046393275,-0.0008309098462816467,0.0008309098462816467,1,-1.0,4.864502091184838,9628.0,False,-1.0,-0.0008309098462816467
2024-11-22 14:10:00,-0.0006668035639449954,-0.003950103950103978,0.003950103950103978,1,-1.0,4.868452195134942,9620.0,False,-1.0,-0.003950103950103978
2024-11-22 14:55:00,-0.0013361870078369975,-0.00020872469213106815,0.00020872469213106815,0,-1.0,4.868660919827073,9582.0,False,-1.0,-0.00020872469213106815
2024-11-22 21:35:00,-0.0014968420146033168,-0.0014613778705636626,0.0014613778705636626,0,-1.0,4.8701222976976375,9580.0,False,-1.0,-0.0014613778705636626
2024-11-25 09:40:00,-0.0009737043874338269,0.005854066485469378,-0.005854066485469378,0,-1.0,4.864268231212168,9566.0,False,-1.0,0.005854066485469378
2024-11-25 10:40:00,0.0004108988796360791,0.005612138848472226,-0.005612138848472226,0,-1.0,4.858656092363695,9622.0,False,0.0,0.005612138848472226
2024-11-25 11:25:00,3.180396743118763e-05,-0.0010334849111203193,-0.0,1,0.0,4.858656092363695,9676.0,False,0.0,-0.0010334849111203193
2024-11-25 14:10:00,0.0007865147199481726,0.0006207324643079382,0.0,1,0.0,4.858656092363695,9666.0,False,1.0,0.0006207324643079382
2024-11-25 14:55:00,0.0008203237084671855,0.0018610421836229296,0.0018610421836229296,0,1.0,4.860517134547318,9672.0,False,1.0,0.0018610421836229296
2024-11-26 09:40:00,-0.0008162062731571496,-0.0035087719298245723,-0.0035087719298245723,0,1.0,4.857008362617494,9690.0,False,0.0,-0.0035087719298245723
2024-11-26 10:40:00,-0.0001661154383327812,0.0012427506213752437,0.0,1,0.0,4.857008362617494,9656.0,False,0.0,0.0012427506213752437
2024-11-26 11:25:00,0.0009400832932442427,0.010343400910219236,0.0,1,0.0,4.857008362617494,9668.0,False,1.0,0.010343400910219236
2024-11-26 14:10:00,0.0003332069900352508,0.006552006552006606,0.006552006552006606,1,1.0,4.8635603691695,9768.0,False,1.0,0.006552006552006606
2024-11-26 14:55:00,0.0005245567299425602,-0.008136696501220508,-0.008136696501220508,1,1.0,4.855423672668279,9832.0,False,1.0,-0.008136696501220508
2024-11-26 21:35:00,1.701213295746129e-05,-0.005537325676784222,-0.005537325676784222,0,1.0,4.849886346991495,9752.0,False,1.0,-0.005537325676784222
2024-11-27 09:40:00,0.00044462914229370654,0.0032996494122499165,0.0032996494122499165,0,1.0,4.853185996403745,9698.0,False,1.0,0.0032996494122499165
2024-11-27 10:40:00,0.0005826822016388178,0.0012332990750256734,0.0012332990750256734,0,1.0,4.85441929547877,9730.0,False,1.0,0.0012332990750256734
2024-11-27 11:25:00,0.0005961955757811666,0.0022582631903100836,0.0022582631903100836,0,1.0,4.856677558669081,9742.0,False,1.0,0.0022582631903100836
2024-11-27 14:10:00,0.001142937340773642,0.0028676771814830637,0.0028676771814830637,0,1.0,4.859545235850565,9764.0,False,1.0,0.0028676771814830637
2024-11-27 14:55:00,0.0006630377611145377,0.008169934640522847,0.008169934640522847,0,1.0,4.867715170491087,9792.0,False,1.0,0.008169934640522847
2024-11-27 21:35:00,0.0007827648660168052,0.005267423014586603,0.005267423014586603,0,1.0,4.872982593505673,9872.0,False,1.0,0.005267423014586603
2024-11-28 09:40:00,0.0004971345188096166,-0.008262797259169674,-0.008262797259169674,0,1.0,4.864719796246504,9924.0,False,1.0,-0.008262797259169674
2024-11-28 10:40:00,-0.001548894215375185,0.0,0.0,0,1.0,4.864719796246504,9842.0,False,0.0,0.0
2024-11-28 11:25:00,-0.0009484034962952137,0.0014224751066855834,0.0,1,0.0,4.864719796246504,9842.0,False,-1.0,0.0014224751066855834
2024-11-28 14:10:00,0.0007061671349219978,0.006493506493506551,-0.006493506493506551,1,-1.0,4.858226289752997,9856.0,False,0.0,0.006493506493506551
2024-11-28 14:55:00,0.0003561979392543435,-0.0014112903225806939,-0.0,1,0.0,4.858226289752997,9920.0,False,1.0,-0.0014112903225806939
2024-11-28 21:35:00,0.0009927373612299562,0.008883504946497034,0.008883504946497034,1,1.0,4.867109794699495,9906.0,False,1.0,0.008883504946497034
2024-11-29 09:40:00,0.0014615366235375404,0.0074044426655992535,0.0074044426655992535,0,1.0,4.874514237365093,9994.0,False,1.0,0.0074044426655992535
2024-11-29 10:40:00,0.00178195268381387,0.00019864918553835764,0.00019864918553835764,0,1.0,4.874712886550632,10068.0,False,1.0,0.00019864918553835764
2024-11-29 11:25:00,0.0020860868971794844,0.009731876861966304,0.009731876861966304,0,1.0,4.884444763412598,10070.0,False,1.0,0.009731876861966304
2024-11-29 14:10:00,0.001394479419104755,0.0027537372147914407,0.0027537372147914407,0,1.0,4.88719850062739,10168.0,False,1.0,0.0027537372147914407
2024-11-29 14:55:00,0.0017149762716144323,0.0003923107100822776,0.0003923107100822776,0,1.0,4.887590811337472,10196.0,False,1.0,0.0003923107100822776
2024-11-29 21:35:00,0.0016569743165746331,0.0025490196078430394,0.0025490196078430394,0,1.0,4.890139830945316,10200.0,False,1.0,0.0025490196078430394
2024-12-02 09:40:00,0.00137876789085567,0.0015646391550947492,0.0015646391550947492,0,1.0,4.89170447010041,10226.0,False,1.0,0.0015646391550947492
2024-12-02 10:40:00,0.00042061757994815707,-0.0029291154071470205,-0.0029291154071470205,0,1.0,4.888775354693263,10242.0,False,1.0,-0.0029291154071470205
2024-12-02 11:25:00,0.001627797377295792,-0.001762632197414793,-0.001762632197414793,0,1.0,4.887012722495848,10212.0,False,1.0,-0.001762632197414793
2024-12-02 14:10:00,0.0014869036385789514,0.000980969197567294,0.000980969197567294,0,1.0,4.887993691693415,10194.0,False,1.0,0.000980969197567294
2024-12-02 14:55:00,0.0017592519288882613,-0.0005880047040376368,-0.0005880047040376368,0,1.0,4.8874056869893785,10204.0,False,1.0,-0.0005880047040376368
2024-12-03 09:40:00,0.0006264359690248966,0.0052951559129241765,0.0052951559129241765,0,1.0,4.892700842902302,10198.0,False,1.0,0.0052951559129241765
2024-12-03 10:40:00,-0.00012569196405820549,-0.0015606710885680553,-0.0015606710885680553,0,1.0,4.891140171813734,10252.0,False,0.0,-0.0015606710885680553
2024-12-03 11:25:00,0.000669925007969141,-0.00429855412270419,-0.0,1,0.0,4.891140171813734,10236.0,False,1.0,-0.00429855412270419
2024-12-03 14:10:00,0.0009254711912944913,0.007849293563579218,0.007849293563579218,1,1.0,4.898989465377313,10192.0,False,1.0,0.007849293563579218
2024-12-03 14:55:00,0.0019614924676716328,0.013823987538940763,0.013823987538940763,0,1.0,4.912813452916254,10272.0,False,1.0,0.013823987538940763
2024-12-03 21:35:00,0.0020851227454841137,0.0007681966583445998,0.0007681966583445998,0,1.0,4.913581649574598,10414.0,False,1.0,0.0007681966583445998
2024-12-04 09:40:00,0.0023564770817756653,0.0005757052389177009,0.0005757052389177009,0,1.0,4.914157354813516,10422.0,False,1.0,0.0005757052389177009
2024-12-04 10:40:00,0.00227928813546896,-0.00421940928270037,-0.00421940928270037,0,1.0,4.909937945530816,10428.0,False,1.0,-0.00421940928270037
2024-12-04 11:25:00,0.0013354443944990635,-0.0013482280431432736,-0.0013482280431432736,0,1.0,4.908589717487672,10384.0,False,1.0,-0.0013482280431432736
2024-12-04 14:10:00,0.0006349285249598324,0.0036644165863066736,0.0036644165863066736,0,1.0,4.912254134073979,10370.0,False,1.0,0.0036644165863066736
2024-12-04 14:55:00,0.00012965619680471718,-0.008262874711760237,-0.008262874711760237,0,1.0,4.903991259362219,10408.0,False,1.0,-0.008262874711760237
2024-12-04 21:35:00,-0.0004602079279720783,0.006587870567719367,0.006587870567719367,0,1.0,4.910579129929939,10322.0,False,0.0,0.006587870567719367
2024-12-05 09:40:00,0.0002389512665104121,-0.008854667949951822,-0.0,1,0.0,4.910579129929939,10390.0,False,0.0,-0.008854667949951822
2024-12-05 10:40:00,-0.0007623195415362716,-0.009322198485142708,-0.0,1,0.0,4.910579129929939,10298.0,False,-1.0,-0.009322198485142708
2024-12-05 11:25:00,-5.347559635993093e-05,0.0015683199372671375,-0.0015683199372671375,1,-1.0,4.9090108099926715,10202.0,False,-1.0,0.0015683199372671375
2024-12-05 14:10:00,0.001167895970866084,0.004697592483851931,-0.004697592483851931,1,-1.0,4.90431321750882,10218.0,False,0.0,0.004697592483851931
2024-12-05 14:55:00,-0.00034092285204678774,-0.00038963569062921977,-0.0,1,0.0,4.90431321750882,10266.0,False,0.0,-0.00038963569062921977
2024-12-05 21:35:00,-0.0005683631170541048,0.0015591502631067122,0.0,1,0.0,4.90431321750882,10262.0,False,-1.0,0.0015591502631067122
2024-12-06 09:40:00,-2.3234926629811525e-05,-0.0029188558085230243,0.0029188558085230243,0,-1.0,4.907232073317342,10278.0,False,-1.0,-0.0029188558085230243
2024-12-06 10:40:00,-0.0007984434487298131,-0.004879000780640075,0.004879000780640075,0,-1.0,4.912111074097982,10248.0,False,-1.0,-0.004879000780640075
2024-12-06 11:25:00,-0.0007300878060050309,0.0009805844283192755,-0.0009805844283192755,0,-1.0,4.911130489669663,10198.0,False,-1.0,0.0009805844283192755
2024-12-06 14:10:00,-0.0004229023470543325,-0.000979623824451381,0.000979623824451381,0,-1.0,4.912110113494114,10208.0,False,-1.0,-0.000979623824451381
2024-12-06 14:55:00,-0.0003382802242413163,0.001176701313983175,-0.001176701313983175,0,-1.0,4.910933412180131,10198.0,False,-1.0,0.001176701313983175
2024-12-06 21:35:00,-0.0006358175887726247,0.011949069539666901,-0.011949069539666901,0,-1.0,4.898984342640464,10210.0,False,-1.0,0.011949069539666901
2024-12-09 09:40:00,-0.0005035215290263295,-0.01606658923732096,0.01606658923732096,0,-1.0,4.915050931877785,10332.0,False,-1.0,-0.01606658923732096
2024-12-09 10:40:00,-0.0012956432765349746,0.0029510131811922857,-0.0029510131811922857,0,-1.0,4.912099918696593,10166.0,False,-1.0,0.0029510131811922857
2024-12-09 11:25:00,-0.0017672782996669412,-0.0017653981953706932,0.0017653981953706932,0,-1.0,4.913865316891964,10196.0,False,-1.0,-0.0017653981953706932
2024-12-09 14:10:00,-0.001239525037817657,-0.0005895067793280084,0.0005895067793280084,0,-1.0,4.914454823671292,10178.0,False,-1.0,-0.0005895067793280084
2024-12-09 14:55:00,-0.0024723676033318043,-0.05937868659064094,0.05937868659064094,0,-1.0,4.973833510261933,10172.0,False,-1.0,-0.05937868659064094
2024-12-10 09:40:00,-0.0016028425889089704,0.0,0.0,0,-1.0,4.973833510261933,9568.0,True,-1.0,-0.006897993311036799
2024-12-10 10:40:00,-0.001863866113126278,-0.002525784045464108,0.002525784045464108,0,-1.0,4.976359294307397,9502.0,False,-1.0,-0.002525784045464108
2024-12-10 11:25:00,-0.0019679388497024775,-0.002954209748892156,0.002954209748892156,0,-1.0,4.979313504056289,9478.0,False,-1.0,-0.002954209748892156
2024-12-10 14:10:00,-0.001584502519108355,-0.008253968253968291,0.008253968253968291,0,-1.0,4.987567472310257,9450.0,False,-1.0,-0.008253968253968291
2024-12-10 14:55:00,-0.002490196842700243,-0.006828851899274402,0.006828851899274402,0,-1.0,4.994396324209531,9372.0,False,-1.0,-0.006828851899274402
2024-12-10 21:35:00,-0.0026881780941039324,-0.003652771809196431,0.003652771809196431,0,-1.0,4.998049096018727,9308.0,False,-1.0,-0.003652771809196431
2024-12-11 09:40:00,-0.002704571932554245,0.006254043562648359,-0.006254043562648359,0,-1.0,4.991795052456079,9274.0,False,-1.0,0.006254043562648359
2024-12-11 10:40:00,-0.0015713486354798079,-0.0036433776253750327,0.0036433776253750327,0,-1.0,4.995438430081454,9332.0,False,-1.0,-0.0036433776253750327
2024-12-11 11:25:00,-0.001622630748897791,-0.0008604000860400474,0.0008604000860400474,0,-1.0,4.996298830167494,9298.0,False,-1.0,-0.0008604000860400474
2024-12-11 14:10:00,-0.0020313856657594442,0.004090419806243251,-0.004090419806243251,0,-1.0,4.9922084103612505,9290.0,False,-1.0,0.004090419806243251
2024-12-11 14:55:00,-0.0010451724519953132,0.003001715265866123,-0.003001715265866123,0,-1.0,4.989206695095385,9328.0,False,-1.0,0.003001715265866123
2024-12-11 21:35:00,-0.002750964602455497,-0.0068405301410859876,0.0068405301410859876,0,-1.0,4.996047225236471,9356.0,False,-1.0,-0.0068405301410859876
2024-12-12 09:40:00,-0.0015309315640479326,-0.01119242359018513,0.01119242359018513,0,-1.0,5.007239648826657,9292.0,False,-1.0,-0.01119242359018513
2024-12-12 10:40:00,-0.0013766383053734899,-0.0041358293426208,0.0041358293426208,0,-1.0,5.011375478169278,9188.0,False,-1.0,-0.0041358293426208
2024-12-12 11:25:00,-0.0015741883544251323,0.0006557377049181135,-0.0006557377049181135,0,-1.0,5.01071974046436,9150.0,False,-1.0,0.0006557377049181135
2024-12-12 14:10:00,-0.0004341702733654529,0.005460899956312826,-0.005460899956312826,0,-1.0,5.005258840508047,9156.0,False,-1.0,0.005460899956312826
2024-12-12 14:55:00,0.0001480297651141882,0.002172496198131757,-0.002172496198131757,0,-1.0,5.003086344309915,9206.0,False,0.0,0.002172496198131757
2024-12-12 21:35:00,-0.00015868598711676896,0.007370474745284961,0.0,1,0.0,5.003086344309915,9226.0,False,0.0,0.007370474745284961
2024-12-13 09:40:00,0.001367461052723229,0.0,0.0,1,0.0,5.003086344309915,9294.0,False,1.0,0.0
2024-12-13 10:40:00,-0.0001787466462701559,-0.004088659350118373,-0.004088659350118373,1,1.0,4.998997684959797,9294.0,False,0.0,-0.004088659350118373
2024-12-13 11:25:00,0.00017404998652637005,0.0019446845289541326,0.0,1,0.0,4.998997684959797,9256.0,False,0.0,0.0019446845289541326
2024-12-13 14:10:00,0.00031124765519052744,0.0004313133491482546,0.0,1,0.0,4.998997684959797,9274.0,False,0.0,0.0004313133491482546
2024-12-13 14:55:00,0.0008198939613066614,-0.0012933821944384194,-0.0,1,0.0,4.998997684959797,9278.0,False,1.0,-0.0012933821944384194
2024-12-13 21:35:00,-0.0003217614721506834,0.01316641484998926,0.01316641484998926,0,1.0,5.0121640998097865,9266.0,False,0.0,0.01316641484998926
2024-12-16 09:40:00,-0.00010787214705487713,-0.010864933958244616,-0.0,1,0.0,5.0121640998097865,9388.0,False,0.0,-0.010864933958244616
2024-12-16 10:40:00,0.00029349091346375644,-0.003876803790652583,-0.0,1,0.0,5.0121640998097865,9286.0,False,0.0,-0.003876803790652583
2024-12-16 11:25:00,0.0014070392353460193,0.008216216216216266,0.0,1,0.0,5.0121640998097865,9250.0,False,1.0,0.008216216216216266
2024-12-16 14:10:00,-0.0005281544872559607,-0.0032168132103795877,-0.0032168132103795877,1,1.0,5.0089472865994065,9326.0,False,0.0,-0.0032168132103795877
2024-12-16 14:55:00,-0.0017525767907500267,-0.010542168674698815,-0.0,1,0.0,5.0089472865994065,9296.0,False,-1.0,-0.010542168674698815
2024-12-17 09:40:00,-0.002140652621164918,-0.0004348771472059143,0.0004348771472059143,1,-1.0,5.009382163746612,9198.0,False,-1.0,-0.0004348771472059143
2024-12-17 10:40:00,-0.0021272285375744104,0.0032629976071349986,-0.0032629976071349986,0,-1.0,5.006119166139477,9194.0,False,-1.0,0.0032629976071349986
2024-12-17 11:25:00,-0.0021180952899158,-0.0039028620988724727,0.0039028620988724727,0,-1.0,5.01002202823835,9224.0,False,-1.0,-0.0039028620988724727
2024-12-17 14:10:00,-0.0018229619599878788,-0.0019590770570309113,0.0019590770570309113,0,-1.0,5.011981105295381,9188.0,False,-1.0,-0.0019590770570309113
2024-12-17 14:55:00,-0.001048320671543479,0.005016357688113482,-0.005016357688113482,0,-1.0,5.006964747607268,9170.0,False,-1.0,0.005016357688113482
2024-12-17 21:35:00,-0.002339165424928069,-0.01302083333333337,0.01302083333333337,0,-1.0,5.019985580940601,9216.0,False,-1.0,-0.01302083333333337
2024-12-18 09:40:00,-0.0018293510656803846,0.0032981530343008103,-0.0032981530343008103,0,-1.0,5.0166874279063,9096.0,False,-1.0,0.0032981530343008103
2024-12-18 10:40:00,-0.0013877598103135824,-0.0035064650449265766,0.0035064650449265766,0,-1.0,5.020193892951227,9126.0,False,-1.0,-0.0035064650449265766
2024-12-18 11:25:00,-0.0017901360988616943,-0.0052782054101605524,0.0052782054101605524,0,-1.0,5.025472098361387,9094.0,False,-1.0,-0.0052782054101605524
2024-12-18 14:10:00,-0.0012036579428240657,-0.005527304886137507,0.005527304886137507,0,-1.0,5.030999403247525,9046.0,False,-1.0,-0.005527304886137507
2024-12-18 14:55:00,-0.0012203321093693376,0.0013339261894174115,-0.0013339261894174115,0,-1.0,5.029665477058107,8996.0,False,-1.0,0.0013339261894174115
2024-12-18 21:35:00,-0.002024916233494878,-0.009991119005328564,0.009991119005328564,0,-1.0,5.039656596063436,9008.0,False,-1.0,-0.009991119005328564
2024-12-19 09:40:00,-0.001829985878430307,-0.004933841668535499,0.004933841668535499,0,-1.0,5.044590437731971,8918.0,False,-1.0,-0.004933841668535499
2024-12-19 10:40:00,-0.000942885410040617,0.00022537750732487538,-0.00022537750732487538,0,-1.0,5.044365060224646,8874.0,False,-1.0,0.00022537750732487538
2024-12-19 11:25:00,-0.0002459001261740923,-0.00563316809373593,0.00563316809373593,0,-1.0,5.0499982283183815,8876.0,False,-1.0,-0.00563316809373593
2024-12-19 14:10:00,0.00030928413616493344,-0.007251302968502182,0.007251302968502182,0,-1.0,5.0572495312868835,8826.0,False,0.0,-0.007251302968502182
2024-12-19 14:55:00,-0.0007778685539960861,-0.0015978087194704615,-0.0,1,0.0,5.0572495312868835,8762.0,False,0.0,-0.0015978087194704615
2024-12-19 21:35:00,0.0003990414261352271,0.000685871056241405,0.0,1,0.0,5.0572495312868835,8748.0,False,0.0,0.000685871056241405
2024-12-20 09:40:00,7.692449435126036e-05,-0.0009138679460818366,-0.0,1,0.0,5.0572495312868835,8754.0,False,0.0,-0.0009138679460818366
2024-12-20 10:40:00,-0.0006908593932166696,-0.0027441115938714455,-0.0,1,0.0,5.0572495312868835,8746.0,False,0.0,-0.0027441115938714455
2024-12-20 11:25:00,0.0010102008236572146,-0.0006879156156844868,-0.0,1,0.0,5.0572495312868835,8722.0,False,1.0,-0.0006879156156844868
2024-12-20 14:10:00,0.0013726881006732583,0.005966039467645734,0.005966039467645734,1,1.0,5.063215570754529,8716.0,False,1.0,0.005966039467645734
2024-12-20 14:55:00,0.0008428560686297715,-0.0018248175182481452,-0.0018248175182481452,0,1.0,5.061390753236282,8768.0,False,1.0,-0.0018248175182481452
2024-12-20 21:35:00,-0.0007723203161731362,-0.014625228519195566,-0.014625228519195566,0,1.0,5.046765524717086,8752.0,False,0.0,-0.014625228519195566
2024-12-23 09:40:00,-0.00037429435178637505,0.00927643784786647,0.0,1,0.0,5.046765524717086,8624.0,False,0.0,0.00927643784786647
2024-12-23 10:40:00,0.0004583727568387985,0.0011488970588235947,0.0,1,0.0,5.046765524717086,8704.0,False,0.0,0.0011488970588235947
2024-12-23 11:25:00,0.0007466920651495457,0.0013770943309616701,0.0,1,0.0,5.046765524717086,8714.0,False,1.0,0.0013770943309616701
2024-12-23 14:10:00,0.000710326072294265,0.007334402933761197,0.007334402933761197,1,1.0,5.054099927650848,8726.0,False,1.0,0.007334402933761197
2024-12-23 14:55:00,0.0011862865649163723,-0.0015927189988623747,-0.0015927189988623747,0,1.0,5.052507208651985,8790.0,False,1.0,-0.0015927189988623747
2024-12-24 09:40:00,0.00035835328162647784,-0.0009115770282588365,-0.0009115770282588365,0,1.0,5.0515956316237265,8776.0,False,1.0,-0.0009115770282588365
2024-12-24 10:40:00,0.0012249043211340904,0.0041058394160584655,0.0041058394160584655,0,1.0,5.055701471039785,8768.0,False,1.0,0.0041058394160584655
2024-12-24 11:25:00,0.0008641975582577288,0.0027260336210812586,0.0027260336210812586,0,1.0,5.058427504660866,8804.0,False,1.0,0.0027260336210812586
2024-12-24 14:10:00,-0.001064862939529121,-0.002265518803806099,-0.002265518803806099,0,1.0,5.0561619858570594,8828.0,False,0.0,-0.002265518803806099
2024-12-24 14:55:00,-0.0015765600837767124,0.0,0.0,1,0.0,5.0561619858570594,8808.0,False,-1.0,0.0
2024-12-24 21:35:00,-0.00048415103810839355,0.002043596730245234,-0.002043596730245234,1,-1.0,5.054118389126814,8808.0,False,-1.0,0.002043596730245234
2024-12-25 09:40:00,-0.00030055356910452247,-0.007251302968502182,0.007251302968502182,0,-1.0,5.061369692095316,8826.0,False,-1.0,-0.007251302968502182
2024-12-25 10:40:00,0.0002998056006617844,-0.005249942935402929,0.005249942935402929,0,-1.0,5.066619635030719,8762.0,False,0.0,-0.005249942935402929
2024-12-25 11:25:00,0.00017094239592552185,0.00022946305644788723,0.0,1,0.0,5.066619635030719,8716.0,False,0.0,0.00022946305644788723
2024-12-25 14:10:00,-0.00019575936312321573,0.00045882083046566713,0.0,1,0.0,5.066619635030719,8718.0,False,0.0,0.00045882083046566713
2024-12-25 14:55:00,-0.0002443869598209858,-0.0016051364365970988,-0.0,1,0.0,5.066619635030719,8722.0,False,0.0,-0.0016051364365970988
2024-12-25 21:35:00,-0.0007714337552897632,-0.005052824988516336,-0.0,1,0.0,5.066619635030719,8708.0,False,-1.0,-0.005052824988516336
2024-12-26 09:40:00,-0.0007088553393259645,0.006232686980609525,-0.006232686980609525,0,-1.0,5.060386948050109,8664.0,False,-1.0,0.006232686980609525
2024-12-26 10:40:00,-0.0016282150754705071,0.0009176416609313343,-0.0009176416609313343,0,-1.0,5.059469306389177,8718.0,False,-1.0,0.0009176416609313343
2024-12-26 11:25:00,-0.0010454943403601646,0.0016044006417601508,-0.0016044006417601508,0,-1.0,5.057864905747417,8726.0,False,-1.0,0.0016044006417601508
2024-12-26 14:10:00,0.00032081364770419896,0.0,-0.0,0,-1.0,5.057864905747417,8740.0,False,0.0,0.0
2024-12-26 14:55:00,-0.000307839538436383,0.0016018306636156332,0.0,1,0.0,5.057864905747417,8740.0,False,0.0,0.0016018306636156332
2024-12-26 21:35:00,-0.000499425339512527,-0.0011423349326021848,-0.0,1,0.0,5.057864905747417,8754.0,False,-1.0,-0.0011423349326021848
2024-12-27 09:40:00,-0.0014931116020306945,0.002058554437328386,-0.002058554437328386,0,-1.0,5.055806351310089,8744.0,False,-1.0,0.002058554437328386
2024-12-27 10:40:00,-0.0008115277159959078,0.002054325496462006,-0.002054325496462006,0,-1.0,5.053752025813627,8762.0,False,-1.0,0.002054325496462006
2024-12-27 11:25:00,0.0002329213748453185,0.0036446469248292424,-0.0036446469248292424,0,-1.0,5.050107378888798,8780.0,False,0.0,0.0036446469248292424
2024-12-27 14:10:00,0.00030019631958566606,-0.0036314117113027677,-0.0,1,0.0,5.050107378888798,8812.0,False,0.0,-0.0036314117113027677
2024-12-27 14:55:00,-0.00014247384387999773,0.0018223234624146212,0.0,1,0.0,5.050107378888798,8780.0,False,0.0,0.0018223234624146212
2024-12-27 21:35:00,-7.139599620131776e-05,-0.007276034561164213,-0.0,1,0.0,5.050107378888798,8796.0,False,0.0,-0.007276034561164213
2024-12-30 09:40:00,-0.00027645708178170025,-0.0020613834173156542,-0.0,1,0.0,5.050107378888798,8732.0,False,0.0,-0.0020613834173156542
2024-12-30 10:40:00,-0.0010149219306185842,0.0057378930456737365,0.0,0,0.0,5.050107378888798,8714.0,False,-1.0,0.0057378930456737365
2024-12-30 11:25:00,-0.0009152694838121533,0.002053856686444533,-0.002053856686444533,0,-1.0,5.048053522202354,8764.0,False,-1.0,0.002053856686444533
2024-12-30 14:10:00,0.0004920896026305854,-0.0009109542245502311,0.0009109542245502311,0,-1.0,5.048964476426904,8782.0,False,0.0,-0.0009109542245502311
2024-12-30 14:55:00,-0.00014827337872702628,-0.009801686801914733,-0.0,1,0.0,5.048964476426904,8774.0,False,0.0,-0.009801686801914733
2024-12-31 09:40:00,-0.0014043190749362111,-0.003913443830570906,-0.0,1,0.0,5.048964476426904,8688.0,False,-1.0,-0.003913443830570906
2024-12-31 10:40:00,-0.0012300589587539434,0.0016177490177953224,-0.0016177490177953224,0,-1.0,5.047346727409108,8654.0,False,-1.0,0.0016177490177953224
2024-12-31 11:25:00,-0.0010288754710927606,-0.00046146746654363024,0.00046146746654363024,0,-1.0,5.0478081948756515,8668.0,False,-1.0,-0.00046146746654363024
2024-12-31 14:10:00,-0.0009303201804868877,0.0025392428439519055,-0.0025392428439519055,0,-1.0,5.0452689520317,8664.0,False,-1.0,0.0025392428439519055
2024-12-31 14:55:00,-0.0010185432620346546,-0.0023025558369790255,0.0023025558369790255,0,-1.0,5.047571507868679,8686.0,False,-1.0,-0.0023025558369790255
2024-12-31 21:35:00,-0.0014494933420792222,-0.0006923609508423523,0.0006923609508423523,0,-1.0,5.048263868819522,8666.0,False,-1.0,-0.0006923609508423523
2025-01-02 09:40:00,-0.0010521779768168926,0.013394919168591146,-0.013394919168591146,0,-1.0,5.034868949650931,8660.0,False,-1.0,0.013394919168591146
2025-01-02 10:40:00,-5.0686048780335113e-05,-0.001823154056517784,0.001823154056517784,0,-1.0,5.036692103707448,8776.0,False,-1.0,-0.001823154056517784
2025-01-02 11:25:00,0.00011483881826279685,-0.010273972602739767,0.010273972602739767,0,-1.0,5.046966076310188,8760.0,False,0.0,-0.010273972602739767
2025-01-02 14:10:00,-0.0006445507751777768,-0.016147635524798143,-0.0,1,0.0,5.046966076310188,8670.0,False,-1.0,-0.016147635524798143
2025-01-02 14:55:00,-0.0007283628219738603,-0.005627198124267263,0.005627198124267263,1,-1.0,5.0525932744344555,8530.0,False,-1.0,-0.005627198124267263
2025-01-03 09:40:00,-0.0013950802385807037,0.004480075453902277,-0.004480075453902277,0,-1.0,5.048113198980554,8482.0,False,-1.0,0.004480075453902277
2025-01-03 10:40:00,-0.0011446848511695862,-0.006338028169014076,0.006338028169014076,0,-1.0,5.054451227149568,8520.0,False,-1.0,-0.006338028169014076
2025-01-03 11:25:00,-0.000997750204987824,-0.010394519253484558,0.010394519253484558,0,-1.0,5.064845746403052,8466.0,False,-1.0,-0.010394519253484558
2025-01-03 14:10:00,-0.0002608742215670645,0.018620195750775892,-0.018620195750775892,0,-1.0,5.046225550652276,8378.0,False,-1.0,0.018620195750775892
2025-01-03 14:55:00,-1.4719846149091609e-05,0.0002343566908835637,-0.0002343566908835637,0,-1.0,5.045991193961393,8534.0,False,-1.0,0.0002343566908835637
2025-01-03 21:35:00,-0.00028294569347053766,-0.0021087160262418525,0.0021087160262418525,0,-1.0,5.048099909987634,8536.0,False,-1.0,-0.0021087160262418525
2025-01-06 09:40:00,-0.0005945942248217762,0.009626672927917301,-0.009626672927917301,0,-1.0,5.038473237059717,8518.0,False,-1.0,0.009626672927917301
2025-01-06 10:40:00,-0.0005553881637752056,0.0011627906976743319,-0.0011627906976743319,0,-1.0,5.037310446362043,8600.0,False,-1.0,0.0011627906976743319
2025-01-06 11:25:00,-0.0010733120143413544,-0.006271777003484358,0.006271777003484358,0,-1.0,5.043582223365528,8610.0,False,-1.0,-0.006271777003484358
2025-01-06 14:10:00,-0.0008788699051365256,-0.0030388031790555825,0.0030388031790555825,0,-1.0,5.046621026544583,8556.0,False,-1.0,-0.0030388031790555825
2025-01-06 14:55:00,-0.0007431636331602931,0.00398593200468933,-0.00398593200468933,0,-1.0,5.042635094539894,8530.0,False,-1.0,0.00398593200468933
2025-01-07 09:40:00,-0.000509360630530864,-0.002101821578701535,0.002101821578701535,0,-1.0,5.0447369161185955,8564.0,False,-1.0,-0.002101821578701535
2025-01-07 10:40:00,0.00010285947791999206,-0.0065527732272407935,0.0065527732272407935,0,-1.0,5.051289689345836,8546.0,False,0.0,-0.0065527732272407935
2025-01-07 11:25:00,-1.3724398741032928e-05,0.001413427561837377,0.0,1,0.0,5.051289689345836,8490.0,False,0.0,0.001413427561837377
2025-01-07 14:10:00,-0.0001981981477001682,0.01293813220418727,0.0,1,0.0,5.051289689345836,8502.0,False,0.0,0.01293813220418727
2025-01-07 14:55:00,-0.00011816483311122283,0.015095215977705578,0.0,0,0.0,5.051289689345836,8612.0,False,0.0,0.015095215977705578
2025-01-07 21:35:00,-0.0015789699973538518,-0.00846488217799135,-0.0,0,0.0,5.051289689345836,8742.0,False,-1.0,-0.00846488217799135
2025-01-08 09:40:00,-0.0014592685038223863,0.0076142131979695105,-0.0076142131979695105,0,-1.0,5.043675476147866,8668.0,False,-1.0,0.0076142131979695105
2025-01-08 10:40:00,-0.0006079331506043673,-0.001144950767116959,0.001144950767116959,0,-1.0,5.044820426914983,8734.0,False,-1.0,-0.001144950767116959
2025-01-08 11:25:00,-0.0007677562534809113,-0.0020632737276479185,0.0020632737276479185,0,-1.0,5.046883700642631,8724.0,False,-1.0,-0.0020632737276479185
2025-01-08 14:10:00,-0.001393801998347044,-0.006432345508844528,0.006432345508844528,0,-1.0,5.053316046151476,8706.0,False,-1.0,-0.006432345508844528
2025-01-08 14:55:00,-0.0007595233619213104,-0.0039306358381503426,0.0039306358381503426,0,-1.0,5.057246681989627,8650.0,False,-1.0,-0.0039306358381503426
2025-01-08 21:35:00,-0.0008255438297055662,-0.00510677808727944,0.00510677808727944,0,-1.0,5.062353460076906,8616.0,False,-1.0,-0.00510677808727944
2025-01-09 09:40:00,-0.0006240198854357004,-0.011432571161922533,0.011432571161922533,0,-1.0,5.0737860312388285,8572.0,False,-1.0,-0.011432571161922533
2025-01-09 10:40:00,-0.0008010428864508867,-0.003304224687278756,0.003304224687278756,0,-1.0,5.077090255926107,8474.0,False,-1.0,-0.003304224687278756
2025-01-09 11:25:00,-0.0006168866530060768,0.0007103954534690704,-0.0007103954534690704,0,-1.0,5.076379860472638,8446.0,False,-1.0,0.0007103954534690704
2025-01-09 14:10:00,-0.00010964444663841277,-0.0018930430667297715,0.0018930430667297715,0,-1.0,5.078272903539368,8452.0,False,-1.0,-0.0018930430667297715
2025-01-09 14:55:00,-0.00048146676272153854,-0.0007112375533427917,0.0007112375533427917,0,-1.0,5.078984141092711,8436.0,False,-1.0,-0.0007112375533427917
2025-01-09 21:35:00,-0.0006003117887303233,-0.00047449584816128265,0.00047449584816128265,0,-1.0,5.079458636940872,8430.0,False,-1.0,-0.00047449584816128265
2025-01-10 09:40:00,-0.0011184115428477526,0.00973178257773566,-0.00973178257773566,0,-1.0,5.069726854363137,8426.0,False,-1.0,0.00973178257773566
2025-01-10 10:40:00,-0.0008204846526496112,0.0009402914903620108,-0.0009402914903620108,0,-1.0,5.068786562872775,8508.0,False,-1.0,0.0009402914903620108
2025-01-10 11:25:00,0.00044411406270228326,-0.0018788163457021945,0.0018788163457021945,0,-1.0,5.070665379218477,8516.0,False,0.0,-0.0018788163457021945
2025-01-10 14:10:00,0.0003562261408660561,0.004941176470588227,0.0,1,0.0,5.070665379218477,8500.0,False,0.0,0.004941176470588227
2025-01-10 14:55:00,0.0011230409145355225,-0.0018730976352142603,-0.0,1,0.0,5.070665379218477,8542.0,False,1.0,-0.0018730976352142603
2025-01-10 21:35:00,6.978637975407764e-05,0.025334271639690265,0.025334271639690265,0,1.0,5.095999650858167,8526.0,False,1.0,0.025334271639690265
2025-01-13 09:40:00,-0.000725679739844054,0.0018302447952414092,0.0018302447952414092,0,1.0,5.097829895653408,8742.0,False,0.0,0.0018302447952414092
2025-01-13 10:40:00,-0.00028641676180996,-0.004110527517698137,-0.0,1,0.0,5.097829895653408,8758.0,False,0.0,-0.004110527517698137
2025-01-13 11:25:00,0.0009038544376380742,-0.001834441641825224,-0.0,1,0.0,5.097829895653408,8722.0,False,1.0,-0.001834441641825224
2025-01-13 14:10:00,0.0019145496189594269,0.00344589937973816,0.00344589937973816,1,1.0,5.101275795033146,8706.0,False,1.0,0.00344589937973816
2025-01-13 14:55:00,0.0006726274732500315,-0.00366300366300365,-0.00366300366300365,1,1.0,5.097612791370143,8736.0,False,1.0,-0.00366300366300365
2025-01-14 09:40:00,0.00022879336029291153,0.003446691176470562,0.003446691176470562,0,1.0,5.101059482546614,8704.0,False,1.0,0.003446691176470562
2025-01-14 10:40:00,0.0004969686269760132,0.00114495076711707,0.00114495076711707,0,1.0,5.10220443331373,8734.0,False,1.0,0.00114495076711707
2025-01-14 11:25:00,0.00018801973783411086,0.0,0.0,0,1.0,5.10220443331373,8744.0,False,1.0,0.0
2025-01-14 14:10:00,-0.0002661602629814297,0.00022872827081421576,0.00022872827081421576,0,1.0,5.102433161584544,8744.0,False,0.0,0.00022872827081421576
2025-01-14 14:55:00,-0.0001191626870422624,-0.006174251086210836,-0.0,1,0.0,5.102433161584544,8746.0,False,0.0,-0.006174251086210836
2025-01-14 21:35:00,-0.0015548036899417639,-0.0013805798435342354,-0.0,1,0.0,5.102433161584544,8692.0,False,-1.0,-0.0013805798435342354
2025-01-15 09:40:00,-0.00039636241854168475,-0.004608294930875556,0.004608294930875556,0,-1.0,5.10704145651542,8680.0,False,-1.0,-0.004608294930875556
2025-01-15 10:40:00,-0.00019657572556752712,0.003472222222222321,-0.003472222222222321,0,-1.0,5.1035692342931975,8640.0,False,-1.0,0.003472222222222321
2025-01-15 11:25:00,-0.001105604344047606,-0.0011534025374856371,0.0011534025374856371,0,-1.0,5.104722636830683,8670.0,False,-1.0,-0.0011534025374856371
2025-01-15 14:10:00,-0.0004968005232512951,-0.018475750577367167,0.018475750577367167,0,-1.0,5.12319838740805,8660.0,False,-1.0,-0.018475750577367167
2025-01-15 14:55:00,-0.0005888126906938851,-0.0014117647058823346,0.0014117647058823346,0,-1.0,5.124610152113933,8500.0,False,-1.0,-0.0014117647058823346
2025-01-15 21:35:00,-0.0012191131245344877,0.002120640904806681,-0.002120640904806681,0,-1.0,5.122489511209126,8488.0,False,-1.0,0.002120640904806681
2025-01-16 09:40:00,-0.0004271187644917518,-0.00822948506936283,0.00822948506936283,0,-1.0,5.130718996278489,8506.0,False,-1.0,-0.00822948506936283
2025-01-16 10:40:00,-0.000631469301879406,0.003793266951161778,-0.003793266951161778,0,-1.0,5.126925729327327,8436.0,False,-1.0,0.003793266951161778
2025-01-16 11:25:00,-0.0007163514965213835,-0.0030703826169107273,0.0030703826169107273,0,-1.0,5.129996111944238,8468.0,False,-1.0,-0.0030703826169107273
2025-01-16 14:10:00,-0.0003314136411063373,-0.015399194503672109,0.015399194503672109,0,-1.0,5.14539530644791,8442.0,False,-1.0,-0.015399194503672109
2025-01-16 14:55:00,0.00033544740290381014,0.004090471607314683,-0.004090471607314683,0,-1.0,5.141304834840596,8312.0,False,0.0,0.004090471607314683
2025-01-16 21:35:00,-0.0011823114473372698,-0.005271986580397847,-0.0,1,0.0,5.141304834840596,8346.0,False,-1.0,-0.005271986580397847
2025-01-17 09:40:00,-0.0012831073254346848,-0.0012045290291495814,0.0012045290291495814,1,-1.0,5.142509363869745,8302.0,False,-1.0,-0.0012045290291495814
2025-01-17 10:40:00,-0.0008457253570668399,0.004341534008682979,-0.004341534008682979,0,-1.0,5.138167829861063,8292.0,False,-1.0,0.004341534008682979
2025-01-17 11:25:00,0.00018962033209390938,-0.0028818443804035088,0.0028818443804035088,0,-1.0,5.141049674241466,8328.0,False,0.0,-0.0028818443804035088
2025-01-17 14:10:00,0.0006898786523379385,0.003853564547206201,0.0,1,0.0,5.141049674241466,8304.0,False,1.0,0.003853564547206201
2025-01-17 14:55:00,0.002058926969766617,0.006957773512475951,0.006957773512475951,1,1.0,5.148007447753942,8336.0,False,1.0,0.006957773512475951
2025-01-17 21:35:00,0.0007218981045298278,-0.0042887776983560055,-0.0042887776983560055,0,1.0,5.143718670055586,8394.0,False,1.0,-0.0042887776983560055
2025-01-20 09:40:00,0.001040324685163796,0.0019143335726250488,0.0019143335726250488,0,1.0,5.145633003628211,8358.0,False,1.0,0.0019143335726250488
2025-01-20 10:40:00,0.0012391775380820036,0.011464055409601048,0.011464055409601048,0,1.0,5.157097059037811,8374.0,False,1.0,0.011464055409601048
2025-01-20 11:25:00,0.0011063467245548964,-0.0049586776859503745,-0.0049586776859503745,0,1.0,5.152138381351861,8470.0,False,1.0,-0.0049586776859503745
2025-01-20 14:10:00,0.0013218752574175596,0.0016611295681063787,0.0016611295681063787,0,1.0,5.153799510919967,8428.0,False,1.0,0.0016611295681063787
2025-01-20 14:55:00,-0.00016383168986067176,-0.001421464108031234,-0.001421464108031234,0,1.0,5.152378046811936,8442.0,False,0.0,-0.001421464108031234
2025-01-21 09:40:00,-0.0006280403467826545,0.0016607354685647113,0.0,1,0.0,5.152378046811936,8430.0,False,-1.0,0.0016607354685647113
2025-01-21 10:40:00,0.000647835258860141,0.000710563713879786,-0.000710563713879786,1,-1.0,5.151667483098056,8444.0,False,0.0,0.000710563713879786
2025-01-21 11:25:00,0.001099220011383295,0.0007100591715976101,0.0,1,0.0,5.151667483098056,8450.0,False,1.0,0.0007100591715976101
2025-01-21 14:10:00,0.0014050607569515705,0.004730368968779652,0.004730368968779652,1,1.0,5.156397852066836,8456.0,False,1.0,0.004730368968779652
2025-01-21 14:55:00,0.0006148822139948606,-0.006120527306967993,-0.006120527306967993,0,1.0,5.150277324759868,8496.0,False,1.0,-0.006120527306967993
2025-01-21 21:35:00,8.972472278401256e-05,-0.003079109426811888,-0.003079109426811888,0,1.0,5.147198215333056,8444.0,False,1.0,-0.003079109426811888
2025-01-22 09:40:00,-0.0007360180607065558,0.0038013779995247354,0.0038013779995247354,0,1.0,5.15099959333258,8418.0,False,0.0,0.0038013779995247354
2025-01-22 10:40:00,-0.000597972481045872,-0.0014201183431952202,-0.0,1,0.0,5.15099959333258,8450.0,False,-1.0,-0.0014201183431952202
2025-01-22 11:25:00,0.00041354549466632307,-0.0030812988859919566,0.0030812988859919566,1,-1.0,5.154080892218572,8438.0,False,0.0,-0.0030812988859919566
2025-01-22 14:10:00,0.00041354549466632307,-0.001188777936281471,-0.0,1,0.0,5.154080892218572,8412.0,False,1.0,-0.001188777936281471
2025-01-22 14:55:00,0.0004244296287652105,-0.0038086169959533622,-0.0038086169959533622,1,1.0,5.150272275222619,8402.0,False,1.0,-0.0038086169959533622
2025-01-22 21:35:00,5.805251930723898e-05,-0.0026284348864994422,-0.0026284348864994422,0,1.0,5.147643840336119,8370.0,False,1.0,-0.0026284348864994422
2025-01-23 09:40:00,0.00011005716805811971,-0.0011978917105893716,-0.0011978917105893716,0,1.0,5.14644594862553,8348.0,False,1.0,-0.0011978917105893716
2025-01-23 10:40:00,-0.0005531541537493467,-0.0040777164787718645,-0.0040777164787718645,0,1.0,5.142368232146758,8338.0,False,0.0,-0.0040777164787718645
2025-01-23 11:25:00,-0.0003946505021303892,-0.0009633911368015502,-0.0,1,0.0,5.142368232146758,8304.0,False,0.0,-0.0009633911368015502
2025-01-23 14:10:00,0.0003216046025045216,-0.0038572806171649487,-0.0,1,0.0,5.142368232146758,8296.0,False,0.0,-0.0038572806171649487
2025-01-23 14:55:00,0.0003120872424915433,-0.0038722168441432947,-0.0,1,0.0,5.142368232146758,8264.0,False,0.0,-0.0038722168441432947
2025-01-23 21:35:00,8.18855914985761e-05,0.00923226433430524,0.0,1,0.0,5.142368232146758,8232.0,False,0.0,0.00923226433430524
2025-01-24 09:40:00,0.0009535903809592128,-0.005536831969186307,-0.0,0,0.0,5.142368232146758,8308.0,False,1.0,-0.005536831969186307
2025-01-24 10:40:00,3.335192013764754e-05,0.003389009924957609,0.003389009924957609,0,1.0,5.145757242071715,8262.0,False,1.0,0.003389009924957609
2025-01-24 11:25:00,-6.211803702171892e-05,0.0004825090470446103,0.0004825090470446103,0,1.0,5.14623975111876,8290.0,False,0.0,0.0004825090470446103
2025-01-24 14:10:00,-0.00034978569601662457,-0.002170243549553863,-0.0,1,0.0,5.14623975111876,8294.0,False,-1.0,-0.002170243549553863
2025-01-24 14:55:00,-0.0007826504297554493,-0.0019333011116481336,0.0019333011116481336,1,-1.0,5.148173052230407,8276.0,False,-1.0,-0.0019333011116481336
2025-01-24 21:35:00,-4.7376179281855e-06,0.0077481840193704965,-0.0077481840193704965,0,-1.0,5.140424868211037,8260.0,False,-1.0,0.0077481840193704965
2025-01-27 09:40:00,-0.00011396751506254077,0.003844305622296984,-0.003844305622296984,0,-1.0,5.1365805625887395,8324.0,False,-1.0,0.003844305622296984
2025-01-27 10:40:00,-0.0008223443874157965,0.002393489707994245,-0.002393489707994245,0,-1.0,5.134187072880746,8356.0,False,-1.0,0.002393489707994245
2025-01-27 11:25:00,-0.000474039203254506,0.002865329512893977,-0.002865329512893977,0,-1.0,5.1313217433678515,8376.0,False,-1.0,0.002865329512893977
2025-01-27 14:10:00,-0.00036094538518227637,0.0035714285714285587,-0.0035714285714285587,0,-1.0,5.1277503147964225,8400.0,False,-1.0,0.0035714285714285587
2025-01-27 14:55:00,-0.00030413150670938194,0.013048635824436605,-0.013048635824436605,0,-1.0,5.114701678971986,8430.0,False,-1.0,0.013048635824436605
2025-02-05 09:40:00,-4.414376235217787e-06,0.007025761124121788,-0.007025761124121788,0,-1.0,5.107675917847865,8540.0,False,-1.0,0.007025761124121788
2025-02-05 10:40:00,-0.00020604897872544825,-0.005116279069767415,0.005116279069767415,0,-1.0,5.112792196917632,8600.0,False,-1.0,-0.005116279069767415
2025-02-05 11:25:00,-0.00013153316103853285,-0.0030388031790555825,0.0030388031790555825,0,-1.0,5.115831000096688,8556.0,False,-1.0,-0.0030388031790555825
2025-02-05 14:10:00,-0.00016313222295138985,0.00703399765533419,-0.00703399765533419,0,-1.0,5.108797002441354,8530.0,False,-1.0,0.00703399765533419
2025-02-05 14:55:00,-0.00012908829376101494,-0.0027939464493597077,0.0027939464493597077,0,-1.0,5.111590948890713,8590.0,False,-1.0,-0.0027939464493597077
2025-02-06 09:40:00,-0.0009449414210394025,0.0018678496381041576,-0.0018678496381041576,0,-1.0,5.109723099252609,8566.0,False,-1.0,0.0018678496381041576
2025-02-06 10:40:00,-0.0005907889571972191,0.005826147751107014,-0.005826147751107014,0,-1.0,5.103896951501501,8582.0,False,-1.0,0.005826147751107014
2025-02-06 11:25:00,0.0003678383363876492,0.008572752548656082,-0.008572752548656082,0,-1.0,5.095324198952845,8632.0,False,0.0,0.008572752548656082
2025-02-06 14:10:00,-0.0010313685052096844,0.0032161727544222085,0.0,1,0.0,5.095324198952845,8706.0,False,-1.0,0.0032161727544222085
2025-02-06 14:55:00,0.00039813696639612317,-0.0048087932218914275,0.0048087932218914275,1,-1.0,5.1001329921747365,8734.0,False,0.0,-0.0048087932218914275
2025-02-06 21:35:00,0.00037751527270302176,0.0025310630464794315,0.0,1,0.0,5.1001329921747365,8692.0,False,1.0,0.0025310630464794315
2025-02-07 09:40:00,0.00043785624438896775,0.0057378930456737365,0.0057378930456737365,1,1.0,5.10587088522041,8714.0,False,1.0,0.0057378930456737365
2025-02-07 10:40:00,0.00039738562190905213,0.0038795070743953275,0.0038795070743953275,0,1.0,5.1097503922948055,8764.0,False,1.0,0.0038795070743953275
2025-02-07 11:25:00,0.0011834509205073118,0.0006819731757217173,0.0006819731757217173,0,1.0,5.110432365470527,8798.0,False,1.0,0.0006819731757217173
2025-02-07 14:10:00,0.0009781697299331427,0.006587914584279764,0.006587914584279764,0,1.0,5.117020280054807,8804.0,False,1.0,0.006587914584279764
2025-02-07 14:55:00,0.0013407616643235087,0.0027081922816520887,0.0027081922816520887,0,1.0,5.119728472336459,8862.0,False,1.0,0.0027081922816520887
2025-02-07 21:35:00,0.0006125537911430001,0.004051316677920358,0.004051316677920358,0,1.0,5.12377978901438,8886.0,False,1.0,0.004051316677920358
2025-02-10 09:40:00,0.0005160255241207778,-0.0020174848688634395,-0.0020174848688634395,0,1.0,5.121762304145516,8922.0,False,1.0,-0.0020174848688634395
2025-02-10 10:40:00,0.0009309386950917542,0.002246181491464494,0.002246181491464494,0,1.0,5.124008485636981,8904.0,False,1.0,0.002246181491464494
2025-02-10 11:25:00,0.0004758201539516449,-0.0022411474675033682,-0.0022411474675033682,0,1.0,5.1217673381694775,8924.0,False,1.0,-0.0022411474675033682
2025-02-10 14:10:00,0.0001360964379273355,0.006064690026954089,0.006064690026954089,0,1.0,5.127832028196432,8904.0,False,1.0,0.006064690026954089
2025-02-10 14:55:00,0.0009821861749514937,0.008037508372404467,0.008037508372404467,0,1.0,5.135869536568836,8958.0,False,1.0,0.008037508372404467
2025-02-11 09:40:00,0.0010603283299133182,0.008416389811738645,0.008416389811738645,0,1.0,5.144285926380575,9030.0,False,1.0,0.008416389811738645
2025-02-11 10:40:00,0.0012638921616598964,-0.0048319789150010894,-0.0048319789150010894,0,1.0,5.139453947465574,9106.0,False,1.0,-0.0048319789150010894
2025-02-11 11:25:00,0.0013526045950129628,-0.0008828073273008386,-0.0008828073273008386,0,1.0,5.138571140138273,9062.0,False,1.0,-0.0008828073273008386
2025-02-11 14:10:00,0.0013942968798801303,0.000883587364700622,0.000883587364700622,0,1.0,5.139454727502974,9054.0,False,1.0,0.000883587364700622
2025-02-11 14:55:00,0.0007947642006911337,0.0013242109909512578,0.0013242109909512578,0,1.0,5.140778938493925,9062.0,False,1.0,0.0013242109909512578
2025-02-11 21:35:00,0.00038319057784974575,0.003967379325545473,0.003967379325545473,0,1.0,5.144746317819471,9074.0,False,1.0,0.003967379325545473
2025-02-12 09:40:00,3.150022530462593e-05,0.0024149286498353906,0.0024149286498353906,0,1.0,5.147161246469306,9110.0,False,1.0,0.0024149286498353906
2025-02-12 10:40:00,0.0015594462165609002,0.005475251861585706,0.005475251861585706,0,1.0,5.152636498330891,9132.0,False,1.0,0.005475251861585706
2025-02-12 11:25:00,0.00173656246624887,-0.0019603572206491338,-0.0019603572206491338,0,1.0,5.150676141110242,9182.0,False,1.0,-0.0019603572206491338
2025-02-12 14:10:00,0.0015776862856000662,0.005456132693147042,0.005456132693147042,0,1.0,5.156132273803389,9164.0,False,1.0,0.005456132693147042
2025-02-12 14:55:00,0.0008713083225302398,-0.006077707835901891,-0.006077707835901891,0,1.0,5.150054565967487,9214.0,False,1.0,-0.006077707835901891
2025-02-12 21:35:00,-0.0005162102752365172,-0.0010919414719371412,-0.0010919414719371412,0,1.0,5.1489626244955495,9158.0,False,0.0,-0.0010919414719371412
2025-02-13 09:40:00,0.0007936150068417192,-0.008745080891998214,-0.0,1,0.0,5.1489626244955495,9148.0,False,1.0,-0.008745080891998214
2025-02-13 10:40:00,0.0005717846797779202,-0.002205558006175612,-0.002205558006175612,1,1.0,5.146757066489374,9068.0,False,1.0,-0.002205558006175612
2025-02-13 11:25:00,0.000496522116009146,-0.008178603006189222,-0.008178603006189222,0,1.0,5.138578463483185,9048.0,False,1.0,-0.008178603006189222
2025-02-13 14:10:00,0.0011548203183338046,-0.0033429908624916793,-0.0033429908624916793,0,1.0,5.1352354726206935,8974.0,False,1.0,-0.0033429908624916793
2025-02-13 14:55:00,0.0001656828389968723,0.00022361359570655104,0.00022361359570655104,0,1.0,5.1354590862164,8944.0,False,1.0,0.00022361359570655104
2025-02-13 21:35:00,-0.00019371432426851243,0.0046948356807512415,0.0046948356807512415,0,1.0,5.140153921897151,8946.0,False,0.0,0.0046948356807512415
2025-02-14 09:40:00,-0.00042473338544368744,0.009790832220738732,0.0,1,0.0,5.140153921897151,8988.0,False,-1.0,0.009790832220738732
2025-02-14 10:40:00,-0.00047345785424113274,-0.006390480387836073,0.006390480387836073,1,-1.0,5.146544402284987,9076.0,False,-1.0,-0.006390480387836073
2025-02-14 11:25:00,0.0006315127830021083,0.0017742293191393976,-0.0017742293191393976,0,-1.0,5.144770172965847,9018.0,False,0.0,0.0017742293191393976
2025-02-14 14:10:00,0.0002634861448314041,0.004649103387203812,0.0,1,0.0,5.144770172965847,9034.0,False,0.0,0.004649103387203812
2025-02-14 14:55:00,0.0009431078215129673,-0.00022036139268399868,-0.0,1,0.0,5.144770172965847,9076.0,False,1.0,-0.00022036139268399868
2025-02-14 21:35:00,-5.8473793615121394e-05,-0.0026449195503637224,-0.0026449195503637224,0,1.0,5.142125253415483,9074.0,False,0.0,-0.0026449195503637224
2025-02-17 09:40:00,-0.0006724611739628017,-0.001988950276243129,-0.0,1,0.0,5.142125253415483,9050.0,False,-1.0,-0.001988950276243129
2025-02-17 10:40:00,0.00011765339877456427,-0.0050930026572187925,0.0050930026572187925,1,-1.0,5.147218256072702,9032.0,False,0.0,-0.0050930026572187925
2025-02-17 11:25:00,-0.0006670799921266735,0.003783663476518928,0.0,1,0.0,5.147218256072702,8986.0,False,-1.0,0.003783663476518928
2025-02-17 14:10:00,-0.00036920252023264766,0.0011086474501109667,-0.0011086474501109667,1,-1.0,5.1461096086225915,9020.0,False,-1.0,0.0011086474501109667
2025-02-17 14:55:00,0.0003224537940695882,0.0026578073089700283,-0.0026578073089700283,0,-1.0,5.1434518013136215,9030.0,False,0.0,0.0026578073089700283
2025-02-18 09:40:00,-0.0009152837446890771,-0.0037552462999779213,-0.0,1,0.0,5.1434518013136215,9054.0,False,-1.0,-0.0037552462999779213
2025-02-18 10:40:00,-0.001123975613154471,0.00066518847006658,-0.00066518847006658,1,-1.0,5.142786612843555,9020.0,False,-1.0,0.00066518847006658
2025-02-18 11:25:00,-0.0008143389131873846,-0.001329492576999769,0.001329492576999769,0,-1.0,5.144116105420554,9026.0,False,-1.0,-0.001329492576999769
2025-02-18 14:10:00,-3.150841439492069e-05,0.0008875083203905287,-0.0008875083203905287,0,-1.0,5.143228597100164,9014.0,False,-1.0,0.0008875083203905287
2025-02-18 14:55:00,-0.0006128937238827348,-0.0013300820217246878,0.0013300820217246878,0,-1.0,5.1445586791218885,9022.0,False,-1.0,-0.0013300820217246878
2025-02-18 21:35:00,-0.0006474778056144714,0.012430632630410665,-0.012430632630410665,0,-1.0,5.132128046491478,9010.0,False,-1.0,0.012430632630410665
2025-02-19 09:40:00,-0.0005292578134685755,0.0030695023021267698,-0.0030695023021267698,0,-1.0,5.129058544189351,9122.0,False,-1.0,0.0030695023021267698
2025-02-19 10:40:00,-0.0006659053033217788,0.0024043715846995273,-0.0024043715846995273,0,-1.0,5.126654172604652,9150.0,False,-1.0,0.0024043715846995273
2025-02-19 11:25:00,0.00030494085513055325,-0.0008722197993894509,0.0008722197993894509,0,-1.0,5.127526392404041,9172.0,False,0.0,-0.0008722197993894509
2025-02-19 14:10:00,0.00019227129814680666,0.0026189436927106513,0.0,1,0.0,5.127526392404041,9164.0,False,0.0,0.0026189436927106513
2025-02-19 14:55:00,-6.487030623247847e-05,-0.0004353504571179556,-0.0,1,0.0,5.127526392404041,9188.0,False,0.0,-0.0004353504571179556
2025-02-19 21:35:00,0.0003346201847307384,0.003919860627177751,0.0,1,0.0,5.127526392404041,9184.0,False,0.0,0.003919860627177751
2025-02-20 09:40:00,-0.00023704544582869858,0.002169197396963085,0.0,1,0.0,5.127526392404041,9220.0,False,0.0,0.002169197396963085
2025-02-20 10:40:00,0.0002642077160999179,0.007359307359307454,0.0,1,0.0,5.127526392404041,9240.0,False,0.0,0.007359307359307454
2025-02-20 11:25:00,0.0011426681885495782,0.003437902879243726,0.0,1,0.0,5.127526392404041,9308.0,False,1.0,0.003437902879243726
2025-02-20 14:10:00,-0.0003998287138529122,0.00021413276231263545,0.00021413276231263545,0,1.0,5.127740525166354,9340.0,False,0.0,0.00021413276231263545
2025-02-20 14:55:00,0.0003277237992733717,0.0023549561121816165,0.0,1,0.0,5.127740525166354,9342.0,False,0.0,0.0023549561121816165
2025-02-20 21:35:00,-0.0001367537770420313,0.004485262708244342,0.0,1,0.0,5.127740525166354,9364.0,False,0.0,0.004485262708244342
2025-02-21 09:40:00,-0.00019787679775618017,0.00106315118009781,0.0,1,0.0,5.127740525166354,9406.0,False,0.0,0.00106315118009781
2025-02-21 10:40:00,0.00033009564504027367,0.00042480883602369346,0.0,1,0.0,5.127740525166354,9416.0,False,1.0,0.00042480883602369346
2025-02-21 11:25:00,-0.00010348201612941921,0.000424628450106157,0.000424628450106157,1,1.0,5.12816515361646,9420.0,False,0.0,0.000424628450106157
2025-02-21 14:10:00,-0.00018018837727140635,-0.0023344651952461604,-0.0,1,0.0,5.12816515361646,9424.0,False,0.0,-0.0023344651952461604
2025-02-21 14:55:00,-0.001502004568465054,-0.004892576047649477,-0.0,0,0.0,5.12816515361646,9402.0,False,-1.0,-0.004892576047649477
2025-02-21 21:35:00,-0.001657349755987525,-0.006626763574177019,0.006626763574177019,0,-1.0,5.134791917190637,9356.0,False,-1.0,-0.006626763574177019
2025-02-24 09:40:00,-0.00028573384042829275,-0.006670970518614205,0.006670970518614205,0,-1.0,5.141462887709252,9294.0,False,-1.0,-0.006670970518614205
2025-02-24 10:40:00,-0.00036764383548870683,0.00021663778162905878,-0.00021663778162905878,0,-1.0,5.141246249927622,9232.0,False,-1.0,0.00021663778162905878
2025-02-24 11:25:00,-0.0014289001701399684,-0.0036820446177171506,0.0036820446177171506,0,-1.0,5.144928294545339,9234.0,False,-1.0,-0.0036820446177171506
2025-02-24 14:10:00,-0.001052419887855649,0.004347826086956497,-0.004347826086956497,0,-1.0,5.140580468458383,9200.0,False,-1.0,0.004347826086956497
2025-02-24 14:55:00,-0.0009988622041419148,-0.008658008658008698,0.008658008658008698,0,-1.0,5.149238477116392,9240.0,False,-1.0,-0.008658008658008698
2025-02-25 09:40:00,-0.0014532004715874791,0.0010917030567685337,-0.0010917030567685337,0,-1.0,5.148146774059624,9160.0,False,-1.0,0.0010917030567685337
2025-02-25 10:40:00,-0.00040687265573069453,0.006979280261723009,-0.006979280261723009,0,-1.0,5.1411674937979015,9170.0,False,-1.0,0.006979280261723009
2025-02-25 11:25:00,-0.00029256008565425873,0.006497725795971521,-0.006497725795971521,0,-1.0,5.13466976800193,9234.0,False,-1.0,0.006497725795971521
2025-02-25 14:10:00,-0.0005923844873905182,-0.0012911555842478606,0.0012911555842478606,0,-1.0,5.135960923586178,9294.0,False,-1.0,-0.0012911555842478606
2025-02-25 14:55:00,-0.0010905649978667498,-0.00948071536306827,0.00948071536306827,0,-1.0,5.145441638949246,9282.0,False,-1.0,-0.00948071536306827
2025-02-25 21:35:00,-0.0006481716991402209,-0.0026103980857080655,0.0026103980857080655,0,-1.0,5.1480520370349545,9194.0,False,-1.0,-0.0026103980857080655
2025-02-26 09:40:00,-0.0005951279890723526,-0.0010905125408942062,0.0010905125408942062,0,-1.0,5.149142549575849,9170.0,False,-1.0,-0.0010905125408942062
2025-02-26 10:40:00,-0.0009675867040641606,0.003493449781659441,-0.003493449781659441,0,-1.0,5.1456490997941895,9160.0,False,-1.0,0.003493449781659441
2025-02-26 11:25:00,-0.00047284847823902965,-0.001523063533507396,0.001523063533507396,0,-1.0,5.147172163327697,9192.0,False,-1.0,-0.001523063533507396
2025-02-26 14:10:00,-5.909242827328853e-05,0.0032686859882327113,-0.0032686859882327113,0,-1.0,5.143903477339464,9178.0,False,-1.0,0.0032686859882327113
2025-02-26 14:55:00,0.0001649462355999276,0.0006516072980018439,-0.0006516072980018439,0,-1.0,5.143251870041462,9208.0,False,0.0,0.0006516072980018439
2025-02-26 21:35:00,-0.0011292209383100271,-0.006511829824180637,-0.0,1,0.0,5.143251870041462,9214.0,False,-1.0,-0.006511829824180637
2025-02-27 09:40:00,-0.00018503243336454034,-0.006336027965916591,0.006336027965916591,1,-1.0,5.149587898007379,9154.0,False,-1.0,-0.006336027965916591
2025-02-27 10:40:00,-0.00044510484440252185,-0.004837291116974507,0.004837291116974507,0,-1.0,5.154425189124353,9096.0,False,-1.0,-0.004837291116974507
2025-02-27 11:25:00,-0.0009427759796380997,-0.00044189129474148103,0.00044189129474148103,0,-1.0,5.154867080419095,9052.0,False,-1.0,-0.00044189129474148103
2025-02-27 14:10:00,-0.0002927821478806436,0.0026525198938991412,-0.0026525198938991412,0,-1.0,5.152214560525196,9048.0,False,-1.0,0.0026525198938991412
2025-02-27 14:55:00,-0.0008420010562986135,0.001322751322751392,-0.001322751322751392,0,-1.0,5.150891809202444,9072.0,False,-1.0,0.001322751322751392
2025-02-27 21:35:00,-0.0004944498068653047,0.0011008366358431498,-0.0011008366358431498,0,-1.0,5.149790972566601,9084.0,False,-1.0,0.0011008366358431498
2025-02-28 09:40:00,-0.00018072669627144933,-0.0013195513525401381,0.0013195513525401381,0,-1.0,5.151110523919141,9094.0,False,-1.0,-0.0013195513525401381
2025-02-28 10:40:00,-0.0003876672126352787,-0.0037436687954195413,0.0037436687954195413,0,-1.0,5.154854192714561,9082.0,False,-1.0,-0.0037436687954195413
2025-02-28 11:25:00,-0.00016003647760953754,0.0017683465959328348,-0.0017683465959328348,0,-1.0,5.153085846118628,9048.0,False,-1.0,0.0017683465959328348
2025-02-28 14:10:00,0.00029725837521255016,0.003309796999117376,-0.003309796999117376,0,-1.0,5.149776049119511,9064.0,False,0.0,0.003309796999117376
2025-02-28 14:55:00,0.00028075947193428874,0.005058280184737196,0.0,1,0.0,5.149776049119511,9094.0,False,0.0,0.005058280184737196
2025-02-28 21:35:00,-0.0001401283370796591,-0.008752735229759279,-0.0,1,0.0,5.149776049119511,9140.0,False,0.0,-0.008752735229759279
2025-03-03 09:40:00,0.00010625445429468527,0.001103752759381793,0.0,1,0.0,5.149776049119511,9060.0,False,0.0,0.001103752759381793
2025-03-03 10:40:00,-0.0006154034635983407,0.003969128996692328,0.0,1,0.0,5.149776049119511,9070.0,False,-1.0,0.003969128996692328
2025-03-03 11:25:00,-0.0008405435946770012,-0.007906874588183621,0.007906874588183621,1,-1.0,5.157682923707695,9106.0,False,-1.0,-0.007906874588183621
2025-03-03 14:10:00,-5.3826031944481656e-05,-0.0002213858755811815,0.0002213858755811815,1,-1.0,5.157904309583276,9034.0,False,-1.0,-0.0002213858755811815
2025-03-03 14:55:00,-8.625798363937065e-05,-0.0006643046944198039,0.0006643046944198039,0,-1.0,5.158568614277695,9032.0,False,-1.0,-0.0006643046944198039
2025-03-04 09:40:00,-0.00023268388758879155,-0.018612896077996877,0.018612896077996877,0,-1.0,5.177181510355692,9026.0,False,-1.0,-0.018612896077996877
2025-03-04 10:40:00,-0.0008118848199956119,-0.0027094152178821496,0.0027094152178821496,0,-1.0,5.179890925573574,8858.0,False,-1.0,-0.0027094152178821496
2025-03-04 11:25:00,-0.0011754605220630765,0.0,-0.0,0,-1.0,5.179890925573574,8834.0,False,-1.0,0.0
2025-03-04 14:10:00,-0.00018607592210173607,-0.004301562146253102,0.004301562146253102,0,-1.0,5.184192487719827,8834.0,False,-1.0,-0.004301562146253102
2025-03-04 14:55:00,-0.0013640359975397587,0.0011368804001818944,-0.0011368804001818944,0,-1.0,5.183055607319645,8796.0,False,-1.0,0.0011368804001818944
2025-03-04 21:35:00,-0.0006945069180801511,-0.0031796502384737746,0.0031796502384737746,0,-1.0,5.186235257558119,8806.0,False,-1.0,-0.0031796502384737746
2025-03-05 09:40:00,-0.0014618700370192528,-0.00022784233310546576,0.00022784233310546576,0,-1.0,5.186463099891224,8778.0,False,-1.0,-0.00022784233310546576
2025-03-05 10:40:00,-0.0008748758700676262,0.001823154056517673,-0.001823154056517673,0,-1.0,5.184639945834706,8776.0,False,-1.0,0.001823154056517673
2025-03-05 11:25:00,4.738212373922579e-05,0.0,-0.0,0,-1.0,5.184639945834706,8792.0,False,0.0,0.0
2025-03-05 14:10:00,-5.164137837709859e-05,0.0011373976342128334,0.0,1,0.0,5.184639945834706,8792.0,False,0.0,0.0011373976342128334
2025-03-05 14:55:00,-0.0001762285828590393,0.0,0.0,1,0.0,5.184639945834706,8802.0,False,0.0,0.0
2025-03-05 21:35:00,-0.000464724435005337,-0.0027266530334014716,-0.0,0,0.0,5.184639945834706,8802.0,False,-1.0,-0.0027266530334014716
2025-03-06 09:40:00,7.384768105112016e-05,0.006379585326953707,-0.006379585326953707,0,-1.0,5.178260360507752,8778.0,False,0.0,0.006379585326953707
2025-03-06 10:40:00,0.0009097206057049334,0.004301562146253213,0.0,1,0.0,5.178260360507752,8834.0,False,1.0,0.004301562146253213
2025-03-06 11:25:00,0.0008908298914320767,-0.002479711451758293,-0.002479711451758293,1,1.0,5.175780649055994,8872.0,False,1.0,-0.002479711451758293
2025-03-06 14:10:00,0.00042196011054329574,0.002259887005649608,0.002259887005649608,0,1.0,5.178040536061644,8850.0,False,1.0,0.002259887005649608
2025-03-06 14:55:00,0.0009367151069454849,0.011273957158962844,0.011273957158962844,0,1.0,5.189314493220607,8870.0,False,1.0,0.011273957158962844
2025-03-06 21:35:00,0.00032315801945514977,0.0013377926421405117,0.0013377926421405117,0,1.0,5.190652285862748,8970.0,False,1.0,0.0013377926421405117
2025-03-07 09:40:00,0.0009157935855910182,-0.00022266755733690857,-0.00022266755733690857,0,1.0,5.19042961830541,8982.0,False,1.0,-0.00022266755733690857
2025-03-07 10:40:00,0.0005684277857653797,-0.002004454342984463,-0.002004454342984463,0,1.0,5.188425163962426,8980.0,False,1.0,-0.002004454342984463
2025-03-07 11:25:00,0.0009317129733972251,0.004240124972104464,0.004240124972104464,0,1.0,5.192665288934531,8962.0,False,1.0,0.004240124972104464
2025-03-07 14:10:00,0.0011182568268850446,0.0022222222222221255,0.0022222222222221255,0,1.0,5.194887511156754,9000.0,False,1.0,0.0022222222222221255
2025-03-07 14:55:00,0.0007422509370371699,0.009534368070953425,0.009534368070953425,0,1.0,5.2044218792277075,9020.0,False,1.0,0.009534368070953425
2025-03-07 21:35:00,-5.708124444936402e-05,0.017131561607731216,0.017131561607731216,0,1.0,5.2215534408354385,9106.0,False,0.0,0.017131561607731216
2025-03-10 09:40:00,-0.0004820684844162315,-0.004750593824228044,-0.0,1,0.0,5.2215534408354385,9262.0,False,-1.0,-0.004750593824228044
2025-03-10 10:40:00,-0.0008064884459599853,-0.0002169668040790107,0.0002169668040790107,1,-1.0,5.221770407639518,9218.0,False,-1.0,-0.0002169668040790107
2025-03-10 11:25:00,-0.0008830663282424212,-0.00846354166666663,0.00846354166666663,0,-1.0,5.230233949306185,9216.0,False,-1.0,-0.00846354166666663
2025-03-10 14:10:00,0.00032250542426481843,-0.00700372072663602,0.00700372072663602,0,-1.0,5.237237670032821,9138.0,False,0.0,-0.00700372072663602
2025-03-10 14:55:00,-0.0013203795533627272,-0.008595988538681931,-0.0,1,0.0,5.237237670032821,9074.0,False,-1.0,-0.008595988538681931
2025-03-11 09:40:00,-0.002115986542776227,-0.006002667852378796,0.006002667852378796,1,-1.0,5.243240337885199,8996.0,False,-1.0,-0.006002667852378796
2025-03-11 10:40:00,-0.0014313508290797472,-0.003354954148959921,0.003354954148959921,0,-1.0,5.246595292034159,8942.0,False,-1.0,-0.003354954148959921
2025-03-11 11:25:00,-0.0019857101142406464,0.00022441651705573662,-0.00022441651705573662,0,-1.0,5.246370875517103,8912.0,False,-1.0,0.00022441651705573662
2025-03-11 14:10:00,-0.0018496696138754487,-0.0008974646623288729,0.0008974646623288729,0,-1.0,5.247268340179432,8914.0,False,-1.0,-0.0008974646623288729
2025-03-11 14:55:00,-0.0013129987055435777,0.0031439479002919324,-0.0031439479002919324,0,-1.0,5.24412439227914,8906.0,False,-1.0,0.0031439479002919324
2025-03-11 21:35:00,-0.0013790199300274253,0.000671591672263272,-0.000671591672263272,0,-1.0,5.243452800606876,8934.0,False,-1.0,0.000671591672263272
2025-03-12 09:40:00,-0.0019936105236411095,0.0051454138702460295,-0.0051454138702460295,0,-1.0,5.23830738673663,8940.0,False,-1.0,0.0051454138702460295
2025-03-12 10:40:00,-0.0019400232704356313,-0.00044513687959046866,0.00044513687959046866,0,-1.0,5.2387525236162205,8986.0,False,-1.0,-0.00044513687959046866
2025-03-12 11:25:00,-0.0008335214806720614,0.0033400133600534065,-0.0033400133600534065,0,-1.0,5.235412510256167,8982.0,False,-1.0,0.0033400133600534065
2025-03-12 14:10:00,-0.0008098017424345016,0.005992010652463353,-0.005992010652463353,0,-1.0,5.2294204996037035,9012.0,False,-1.0,0.005992010652463353
2025-03-12 14:55:00,-0.0004198022361379117,-0.0033090668431502435,0.0033090668431502435,0,-1.0,5.232729566446854,9066.0,False,-1.0,-0.0033090668431502435
2025-03-12 21:35:00,-0.0005467432201839983,-0.003098716246126565,0.003098716246126565,0,-1.0,5.235828282692981,9036.0,False,-1.0,-0.003098716246126565
2025-03-13 09:40:00,-0.0005298912874422967,-0.001998223801065735,0.001998223801065735,0,-1.0,5.237826506494047,9008.0,False,-1.0,-0.001998223801065735
2025-03-13 10:40:00,0.0003460989973973483,0.00711902113459395,-0.00711902113459395,0,-1.0,5.230707485359453,8990.0,False,0.0,0.00711902113459395
2025-03-13 11:25:00,0.0003700124507304281,0.002429865252926877,0.0,1,0.0,5.230707485359453,9054.0,False,0.0,0.002429865252926877
2025-03-13 14:10:00,-0.00015944233746267855,0.0037461436756280886,0.0,1,0.0,5.230707485359453,9076.0,False,0.0,0.0037461436756280886
2025-03-13 14:55:00,0.000653264403808862,-0.002634467618002234,-0.0,1,0.0,5.230707485359453,9110.0,False,1.0,-0.002634467618002234
2025-03-13 21:35:00,3.4683362173382193e-06,-0.0011005943209333457,-0.0011005943209333457,1,1.0,5.22960689103852,9086.0,False,1.0,-0.0011005943209333457
2025-03-14 09:40:00,0.00018557882867753506,-0.002644336712207984,-0.002644336712207984,0,1.0,5.226962554326311,9076.0,False,1.0,-0.002644336712207984
2025-03-14 10:40:00,-0.00018470879876986146,-0.0008837825894829621,-0.0008837825894829621,0,1.0,5.226078771736828,9052.0,False,0.0,-0.0008837825894829621
2025-03-14 11:25:00,2.1234145606285892e-05,0.006191950464396356,0.0,1,0.0,5.226078771736828,9044.0,False,0.0,0.006191950464396356
2025-03-14 14:10:00,0.00023820187197998166,0.0017582417582417964,0.0,1,0.0,5.226078771736828,9100.0,False,0.0,0.0017582417582417964
2025-03-14 14:55:00,0.00011870862363139167,0.000877577885037395,0.0,0,0.0,5.226078771736828,9116.0,False,0.0,0.000877577885037395
2025-03-14 21:35:00,-0.0005196476704441011,0.0024112231477422252,0.0,0,0.0,5.226078771736828,9124.0,False,-1.0,0.0024112231477422252
2025-03-17 09:40:00,-0.00025090944836847484,-0.0063415700852831325,0.0063415700852831325,1,-1.0,5.232420341822111,9146.0,False,-1.0,-0.0063415700852831325
2025-03-17 10:40:00,-0.0005386442644521594,0.004841549295774739,-0.004841549295774739,1,-1.0,5.227578792526336,9088.0,False,-1.0,0.004841549295774739
2025-03-17 11:25:00,-0.0016340033616870642,-0.003942181340341633,0.003942181340341633,0,-1.0,5.231520973866678,9132.0,False,-1.0,-0.003942181340341633
2025-03-17 14:10:00,0.00023987647728063166,-0.008355321020228623,0.008355321020228623,0,-1.0,5.239876294886907,9096.0,False,0.0,-0.008355321020228623
2025-03-17 14:55:00,-0.0010689443442970514,-0.00421286031042134,-0.0,1,0.0,5.239876294886907,9020.0,False,-1.0,-0.00421286031042134
2025-03-18 09:40:00,-0.0013816740829497576,0.002004008016031955,-0.002004008016031955,1,-1.0,5.237872286870875,8982.0,False,-1.0,0.002004008016031955
2025-03-18 10:40:00,-0.0011202809400856495,0.0011111111111110628,-0.0011111111111110628,0,-1.0,5.236761175759764,9000.0,False,-1.0,0.0011111111111110628
2025-03-18 11:25:00,-4.4852156861452386e-05,-0.003995560488346261,0.003995560488346261,0,-1.0,5.24075673624811,9010.0,False,-1.0,-0.003995560488346261
2025-03-18 14:10:00,-0.0002568394993431866,-0.001782928459995503,0.001782928459995503,0,-1.0,5.242539664708105,8974.0,False,-1.0,-0.001782928459995503
2025-03-18 14:55:00,-0.0007560905651189387,0.016744809109176195,-0.016744809109176195,0,-1.0,5.225794855598929,8958.0,False,-1.0,0.016744809109176195
2025-03-18 21:35:00,-0.0010332901729270816,0.0,-0.0,0,-1.0,5.225794855598929,9108.0,False,-1.0,0.0
2025-03-19 09:40:00,-0.0003721885441336781,0.0015371102327623731,-0.0015371102327623731,0,-1.0,5.224257745366167,9108.0,False,-1.0,0.0015371102327623731
2025-03-19 10:40:00,-0.000896346929948777,-0.0021925016443762324,0.0021925016443762324,0,-1.0,5.226450247010543,9122.0,False,-1.0,-0.0021925016443762324
2025-03-19 11:25:00,-0.0006784472498111427,-0.0017578554163919513,0.0017578554163919513,0,-1.0,5.228208102426935,9102.0,False,-1.0,-0.0017578554163919513
2025-03-19 14:10:00,-0.00010160444071516395,-0.005943209333039823,0.005943209333039823,0,-1.0,5.234151311759975,9086.0,False,-1.0,-0.005943209333039823
2025-03-19 14:55:00,-0.0006231096922419965,-0.009964570416297613,0.009964570416297613,0,-1.0,5.244115882176272,9032.0,False,-1.0,-0.009964570416297613
2025-03-19 21:35:00,-0.000417699251556769,0.004920599418474669,-0.004920599418474669,0,-1.0,5.239195282757798,8942.0,False,-1.0,0.004920599418474669
2025-03-20 09:40:00,-0.0008477126248180866,0.008902737591809373,-0.008902737591809373,0,-1.0,5.230292545165989,8986.0,False,-1.0,0.008902737591809373
2025-03-20 10:40:00,-5.609010622720234e-05,0.0046326935804104075,-0.0046326935804104075,0,-1.0,5.225659851585579,9066.0,False,-1.0,0.0046326935804104075
2025-03-20 11:25:00,0.0005375324981287122,0.0032938076416337836,-0.0032938076416337836,0,-1.0,5.222366043943945,9108.0,False,0.0,0.0032938076416337836
2025-03-20 14:10:00,6.867930642329156e-05,-0.00021886627270739645,-0.0,1,0.0,5.222366043943945,9138.0,False,0.0,-0.00021886627270739645
2025-03-20 14:55:00,-0.000707730941940099,0.0010945709281962035,0.0,1,0.0,5.222366043943945,9136.0,False,-1.0,0.0010945709281962035
2025-03-20 21:35:00,-0.001005643862299621,-0.002186748305270103,0.002186748305270103,1,-1.0,5.224552792249216,9146.0,False,-1.0,-0.002186748305270103
2025-03-21 09:40:00,-7.483167428290471e-05,-0.0032873109796186517,0.0032873109796186517,1,-1.0,5.227840103228834,9126.0,False,-1.0,-0.0032873109796186517
2025-03-21 10:40:00,7.61402043281123e-05,-0.005496921723834647,0.005496921723834647,0,-1.0,5.233337024952669,9096.0,False,0.0,-0.005496921723834647
2025-03-21 11:25:00,0.00012699075159616768,0.0022109219544550474,0.0,1,0.0,5.233337024952669,9046.0,False,0.0,0.0022109219544550474
2025-03-21 14:10:00,0.0007664786535315216,0.002867857930730189,0.0,1,0.0,5.233337024952669,9066.0,False,1.0,0.002867857930730189
2025-03-21 14:55:00,-0.00028858325094915926,-0.0006599208095028342,-0.0006599208095028342,0,1.0,5.232677104143166,9092.0,False,0.0,-0.0006599208095028342
2025-03-21 21:35:00,-0.0015927839558571577,-0.007484041382346485,-0.0,1,0.0,5.232677104143166,9086.0,False,-1.0,-0.007484041382346485
2025-03-24 09:40:00,-0.0008033132762648165,-0.0015524506542470284,0.0015524506542470284,1,-1.0,5.2342295547974125,9018.0,False,-1.0,-0.0015524506542470284
2025-03-24 10:40:00,-0.0010881308699026704,-0.0026654820079964336,0.0026654820079964336,0,-1.0,5.236895036805409,9004.0,False,-1.0,-0.0026654820079964336
2025-03-24 11:25:00,-0.001827100059017539,0.0015590200445434466,-0.0015590200445434466,0,-1.0,5.235336016760866,8980.0,False,-1.0,0.0015590200445434466
2025-03-24 14:10:00,-0.0007153347251005471,-0.0026684456304202353,0.0026684456304202353,0,-1.0,5.238004462391286,8994.0,False,-1.0,-0.0026684456304202353
2025-03-24 14:55:00,-0.0016651186160743237,0.004905239687848395,-0.004905239687848395,0,-1.0,5.233099222703438,8970.0,False,-1.0,0.004905239687848395
2025-03-25 09:40:00,-0.001522083068266511,0.003993787441757268,-0.003993787441757268,0,-1.0,5.229105435261681,9014.0,False,-1.0,0.003993787441757268
2025-03-25 10:40:00,-0.00138940941542387,-0.0013259668508287525,0.0013259668508287525,0,-1.0,5.23043140211251,9050.0,False,-1.0,-0.0013259668508287525
2025-03-25 11:25:00,-0.0009517755825072527,-0.0208010621818987,0.0208010621818987,0,-1.0,5.251232464294408,9038.0,False,-1.0,-0.0208010621818987
2025-03-25 14:10:00,0.00014232620014809072,-0.004745762711864443,0.004745762711864443,0,-1.0,5.255978227006272,8850.0,False,0.0,-0.004745762711864443
2025-03-25 14:55:00,-0.0009331185137853026,0.0013623978201635634,0.0,1,0.0,5.255978227006272,8808.0,False,-1.0,0.0013623978201635634
2025-03-25 21:35:00,-0.0013605214189738035,0.0009070294784581101,-0.0009070294784581101,1,-1.0,5.255071197527814,8820.0,False,-1.0,0.0009070294784581101
2025-03-26 09:40:00,-0.0006083258194848895,-0.0009062075215224841,0.0009062075215224841,0,-1.0,5.255977405049336,8828.0,False,-1.0,-0.0009062075215224841
2025-03-26 10:40:00,-0.0014442936517298222,0.003854875283446635,-0.003854875283446635,0,-1.0,5.25212252976589,8820.0,False,-1.0,0.003854875283446635
2025-03-26 11:25:00,-0.001616220804862678,-0.0031624124689405564,0.0031624124689405564,0,-1.0,5.25528494223483,8854.0,False,-1.0,-0.0031624124689405564
2025-03-26 14:10:00,-0.0008825104450806975,0.00249263539542266,-0.00249263539542266,0,-1.0,5.252792306839408,8826.0,False,-1.0,0.00249263539542266
2025-03-26 14:55:00,-0.0012278066715225577,0.0004520795660036825,-0.0004520795660036825,0,-1.0,5.252340227273404,8848.0,False,-1.0,0.0004520795660036825
2025-03-26 21:35:00,-0.0016142484964802861,0.0013556258472662286,-0.0013556258472662286,0,-1.0,5.250984601426138,8852.0,False,-1.0,0.0013556258472662286
2025-03-27 09:40:00,-0.0014222937170416117,-0.004287003610108253,0.004287003610108253,0,-1.0,5.2552716050362465,8864.0,False,-1.0,-0.004287003610108253
2025-03-27 10:40:00,-0.0018881743308156729,0.005438477226376692,-0.005438477226376692,0,-1.0,5.24983312780987,8826.0,False,-1.0,0.005438477226376692
2025-03-27 11:25:00,-0.0010146399727091193,0.0020283975659229903,-0.0020283975659229903,0,-1.0,5.2478047302439474,8874.0,False,-1.0,0.0020283975659229903
2025-03-27 14:10:00,-0.0003542889899108559,-0.0013495276653171517,0.0013495276653171517,0,-1.0,5.2491542579092645,8892.0,False,-1.0,-0.0013495276653171517
2025-03-27 14:55:00,-0.0007498753257095814,-0.00045045045045044585,0.00045045045045044585,0,-1.0,5.249604708359715,8880.0,False,-1.0,-0.00045045045045044585
2025-03-27 21:35:00,-9.980145841836929e-05,0.019152771518702094,-0.019152771518702094,0,-1.0,5.230451936841012,8876.0,False,-1.0,0.019152771518702094
2025-03-28 09:40:00,0.000497347442433238,0.007074950254255974,-0.007074950254255974,0,-1.0,5.223376986586756,9046.0,False,0.0,0.007074950254255974
2025-03-28 10:40:00,4.776268906425685e-05,-0.005049396267837514,-0.0,1,0.0,5.223376986586756,9110.0,False,0.0,-0.005049396267837514
2025-03-28 11:25:00,0.0014363994123414159,0.003530450132391838,0.0,1,0.0,5.223376986586756,9064.0,False,1.0,0.003530450132391838
2025-03-28 14:10:00,0.0008061656262725592,-0.00021987686895341696,-0.00021987686895341696,0,1.0,5.223157109717803,9096.0,False,1.0,-0.00021987686895341696
2025-03-28 14:55:00,-0.0003081584582105279,-0.0006597756762700691,-0.0006597756762700691,0,1.0,5.222497334041533,9094.0,False,0.0,-0.0006597756762700691
2025-03-28 21:35:00,-0.00046665509580634534,0.0017605633802817433,0.0,1,0.0,5.222497334041533,9088.0,False,-1.0,0.0017605633802817433
2025-03-31 09:40:00,-0.0005275293369777501,-0.0030755711775043437,0.0030755711775043437,1,-1.0,5.225572905219037,9104.0,False,-1.0,-0.0030755711775043437
2025-03-31 10:40:00,-0.000626350287348032,-0.00022036139268399868,0.00022036139268399868,0,-1.0,5.2257932666117215,9076.0,False,-1.0,-0.00022036139268399868
2025-03-31 11:25:00,-0.001071307109668851,-0.0015428697377121159,0.0015428697377121159,0,-1.0,5.227336136349433,9074.0,False,-1.0,-0.0015428697377121159
2025-03-31 14:10:00,-0.000994221423752606,0.0035320088300221375,-0.0035320088300221375,0,-1.0,5.223804127519411,9060.0,False,-1.0,0.0035320088300221375
2025-03-31 14:55:00,-0.0018785260617733002,0.0006599208095028342,-0.0006599208095028342,0,-1.0,5.223144206709908,9092.0,False,-1.0,0.0006599208095028342
2025-04-01 09:40:00,-0.002156138652935624,-0.00021982853374369338,0.00021982853374369338,0,-1.0,5.223364035243652,9098.0,False,-1.0,-0.00021982853374369338
2025-04-01 10:40:00,-0.0023349844850599766,0.0013192612137202797,-0.0013192612137202797,0,-1.0,5.222044774029931,9096.0,False,-1.0,0.0013192612137202797
2025-04-01 11:25:00,-0.001880921539850533,0.006587615283267567,-0.006587615283267567,0,-1.0,5.215457158746664,9108.0,False,-1.0,0.006587615283267567
2025-04-01 14:10:00,-0.0014385835966095328,-0.00021815008726000507,0.00021815008726000507,0,-1.0,5.215675308833924,9168.0,False,-1.0,-0.00021815008726000507
2025-04-01 14:55:00,-0.0009705965057946742,-0.0024001745581496703,0.0024001745581496703,0,-1.0,5.218075483392074,9166.0,False,-1.0,-0.0024001745581496703
2025-04-01 21:35:00,-0.001381253357976675,0.012904636920384904,-0.012904636920384904,0,-1.0,5.205170846471689,9144.0,False,-1.0,0.012904636920384904
2025-04-02 09:40:00,-0.0016594106564298272,0.004102785575469614,-0.004102785575469614,0,-1.0,5.201068060896219,9262.0,False,-1.0,0.004102785575469614
2025-04-02 10:40:00,0.0003824369050562382,-0.0010752688172043223,0.0010752688172043223,0,-1.0,5.202143329713423,9300.0,False,0.0,-0.0010752688172043223
2025-04-02 11:25:00,0.000604863977059722,0.0010764262648008671,0.0,1,0.0,5.202143329713423,9290.0,False,0.0,0.0010764262648008671
2025-04-02 14:10:00,0.0010293344967067242,0.0,0.0,1,0.0,5.202143329713423,9300.0,False,1.0,0.0
2025-04-02 14:55:00,0.0006961607141420245,0.00043010752688177334,0.00043010752688177334,0,1.0,5.202573437240305,9300.0,False,1.0,0.00043010752688177334
2025-04-02 21:35:00,-0.0007419426110573113,0.00021496130696485594,0.00021496130696485594,0,1.0,5.20278839854727,9304.0,False,0.0,0.00021496130696485594
2025-04-03 09:40:00,-0.00032363791251555085,-0.005587792821835413,-0.0,1,0.0,5.20278839854727,9306.0,False,0.0,-0.005587792821835413
2025-04-03 10:40:00,-0.0017107401508837938,-0.004754700669980516,-0.0,1,0.0,5.20278839854727,9254.0,False,-1.0,-0.004754700669980516
2025-04-03 11:25:00,-0.0012550553074106574,-0.005211726384364845,0.005211726384364845,0,-1.0,5.208000124931635,9210.0,False,-1.0,-0.005211726384364845
2025-04-03 14:10:00,-0.0009040524018928409,0.004365858982754878,-0.004365858982754878,0,-1.0,5.20363426594888,9162.0,False,-1.0,0.004365858982754878
2025-04-03 14:55:00,-0.0008066543377935886,-0.0008693762225603363,0.0008693762225603363,0,-1.0,5.20450364217144,9202.0,False,-1.0,-0.0008693762225603363
2025-04-03 21:35:00,-0.002412519883364439,-0.037415705895148976,0.037415705895148976,0,-1.0,5.241919348066589,9194.0,False,-1.0,-0.037415705895148976
2025-04-07 09:40:00,-0.0028577193152159452,-0.0076836158192090664,0.0076836158192090664,0,-1.0,5.249602963885798,8850.0,False,-1.0,-0.0076836158192090664
2025-04-07 10:40:00,-0.0031006461940705776,0.005010248235026271,-0.005010248235026271,0,-1.0,5.2445927156507715,8782.0,False,-1.0,0.005010248235026271
2025-04-07 11:25:00,-0.0038433028385043144,0.0020394289598912874,-0.0020394289598912874,0,-1.0,5.24255328669088,8826.0,False,-1.0,0.0020394289598912874
2025-04-07 14:10:00,-0.0024572222027927637,-0.014246947082767969,0.014246947082767969,0,-1.0,5.256800233773648,8844.0,False,-1.0,-0.014246947082767969
2025-04-07 14:55:00,-0.0031596540939062834,0.005276439550355505,-0.005276439550355505,0,-1.0,5.251523794223292,8718.0,False,-1.0,0.005276439550355505
2025-04-08 09:40:00,-0.003851782064884901,-0.00045641259698769865,0.00045641259698769865,0,-1.0,5.25198020682028,8764.0,False,-1.0,-0.00045641259698769865
2025-04-08 10:40:00,-0.0029234811663627625,0.0009132420091324533,-0.0009132420091324533,0,-1.0,5.251066964811147,8760.0,False,-1.0,0.0009132420091324533
2025-04-08 11:25:00,-0.0031642410904169083,-0.0025091240875911858,0.0025091240875911858,0,-1.0,5.253576088898738,8768.0,False,-1.0,-0.0025091240875911858
2025-04-08 14:10:00,-0.0018453303491696715,-0.0009147038646237782,0.0009147038646237782,0,-1.0,5.254490792763361,8746.0,False,-1.0,-0.0009147038646237782
2025-04-08 14:55:00,-0.002629535272717476,0.0016021972991531186,-0.0016021972991531186,0,-1.0,5.252888595464208,8738.0,False,-1.0,0.0016021972991531186
2025-04-08 21:35:00,-0.003149171592667699,-0.003656307129798919,0.003656307129798919,0,-1.0,5.256544902594007,8752.0,False,-1.0,-0.003656307129798919
2025-04-09 09:40:00,-0.0026214185636490583,-0.01215596330275226,0.01215596330275226,0,-1.0,5.26870086589676,8720.0,False,-1.0,-0.01215596330275226
2025-04-09 10:40:00,-0.0030867347959429026,0.001160900859066727,-0.001160900859066727,0,-1.0,5.267539965037693,8614.0,False,-1.0,0.001160900859066727
2025-04-09 11:25:00,-0.0021174526773393154,-0.011363636363636354,0.011363636363636354,0,-1.0,5.278903601401329,8624.0,False,-1.0,-0.011363636363636354
2025-04-09 14:10:00,-0.0021837034728378057,0.0025803424818202636,-0.0025803424818202636,0,-1.0,5.2763232589195095,8526.0,False,-1.0,0.0025803424818202636
2025-04-09 14:55:00,-0.0025323701556771994,0.005147402901263476,-0.005147402901263476,0,-1.0,5.271175856018246,8548.0,False,-1.0,0.005147402901263476
2025-04-09 21:35:00,-0.002494608983397484,-0.07122905027932958,0.07122905027932958,0,-1.0,5.342404906297576,8592.0,False,-1.0,-0.07122905027932958
2025-04-10 09:40:00,-0.002156107686460018,0.0,0.0,0,-1.0,5.342404906297576,7980.0,True,-1.0,0.026065162907268125
2025-04-10 10:40:00,-0.0012364202411845326,0.0019540791402052893,-0.0019540791402052893,0,-1.0,5.340450827157371,8188.0,False,-1.0,0.0019540791402052893
2025-04-10 11:25:00,-0.001087576849386096,-0.0036567528035105212,0.0036567528035105212,0,-1.0,5.344107579960881,8204.0,False,-1.0,-0.0036567528035105212
2025-04-10 14:10:00,-0.0013670315966010094,0.0019574259848298414,-0.0019574259848298414,0,-1.0,5.342150153976052,8174.0,False,-1.0,0.0019574259848298414
2025-04-10 14:55:00,-0.0023372299037873745,-0.0004884004884004867,0.0004884004884004867,0,-1.0,5.342638554464452,8190.0,False,-1.0,-0.0004884004884004867
2025-04-10 21:35:00,-0.0025039659813046455,-0.000488639139995084,0.000488639139995084,0,-1.0,5.343127193604447,8186.0,False,-1.0,-0.000488639139995084
2025-04-11 09:40:00,-0.0019953276496380568,0.002688829137130311,-0.002688829137130311,0,-1.0,5.340438364467317,8182.0,False,-1.0,0.002688829137130311
2025-04-11 10:40:00,-0.002154494170099497,-0.0029254022428083504,0.0029254022428083504,0,-1.0,5.343363766710125,8204.0,False,-1.0,-0.0029254022428083504
2025-04-11 11:25:00,-0.0017175980610772967,0.0,-0.0,0,-1.0,5.343363766710125,8180.0,False,-1.0,0.0
2025-04-11 14:10:00,-0.0016976507613435388,0.0029339853300733854,-0.0029339853300733854,0,-1.0,5.340429781380052,8180.0,False,-1.0,0.0029339853300733854
2025-04-11 14:55:00,-0.00244834809564054,-0.0004875670404680399,0.0004875670404680399,0,-1.0,5.34091734842052,8204.0,False,-1.0,-0.0004875670404680399
2025-04-11 21:35:00,-0.0019772876985371113,0.003658536585365857,-0.003658536585365857,0,-1.0,5.337258811835154,8200.0,False,-1.0,0.003658536585365857
2025-04-14 09:40:00,-0.0017600751016288996,-0.005346294046172595,0.005346294046172595,0,-1.0,5.342605105881327,8230.0,False,-1.0,-0.005346294046172595
2025-04-14 10:40:00,-0.0024965007323771715,-0.0002443195699975975,0.0002443195699975975,0,-1.0,5.342849425451324,8186.0,False,-1.0,-0.0002443195699975975
2025-04-14 11:25:00,-0.00225029606372118,-0.0012218963831867047,0.0012218963831867047,0,-1.0,5.344071321834511,8184.0,False,-1.0,-0.0012218963831867047
2025-04-14 14:10:00,-0.0013889077818021178,0.0007340347443112183,-0.0007340347443112183,0,-1.0,5.3433372870902,8174.0,False,-1.0,0.0007340347443112183
2025-04-14 14:55:00,-0.0024550568778067827,-0.0017114914425427896,0.0017114914425427896,0,-1.0,5.3450487785327425,8180.0,False,-1.0,-0.0017114914425427896
2025-04-15 09:40:00,-0.002351481467485428,-0.005388194954690229,0.005388194954690229,0,-1.0,5.350436973487433,8166.0,False,-1.0,-0.005388194954690229
2025-04-15 10:40:00,-0.0029283054172992706,-0.0027086924402855983,0.0027086924402855983,0,-1.0,5.353145665927719,8122.0,False,-1.0,-0.0027086924402855983
2025-04-15 11:25:00,-0.0025362998712807894,-0.0004938271604938427,0.0004938271604938427,0,-1.0,5.353639493088212,8100.0,False,-1.0,-0.0004938271604938427
2025-04-15 14:10:00,-0.0016728523187339306,0.0032114624505927836,-0.0032114624505927836,0,-1.0,5.3504280306376195,8096.0,False,-1.0,0.0032114624505927836
2025-04-15 14:55:00,-0.0022583312820643187,0.001969958138389627,-0.001969958138389627,0,-1.0,5.34845807249923,8122.0,False,-1.0,0.001969958138389627
2025-04-15 21:35:00,-0.0026710396632552147,0.0,-0.0,0,-1.0,5.34845807249923,8138.0,False,-1.0,0.0
2025-04-16 09:40:00,-0.0026003450620919466,0.0007372818874415987,-0.0007372818874415987,0,-1.0,5.347720790611788,8138.0,False,-1.0,0.0007372818874415987
2025-04-16 10:40:00,-0.0022213065531104803,-0.003929273084479323,0.003929273084479323,0,-1.0,5.351650063696267,8144.0,False,-1.0,-0.003929273084479323
2025-04-16 11:25:00,-0.0018653599545359612,-0.002218934911242587,0.002218934911242587,0,-1.0,5.35386899860751,8112.0,False,-1.0,-0.002218934911242587
2025-04-16 14:10:00,-0.0016996131744235754,-0.000741289844329085,0.000741289844329085,0,-1.0,5.354610288451839,8094.0,False,-1.0,-0.000741289844329085
2025-04-16 14:55:00,-0.002044886816293001,-0.0012363996043521785,0.0012363996043521785,0,-1.0,5.355846688056191,8088.0,False,-1.0,-0.0012363996043521785
2025-04-16 21:35:00,-0.0029387983959168196,0.002971032433770837,-0.002971032433770837,0,-1.0,5.35287565562242,8078.0,False,-1.0,0.002971032433770837
2025-04-17 09:40:00,-0.00263065192848444,0.002221673660824486,-0.002221673660824486,0,-1.0,5.350653981961596,8102.0,False,-1.0,0.002221673660824486
2025-04-17 10:40:00,-0.002211351413279772,0.002216748768472998,-0.002216748768472998,0,-1.0,5.348437233193123,8120.0,False,-1.0,0.002216748768472998
2025-04-17 11:25:00,-0.0018276484915986657,0.004669451953797088,-0.004669451953797088,0,-1.0,5.343767781239326,8138.0,False,-1.0,0.004669451953797088
2025-04-17 14:10:00,-0.0012998487800359726,0.0024461839530331986,-0.0024461839530331986,0,-1.0,5.341321597286293,8176.0,False,-1.0,0.0024461839530331986
2025-04-17 14:55:00,-0.0015675616450607777,0.0007320644216690653,-0.0007320644216690653,0,-1.0,5.340589532864624,8196.0,False,-1.0,0.0007320644216690653
2025-04-17 21:35:00,-0.0026758485473692417,-0.003657644476956823,0.003657644476956823,0,-1.0,5.344247177341581,8202.0,False,-1.0,-0.003657644476956823
2025-04-18 09:40:00,-0.0025250487960875034,-0.001468428781204123,0.001468428781204123,0,-1.0,5.345715606122785,8172.0,False,-1.0,-0.001468428781204123
2025-04-18 10:40:00,-0.0019605730194598436,0.0002450980392156854,-0.0002450980392156854,0,-1.0,5.34547050808357,8160.0,False,-1.0,0.0002450980392156854
2025-04-18 11:25:00,-0.0020808775443583727,-0.0012251899044352088,0.0012251899044352088,0,-1.0,5.346695697988005,8162.0,False,-1.0,-0.0012251899044352088
2025-04-18 14:10:00,-0.0017339589539915323,-0.0009813542688911214,0.0009813542688911214,0,-1.0,5.347677052256896,8152.0,False,-1.0,-0.0009813542688911214
2025-04-18 14:55:00,-0.00282605760730803,-0.00024557956777992995,0.00024557956777992995,0,-1.0,5.347922631824676,8144.0,False,-1.0,-0.00024557956777992995
2025-04-18 21:35:00,-0.00345264608040452,0.0019651191353475816,-0.0019651191353475816,0,-1.0,5.345957512689328,8142.0,False,-1.0,0.0019651191353475816
2025-04-21 09:40:00,-0.0025077699683606625,-0.010051483206668266,0.010051483206668266,0,-1.0,5.356008995895996,8158.0,False,-1.0,-0.010051483206668266
2025-04-21 10:40:00,-0.0019844258204102516,-0.004457652303120341,0.004457652303120341,0,-1.0,5.360466648199116,8076.0,False,-1.0,-0.004457652303120341
2025-04-21 11:25:00,-0.0019290288910269737,0.0,-0.0,0,-1.0,5.360466648199116,8040.0,False,-1.0,0.0
2025-04-21 14:10:00,-0.001421793713234365,0.0009950248756218638,-0.0009950248756218638,0,-1.0,5.359471623323494,8040.0,False,-1.0,0.0009950248756218638
2025-04-21 14:55:00,-0.0018837146926671267,-0.008200795228628266,0.008200795228628266,0,-1.0,5.3676724185521225,8048.0,False,-1.0,-0.008200795228628266
2025-04-22 09:40:00,-0.002442146884277463,0.009521423202204948,-0.009521423202204948,0,-1.0,5.358150995349917,7982.0,False,-1.0,0.009521423202204948
2025-04-22 10:40:00,-0.0016207551816478372,0.0024820054604119957,-0.0024820054604119957,0,-1.0,5.355668989889505,8058.0,False,-1.0,0.0024820054604119957
2025-04-22 11:25:00,-0.0009567041997797787,-0.000990344144590205,0.000990344144590205,0,-1.0,5.356659334034095,8078.0,False,-1.0,-0.000990344144590205
2025-04-22 14:10:00,-0.0013680935371667147,0.007930607187112804,-0.007930607187112804,0,-1.0,5.348728726846982,8070.0,False,-1.0,0.007930607187112804
2025-04-22 14:55:00,-0.0005969991907477379,-0.0014752889107449985,0.0014752889107449985,0,-1.0,5.350204015757727,8134.0,False,-1.0,-0.0014752889107449985
2025-04-22 21:35:00,-0.0012709895381703973,-0.0034474267421816807,0.0034474267421816807,0,-1.0,5.353651442499909,8122.0,False,-1.0,-0.0034474267421816807
2025-04-23 09:40:00,-0.0018414463847875595,0.007165801828515006,-0.007165801828515006,0,-1.0,5.346485640671394,8094.0,False,-1.0,0.007165801828515006
2025-04-23 10:40:00,-0.0009517024154774845,-0.004170755642787016,0.004170755642787016,0,-1.0,5.35065639631418,8152.0,False,-1.0,-0.004170755642787016
2025-04-23 11:25:00,0.0005913509521633387,0.007144616900714551,-0.007144616900714551,0,-1.0,5.343511779413466,8118.0,False,0.0,0.007144616900714551
2025-04-23 14:10:00,0.000472754385555163,0.0012230919765165993,0.0,1,0.0,5.343511779413466,8176.0,False,0.0,0.0012230919765165993
2025-04-23 14:55:00,0.00023706968931946903,0.003420473979965699,0.0,1,0.0,5.343511779413466,8186.0,False,0.0,0.003420473979965699
2025-04-23 21:35:00,-0.0005271366098895669,-0.0009739469198928319,-0.0,0,0.0,5.343511779413466,8214.0,False,0.0,-0.0009739469198928319
2025-04-24 09:40:00,-0.00021426385501399636,0.0009748964172555663,0.0,1,0.0,5.343511779413466,8206.0,False,0.0,0.0009748964172555663
2025-04-24 10:40:00,0.00011733837891370058,0.0009739469198928319,0.0,1,0.0,5.343511779413466,8214.0,False,0.0,0.0009739469198928319
2025-04-24 11:25:00,-0.0010993615724146366,-0.0004864996351252593,-0.0,1,0.0,5.343511779413466,8222.0,False,0.0,-0.0004864996351252593
2025-04-24 14:10:00,-0.0018295011250302196,0.00048673643222185703,0.0,1,0.0,5.343511779413466,8218.0,False,-1.0,0.00048673643222185703
2025-04-24 14:55:00,-0.0017255443381145597,0.0009729992702505186,-0.0009729992702505186,0,-1.0,5.342538780143215,8222.0,False,-1.0,0.0009729992702505186
2025-04-24 21:35:00,-0.0011334535665810108,0.004374240583232103,-0.004374240583232103,0,-1.0,5.338164539559983,8230.0,False,-1.0,0.004374240583232103
2025-04-25 09:40:00,-0.0011059941025450826,0.01572707476409385,-0.01572707476409385,0,-1.0,5.32243746479589,8266.0,False,-1.0,0.01572707476409385
2025-04-25 10:40:00,-0.00014299855683930218,0.0030967127203429534,-0.0030967127203429534,0,-1.0,5.319340752075547,8396.0,False,-1.0,0.0030967127203429534
2025-04-25 11:25:00,0.0007106871344149113,0.0007124198527665992,-0.0007124198527665992,0,-1.0,5.31862833222278,8422.0,False,0.0,0.0007124198527665992
2025-04-25 14:10:00,-0.0002424512495053932,-0.0042714760322734024,-0.0,1,0.0,5.31862833222278,8428.0,False,0.0,-0.0042714760322734024
2025-04-25 14:55:00,-0.0007700679125264287,-0.00262154432793138,-0.0,1,0.0,5.31862833222278,8392.0,False,0.0,-0.00262154432793138
2025-04-25 21:35:00,-0.0029364190995693207,-0.008602150537634357,-0.0,0,0.0,5.31862833222278,8370.0,False,-1.0,-0.008602150537634357
2025-04-28 09:40:00,-0.002148187253624201,-0.002410219329958996,0.002410219329958996,0,-1.0,5.321038551552739,8298.0,False,-1.0,-0.002410219329958996
2025-04-28 10:40:00,-0.002443489385768771,-0.004832085044696788,0.004832085044696788,0,-1.0,5.325870636597436,8278.0,False,-1.0,-0.004832085044696788
2025-04-28 11:25:00,-0.0028243218548595905,-0.0033988832240835487,0.0033988832240835487,0,-1.0,5.32926951982152,8238.0,False,-1.0,-0.0033988832240835487
2025-04-28 14:10:00,-0.0007480799104087055,-0.0041412911084043325,0.0041412911084043325,0,-1.0,5.333410810929925,8210.0,False,-1.0,-0.0041412911084043325
2025-04-28 14:55:00,-0.0019973425660282373,0.001956947162426559,-0.001956947162426559,0,-1.0,5.331453863767498,8176.0,False,-1.0,0.001956947162426559
2025-04-29 09:40:00,-0.001363827963359654,-0.00244140625,0.00244140625,0,-1.0,5.333895270017498,8192.0,False,-1.0,-0.00244140625
2025-04-29 10:40:00,-0.0017600342398509383,-0.0022026431718061845,0.0022026431718061845,0,-1.0,5.336097913189304,8172.0,False,-1.0,-0.0022026431718061845
2025-04-29 11:25:00,-0.0028280005790293217,-0.0019622271277900394,0.0019622271277900394,0,-1.0,5.338060140317094,8154.0,False,-1.0,-0.0019622271277900394
2025-04-29 14:10:00,-0.0009815474040806293,-0.0014745637748833085,0.0014745637748833085,0,-1.0,5.339534704091978,8138.0,False,-1.0,-0.0014745637748833085
2025-04-29 14:55:00,-0.001677500200457871,-0.00024612355402409136,0.00024612355402409136,0,-1.0,5.339780827646003,8126.0,False,-1.0,-0.00024612355402409136
2025-04-29 21:35:00,-0.002352313371375203,-0.004431314623338234,0.004431314623338234,0,-1.0,5.344212142269341,8124.0,False,-1.0,-0.004431314623338234
2025-04-30 09:40:00,-0.002803483745083213,0.0014836795252226587,-0.0014836795252226587,0,-1.0,5.342728462744118,8088.0,False,-1.0,0.0014836795252226587
2025-04-30 10:40:00,-0.0023192150983959436,0.00024691358024697685,-0.00024691358024697685,0,-1.0,5.342481549163871,8100.0,False,-1.0,0.00024691358024697685
2025-04-30 11:25:00,-0.0017310921102762222,0.0014811157738829905,-0.0014811157738829905,0,-1.0,5.341000433389988,8102.0,False,-1.0,0.0014811157738829905
2025-04-30 14:10:00,-0.0019095060415565968,0.0014789253142717396,-0.0014789253142717396,0,-1.0,5.339521508075716,8114.0,False,-1.0,0.0014789253142717396
2025-04-30 14:55:00,-0.0021312159951776266,0.0022151119862170443,-0.0022151119862170443,0,-1.0,5.337306396089499,8126.0,False,-1.0,0.0022151119862170443
2025-04-30 21:35:00,-0.0033542721066623926,-0.015225933202357544,0.015225933202357544,0,-1.0,5.352532329291856,8144.0,False,-1.0,-0.015225933202357544
2025-05-06 09:40:00,-0.00283441343344748,-0.00922693266832919,0.00922693266832919,0,-1.0,5.361759261960185,8020.0,False,-1.0,-0.00922693266832919
2025-05-06 10:40:00,-0.0026574137154966593,0.0007550969041028033,-0.0007550969041028033,0,-1.0,5.361004165056082,7946.0,False,-1.0,0.0007550969041028033
2025-05-06 11:25:00,-0.0022290637716650963,0.007042253521126751,-0.007042253521126751,0,-1.0,5.353961911534955,7952.0,False,-1.0,0.007042253521126751
2025-05-06 14:10:00,-0.0012126509100198746,-0.0019980019980020414,0.0019980019980020414,0,-1.0,5.355959913532957,8008.0,False,-1.0,-0.0019980019980020414
2025-05-06 14:55:00,-0.0012926282361149788,-0.008758758758758756,0.008758758758758756,0,-1.0,5.3647186722917155,7992.0,False,-1.0,-0.008758758758758756
2025-05-07 09:40:00,-0.0024391203187406063,0.0,-0.0,0,-1.0,5.3647186722917155,7922.0,False,-1.0,0.0
2025-05-07 10:40:00,-0.001518558245152235,-0.0012623074981065185,0.0012623074981065185,0,-1.0,5.365980979789822,7922.0,False,-1.0,-0.0012623074981065185
2025-05-07 11:25:00,-0.0006027666968293488,-0.0017694641051567706,0.0017694641051567706,0,-1.0,5.367750443894979,7912.0,False,-1.0,-0.0017694641051567706
2025-05-07 14:10:00,-0.0007791733951307833,0.0020258293238795133,-0.0020258293238795133,0,-1.0,5.365724614571099,7898.0,False,-1.0,0.0020258293238795133
2025-05-07 14:55:00,-0.0006144814542494714,-0.0007581501137224889,0.0007581501137224889,0,-1.0,5.366482764684822,7914.0,False,-1.0,-0.0007581501137224889
2025-05-07 21:35:00,-0.0014327614335343242,-0.005563985837126917,0.005563985837126917,0,-1.0,5.372046750521949,7908.0,False,-1.0,-0.005563985837126917
2025-05-08 09:40:00,-5.942803545622155e-05,-0.003051881993896277,0.003051881993896277,0,-1.0,5.375098632515845,7864.0,False,-1.0,-0.003051881993896277
2025-05-08 10:40:00,0.00043360027484595776,-0.0012755102040816757,0.0012755102040816757,0,-1.0,5.376374142719927,7840.0,False,0.0,-0.0012755102040816757
2025-05-08 11:25:00,0.0006176977185532451,0.007151979565772626,0.0,1,0.0,5.376374142719927,7830.0,False,0.0,0.007151979565772626
2025-05-08 14:10:00,0.00047374528367072344,-0.0010144559979711198,-0.0,1,0.0,5.376374142719927,7886.0,False,0.0,-0.0010144559979711198
2025-05-08 14:55:00,0.0005233327392488718,0.0010154861640010449,0.0,0,0.0,5.376374142719927,7878.0,False,0.0,0.0010154861640010449
2025-05-08 21:35:00,0.0012325876159593463,0.009130103981739746,0.0,0,0.0,5.376374142719927,7886.0,False,1.0,0.009130103981739746
2025-05-09 09:40:00,0.0008270948310382664,0.0012565971349585148,0.0012565971349585148,0,1.0,5.377630739854885,7958.0,False,1.0,0.0012565971349585148
2025-05-09 10:40:00,0.0008304863586090505,0.0010040160642570406,0.0010040160642570406,0,1.0,5.378634755919142,7968.0,False,1.0,0.0010040160642570406
2025-05-09 11:25:00,-0.0007583752740174532,-0.0075225677031093285,-0.0075225677031093285,0,1.0,5.371112188216033,7976.0,False,0.0,-0.0075225677031093285
2025-05-09 14:10:00,-0.0004811038088519126,-0.0035371399696816352,-0.0,1,0.0,5.371112188216033,7916.0,False,0.0,-0.0035371399696816352
2025-05-09 14:55:00,-0.0007785566267557442,-0.0020283975659228792,-0.0,1,0.0,5.371112188216033,7888.0,False,-1.0,-0.0020283975659228792
2025-05-09 21:35:00,-0.00010448378452565521,0.01143292682926833,-0.01143292682926833,0,-1.0,5.3596792613867645,7872.0,False,-1.0,0.01143292682926833
2025-05-12 09:40:00,-0.0002745961246546358,-0.0067822155237377,0.0067822155237377,0,-1.0,5.366461476910502,7962.0,False,-1.0,-0.0067822155237377
2025-05-12 10:40:00,-0.0010371862445026636,0.006069802731411222,-0.006069802731411222,0,-1.0,5.360391674179091,7908.0,False,-1.0,0.006069802731411222
2025-05-12 11:25:00,-0.001170302159152925,-0.0015082956259426794,0.0015082956259426794,0,-1.0,5.361899969805034,7956.0,False,-1.0,-0.0015082956259426794
2025-05-12 14:10:00,-0.0008958025719039142,0.004531722054380571,-0.004531722054380571,0,-1.0,5.357368247750653,7944.0,False,-1.0,0.004531722054380571
2025-05-12 14:55:00,-0.0021047955378890038,0.0052631578947368585,-0.0052631578947368585,0,-1.0,5.352105089855916,7980.0,False,-1.0,0.0052631578947368585
2025-05-13 09:40:00,-0.002644456923007965,0.0014958863126401933,-0.0014958863126401933,0,-1.0,5.350609203543276,8022.0,False,-1.0,0.0014958863126401933
2025-05-13 10:40:00,-0.0003311422187834978,0.0004978839930296353,-0.0004978839930296353,0,-1.0,5.350111319550246,8034.0,False,-1.0,0.0004978839930296353
2025-05-13 11:25:00,-0.0005718448082916439,0.000746454341876035,-0.000746454341876035,0,-1.0,5.34936486520837,8038.0,False,-1.0,0.000746454341876035
2025-05-13 14:10:00,-0.0004569294396787882,-0.012680258577821957,0.012680258577821957,0,-1.0,5.362045123786192,8044.0,False,-1.0,-0.012680258577821957
2025-05-13 14:55:00,-0.00224380474537611,0.0015109544195417435,-0.0015109544195417435,0,-1.0,5.36053416936665,7942.0,False,-1.0,0.0015109544195417435
2025-05-13 21:35:00,-0.0006773940403945744,0.009052049283379437,-0.009052049283379437,0,-1.0,5.35148212008327,7954.0,False,-1.0,0.009052049283379437
2025-05-14 09:40:00,-0.0013530099531635642,0.011462746075255437,-0.011462746075255437,0,-1.0,5.340019374008015,8026.0,False,-1.0,0.011462746075255437
2025-05-14 10:40:00,-0.001048198901116848,0.001231830500123099,-0.001231830500123099,0,-1.0,5.338787543507891,8118.0,False,-1.0,0.001231830500123099
2025-05-14 11:25:00,0.00039614210254512727,0.004183070866141669,-0.004183070866141669,0,-1.0,5.334604472641749,8128.0,False,0.0,0.004183070866141669
2025-05-14 14:10:00,-0.0008928405586630106,0.00024503798088693074,0.0,1,0.0,5.334604472641749,8162.0,False,-1.0,0.00024503798088693074
2025-05-14 14:55:00,-2.3737098672427237e-05,0.0029397354238118734,-0.0029397354238118734,1,-1.0,5.331664737217937,8164.0,False,-1.0,0.0029397354238118734
2025-05-14 21:35:00,-0.0017422281671315432,-0.0004885197850512668,0.0004885197850512668,0,-1.0,5.332153257002989,8188.0,False,-1.0,-0.0004885197850512668
2025-05-15 09:40:00,-0.0014001603703945875,-0.01319648093841641,0.01319648093841641,0,-1.0,5.3453497379414046,8184.0,False,-1.0,-0.01319648093841641
2025-05-15 10:40:00,-0.002612875774502754,-0.0007429420505200568,0.0007429420505200568,0,-1.0,5.346092679991925,8076.0,False,-1.0,-0.0007429420505200568
2025-05-15 11:25:00,-0.0026123563293367624,-0.0037174721189591198,0.0037174721189591198,0,-1.0,5.349810152110884,8070.0,False,-1.0,-0.0037174721189591198
2025-05-15 14:10:00,-0.0014584774617105722,-0.0004975124378109319,0.0004975124378109319,0,-1.0,5.350307664548694,8040.0,False,-1.0,-0.0004975124378109319
2025-05-15 14:55:00,-0.0019933083094656467,0.0014932802389249211,-0.0014932802389249211,0,-1.0,5.348814384309769,8036.0,False,-1.0,0.0014932802389249211
2025-05-15 21:35:00,-0.0025712274946272373,-0.006709741550695814,0.006709741550695814,0,-1.0,5.355524125860464,8048.0,False,-1.0,-0.006709741550695814
2025-05-16 09:40:00,-0.002038931706920266,0.0,-0.0,0,-1.0,5.355524125860464,7994.0,False,-1.0,0.0
2025-05-16 10:40:00,-0.002292168326675892,-0.0002501876407305925,0.0002501876407305925,0,-1.0,5.355774313501195,7994.0,False,-1.0,-0.0002501876407305925
2025-05-16 11:25:00,-0.0006918110884726048,0.0030030030030030463,-0.0030030030030030463,0,-1.0,5.352771310498192,7992.0,False,-1.0,0.0030030030030030463
2025-05-16 14:10:00,-0.0007331534870900214,0.0007485029940119681,-0.0007485029940119681,0,-1.0,5.352022807504181,8016.0,False,-1.0,0.0007485029940119681
2025-05-16 14:55:00,-0.0007555137854069471,-0.004487658937920691,0.004487658937920691,0,-1.0,5.356510466442101,8022.0,False,-1.0,-0.004487658937920691
2025-05-16 21:35:00,-0.0019474081927910447,0.004507888805409532,-0.004507888805409532,0,-1.0,5.352002577636691,7986.0,False,-1.0,0.004507888805409532
2025-05-19 09:40:00,-0.0015103627229109406,-0.001994515083520332,0.001994515083520332,0,-1.0,5.353997092720212,8022.0,False,-1.0,-0.001994515083520332
2025-05-19 10:40:00,-0.0009006522013805807,0.0,-0.0,0,-1.0,5.353997092720212,8006.0,False,-1.0,0.0
2025-05-19 11:25:00,-0.00031682915869168937,-0.0007494379215587932,0.0007494379215587932,0,-1.0,5.35474653064177,8006.0,False,-1.0,-0.0007494379215587932
2025-05-19 14:10:00,-8.761502976994962e-05,0.0035000000000000586,-0.0035000000000000586,0,-1.0,5.35124653064177,8000.0,False,-1.0,0.0035000000000000586
2025-05-19 14:55:00,-0.0010720384307205677,0.0024912805181862563,-0.0024912805181862563,0,-1.0,5.348755250123584,8028.0,False,-1.0,0.0024912805181862563
2025-05-20 09:40:00,0.000500023365020752,0.003230616302186906,-0.003230616302186906,0,-1.0,5.345524633821396,8048.0,False,0.0,0.003230616302186906
2025-05-20 10:40:00,-0.00028643946279771626,0.0017339608620261515,0.0,1,0.0,5.345524633821396,8074.0,False,0.0,0.0017339608620261515
2025-05-20 11:25:00,0.00018122461915481836,0.0037091988130564246,0.0,1,0.0,5.345524633821396,8088.0,False,0.0,0.0037091988130564246
2025-05-20 14:10:00,0.0013051637215539813,0.0009854644000986124,0.0,1,0.0,5.345524633821396,8118.0,False,1.0,0.0009854644000986124
2025-05-20 14:55:00,2.4268283596029505e-06,-0.002707359094265338,-0.002707359094265338,1,1.0,5.342817274727131,8126.0,False,1.0,-0.002707359094265338
2025-05-20 21:35:00,-0.0011735552689060569,-0.000493583415597243,-0.000493583415597243,0,1.0,5.342323691311534,8104.0,False,0.0,-0.000493583415597243
2025-05-21 09:40:00,-0.0012394633376970887,0.0024691358024691024,0.0,1,0.0,5.342323691311534,8100.0,False,-1.0,0.0024691358024691024
2025-05-21 10:40:00,-0.0004142453835811466,-0.000738916256157629,0.000738916256157629,1,-1.0,5.343062607567691,8120.0,False,-1.0,-0.000738916256157629
2025-05-21 11:25:00,-0.0003932883555535227,-0.004190288390436336,0.004190288390436336,0,-1.0,5.347252895958127,8114.0,False,-1.0,-0.004190288390436336
2025-05-21 14:10:00,-0.0006237757042981684,0.0032178217821781097,-0.0032178217821781097,0,-1.0,5.344035074175949,8080.0,False,-1.0,0.0032178217821781097
2025-05-21 14:55:00,-0.0004313921963330358,0.0,-0.0,0,-1.0,5.344035074175949,8106.0,False,-1.0,0.0
2025-05-21 21:35:00,-0.0017376497853547335,-0.002467308166790083,0.002467308166790083,0,-1.0,5.346502382342739,8106.0,False,-1.0,-0.002467308166790083
2025-05-22 09:40:00,-0.0006492615793831646,-0.008904279000741977,0.008904279000741977,0,-1.0,5.355406661343481,8086.0,False,-1.0,-0.008904279000741977
2025-05-22 10:40:00,-0.0013263357104733586,-0.000249563264287489,0.000249563264287489,0,-1.0,5.355656224607769,8014.0,False,-1.0,-0.000249563264287489
2025-05-22 11:25:00,-0.0006871853838674724,0.004742885671492836,-0.004742885671492836,0,-1.0,5.350913338936276,8012.0,False,-1.0,0.004742885671492836
2025-05-22 14:10:00,-0.0005534952506422997,-0.0017391304347825765,0.0017391304347825765,0,-1.0,5.352652469371058,8050.0,False,-1.0,-0.0017391304347825765
2025-05-22 14:55:00,-0.00024272565497085452,-0.005724240915878531,0.005724240915878531,0,-1.0,5.358376710286937,8036.0,False,-1.0,-0.005724240915878531
2025-05-22 21:35:00,-0.0004224194854032248,0.006508135168961093,-0.006508135168961093,0,-1.0,5.351868575117976,7990.0,False,-1.0,0.006508135168961093
2025-05-23 09:40:00,-0.0007995188352651894,0.003979109674210335,-0.003979109674210335,0,-1.0,5.347889465443766,8042.0,False,-1.0,0.003979109674210335
2025-05-23 10:40:00,-0.0007168898591771722,-0.007183552142680183,0.007183552142680183,0,-1.0,5.355073017586446,8074.0,False,-1.0,-0.007183552142680183
2025-05-23 11:25:00,-0.00023620012507308275,0.0,-0.0,0,-1.0,5.355073017586446,8016.0,False,-1.0,0.0
2025-05-23 14:10:00,-0.000611311465036124,0.0004990019960080527,-0.0004990019960080527,0,-1.0,5.354574015590438,8016.0,False,-1.0,0.0004990019960080527
2025-05-23 14:55:00,-0.0008044919231906533,-0.0017456359102244745,0.0017456359102244745,0,-1.0,5.356319651500662,8020.0,False,-1.0,-0.0017456359102244745
2025-05-23 21:35:00,-0.0021871987264603376,-0.002747939045715686,0.002747939045715686,0,-1.0,5.359067590546378,8006.0,False,-1.0,-0.002747939045715686
2025-05-26 09:40:00,-0.0020181015133857727,0.004008016032064132,-0.004008016032064132,0,-1.0,5.355059574514313,7984.0,False,-1.0,0.004008016032064132
2025-05-26 10:40:00,-0.0020997808314859867,-0.0052395209580838875,0.0052395209580838875,0,-1.0,5.3602990954723975,8016.0,False,-1.0,-0.0052395209580838875
2025-05-26 11:25:00,-0.0016681465785950422,-0.0007524454477050302,0.0007524454477050302,0,-1.0,5.361051540920102,7974.0,False,-1.0,-0.0007524454477050302
2025-05-26 14:10:00,-0.0006152886780910194,-0.003012048192771122,0.003012048192771122,0,-1.0,5.364063589112874,7968.0,False,-1.0,-0.003012048192771122
2025-05-26 14:55:00,-0.0009735345956869423,0.00478348439073506,-0.00478348439073506,0,-1.0,5.359280104722139,7944.0,False,-1.0,0.00478348439073506
2025-05-27 09:40:00,-0.0008649583905935287,0.002004510147832539,-0.002004510147832539,0,-1.0,5.357275594574306,7982.0,False,-1.0,0.002004510147832539
2025-05-27 10:40:00,-0.0010229914914816618,0.0005001250312577366,-0.0005001250312577366,0,-1.0,5.356775469543048,7998.0,False,-1.0,0.0005001250312577366
2025-05-27 11:25:00,-0.0019566556438803673,-0.0012496875781055072,0.0012496875781055072,0,-1.0,5.358025157121153,8002.0,False,-1.0,-0.0012496875781055072
2025-05-27 14:10:00,-0.0014299476752057672,0.0017517517517517955,-0.0017517517517517955,0,-1.0,5.356273405369401,7992.0,False,-1.0,0.0017517517517517955
2025-05-27 14:55:00,-0.0008709521498531103,0.002997751686235395,-0.002997751686235395,0,-1.0,5.353275653683165,8006.0,False,-1.0,0.002997751686235395
2025-05-27 21:35:00,-0.00044172140769660473,0.0037359900373599153,-0.0037359900373599153,0,-1.0,5.349539663645805,8030.0,False,-1.0,0.0037359900373599153
2025-05-28 09:40:00,-0.001153271528892219,0.001985111662531125,-0.001985111662531125,0,-1.0,5.347554551983274,8060.0,False,-1.0,0.001985111662531125
2025-05-28 10:40:00,-0.0008928861352615058,-0.00024764735017335227,0.00024764735017335227,0,-1.0,5.347802199333447,8076.0,False,-1.0,-0.00024764735017335227
2025-05-28 11:25:00,0.0003866696497425437,0.0017339608620261515,-0.0017339608620261515,0,-1.0,5.346068238471421,8074.0,False,0.0,0.0017339608620261515
2025-05-28 14:10:00,0.0005161309381946921,-0.0004945598417408492,-0.0,1,0.0,5.346068238471421,8088.0,False,0.0,-0.0004945598417408492
2025-05-28 14:55:00,-0.00016256522212643176,-0.0002474022761009831,-0.0,1,0.0,5.346068238471421,8084.0,False,0.0,-0.0002474022761009831
2025-05-28 21:35:00,-0.0002201292518293485,-0.0017322444939371628,-0.0,1,0.0,5.346068238471421,8082.0,False,0.0,-0.0017322444939371628
2025-05-29 09:40:00,-0.0008325078524649143,0.006445215666831983,0.0,1,0.0,5.346068238471421,8068.0,False,-1.0,0.006445215666831983
2025-05-29 10:40:00,0.00040858640568330884,0.0034482758620688614,-0.0034482758620688614,0,-1.0,5.342619962609352,8120.0,False,0.0,0.0034482758620688614
2025-05-29 11:25:00,0.001037516281940043,0.002454590083456054,0.0,1,0.0,5.342619962609352,8148.0,False,1.0,0.002454590083456054
2025-05-29 14:10:00,0.0006786443991586566,0.0019588638589618235,0.0019588638589618235,1,1.0,5.3445788264683145,8168.0,False,1.0,0.0019588638589618235
2025-05-29 14:55:00,0.0006083337357267737,0.0012218963831867047,0.0012218963831867047,0,1.0,5.345800722851501,8184.0,False,1.0,0.0012218963831867047
2025-05-29 21:35:00,-0.0013882677303627133,-0.004637539663168155,-0.004637539663168155,0,1.0,5.341163183188333,8194.0,False,0.0,-0.004637539663168155
2025-05-30 09:40:00,-0.0012656328035518527,-0.004659146640510037,-0.0,1,0.0,5.341163183188333,8156.0,False,-1.0,-0.004659146640510037
2025-05-30 10:40:00,-0.000944173545576632,-0.00591278640059123,0.00591278640059123,1,-1.0,5.347075969588924,8118.0,False,-1.0,-0.00591278640059123
2025-05-30 11:25:00,-0.0017203744500875473,-0.0034696406443618377,0.0034696406443618377,0,-1.0,5.350545610233286,8070.0,False,-1.0,-0.0034696406443618377
2025-05-30 14:10:00,-0.0013220551190897822,0.0007460830639145488,-0.0007460830639145488,0,-1.0,5.349799527169371,8042.0,False,-1.0,0.0007460830639145488
2025-05-30 14:55:00,-0.0014535310911014676,-0.0004970178926441138,0.0004970178926441138,0,-1.0,5.350296545062015,8048.0,False,-1.0,-0.0004970178926441138
2025-05-30 21:35:00,-0.0013103425735607743,0.008204873197414253,-0.008204873197414253,0,-1.0,5.342091671864601,8044.0,False,-1.0,0.008204873197414253
2025-06-03 09:40:00,-0.0009676014888100326,0.007151664611590558,-0.007151664611590558,0,-1.0,5.33494000725301,8110.0,False,-1.0,0.007151664611590558
2025-06-03 10:40:00,0.0005286504165269434,0.0026934378060725628,-0.0026934378060725628,0,-1.0,5.332246569446937,8168.0,False,0.0,0.0026934378060725628
2025-06-03 11:25:00,0.001219100784510374,0.003907203907203893,0.0,1,0.0,5.332246569446937,8190.0,False,1.0,0.003907203907203893
2025-06-03 14:10:00,0.0010914393933489919,-0.0038919970810021853,-0.0038919970810021853,1,1.0,5.328354572365935,8222.0,False,1.0,-0.0038919970810021853
2025-06-03 14:55:00,0.00036044541047886014,0.0012210012210012167,0.0012210012210012167,0,1.0,5.329575573586936,8190.0,False,1.0,0.0012210012210012167
2025-06-04 09:40:00,-0.0008311325800605118,-0.002682926829268295,-0.002682926829268295,0,1.0,5.326892646757668,8200.0,False,0.0,-0.002682926829268295
2025-06-04 10:40:00,-0.0008562437142245471,-0.002201027146001455,-0.0,1,0.0,5.326892646757668,8178.0,False,-1.0,-0.002201027146001455
2025-06-04 11:25:00,-0.00033194507705047727,-0.003676470588235281,0.003676470588235281,1,-1.0,5.330569117345903,8160.0,False,-1.0,-0.003676470588235281
2025-06-04 14:10:00,-6.695391493849456e-05,-0.0019680196801967753,0.0019680196801967753,0,-1.0,5.3325371370261,8130.0,False,-1.0,-0.0019680196801967753
2025-06-04 14:55:00,-0.00020944420248270035,0.0024648755237861586,-0.0024648755237861586,0,-1.0,5.330072261502314,8114.0,False,-1.0,0.0024648755237861586
2025-06-04 21:35:00,-0.0009633132140152156,-0.0017211703958691649,0.0017211703958691649,0,-1.0,5.331793431898183,8134.0,False,-1.0,-0.0017211703958691649
2025-06-05 09:40:00,-0.00019706712919287384,-0.005172413793103403,0.005172413793103403,0,-1.0,5.336965845691287,8120.0,False,-1.0,-0.005172413793103403
2025-06-05 10:40:00,-0.0006853433442302048,0.0,-0.0,0,-1.0,5.336965845691287,8078.0,False,-1.0,0.0
2025-06-05 11:25:00,-0.0008622927125543356,0.00198068828918041,-0.00198068828918041,0,-1.0,5.334985157402107,8078.0,False,-1.0,0.00198068828918041
2025-06-05 14:10:00,-0.00044757762225344777,0.0024709661477637646,-0.0024709661477637646,0,-1.0,5.332514191254344,8094.0,False,-1.0,0.0024709661477637646
2025-06-05 14:55:00,-0.00011746269592549652,0.000985950209514419,-0.000985950209514419,0,-1.0,5.331528241044829,8114.0,False,-1.0,0.000985950209514419
2025-06-05 21:35:00,-0.0012646678369492292,0.004186161044077874,-0.004186161044077874,0,-1.0,5.327342080000751,8122.0,False,-1.0,0.004186161044077874
2025-06-06 09:40:00,-0.0013025474036112428,0.0,-0.0,0,-1.0,5.327342080000751,8156.0,False,-1.0,0.0
2025-06-06 10:40:00,-0.0001529715082142502,0.0009808729769493763,-0.0009808729769493763,0,-1.0,5.326361207023801,8156.0,False,-1.0,0.0009808729769493763
2025-06-06 11:25:00,-0.0002622606698423624,-0.0066144047035766595,0.0066144047035766595,0,-1.0,5.332975611727377,8164.0,False,-1.0,-0.0066144047035766595
2025-06-06 14:10:00,-0.00023632826923858374,-0.0027127003699136676,0.0027127003699136676,0,-1.0,5.335688312097291,8110.0,False,-1.0,-0.0027127003699136676
2025-06-06 14:55:00,-0.000999819254502654,0.001978239366963397,-0.001978239366963397,0,-1.0,5.333710072730328,8088.0,False,-1.0,0.001978239366963397
2025-06-06 21:35:00,-0.0012154130963608623,0.003208292201382079,-0.003208292201382079,0,-1.0,5.330501780528946,8104.0,False,-1.0,0.003208292201382079
2025-06-09 09:40:00,-0.000854039448313415,0.0022140221402213722,-0.0022140221402213722,0,-1.0,5.328287758388725,8130.0,False,-1.0,0.0022140221402213722
2025-06-09 10:40:00,-0.0004802346520591527,0.0017182130584192379,-0.0017182130584192379,0,-1.0,5.3265695453303055,8148.0,False,-1.0,0.0017182130584192379
2025-06-09 11:25:00,-0.0002969446068163961,0.0017152658662091813,-0.0017152658662091813,0,-1.0,5.3248542794640965,8162.0,False,-1.0,0.0017152658662091813
2025-06-09 14:10:00,0.00018020972493104637,0.0009784735812132794,-0.0009784735812132794,0,-1.0,5.323875805882883,8176.0,False,0.0,0.0009784735812132794
2025-06-09 14:55:00,-0.00018595850269775838,-0.003176930596285432,-0.0,1,0.0,5.323875805882883,8184.0,False,0.0,-0.003176930596285432
2025-06-10 09:40:00,-0.0012339968234300613,0.00416768815886237,0.0,1,0.0,5.323875805882883,8158.0,False,-1.0,0.00416768815886237
2025-06-10 10:40:00,-0.0008224049233831465,0.0,-0.0,0,-1.0,5.323875805882883,8192.0,False,-1.0,0.0
2025-06-10 11:25:00,-0.00040237107896246016,-0.00634765625,0.00634765625,0,-1.0,5.330223462132883,8192.0,False,-1.0,-0.00634765625
2025-06-10 14:10:00,-0.0002317524194950238,-0.0004914004914005066,0.0004914004914005066,0,-1.0,5.3307148626242835,8140.0,False,-1.0,-0.0004914004914005066
2025-06-10 14:55:00,-0.0005660458118654788,-0.0022123893805309214,0.0022123893805309214,0,-1.0,5.332927252004814,8136.0,False,-1.0,-0.0022123893805309214
2025-06-10 21:35:00,-0.0015752798644825816,-0.0044345898004434225,0.0044345898004434225,0,-1.0,5.337361841805258,8118.0,False,-1.0,-0.0044345898004434225
2025-06-11 09:40:00,-0.0005347365513443947,-0.007423904974016349,0.007423904974016349,0,-1.0,5.344785746779275,8082.0,False,-1.0,-0.007423904974016349
2025-06-11 10:40:00,-0.0006838482222519815,-0.001994515083520332,0.001994515083520332,0,-1.0,5.346780261862795,8022.0,False,-1.0,-0.001994515083520332
2025-06-11 11:25:00,-0.001237995340488851,-0.002747939045715686,0.002747939045715686,0,-1.0,5.3495282009085106,8006.0,False,-1.0,-0.002747939045715686
2025-06-11 14:10:00,-3.863296296913177e-05,-0.002004008016032066,0.002004008016032066,0,-1.0,5.351532208924542,7984.0,False,-1.0,-0.002004008016032066
2025-06-11 14:55:00,-0.00017276243306696415,0.0007530120481926694,-0.0007530120481926694,0,-1.0,5.350779196876349,7968.0,False,-1.0,0.0007530120481926694
2025-06-11 21:35:00,-0.0011697720037773252,0.0020065211938800065,-0.0020065211938800065,0,-1.0,5.348772675682469,7974.0,False,-1.0,0.0020065211938800065
2025-06-12 09:40:00,-0.0007059309864416718,0.0035043804755945374,-0.0035043804755945374,0,-1.0,5.345268295206875,7990.0,False,-1.0,0.0035043804755945374
2025-06-12 10:40:00,-0.00058261543745175,-0.0009977550511349742,0.0009977550511349742,0,-1.0,5.34626605025801,8018.0,False,-1.0,-0.0009977550511349742
2025-06-12 11:25:00,-0.00044635936501435935,0.0012484394506866447,-0.0012484394506866447,0,-1.0,5.345017610807323,8010.0,False,-1.0,0.0012484394506866447
2025-06-12 14:10:00,-0.00046644671238027513,0.0012468827930174342,-0.0012468827930174342,0,-1.0,5.343770728014306,8020.0,False,-1.0,0.0012468827930174342
2025-06-12 14:55:00,-0.001286300364881754,-0.0019925280199253326,0.0019925280199253326,0,-1.0,5.345763256034231,8030.0,False,-1.0,-0.0019925280199253326
2025-06-12 21:35:00,-0.0013680735137313604,0.004242575492887424,-0.004242575492887424,0,-1.0,5.341520680541343,8014.0,False,-1.0,0.004242575492887424
2025-06-13 09:40:00,-0.0019337934209033847,0.010934393638170947,-0.010934393638170947,0,-1.0,5.330586286903173,8048.0,False,-1.0,0.010934393638170947
2025-06-13 10:40:00,-0.0007068577688187361,0.00417895771878074,-0.00417895771878074,0,-1.0,5.326407329184391,8136.0,False,-1.0,0.00417895771878074
2025-06-13 11:25:00,0.0008581542642787099,0.0,-0.0,0,-1.0,5.326407329184391,8170.0,False,0.0,0.0
2025-06-13 14:10:00,0.0008893876220099628,-0.0022031823745409795,-0.0,1,0.0,5.326407329184391,8170.0,False,1.0,-0.0022031823745409795
2025-06-13 14:55:00,-0.00045172154204919934,-0.0017173699705593792,-0.0017173699705593792,1,1.0,5.324689959213832,8152.0,False,0.0,-0.0017173699705593792
2025-06-13 21:35:00,0.000515639316290617,0.040550503809289706,0.0,1,0.0,5.324689959213832,8138.0,False,1.0,0.040550503809289706
2025-06-16 09:40:00,-0.00020878620853181928,-0.003542749173358506,-0.003542749173358506,1,1.0,5.321147210040474,8468.0,False,0.0,-0.003542749173358506
2025-06-16 10:40:00,0.0006893097888678312,-0.0009480919649206276,-0.0,1,0.0,5.321147210040474,8438.0,False,1.0,-0.0009480919649206276
2025-06-16 11:25:00,0.0009308239677920938,-0.00047449584816128265,-0.00047449584816128265,1,1.0,5.3206727141923125,8430.0,False,1.0,-0.00047449584816128265
2025-06-16 14:10:00,0.0007141787791624665,-0.002136244956088329,-0.002136244956088329,0,1.0,5.318536469236224,8426.0,False,1.0,-0.002136244956088329
2025-06-16 14:55:00,0.00042767098057083786,0.0035680304471932267,0.0035680304471932267,0,1.0,5.322104499683418,8408.0,False,1.0,0.0035680304471932267
2025-06-17 09:40:00,-0.00018260868091601878,0.0030812988859918455,0.0030812988859918455,0,1.0,5.325185798569409,8438.0,False,0.0,0.0030812988859918455
2025-06-17 10:40:00,7.47820595279336e-05,0.0021266540642721488,0.0,1,0.0,5.325185798569409,8464.0,False,0.0,0.0021266540642721488
2025-06-17 11:25:00,-8.881267422111705e-05,-0.002593727894364517,-0.0,1,0.0,5.325185798569409,8482.0,False,0.0,-0.002593727894364517
2025-06-17 14:10:00,-0.00041825874359346926,-0.0011820330969266601,-0.0,1,0.0,5.325185798569409,8460.0,False,-1.0,-0.0011820330969266601
2025-06-17 14:55:00,-0.0003328406310174614,-0.0009467455621301468,0.0009467455621301468,1,-1.0,5.326132544131539,8450.0,False,-1.0,-0.0009467455621301468
2025-06-17 21:35:00,-4.2178631701972336e-05,0.008291873963515828,-0.008291873963515828,0,-1.0,5.317840670168024,8442.0,False,-1.0,0.008291873963515828
2025-06-18 09:40:00,0.0007006570813246071,0.0009398496240602405,-0.0009398496240602405,0,-1.0,5.316900820543964,8512.0,False,0.0,0.0009398496240602405
2025-06-18 10:40:00,0.0004937760531902313,-0.0028169014084507005,-0.0,1,0.0,5.316900820543964,8520.0,False,1.0,-0.0028169014084507005
2025-06-18 11:25:00,0.00012258336937520653,0.0028248587570620654,0.0028248587570620654,1,1.0,5.319725679301026,8496.0,False,1.0,0.0028248587570620654
2025-06-18 14:10:00,-0.0006322874687612057,-0.0009389671361502705,-0.0009389671361502705,0,1.0,5.318786712164876,8520.0,False,0.0,-0.0009389671361502705
2025-06-18 14:55:00,5.480707841343246e-06,0.0002349624060149491,0.0,1,0.0,5.318786712164876,8512.0,False,0.0,0.0002349624060149491
2025-06-18 21:35:00,0.00027642096392810345,0.00023490721165142503,0.0,1,0.0,5.318786712164876,8514.0,False,0.0,0.00023490721165142503
2025-06-19 09:40:00,0.00019773865642491728,0.0021136683889149133,0.0,0,0.0,5.318786712164876,8516.0,False,0.0,0.0021136683889149133
2025-06-19 10:40:00,0.00034813047386705875,0.0,0.0,0,0.0,5.318786712164876,8534.0,False,1.0,0.0
2025-06-19 11:25:00,0.0008402873645536602,0.0018748535270682876,0.0018748535270682876,0,1.0,5.320661565691944,8534.0,False,1.0,0.0018748535270682876
2025-06-19 14:10:00,-0.0007180346874520183,-0.0016374269005847708,-0.0016374269005847708,0,1.0,5.3190241387913595,8550.0,False,0.0,-0.0016374269005847708
2025-06-19 14:55:00,-0.00021318082872312516,-0.0009372071227741197,-0.0,1,0.0,5.3190241387913595,8536.0,False,0.0,-0.0009372071227741197
2025-06-19 21:35:00,0.0003188899136148393,0.007739212007504603,0.0,1,0.0,5.3190241387913595,8528.0,False,1.0,0.007739212007504603
2025-06-20 09:40:00,0.0008458380470983684,-0.0030253665347916847,-0.0030253665347916847,1,1.0,5.315998772256568,8594.0,False,1.0,-0.0030253665347916847
2025-06-20 10:40:00,-0.0005879310774616897,-0.0014005602240896309,-0.0014005602240896309,1,1.0,5.314598212032478,8568.0,False,0.0,-0.0014005602240896309
2025-06-20 11:25:00,-0.0005343110533431172,-0.00397381954184195,-0.0,1,0.0,5.314598212032478,8556.0,False,-1.0,-0.00397381954184195
2025-06-20 14:10:00,-0.00017871285672299564,0.00046937338652908167,-0.00046937338652908167,1,-1.0,5.314128838645949,8522.0,False,-1.0,0.00046937338652908167
2025-06-20 14:55:00,0.0002628237125463784,-0.00023457658925640779,0.00023457658925640779,0,-1.0,5.3143634152352055,8526.0,False,0.0,-0.00023457658925640779
2025-06-20 21:35:00,0.0003636969777289778,0.0,0.0,1,0.0,5.3143634152352055,8524.0,False,1.0,0.0
2025-06-23 09:40:00,0.00017584150191396475,-0.0002346316283434735,-0.0002346316283434735,1,1.0,5.314128783606862,8524.0,False,1.0,-0.0002346316283434735
2025-06-23 10:40:00,0.000455340399639681,0.00046937338652908167,0.00046937338652908167,0,1.0,5.314598156993391,8522.0,False,1.0,0.00046937338652908167
2025-06-23 11:25:00,0.0002343733940506354,-0.005629838142153454,-0.005629838142153454,0,1.0,5.308968318851237,8526.0,False,1.0,-0.005629838142153454
2025-06-23 14:10:00,8.296636224258691e-05,0.00424628450106157,0.00424628450106157,0,1.0,5.313214603352298,8478.0,False,1.0,0.00424628450106157
2025-06-23 14:55:00,0.0009409092599526048,-0.007751937984496138,-0.007751937984496138,0,1.0,5.305462665367802,8514.0,False,1.0,-0.007751937984496138
2025-06-24 09:40:00,-0.000259667489444837,-0.01278409090909094,-0.01278409090909094,0,1.0,5.292678574458711,8448.0,False,0.0,-0.01278409090909094
2025-06-24 10:40:00,-0.0008045496651902795,0.0026378896882492953,0.0,1,0.0,5.292678574458711,8340.0,False,-1.0,0.0026378896882492953
2025-06-24 11:25:00,-0.0006647469708696008,-0.0033484812245874185,0.0033484812245874185,1,-1.0,5.2960270556832985,8362.0,False,-1.0,-0.0033484812245874185
2025-06-24 14:10:00,-0.0005159624270163476,-0.001199904007679331,0.001199904007679331,0,-1.0,5.297226959690978,8334.0,False,-1.0,-0.001199904007679331
2025-06-24 14:55:00,-4.33150416938588e-05,0.0007208073041806706,-0.0007208073041806706,0,-1.0,5.296506152386797,8324.0,False,-1.0,0.0007208073041806706
2025-06-24 21:35:00,-0.0001770249509718269,-0.0019207683073229065,0.0019207683073229065,0,-1.0,5.29842692069412,8330.0,False,-1.0,-0.0019207683073229065
2025-06-25 09:40:00,-3.82843500119634e-05,0.002165022853019005,-0.002165022853019005,0,-1.0,5.296261897841101,8314.0,False,-1.0,0.002165022853019005
2025-06-25 10:40:00,0.0006105515640228987,-0.001440230436869916,0.001440230436869916,0,-1.0,5.2977021282779715,8332.0,False,0.0,-0.001440230436869916
2025-06-25 11:25:00,0.0005171317025087774,0.0026442307692307043,0.0,1,0.0,5.2977021282779715,8320.0,False,1.0,0.0026442307692307043
2025-06-25 14:10:00,0.00030682419310323894,-0.0007192519779429807,-0.0007192519779429807,1,1.0,5.296982876300029,8342.0,False,1.0,-0.0007192519779429807
2025-06-25 14:55:00,0.0004180507967248559,0.0004798464491362342,0.0004798464491362342,0,1.0,5.297462722749165,8336.0,False,1.0,0.0004798464491362342
2025-06-25 21:35:00,-0.000363360159099102,0.005035971223021685,0.005035971223021685,0,1.0,5.302498693972186,8340.0,False,0.0,0.005035971223021685
2025-06-26 09:40:00,0.00035551798646338284,-0.0035790980672870676,-0.0,1,0.0,5.302498693972186,8382.0,False,1.0,-0.0035790980672870676
2025-06-26 10:40:00,0.0004478677874431014,0.0007183908045977905,0.0007183908045977905,1,1.0,5.303217084776784,8352.0,False,1.0,0.0007183908045977905
2025-06-26 11:25:00,-0.0002712089626584202,-0.0031107920555156765,-0.0031107920555156765,0,1.0,5.300106292721268,8358.0,False,0.0,-0.0031107920555156765
2025-06-26 14:10:00,0.0004047499387525022,0.001440230436869916,0.0,1,0.0,5.300106292721268,8332.0,False,1.0,0.001440230436869916
2025-06-26 14:55:00,0.00047094313777051866,0.0014381591562799834,0.0014381591562799834,1,1.0,5.3015444518775485,8344.0,False,1.0,0.0014381591562799834
2025-06-26 21:35:00,0.0013679512776434422,0.002872187649593183,0.002872187649593183,0,1.0,5.304416639527142,8356.0,False,1.0,0.002872187649593183
2025-06-27 09:40:00,0.0009874645620584488,-0.0023866348448687846,-0.0023866348448687846,0,1.0,5.3020300046822735,8380.0,False,1.0,-0.0023866348448687846
2025-06-27 10:40:00,0.0006141910562291741,0.0007177033492822282,0.0007177033492822282,0,1.0,5.302747708031555,8360.0,False,1.0,0.0007177033492822282
2025-06-27 11:25:00,0.0008388755959458649,-0.0026296916088931477,-0.0026296916088931477,0,1.0,5.300118016422662,8366.0,False,1.0,-0.0026296916088931477
2025-06-27 14:10:00,0.0004987461725249887,0.0019175455417066445,0.0019175455417066445,0,1.0,5.302035561964368,8344.0,False,1.0,0.0019175455417066445
2025-06-27 14:55:00,-0.0003502313338685781,0.0011961722488038617,0.0011961722488038617,0,1.0,5.303231734213172,8360.0,False,0.0,0.0011961722488038617
2025-06-27 21:35:00,-0.0006442808662541211,-0.00501792114695343,-0.0,1,0.0,5.303231734213172,8370.0,False,-1.0,-0.00501792114695343
2025-06-30 09:40:00,-0.00020419328939169645,-0.0028818443804035088,0.0028818443804035088,1,-1.0,5.306113578593576,8328.0,False,-1.0,-0.0028818443804035088
2025-06-30 10:40:00,-0.0005407864809967577,-0.0009633911368015502,0.0009633911368015502,0,-1.0,5.307076969730377,8304.0,False,-1.0,-0.0009633911368015502
2025-06-30 11:25:00,-0.0009081864845938981,0.0019286403085825299,-0.0019286403085825299,0,-1.0,5.305148329421795,8296.0,False,-1.0,0.0019286403085825299
2025-06-30 14:10:00,-0.0007134957704693079,0.0009624639076035724,-0.0009624639076035724,0,-1.0,5.304185865514191,8312.0,False,-1.0,0.0009624639076035724
2025-06-30 14:55:00,-0.0001835930161178112,-0.00048076923076922906,0.00048076923076922906,0,-1.0,5.304666634744961,8320.0,False,-1.0,-0.00048076923076922906
2025-07-01 09:40:00,-6.902942914166488e-06,-0.00240500240500241,0.00240500240500241,0,-1.0,5.3070716371499635,8316.0,False,-1.0,-0.00240500240500241
2025-07-01 10:40:00,-0.0008024023263715208,0.0009643201542912649,-0.0009643201542912649,0,-1.0,5.306107316995672,8296.0,False,-1.0,0.0009643201542912649
2025-07-01 11:25:00,-0.0008024023263715208,-0.0014450867052022698,0.0014450867052022698,0,-1.0,5.307552403700875,8304.0,False,-1.0,-0.0014450867052022698
2025-07-01 14:10:00,-0.000813896011095494,0.004100337674867394,-0.004100337674867394,0,-1.0,5.303452066026008,8292.0,False,-1.0,0.004100337674867394
2025-07-01 14:55:00,0.00031154108000919223,0.0014412683161182382,-0.0014412683161182382,0,-1.0,5.302010797709889,8326.0,False,0.0,0.0014412683161182382
2025-07-01 21:35:00,-0.0002682487538550049,0.00023986567522182867,0.0,1,0.0,5.302010797709889,8338.0,False,0.0,0.00023986567522182867
2025-07-02 09:40:00,0.0004104269028175622,0.0019184652278176895,0.0,1,0.0,5.302010797709889,8340.0,False,1.0,0.0019184652278176895
2025-07-02 10:40:00,0.0006392364739440382,0.0009573958831976537,0.0009573958831976537,1,1.0,5.302968193593087,8356.0,False,1.0,0.0009573958831976537
2025-07-02 11:25:00,0.0011135165113955736,0.002391200382592107,0.002391200382592107,1,1.0,5.30535939397568,8364.0,False,1.0,0.002391200382592107
2025-07-02 14:10:00,0.0011129563208669424,0.005248091603053506,0.005248091603053506,0,1.0,5.310607485578734,8384.0,False,1.0,0.005248091603053506
2025-07-02 14:55:00,0.000617222161963582,0.0007119126720456226,0.0007119126720456226,0,1.0,5.311319398250779,8428.0,False,1.0,0.0007119126720456226
2025-07-02 21:35:00,0.000572702381759882,0.0054541142992647895,0.0054541142992647895,0,1.0,5.316773512550044,8434.0,False,1.0,0.0054541142992647895
2025-07-03 09:40:00,0.00046987817040644586,-0.0007075471698113622,-0.0007075471698113622,0,1.0,5.316065965380233,8480.0,False,1.0,-0.0007075471698113622
2025-07-03 10:40:00,-0.0008602550369687378,-0.0007080481472739875,-0.0007080481472739875,0,1.0,5.315357917232959,8474.0,False,0.0,-0.0007080481472739875
2025-07-03 11:25:00,-2.498540015949402e-05,0.0007085498346717234,0.0,1,0.0,5.315357917232959,8468.0,False,0.0,0.0007085498346717234
2025-07-03 14:10:00,0.0005847117281518877,0.0004720320981825843,0.0,1,0.0,5.315357917232959,8474.0,False,1.0,0.0004720320981825843
2025-07-03 14:55:00,-0.000456517213024199,0.0007077140835103357,0.0007077140835103357,1,1.0,5.316065631316469,8478.0,False,0.0,0.0007077140835103357
2025-07-03 21:35:00,0.0003789302718359977,0.003064592173503078,0.0,1,0.0,5.316065631316469,8484.0,False,1.0,0.003064592173503078
2025-07-04 09:40:00,-0.00035327632213011384,-0.0030552291421857003,-0.0030552291421857003,1,1.0,5.313010402174283,8510.0,False,0.0,-0.0030552291421857003
2025-07-04 10:40:00,-0.0014861308736726642,-0.0023573785950024018,-0.0,1,0.0,5.313010402174283,8484.0,False,-1.0,-0.0023573785950024018
2025-07-04 11:25:00,-0.001375718624331057,0.00023629489603016474,-0.00023629489603016474,0,-1.0,5.312774107278253,8464.0,False,-1.0,0.00023629489603016474
2025-07-04 14:10:00,-0.0006743854028172791,-0.002362390739428344,0.002362390739428344,0,-1.0,5.315136498017681,8466.0,False,-1.0,-0.002362390739428344
2025-07-04 14:55:00,-0.0007760125445201993,0.0028415818138762816,-0.0028415818138762816,0,-1.0,5.312294916203805,8446.0,False,-1.0,0.0028415818138762816
2025-07-04 21:35:00,-0.001628013444133103,-0.0028335301062574203,0.0028335301062574203,0,-1.0,5.315128446310062,8470.0,False,-1.0,-0.0028335301062574203
2025-07-07 09:40:00,-0.0012821475975215435,-0.00023679848448965313,0.00023679848448965313,0,-1.0,5.315365244794552,8446.0,False,-1.0,-0.00023679848448965313
2025-07-07 10:40:00,-0.0010737592820078135,-0.002131691141639025,0.002131691141639025,0,-1.0,5.317496935936191,8444.0,False,-1.0,-0.002131691141639025
2025-07-07 11:25:00,-0.0013526678085327148,0.004035129361500189,-0.004035129361500189,0,-1.0,5.313461806574691,8426.0,False,-1.0,0.004035129361500189
2025-07-07 14:10:00,-0.001342173432931304,0.0009456264775413725,-0.0009456264775413725,0,-1.0,5.312516180097149,8460.0,False,-1.0,0.0009456264775413725
2025-07-07 14:55:00,-0.001451535033993423,0.002361832782239004,-0.002361832782239004,0,-1.0,5.31015434731491,8468.0,False,-1.0,0.002361832782239004
2025-07-08 09:40:00,-0.0003296091454103589,0.0011781338360037363,-0.0011781338360037363,0,-1.0,5.308976213478906,8488.0,False,-1.0,0.0011781338360037363
2025-07-08 10:40:00,0.0005753843579441309,0.004000941397976021,-0.004000941397976021,0,-1.0,5.30497527208093,8498.0,False,0.0,0.004000941397976021
2025-07-08 11:25:00,0.0006655972683802247,0.002344116268166996,0.0,1,0.0,5.30497527208093,8532.0,False,1.0,0.002344116268166996
2025-07-08 14:10:00,0.0005618426366709173,0.007717492984097296,0.007717492984097296,1,1.0,5.3126927650650275,8552.0,False,1.0,0.007717492984097296
2025-07-08 14:55:00,0.0009718224755488336,0.005105592944998794,0.005105592944998794,0,1.0,5.317798358010027,8618.0,False,1.0,0.005105592944998794
2025-07-08 21:35:00,0.000996330170892179,-0.0011544677903486678,-0.0011544677903486678,0,1.0,5.316643890219678,8662.0,False,1.0,-0.0011544677903486678
2025-07-09 09:40:00,0.0011343243531882763,0.0011558021266759866,0.0011558021266759866,0,1.0,5.317799692346354,8652.0,False,1.0,0.0011558021266759866
2025-07-09 10:40:00,0.0010285868775099516,-0.0016162549064880904,-0.0016162549064880904,0,1.0,5.316183437439866,8662.0,False,1.0,-0.0016162549064880904
2025-07-09 11:25:00,0.0010577576467767358,0.004162812210915856,0.004162812210915856,0,1.0,5.3203462496507825,8648.0,False,1.0,0.004162812210915856
2025-07-09 14:10:00,-5.532070645131171e-05,-0.0020727775218792877,-0.0020727775218792877,0,1.0,5.318273472128904,8684.0,False,0.0,-0.0020727775218792877
2025-07-09 14:55:00,-2.0968116587027907e-05,0.0009231479344564697,0.0,1,0.0,5.318273472128904,8666.0,False,0.0,0.0009231479344564697
2025-07-09 21:35:00,-0.0005518253310583532,-0.005764353239566478,-0.0,1,0.0,5.318273472128904,8674.0,False,-1.0,-0.005764353239566478
2025-07-10 09:40:00,-0.00019812080427072942,-0.003014842300556597,0.003014842300556597,0,-1.0,5.32128831442946,8624.0,False,-1.0,-0.003014842300556597
2025-07-10 10:40:00,9.859667625278234e-05,0.003256571295650046,-0.003256571295650046,0,-1.0,5.31803174313381,8598.0,False,0.0,0.003256571295650046
2025-07-10 11:25:00,-8.895791688701138e-05,0.004637143519591991,0.0,1,0.0,5.31803174313381,8626.0,False,0.0,0.004637143519591991
2025-07-10 14:10:00,0.0010893044527620077,-0.003231017770597755,-0.0,1,0.0,5.31803174313381,8666.0,False,1.0,-0.003231017770597755
2025-07-10 14:55:00,3.202490188414231e-05,0.0,0.0,1,1.0,5.31803174313381,8638.0,False,1.0,0.0
2025-07-10 21:35:00,-0.0006036720587871969,-0.000926140310256951,-0.000926140310256951,1,1.0,5.317105602823553,8638.0,False,0.0,-0.000926140310256951
2025-07-11 09:40:00,-0.00044419796904549,0.002085747392815751,0.0,1,0.0,5.317105602823553,8630.0,False,-1.0,0.002085747392815751
2025-07-11 10:40:00,0.000955793191678822,0.01225716928769649,-0.01225716928769649,1,-1.0,5.304848433535856,8648.0,False,0.0,0.01225716928769649
2025-07-11 11:25:00,0.0010219301329925656,-0.006397075622572523,-0.0,1,0.0,5.304848433535856,8754.0,False,1.0,-0.006397075622572523
2025-07-11 14:10:00,-6.591854616999626e-05,-0.00022993791676251263,-0.00022993791676251263,1,1.0,5.304618495619094,8698.0,False,0.0,-0.00022993791676251263
2025-07-11 14:55:00,-8.895791688701138e-05,-0.0004599816007360147,-0.0,1,0.0,5.304618495619094,8696.0,False,0.0,-0.0004599816007360147
2025-07-11 21:35:00,-0.00013501994544640183,-0.0006902899217671177,-0.0,1,0.0,5.304618495619094,8692.0,False,0.0,-0.0006902899217671177
2025-07-14 09:40:00,-0.00047983418335206807,0.00023025558369793586,0.0,0,0.0,5.304618495619094,8686.0,False,-1.0,0.00023025558369793586
2025-07-14 10:40:00,2.156948539777659e-07,-0.0018416206261510082,0.0018416206261510082,0,-1.0,5.306460116245245,8688.0,False,0.0,-0.0018416206261510082
2025-07-14 11:25:00,0.0011923813726752996,0.005073800738007339,0.0,1,0.0,5.306460116245245,8672.0,False,1.0,0.005073800738007339
2025-07-14 14:10:00,0.001245308667421341,0.002065167508031207,0.002065167508031207,1,1.0,5.308525283753276,8716.0,False,1.0,0.002065167508031207
2025-07-14 14:55:00,0.0012184717925265431,0.006182734142431867,0.006182734142431867,0,1.0,5.3147080178957085,8734.0,False,1.0,0.006182734142431867
2025-07-15 09:40:00,0.001251764828339219,-0.001593081474738245,-0.001593081474738245,0,1.0,5.31311493642097,8788.0,False,1.0,-0.001593081474738245
2025-07-15 10:40:00,-0.00036973037640564144,-0.0036471392751310505,-0.0036471392751310505,0,1.0,5.309467797145839,8774.0,False,0.0,-0.0036471392751310505
2025-07-15 11:25:00,-0.0004569874727167189,-0.0034317089910775866,-0.0,1,0.0,5.309467797145839,8742.0,False,-1.0,-0.0034317089910775866
2025-07-15 14:10:00,-0.00023732337285764515,0.0009182736455464191,-0.0009182736455464191,1,-1.0,5.308549523500292,8712.0,False,-1.0,0.0009182736455464191
2025-07-15 14:55:00,-0.0002281594934174791,-0.0013761467889907841,0.0013761467889907841,0,-1.0,5.309925670289283,8720.0,False,-1.0,-0.0013761467889907841
2025-07-15 21:35:00,-0.00036689970875158906,-0.0006890215893431417,0.0006890215893431417,0,-1.0,5.310614691878627,8708.0,False,-1.0,-0.0006890215893431417
2025-07-16 09:40:00,4.943881504004821e-05,0.0059756377844173425,-0.0059756377844173425,0,-1.0,5.304639054094209,8702.0,False,0.0,0.0059756377844173425
2025-07-16 10:40:00,0.0004421625635586679,-0.002741603838245399,-0.0,1,0.0,5.304639054094209,8754.0,False,1.0,-0.002741603838245399
2025-07-16 11:25:00,0.0003541152982506901,0.0,0.0,1,1.0,5.304639054094209,8730.0,False,1.0,0.0
2025-07-16 14:10:00,0.000774227490182966,-0.0009163802978235935,-0.0009163802978235935,0,1.0,5.303722673796385,8730.0,False,1.0,-0.0009163802978235935
2025-07-16 14:55:00,0.0003325434518046677,-0.00045861041045636153,-0.00045861041045636153,0,1.0,5.303264063385929,8722.0,False,1.0,-0.00045861041045636153
2025-07-16 21:35:00,0.0011453822953626513,0.00045882083046566713,0.00045882083046566713,0,1.0,5.303722884216395,8718.0,False,1.0,0.00045882083046566713
2025-07-17 09:40:00,0.001074346131645143,0.0029809676679659614,0.0029809676679659614,0,1.0,5.306703851884361,8722.0,False,1.0,0.0029809676679659614
2025-07-17 10:40:00,-0.0002034945209743455,-0.00045724737082764033,-0.00045724737082764033,0,1.0,5.306246604513533,8748.0,False,0.0,-0.00045724737082764033
2025-07-17 11:25:00,0.0009126909426413476,0.004803293687099641,0.0,1,0.0,5.306246604513533,8744.0,False,1.0,0.004803293687099641
2025-07-17 14:10:00,-8.84007167769596e-05,-0.0004552697473252376,-0.0004552697473252376,1,1.0,5.305791334766208,8786.0,False,0.0,-0.0004552697473252376
2025-07-17 14:55:00,-0.0004099947109352797,0.00204964700523802,0.0,1,0.0,5.305791334766208,8782.0,False,-1.0,0.00204964700523802
2025-07-17 21:35:00,0.00021553468832280487,0.010000000000000009,-0.010000000000000009,1,-1.0,5.295791334766208,8800.0,False,0.0,0.010000000000000009
2025-07-18 09:40:00,0.001013062079437077,0.005850585058505775,0.0,1,0.0,5.295791334766208,8888.0,False,1.0,0.005850585058505775
2025-07-18 10:40:00,0.0009476852719672024,-0.0031319910514541194,-0.0031319910514541194,1,1.0,5.292659343714754,8940.0,False,1.0,-0.0031319910514541194
2025-07-18 11:25:00,0.0009453903185203671,-0.001122082585278239,-0.001122082585278239,0,1.0,5.291537261129475,8912.0,False,1.0,-0.001122082585278239
2025-07-18 14:10:00,0.0011196681298315525,0.0033700292069198667,0.0033700292069198667,0,1.0,5.294907290336395,8902.0,False,1.0,0.0033700292069198667
2025-07-18 14:55:00,0.000562152883503586,0.0022391401701746805,0.0022391401701746805,0,1.0,5.29714643050657,8932.0,False,1.0,0.0022391401701746805
2025-07-18 21:35:00,0.0005015503847971559,0.003574620196604039,0.003574620196604039,0,1.0,5.3007210507031735,8952.0,False,1.0,0.003574620196604039
2025-07-21 09:40:00,0.0001692510995781049,-0.0060106856634015715,-0.0060106856634015715,0,1.0,5.294710365039772,8984.0,False,1.0,-0.0060106856634015715
2025-07-21 10:40:00,-0.0011147386394441128,-0.0006718924972004547,-0.0006718924972004547,0,1.0,5.294038472542572,8930.0,False,0.0,-0.0006718924972004547
2025-07-21 11:25:00,-0.0010512425797060132,0.00044822949350065144,0.0,1,0.0,5.294038472542572,8924.0,False,-1.0,0.00044822949350065144
2025-07-21 14:10:00,-0.00027448724722489715,-0.0022401433691756623,0.0022401433691756623,1,-1.0,5.296278615911747,8928.0,False,-1.0,-0.0022401433691756623
2025-07-21 14:55:00,-0.0002205690834671259,0.0022451728783117186,-0.0022451728783117186,0,-1.0,5.2940334430334355,8908.0,False,-1.0,0.0022451728783117186
2025-07-22 09:40:00,-0.0008193508256226778,0.005376344086021501,-0.005376344086021501,0,-1.0,5.288657098947414,8928.0,False,-1.0,0.005376344086021501
2025-07-22 10:40:00,-0.0005433215410448611,-0.0008912655971479166,0.0008912655971479166,0,-1.0,5.2895483645445625,8976.0,False,-1.0,-0.0008912655971479166
2025-07-22 11:25:00,-0.00030225396039895713,-0.001561106155218539,0.001561106155218539,0,-1.0,5.291109470699781,8968.0,False,-1.0,-0.001561106155218539
2025-07-22 14:10:00,-0.0002704771177377552,-0.004690641054277411,0.004690641054277411,0,-1.0,5.295800111754058,8954.0,False,-1.0,-0.004690641054277411
2025-07-22 14:55:00,-0.00012004666496068239,0.0008976660682227244,-0.0008976660682227244,0,-1.0,5.294902445685835,8912.0,False,-1.0,0.0008976660682227244
2025-07-22 21:35:00,-0.0007319226861000061,0.002466367713004569,-0.002466367713004569,0,-1.0,5.29243607797283,8920.0,False,-1.0,0.002466367713004569
2025-07-23 09:40:00,-0.0007835606229491532,0.0026839633191679813,-0.0026839633191679813,0,-1.0,5.289752114653663,8942.0,False,-1.0,0.0026839633191679813
2025-07-23 10:40:00,0.0009575658477842808,0.003569038590229834,-0.003569038590229834,0,-1.0,5.286183076063432,8966.0,False,0.0,0.003569038590229834
2025-07-23 11:25:00,0.0009529976523481309,0.0044454323182929745,0.0,1,0.0,5.286183076063432,8998.0,False,1.0,0.0044454323182929745
2025-07-23 14:10:00,0.0007607329753227532,-0.005310909493250748,-0.005310909493250748,1,1.0,5.280872166570181,9038.0,False,1.0,-0.005310909493250748
2025-07-23 14:55:00,-0.00018440396524965763,0.00022246941045600543,0.00022246941045600543,0,1.0,5.281094635980637,8990.0,False,0.0,0.00022246941045600543
2025-07-23 21:35:00,0.00018596106383483857,-0.003336298932384296,-0.0,1,0.0,5.281094635980637,8992.0,False,0.0,-0.003336298932384296
2025-07-24 09:40:00,-0.0008190847001969814,0.008257085471992776,0.0,1,0.0,5.281094635980637,8962.0,False,-1.0,0.008257085471992776
2025-07-24 10:40:00,-0.0007252063369378448,-0.0028773793714033102,0.0028773793714033102,1,-1.0,5.283972015352041,9036.0,False,-1.0,-0.0028773793714033102
2025-07-24 11:25:00,0.000201452465262264,-0.0015538290788013054,0.0015538290788013054,1,-1.0,5.285525844430842,9010.0,False,0.0,-0.0015538290788013054
2025-07-24 14:10:00,-0.0005530454218387604,0.0051133837261005954,0.0,1,0.0,5.285525844430842,8996.0,False,-1.0,0.0051133837261005954
2025-07-24 14:55:00,0.0004991414025425911,0.005087370050873785,-0.005087370050873785,1,-1.0,5.280438474379968,9042.0,False,0.0,0.005087370050873785
2025-07-24 21:35:00,-0.0008493175846524537,-0.006602112676056371,-0.0,1,0.0,5.280438474379968,9088.0,False,-1.0,-0.006602112676056371
2025-07-25 09:40:00,-0.00014737292076461017,-0.0022153300841825097,0.0022153300841825097,1,-1.0,5.282653804464151,9028.0,False,-1.0,-0.0022153300841825097
2025-07-25 10:40:00,-0.0008420126396231353,-0.004884547069271772,0.004884547069271772,0,-1.0,5.287538351533422,9008.0,False,-1.0,-0.004884547069271772
2025-07-25 11:25:00,-0.0011790910502895713,-0.0031236055332440893,0.0031236055332440893,0,-1.0,5.290661957066667,8964.0,False,-1.0,-0.0031236055332440893
2025-07-25 14:10:00,-0.0012736734934151173,-0.0008952551477170445,0.0008952551477170445,0,-1.0,5.291557212214384,8936.0,False,-1.0,-0.0008952551477170445
2025-07-25 14:55:00,-0.0007532938034273684,0.00044802867383508804,-0.00044802867383508804,0,-1.0,5.291109183540549,8928.0,False,-1.0,0.00044802867383508804
2025-07-25 21:35:00,-0.0004041872452944517,-0.0040304523063143805,0.0040304523063143805,0,-1.0,5.295139635846863,8932.0,False,-1.0,-0.0040304523063143805
2025-07-28 09:40:00,-0.0006391077768057585,-0.002023381294964044,0.002023381294964044,0,-1.0,5.297163017141827,8896.0,False,-1.0,-0.002023381294964044
2025-07-28 10:40:00,-0.0014861976960673928,0.005181347150259086,-0.005181347150259086,0,-1.0,5.291981669991568,8878.0,False,-1.0,0.005181347150259086
2025-07-28 11:25:00,-0.0012830807827413082,-0.0013446884805020654,0.0013446884805020654,0,-1.0,5.29332635847207,8924.0,False,-1.0,-0.0013446884805020654
2025-07-28 14:10:00,-0.0011219939915463328,0.0017953321364452268,-0.0017953321364452268,0,-1.0,5.291531026335625,8912.0,False,-1.0,0.0017953321364452268
2025-07-28 14:55:00,-0.000829791824799031,0.0006720430107527431,-0.0006720430107527431,0,-1.0,5.290858983324872,8928.0,False,-1.0,0.0006720430107527431
2025-07-29 09:40:00,-0.0009556550648994744,-0.006044325050369337,0.006044325050369337,0,-1.0,5.296903308375241,8934.0,False,-1.0,-0.006044325050369337
2025-07-29 10:40:00,-0.0010525962570682168,-0.0018018018018017834,0.0018018018018017834,0,-1.0,5.298705110177043,8880.0,False,-1.0,-0.0018018018018017834
2025-07-29 11:25:00,-0.0013590079033747315,0.004738267148014508,-0.004738267148014508,0,-1.0,5.293966843029028,8864.0,False,-1.0,0.004738267148014508
2025-07-29 14:10:00,0.00010903063957812265,0.007635302043566217,-0.007635302043566217,0,-1.0,5.286331540985461,8906.0,False,0.0,0.007635302043566217
2025-07-29 14:55:00,0.0004432665300555527,-0.0006685981724983137,-0.0,1,0.0,5.286331540985461,8974.0,False,1.0,-0.0006685981724983137
2025-07-29 21:35:00,-0.0003337836533319205,0.003568242640499486,0.003568242640499486,1,1.0,5.289899783625961,8968.0,False,0.0,0.003568242640499486
2025-07-30 09:40:00,0.00016462568601127714,-0.007555555555555538,-0.0,1,0.0,5.289899783625961,9000.0,False,0.0,-0.007555555555555538
2025-07-30 10:40:00,-0.0009564400534145534,0.0031347962382444194,0.0,1,0.0,5.289899783625961,8932.0,False,-1.0,0.0031347962382444194
2025-07-30 11:25:00,-0.0015058720018714666,0.0022321428571427937,-0.0022321428571427937,1,-1.0,5.287667640768818,8960.0,False,-1.0,0.0022321428571427937
2025-07-30 14:10:00,-0.0008233959088101983,-0.002895322939866385,0.002895322939866385,1,-1.0,5.290562963708685,8980.0,False,-1.0,-0.002895322939866385
2025-07-30 14:55:00,-0.0010056744795292616,0.002457002457002533,-0.002457002457002533,0,-1.0,5.2881059612516825,8954.0,False,-1.0,0.002457002457002533
2025-07-30 21:35:00,-0.001826853258535266,-0.004456327985739805,0.004456327985739805,0,-1.0,5.292562289237423,8976.0,False,-1.0,-0.004456327985739805
2025-07-31 09:40:00,-0.0010286248289048672,-0.004028648164726922,0.004028648164726922,0,-1.0,5.29659093740215,8936.0,False,-1.0,-0.004028648164726922
2025-07-31 10:40:00,-0.0009845671011134982,-0.0020224719101124,0.0020224719101124,0,-1.0,5.298613409312262,8900.0,False,-1.0,-0.0020224719101124
2025-07-31 11:25:00,-0.001544055063277483,0.0038279666741725116,-0.0038279666741725116,0,-1.0,5.294785442638089,8882.0,False,-1.0,0.0038279666741725116
2025-07-31 14:10:00,-0.0009698576177470386,0.0011215791834904287,-0.0011215791834904287,0,-1.0,5.293663863454599,8916.0,False,-1.0,0.0011215791834904287
2025-07-31 14:55:00,-0.0005023106932640076,-0.0026887743670177544,0.0026887743670177544,0,-1.0,5.296352637821617,8926.0,False,-1.0,-0.0026887743670177544
2025-07-31 21:35:00,-0.001339825103059411,-0.003594697820714421,0.003594697820714421,0,-1.0,5.299947335642331,8902.0,False,-1.0,-0.003594697820714421
2025-08-01 09:40:00,-0.0012442164588719606,0.0020293122886132497,-0.0020293122886132497,0,-1.0,5.297918023353718,8870.0,False,-1.0,0.0020293122886132497
2025-08-01 10:40:00,-0.0005836340133100748,-0.0006750675067507261,0.0006750675067507261,0,-1.0,5.298593090860469,8888.0,False,-1.0,-0.0006750675067507261
2025-08-01 11:25:00,0.00016318017151206732,0.003152443143436212,-0.003152443143436212,0,-1.0,5.295440647717033,8882.0,False,0.0,0.003152443143436212
2025-08-01 14:10:00,0.00012435929966159165,0.0029180695847361715,0.0,1,0.0,5.295440647717033,8910.0,False,0.0,0.0029180695847361715
2025-08-01 14:55:00,-0.001406467636115849,-0.0013428827215756778,-0.0,1,0.0,5.295440647717033,8936.0,False,-1.0,-0.0013428827215756778
2025-08-01 21:35:00,-2.6453009922988713e-05,-0.01613626176602423,0.01613626176602423,1,-1.0,5.311576909483057,8924.0,False,-1.0,-0.01613626176602423
2025-08-04 09:40:00,-0.0008517647511325777,-0.0018223234624146212,0.0018223234624146212,1,-1.0,5.313399232945472,8780.0,False,-1.0,-0.0018223234624146212
2025-08-04 10:40:00,-0.0013548865681514144,-0.000684618895481548,0.000684618895481548,0,-1.0,5.314083851840953,8764.0,False,-1.0,-0.000684618895481548
2025-08-04 11:25:00,-0.0011609094217419624,0.005480703356930849,-0.005480703356930849,0,-1.0,5.308603148484023,8758.0,False,-1.0,0.005480703356930849
2025-08-04 14:10:00,-0.0009862463921308517,0.0027254144901203148,-0.0027254144901203148,0,-1.0,5.305877733993903,8806.0,False,-1.0,0.0027254144901203148
2025-08-04 14:55:00,-0.0014708148082718253,0.007248018120045385,-0.007248018120045385,0,-1.0,5.298629715873857,8830.0,False,-1.0,0.007248018120045385
2025-08-05 09:40:00,-0.00013533340825233608,0.0013492241960872953,-0.0013492241960872953,0,-1.0,5.297280491677769,8894.0,False,-1.0,0.0013492241960872953
2025-08-05 10:40:00,-0.0002942065766546875,0.0017965416573095805,-0.0017965416573095805,0,-1.0,5.29548395002046,8906.0,False,-1.0,0.0017965416573095805
2025-08-05 11:25:00,-0.00040692262700758874,0.0038108047522977806,-0.0038108047522977806,0,-1.0,5.291673145268161,8922.0,False,-1.0,0.0038108047522977806
2025-08-05 14:10:00,-0.0003419352578930557,0.010272443054935243,-0.010272443054935243,0,-1.0,5.281400702213226,8956.0,False,-1.0,0.010272443054935243
2025-08-05 14:55:00,9.555459837429225e-05,0.0004420866489831532,-0.0004420866489831532,0,-1.0,5.280958615564243,9048.0,False,0.0,0.0004420866489831532
2025-08-05 21:35:00,4.1128074371954426e-05,-0.005302695536897883,-0.0,1,0.0,5.280958615564243,9052.0,False,0.0,-0.005302695536897883
2025-08-06 09:40:00,-0.0017818943597376347,-0.00999555752998671,-0.0,1,0.0,5.280958615564243,9004.0,False,-1.0,-0.00999555752998671
2025-08-06 10:40:00,-0.0017477789660915732,0.003365492483733412,-0.003365492483733412,1,-1.0,5.27759312308051,8914.0,False,-1.0,0.003365492483733412
2025-08-06 11:25:00,-0.0020659007132053375,0.004472271914132353,-0.004472271914132353,1,-1.0,5.273120851166377,8944.0,False,-1.0,0.004472271914132353
2025-08-06 14:10:00,-0.002279445994645357,-0.00022261798753342443,0.00022261798753342443,0,-1.0,5.27334346915391,8984.0,False,-1.0,-0.00022261798753342443
2025-08-06 14:55:00,-0.0012205576058477163,-0.0013360053440213404,0.0013360053440213404,0,-1.0,5.2746794744979315,8982.0,False,-1.0,-0.0013360053440213404
2025-08-06 21:35:00,-0.00027714946190826595,0.0033444816053511683,-0.0033444816053511683,0,-1.0,5.27133499289258,8970.0,False,-1.0,0.0033444816053511683
2025-08-07 09:40:00,-0.0022908395621925592,0.000888888888888939,-0.000888888888888939,0,-1.0,5.270446104003691,9000.0,False,-1.0,0.000888888888888939
2025-08-07 10:40:00,-0.0023300740867853165,-0.001110124333925433,0.001110124333925433,0,-1.0,5.271556228337616,9008.0,False,-1.0,-0.001110124333925433
2025-08-07 11:25:00,-0.0014401997905224562,-0.006668148477439462,0.006668148477439462,0,-1.0,5.278224376815055,8998.0,False,-1.0,-0.006668148477439462
2025-08-07 14:10:00,-0.0013027706881985068,0.0,-0.0,0,-1.0,5.278224376815055,8938.0,False,-1.0,0.0
2025-08-07 14:55:00,-0.0010617991210892797,0.0013425822331618598,-0.0013425822331618598,0,-1.0,5.276881794581893,8938.0,False,-1.0,0.0013425822331618598
2025-08-07 21:35:00,0.0002696731244213879,0.006927374301676004,-0.006927374301676004,0,-1.0,5.269954420280217,8950.0,False,0.0,0.006927374301676004
2025-08-08 09:40:00,0.00018558472220320255,0.0,0.0,1,0.0,5.269954420280217,9012.0,False,0.0,0.0
2025-08-08 10:40:00,-0.0012115135323256254,0.0006657789613848664,0.0,1,0.0,5.269954420280217,9012.0,False,-1.0,0.0006657789613848664
2025-08-08 11:25:00,-0.00031016592402011156,0.0008871146595696988,-0.0008871146595696988,1,-1.0,5.269067305620648,9018.0,False,-1.0,0.0008871146595696988
2025-08-08 14:10:00,-0.0018590872641652822,0.0,-0.0,1,-1.0,5.269067305620648,9026.0,False,-1.0,0.0
2025-08-08 14:55:00,-0.0024371591862291098,-0.005096388211832448,0.005096388211832448,0,-1.0,5.27416369383248,9026.0,False,-1.0,-0.005096388211832448
2025-08-08 21:35:00,-0.0020534032955765724,-0.0033407572383074013,0.0033407572383074013,0,-1.0,5.277504451070787,8980.0,False,-1.0,-0.0033407572383074013
2025-08-11 09:40:00,-0.002027323702350259,0.0031284916201117507,-0.0031284916201117507,0,-1.0,5.274375959450675,8950.0,False,-1.0,0.0031284916201117507
2025-08-11 10:40:00,-0.001854579197242856,-0.00022276676319887834,0.00022276676319887834,0,-1.0,5.274598726213874,8978.0,False,-1.0,-0.00022276676319887834
2025-08-11 11:25:00,-0.0014556108508259058,0.0035650623885918886,-0.0035650623885918886,0,-1.0,5.271033663825282,8976.0,False,-1.0,0.0035650623885918886
2025-08-11 14:10:00,-0.0023234719410538673,0.022868561278863275,-0.022868561278863275,0,-1.0,5.248165102546419,9008.0,False,-1.0,0.022868561278863275
2025-08-11 14:55:00,-0.0007398440502583981,0.0028217929238116835,-0.0028217929238116835,0,-1.0,5.245343309622607,9214.0,False,-1.0,0.0028217929238116835
2025-08-12 09:40:00,-0.00017086592561099678,0.003896103896103842,-0.003896103896103842,0,-1.0,5.241447205726503,9240.0,False,-1.0,0.003896103896103842
2025-08-12 10:40:00,-0.0002127118787029758,0.0006468305304010435,-0.0006468305304010435,0,-1.0,5.240800375196102,9276.0,False,-1.0,0.0006468305304010435
2025-08-12 11:25:00,-0.00017024610133375973,0.0073260073260073,-0.0073260073260073,0,-1.0,5.233474367870095,9282.0,False,-1.0,0.0073260073260073
2025-08-12 14:10:00,-8.607986092101783e-05,0.0027807486631015177,-0.0027807486631015177,0,-1.0,5.230693619206993,9350.0,False,-1.0,0.0027807486631015177
2025-08-12 14:55:00,-0.00013466975360643119,-0.0004266211604095904,0.0004266211604095904,0,-1.0,5.231120240367402,9376.0,False,-1.0,-0.0004266211604095904
2025-08-12 21:35:00,-0.0018443996086716652,0.010883482714468595,-0.010883482714468595,0,-1.0,5.220236757652934,9372.0,False,-1.0,0.010883482714468595
2025-08-13 09:40:00,-0.0010644554859027267,0.0,0.0,0,-1.0,5.220236757652934,9474.0,True,-1.0,0.004855393709098488
2025-08-13 10:40:00,-0.0010789103107526898,-0.005672268907563005,0.005672268907563005,0,-1.0,5.2259090265604975,9520.0,False,-1.0,-0.005672268907563005
2025-08-13 11:25:00,0.00016686692833900452,0.0008451299387279843,-0.0008451299387279843,0,-1.0,5.225063896621769,9466.0,False,0.0,0.0008451299387279843
2025-08-13 14:10:00,0.0003181211941409856,0.0027443529660122756,0.0,1,0.0,5.225063896621769,9474.0,False,1.0,0.0027443529660122756
2025-08-13 14:55:00,0.000276014645351097,-0.0008421052631578663,-0.0008421052631578663,1,1.0,5.2242217913586115,9500.0,False,1.0,-0.0008421052631578663
2025-08-13 21:35:00,-0.00139047228731215,-0.00021070375052678614,-0.00021070375052678614,0,1.0,5.224011087608085,9492.0,False,0.0,-0.00021070375052678614
2025-08-14 09:40:00,-0.0015485145850107074,0.001896733403582651,0.0,1,0.0,5.224011087608085,9490.0,False,-1.0,0.001896733403582651
2025-08-14 10:40:00,-0.001627913792617619,-0.0042069835927639465,0.0042069835927639465,1,-1.0,5.228218071200849,9508.0,False,-1.0,-0.0042069835927639465
2025-08-14 11:25:00,-0.0012375081423670053,-0.006548373468525548,0.006548373468525548,0,-1.0,5.234766444669375,9468.0,False,-1.0,-0.006548373468525548
2025-08-14 14:10:00,-0.0011763578513637185,-0.004890495428449881,0.004890495428449881,0,-1.0,5.239656940097825,9406.0,False,-1.0,-0.004890495428449881
2025-08-14 14:55:00,-0.000735078239813447,0.0014957264957264904,-0.0014957264957264904,0,-1.0,5.238161213602098,9360.0,False,-1.0,0.0014957264957264904
2025-08-14 21:35:00,-0.0008730244589969516,0.001493492639214944,-0.001493492639214944,0,-1.0,5.236667720962883,9374.0,False,-1.0,0.001493492639214944
2025-08-15 09:40:00,-0.0004400053294375539,-0.0014912654452492458,0.0014912654452492458,0,-1.0,5.238158986408132,9388.0,False,-1.0,-0.0014912654452492458
2025-08-15 10:40:00,-0.0012676796177402139,0.0019202048218476264,-0.0019202048218476264,0,-1.0,5.236238781586285,9374.0,False,-1.0,0.0019202048218476264
2025-08-15 11:25:00,-0.0013097996124997735,-0.0008517887563883608,0.0008517887563883608,0,-1.0,5.237090570342673,9392.0,False,-1.0,-0.0008517887563883608
2025-08-15 14:10:00,-0.0014055734500288963,0.005541346973572114,-0.005541346973572114,0,-1.0,5.2315492233691,9384.0,False,-1.0,0.005541346973572114
2025-08-15 14:55:00,4.996423740522005e-06,0.0036032217041119807,-0.0036032217041119807,0,-1.0,5.227946001664988,9436.0,False,0.0,0.0036032217041119807
2025-08-15 21:35:00,0.00034154593595303595,0.018796198521647378,0.0,1,0.0,5.227946001664988,9470.0,False,1.0,0.018796198521647378
2025-08-18 09:40:00,0.0001682282891124487,-0.001865671641791078,-0.001865671641791078,1,1.0,5.226080330023198,9648.0,False,1.0,-0.001865671641791078
2025-08-18 10:40:00,0.00021055596880614758,0.0020768431983384517,0.0020768431983384517,0,1.0,5.228157173221536,9630.0,False,1.0,0.0020768431983384517
2025-08-18 11:25:00,0.0008597996784374118,-0.006010362694300553,-0.006010362694300553,0,1.0,5.222146810527236,9650.0,False,1.0,-0.006010362694300553
2025-08-18 14:10:00,0.0006023272289894521,-0.0006255212677230837,-0.0006255212677230837,0,1.0,5.221521289259513,9592.0,False,1.0,-0.0006255212677230837
2025-08-18 14:55:00,0.0009415794629603624,0.003546839140413205,0.003546839140413205,0,1.0,5.2250681283999265,9586.0,False,1.0,0.003546839140413205
2025-08-19 09:40:00,0.0011148880003020167,0.004158004158004047,0.004158004158004047,0,1.0,5.229226132557931,9620.0,False,1.0,0.004158004158004047
2025-08-19 10:40:00,0.0010370761156082153,0.0053830227743272285,0.0053830227743272285,0,1.0,5.234609155332258,9660.0,False,1.0,0.0053830227743272285
2025-08-19 11:25:00,0.0011742461938410997,0.001441515650741243,0.001441515650741243,0,1.0,5.2360506709829995,9712.0,False,1.0,0.001441515650741243
2025-08-19 14:10:00,0.0010711755603551865,-0.007197203372403815,-0.007197203372403815,0,1.0,5.2288534676105956,9726.0,False,1.0,-0.007197203372403815
2025-08-19 14:55:00,-0.0001817678421502933,-0.002278376139188021,-0.002278376139188021,0,1.0,5.226575091471408,9656.0,False,0.0,-0.002278376139188021
2025-08-19 21:35:00,-0.000709226937033236,-0.014116670126634867,-0.0,1,0.0,5.226575091471408,9634.0,False,-1.0,-0.014116670126634867
2025-08-20 09:40:00,-0.0006823739968240261,-0.0027374184038745364,0.0027374184038745364,1,-1.0,5.229312509875283,9498.0,False,-1.0,-0.0027374184038745364
2025-08-20 10:40:00,7.573097536806017e-05,0.0016891891891892552,-0.0016891891891892552,0,-1.0,5.227623320686093,9472.0,False,0.0,0.0016891891891892552
2025-08-20 11:25:00,0.00025585698313079774,0.000843170320404818,0.0,1,0.0,5.227623320686093,9488.0,False,0.0,0.000843170320404818
2025-08-20 14:10:00,-0.00035475086770020425,0.0037910699241785473,0.0,1,0.0,5.227623320686093,9496.0,False,-1.0,0.0037910699241785473
2025-08-20 14:55:00,0.0010065955575555563,0.0025178346621905767,-0.0025178346621905767,1,-1.0,5.225105486023903,9532.0,False,0.0,0.0025178346621905767
2025-08-20 21:35:00,0.00011414090840844437,0.000837170364169193,0.0,1,0.0,5.225105486023903,9556.0,False,0.0,0.000837170364169193
2025-08-21 09:40:00,-0.0001417231687810272,0.006273525721455453,0.0,0,0.0,5.225105486023903,9564.0,False,0.0,0.006273525721455453
2025-08-21 10:40:00,0.0006112391711212695,-0.0014546965918537103,-0.0,1,0.0,5.225105486023903,9624.0,False,1.0,-0.0014546965918537103
2025-08-21 11:25:00,5.32584817847237e-05,-0.0074921956295525005,-0.0074921956295525005,1,1.0,5.21761329039435,9610.0,False,1.0,-0.0074921956295525005
2025-08-21 14:10:00,-0.0004882858484052122,-0.0031453134829104723,-0.0031453134829104723,0,1.0,5.21446797691144,9538.0,False,0.0,-0.0031453134829104723
2025-08-21 14:55:00,4.47528509539552e-05,-0.001472444257467398,-0.0,1,0.0,5.21446797691144,9508.0,False,0.0,-0.001472444257467398
2025-08-21 21:35:00,0.00031240962562151253,0.009269012007583788,0.0,1,0.0,5.21446797691144,9494.0,False,1.0,0.009269012007583788
2025-08-22 09:40:00,0.001281067612580955,-0.001461072844917588,-0.001461072844917588,0,1.0,5.213006904066522,9582.0,False,1.0,-0.001461072844917588
2025-08-22 10:40:00,0.0009414633386768401,-0.00229933110367897,-0.00229933110367897,0,1.0,5.210707572962843,9568.0,False,1.0,-0.00229933110367897
2025-08-22 11:25:00,-0.0005593908717855811,-0.0008380473496752971,-0.0008380473496752971,0,1.0,5.2098695256131675,9546.0,False,0.0,-0.0008380473496752971
2025-08-22 14:10:00,0.000469997146865353,-0.001048437827636861,-0.0,1,0.0,5.2098695256131675,9538.0,False,1.0,-0.001048437827636861
2025-08-22 14:55:00,0.00034953790600411594,0.0073467674223341994,0.0073467674223341994,1,1.0,5.217216293035502,9528.0,False,1.0,0.0073467674223341994
2025-08-22 21:35:00,0.00018983823247253895,0.003125651177328548,0.003125651177328548,0,1.0,5.220341944212831,9598.0,False,1.0,0.003125651177328548
2025-08-25 09:40:00,-0.0007742247544229031,0.0016618196925632933,0.0016618196925632933,0,1.0,5.222003763905394,9628.0,False,0.0,0.0016618196925632933
2025-08-25 10:40:00,-0.0001155714999185875,0.0022812111157195503,0.0,1,0.0,5.222003763905394,9644.0,False,0.0,0.0022812111157195503
2025-08-25 11:25:00,-0.0004935496835969388,-0.004758948893027082,-0.0,1,0.0,5.222003763905394,9666.0,False,-1.0,-0.004758948893027082
2025-08-25 14:10:00,0.000638833676930517,-0.0029106029106028553,0.0029106029106028553,0,-1.0,5.224914366815997,9620.0,False,0.0,-0.0029106029106028553
2025-08-25 14:55:00,0.0007280734134837985,-0.0031276063386155295,-0.0,1,0.0,5.224914366815997,9592.0,False,1.0,-0.0031276063386155295
2025-08-26 09:40:00,0.0005851276800967753,-0.003346580213344441,-0.003346580213344441,1,1.0,5.221567786602653,9562.0,False,1.0,-0.003346580213344441
2025-08-26 10:40:00,0.0005864385748282075,0.0006295907660021083,0.0006295907660021083,0,1.0,5.222197377368655,9530.0,False,1.0,0.0006295907660021083
2025-08-26 11:25:00,0.0006260187947191298,-0.00125838926174493,-0.00125838926174493,0,1.0,5.22093898810691,9536.0,False,1.0,-0.00125838926174493
2025-08-26 14:10:00,0.001014638226479292,-0.0014699706005879554,-0.0014699706005879554,0,1.0,5.219469017506323,9524.0,False,1.0,-0.0014699706005879554
2025-08-26 14:55:00,0.0009480001172050834,0.00021030494216622841,0.00021030494216622841,0,1.0,5.2196793224484885,9510.0,False,1.0,0.00021030494216622841
2025-08-26 21:35:00,0.0008293988648802042,-0.0031539108494532675,-0.0031539108494532675,0,1.0,5.216525411599036,9512.0,False,1.0,-0.0031539108494532675
2025-08-27 09:40:00,0.0005078692338429391,0.006538704914575089,0.006538704914575089,0,1.0,5.22306411651361,9482.0,False,1.0,0.006538704914575089
2025-08-27 10:40:00,0.00121811602730304,-0.0006286672254819381,-0.0006286672254819381,0,1.0,5.222435449288128,9544.0,False,1.0,-0.0006286672254819381
2025-08-27 11:25:00,0.001436520367860794,0.00041937513105483326,0.00041937513105483326,0,1.0,5.2228548244191835,9538.0,False,1.0,0.00041937513105483326
2025-08-27 14:10:00,0.001508953282609582,0.0,0.0,0,1.0,5.2228548244191835,9542.0,False,1.0,0.0
2025-08-27 14:55:00,0.000660490826703608,-0.004611192622091753,-0.004611192622091753,0,1.0,5.218243631797092,9542.0,False,1.0,-0.004611192622091753
2025-08-27 21:35:00,0.0005638996371999383,0.0018951358180669953,0.0018951358180669953,0,1.0,5.220138767615159,9498.0,False,1.0,0.0018951358180669953
2025-08-28 09:40:00,0.0008424757397733629,0.0010508617065994041,0.0010508617065994041,0,1.0,5.221189629321759,9516.0,False,1.0,0.0010508617065994041
2025-08-28 10:40:00,0.001026312937028706,-0.001259710266638625,-0.001259710266638625,0,1.0,5.2199299190551205,9526.0,False,1.0,-0.001259710266638625
2025-08-28 11:25:00,0.0008775395690463483,-0.007147361782636086,-0.007147361782636086,0,1.0,5.212782557272485,9514.0,False,1.0,-0.007147361782636086
2025-08-28 14:10:00,0.0010047785472124815,-0.002117298327334316,-0.002117298327334316,0,1.0,5.21066525894515,9446.0,False,1.0,-0.002117298327334316
2025-08-28 14:55:00,0.0008259927271865308,-0.0014852535539995326,-0.0014852535539995326,0,1.0,5.209180005391151,9426.0,False,1.0,-0.0014852535539995326
2025-08-28 21:35:00,0.00045694620348513126,-0.004462388440289011,-0.004462388440289011,0,1.0,5.2047176169508615,9412.0,False,1.0,-0.004462388440289011
2025-08-29 09:40:00,0.0008449512533843517,-0.0006403415154748737,-0.0006403415154748737,0,1.0,5.204077275435386,9370.0,False,1.0,-0.0006403415154748737
2025-08-29 10:40:00,0.000971011642832309,0.0010679196924390233,0.0010679196924390233,0,1.0,5.205145195127825,9364.0,False,1.0,0.0010679196924390233
2025-08-29 11:25:00,0.0009893800597637892,-0.008107531470023521,-0.008107531470023521,0,1.0,5.1970376636578015,9374.0,False,1.0,-0.008107531470023521
2025-08-29 14:10:00,0.001078304136171937,0.0006453000645298967,0.0006453000645298967,0,1.0,5.197682963722332,9298.0,False,1.0,0.0006453000645298967
2025-08-29 14:55:00,0.0005766896647401154,0.00021496130696485594,0.00021496130696485594,0,1.0,5.197897925029297,9304.0,False,1.0,0.00021496130696485594
2025-08-29 21:35:00,0.0002092226641252637,-0.0008596604341285508,-0.0008596604341285508,0,1.0,5.197038264595168,9306.0,False,1.0,-0.0008596604341285508
2025-09-01 09:40:00,4.706540494225919e-05,0.005377500537750102,0.005377500537750102,0,1.0,5.202415765132918,9298.0,False,1.0,0.005377500537750102
2025-09-01 10:40:00,0.0005302464705891907,-0.002781343602909714,-0.002781343602909714,0,1.0,5.199634421530009,9348.0,False,1.0,-0.002781343602909714
2025-09-01 11:25:00,0.00025795973488129675,0.006007294571980237,0.006007294571980237,0,1.0,5.205641716101989,9322.0,False,1.0,0.006007294571980237
2025-09-01 14:10:00,0.00024375913199037313,-0.004265301770100205,-0.004265301770100205,0,1.0,5.2013764143318895,9378.0,False,1.0,-0.004265301770100205
2025-09-01 14:55:00,0.0004993565380573273,0.016063396872992186,0.016063396872992186,0,1.0,5.217439811204882,9338.0,False,1.0,0.016063396872992186
2025-09-02 09:40:00,-6.0472957557067275e-06,-0.003372681281618939,-0.003372681281618939,0,1.0,5.214067129923262,9488.0,False,0.0,-0.003372681281618939
2025-09-02 10:40:00,0.0015224100789055228,-0.0054991539763112884,-0.0,1,0.0,5.214067129923262,9456.0,False,1.0,-0.0054991539763112884
2025-09-02 11:25:00,0.0016018905444070697,0.002126754572522316,0.002126754572522316,1,1.0,5.216193884495785,9404.0,False,1.0,0.002126754572522316
2025-09-02 14:10:00,0.001323435571976006,0.0004244482173174635,0.0004244482173174635,0,1.0,5.216618332713102,9424.0,False,1.0,0.0004244482173174635
2025-09-02 14:55:00,0.0004067390109412372,-0.0019092066185829593,-0.0019092066185829593,0,1.0,5.214709126094519,9428.0,False,1.0,-0.0019092066185829593
2025-09-02 21:35:00,0.00043284575804136693,0.005951115834218923,0.005951115834218923,0,1.0,5.220660241928738,9410.0,False,1.0,0.005951115834218923
2025-09-03 09:40:00,0.0013713142834603786,-0.0021128248468201827,-0.0021128248468201827,0,1.0,5.2185474170819175,9466.0,False,1.0,-0.0021128248468201827
2025-09-03 10:40:00,0.0009397499961778522,0.00021172983273354262,0.00021172983273354262,0,1.0,5.2187591469146515,9446.0,False,1.0,0.00021172983273354262
2025-09-03 11:25:00,-0.00031537000904791057,-0.006138865368331969,-0.006138865368331969,0,1.0,5.21262028154632,9448.0,False,0.0,-0.006138865368331969
2025-09-03 14:10:00,-0.00018735084449872375,0.0,0.0,1,0.0,5.21262028154632,9390.0,False,0.0,0.0
2025-09-03 14:55:00,-0.0002710615226533264,-0.00191693290734829,-0.0,1,0.0,5.21262028154632,9390.0,False,0.0,-0.00191693290734829
2025-09-03 21:35:00,-0.00013871163537260145,-0.0023474178403756207,-0.0,0,0.0,5.21262028154632,9372.0,False,0.0,-0.0023474178403756207
2025-09-04 09:40:00,0.00018126136274076998,0.0014973262032085266,0.0,0,0.0,5.21262028154632,9350.0,False,0.0,0.0014973262032085266
2025-09-04 10:40:00,0.0007474011508747935,0.0027765912003416826,0.0,1,0.0,5.21262028154632,9364.0,False,1.0,0.0027765912003416826
2025-09-04 11:25:00,0.001411039032973349,0.0036208732694356094,0.0036208732694356094,1,1.0,5.216241154815755,9390.0,False,1.0,0.0036208732694356094
2025-09-04 14:10:00,0.0015043378807604313,0.0004244482173174635,0.0004244482173174635,0,1.0,5.216665603033072,9424.0,False,1.0,0.0004244482173174635
2025-09-04 14:55:00,0.00014380566426552832,-0.0031820110309715988,-0.0031820110309715988,0,1.0,5.213483592002101,9428.0,False,1.0,-0.0031820110309715988
2025-09-04 21:35:00,-0.00032067971187643707,0.0,0.0,0,1.0,5.213483592002101,9398.0,False,0.0,0.0
2025-09-05 09:40:00,-0.00023530302860308439,0.002766546073632581,0.0,1,0.0,5.213483592002101,9398.0,False,0.0,0.002766546073632581
2025-09-05 10:40:00,-0.0002382382081123069,0.004668930390492321,0.0,1,0.0,5.213483592002101,9424.0,False,0.0,0.004668930390492321
2025-09-05 11:25:00,-0.0004937907797284424,0.0042247570764681885,0.0,0,0.0,5.213483592002101,9468.0,False,-1.0,0.0042247570764681885
2025-09-05 14:10:00,-0.00034620301448740065,0.0006310475389146308,-0.0006310475389146308,0,-1.0,5.212852544463186,9508.0,False,-1.0,0.0006310475389146308
2025-09-05 14:55:00,-0.0013210111064836383,0.0014715156611309066,-0.0014715156611309066,0,-1.0,5.211381028802055,9514.0,False,-1.0,0.0014715156611309066
2025-09-05 21:35:00,-0.0012578472960740328,-0.010075566750629705,0.010075566750629705,0,-1.0,5.221456595552685,9528.0,False,-1.0,-0.010075566750629705
2025-09-08 09:40:00,-0.001168504124507308,0.0006361323155217313,-0.0006361323155217313,0,-1.0,5.220820463237164,9432.0,False,-1.0,0.0006361323155217313
2025-09-08 10:40:00,-0.001053949468769133,-0.005085823267641398,0.005085823267641398,0,-1.0,5.225906286504806,9438.0,False,-1.0,-0.005085823267641398
2025-09-08 11:25:00,-0.001109943026676774,0.0031948881789136685,-0.0031948881789136685,0,-1.0,5.222711398325892,9390.0,False,-1.0,0.0031948881789136685
2025-09-08 14:10:00,-0.0009429820929653943,-0.0010615711252653925,0.0010615711252653925,0,-1.0,5.223772969451157,9420.0,False,-1.0,-0.0010615711252653925
2025-09-08 14:55:00,0.00028460955945774913,0.003825717321997768,-0.003825717321997768,0,-1.0,5.21994725212916,9410.0,False,0.0,0.003825717321997768
2025-09-09 09:40:00,0.00024763058172538877,0.004022866821935311,0.0,1,0.0,5.21994725212916,9446.0,False,0.0,0.004022866821935311
2025-09-09 10:40:00,-0.0008897689986042678,-0.001265288907633888,-0.0,1,0.0,5.21994725212916,9484.0,False,-1.0,-0.001265288907633888
2025-09-09 11:25:00,-0.0008825422846712172,-0.0021114864864865135,0.0021114864864865135,1,-1.0,5.2220587386156465,9472.0,False,-1.0,-0.0021114864864865135
2025-09-09 14:10:00,-0.0006855052779428661,0.0033855268726195042,-0.0033855268726195042,1,-1.0,5.2186732117430275,9452.0,False,-1.0,0.0033855268726195042
2025-09-09 14:55:00,-0.0004944004467688501,0.0,-0.0,0,-1.0,5.2186732117430275,9484.0,False,-1.0,0.0
2025-09-09 21:35:00,-0.0015680852811783552,-0.011387600168705214,0.011387600168705214,0,-1.0,5.230060811911732,9484.0,False,-1.0,-0.011387600168705214
2025-09-10 09:40:00,-0.0010655331425368786,-0.007892491467576757,0.007892491467576757,0,-1.0,5.237953303379309,9376.0,False,-1.0,-0.007892491467576757
2025-09-10 10:40:00,-0.0009131275583058596,0.001720060202107021,-0.001720060202107021,0,-1.0,5.236233243177202,9302.0,False,-1.0,0.001720060202107021
2025-09-10 11:25:00,-0.000809395860414952,0.0012878300064391723,-0.0012878300064391723,0,-1.0,5.234945413170763,9318.0,False,-1.0,0.0012878300064391723
2025-09-10 14:10:00,-0.00031588104320690036,0.0,-0.0,0,-1.0,5.234945413170763,9330.0,False,-1.0,0.0
2025-09-10 14:55:00,-9.273919567931443e-05,-0.006430868167202619,0.006430868167202619,0,-1.0,5.241376281337966,9330.0,False,-1.0,-0.006430868167202619
2025-09-10 21:35:00,9.374539513373747e-05,0.001941747572815622,-0.001941747572815622,0,-1.0,5.2394345337651504,9270.0,False,0.0,0.001941747572815622
2025-09-11 09:40:00,1.7749334801919758e-07,-0.004737295434969813,-0.0,1,0.0,5.2394345337651504,9288.0,False,0.0,-0.004737295434969813
2025-09-11 10:40:00,-0.00020399689674377441,-0.0004327131112072946,-0.0,1,0.0,5.2394345337651504,9244.0,False,0.0,-0.0004327131112072946
2025-09-11 11:25:00,0.0007563411490991712,0.0043290043290042934,0.0,1,0.0,5.2394345337651504,9240.0,False,1.0,0.0043290043290042934
2025-09-11 14:10:00,0.000515601655934006,0.0034482758620688614,0.0034482758620688614,1,1.0,5.242882809627219,9280.0,False,1.0,0.0034482758620688614
2025-09-11 14:55:00,0.0004088217974640429,0.0012886597938144284,0.0012886597938144284,0,1.0,5.244171469421033,9312.0,False,1.0,0.0012886597938144284
2025-09-11 21:35:00,0.000646379659883678,0.0030030030030030463,0.0030030030030030463,0,1.0,5.247174472424036,9324.0,False,1.0,0.0030030030030030463
2025-09-12 09:40:00,3.4461925679352134e-05,0.006201881950384847,0.006201881950384847,0,1.0,5.253376354374421,9352.0,False,1.0,0.006201881950384847
2025-09-12 10:40:00,0.0006879477296024561,-0.0017003188097768351,-0.0017003188097768351,0,1.0,5.251676035564644,9410.0,False,1.0,-0.0017003188097768351
2025-09-12 11:25:00,-0.0003227489360142499,-0.004683840749414525,-0.004683840749414525,0,1.0,5.246992194815229,9394.0,False,0.0,-0.004683840749414525
2025-09-12 14:10:00,-0.00048039722605608404,-0.0059893048128342175,-0.0,1,0.0,5.246992194815229,9350.0,False,-1.0,-0.0059893048128342175
2025-09-12 14:55:00,-0.00036911433562636375,-0.00021519259737468044,0.00021519259737468044,1,-1.0,5.247207387412604,9294.0,False,-1.0,-0.00021519259737468044
2025-09-12 21:35:00,-0.00028270381153561175,0.0064571674558759895,-0.0064571674558759895,0,-1.0,5.240750219956728,9292.0,False,-1.0,0.0064571674558759895
2025-09-15 09:40:00,-0.0010632789926603436,0.0029940119760478723,-0.0029940119760478723,0,-1.0,5.23775620798068,9352.0,False,-1.0,0.0029940119760478723
2025-09-15 10:40:00,-0.0007089914288371801,-0.0006396588486140553,0.0006396588486140553,0,-1.0,5.238395866829294,9380.0,False,-1.0,-0.0006396588486140553
2025-09-15 11:25:00,-0.0004772180982399732,0.0021335609131640787,-0.0021335609131640787,0,-1.0,5.23626230591613,9374.0,False,-1.0,0.0021335609131640787
2025-09-15 14:10:00,-0.000924373569432646,0.0014903129657228842,-0.0014903129657228842,0,-1.0,5.234771992950407,9394.0,False,-1.0,0.0014903129657228842
2025-09-15 14:55:00,-0.0010551500599831343,0.006164965986394488,-0.006164965986394488,0,-1.0,5.228607026964012,9408.0,False,-1.0,0.006164965986394488
2025-09-16 09:40:00,-0.0010611166944727302,0.0027466723008662264,-0.0027466723008662264,0,-1.0,5.225860354663146,9466.0,False,-1.0,0.0027466723008662264
2025-09-16 10:40:00,-0.0011953001376241446,-0.0040033712600083815,0.0040033712600083815,0,-1.0,5.229863725923154,9492.0,False,-1.0,-0.0040033712600083815
2025-09-16 11:25:00,-0.00027194383437745273,0.003384810662153681,-0.003384810662153681,0,-1.0,5.2264789152610005,9454.0,False,-1.0,0.003384810662153681
2025-09-16 14:10:00,-0.000867410795763135,0.00189753320683117,-0.00189753320683117,0,-1.0,5.224581382054169,9486.0,False,-1.0,0.00189753320683117
2025-09-16 14:55:00,-0.0003758527454920113,-0.002104377104377053,0.002104377104377053,0,-1.0,5.2266857591585465,9504.0,False,-1.0,-0.002104377104377053
2025-09-16 21:35:00,-0.00048091693315654993,0.002952340784479146,-0.002952340784479146,0,-1.0,5.223733418374067,9484.0,False,-1.0,0.002952340784479146
2025-09-17 09:40:00,-0.001177725032903254,0.0014718250630783025,-0.0014718250630783025,0,-1.0,5.222261593310989,9512.0,False,-1.0,0.0014718250630783025
2025-09-17 10:40:00,0.001097855274565518,-0.002309468822170868,0.002309468822170868,0,-1.0,5.22457106213316,9526.0,False,0.0,-0.002309468822170868
2025-09-17 11:25:00,0.0009990782709792256,-0.0031565656565656353,-0.0,1,0.0,5.22457106213316,9504.0,False,1.0,-0.0031565656565656353
2025-09-17 14:10:00,-0.0007619280950166285,-0.005910914080641705,-0.005910914080641705,1,1.0,5.2186601480525185,9474.0,False,0.0,-0.005910914080641705
2025-09-17 14:55:00,8.370958676096052e-05,0.001274155871735072,0.0,1,0.0,5.2186601480525185,9418.0,False,0.0,0.001274155871735072
2025-09-17 21:35:00,-0.0011157651897519827,-0.005938494167550323,-0.0,1,0.0,5.2186601480525185,9430.0,False,-1.0,-0.005938494167550323
2025-09-18 09:40:00,-0.0006032097735442221,-0.005333902282910197,0.005333902282910197,1,-1.0,5.2239940503354285,9374.0,False,-1.0,-0.005333902282910197
2025-09-18 10:40:00,-0.0002321348147233948,-0.001716001716001725,0.001716001716001725,1,-1.0,5.22571005205143,9324.0,False,-1.0,-0.001716001716001725
2025-09-18 11:25:00,-0.000901100633200258,0.0010743446497636366,-0.0010743446497636366,0,-1.0,5.224635707401666,9308.0,False,-1.0,0.0010743446497636366
2025-09-18 14:10:00,-0.00019539287313818932,-0.0021463833440652502,0.0021463833440652502,0,-1.0,5.226782090745732,9318.0,False,-1.0,-0.0021463833440652502
2025-09-18 14:55:00,-0.00031653972109779716,0.0015057001505700551,-0.0015057001505700551,0,-1.0,5.225276390595162,9298.0,False,-1.0,0.0015057001505700551
2025-09-18 21:35:00,0.0010790652595460415,0.0038659793814432852,-0.0038659793814432852,0,-1.0,5.221410411213718,9312.0,False,0.0,0.0038659793814432852
2025-09-19 09:40:00,0.0004989491426385939,0.0019255455712452463,0.0,1,0.0,5.221410411213718,9348.0,False,1.0,0.0019255455712452463
2025-09-19 10:40:00,0.0005543694132938981,0.00021353833013026957,0.00021353833013026957,1,1.0,5.221623949543848,9366.0,False,1.0,0.00021353833013026957
2025-09-19 11:25:00,0.00024065036268439144,-0.000426985482493647,-0.000426985482493647,0,1.0,5.221196964061354,9368.0,False,1.0,-0.000426985482493647
2025-09-19 14:10:00,-0.00022162347158882767,-0.003844510892780817,-0.003844510892780817,0,1.0,5.217352453168574,9364.0,False,0.0,-0.003844510892780817
2025-09-19 14:55:00,-0.0005328419501893222,-0.0017152658662092923,-0.0,1,0.0,5.217352453168574,9328.0,False,-1.0,-0.0017152658662092923
2025-09-19 21:35:00,-0.0009986995719373226,-0.0030068728522336663,0.0030068728522336663,1,-1.0,5.220359326020807,9312.0,False,-1.0,-0.0030068728522336663
2025-09-22 09:40:00,-0.0005791544099338353,0.0012925463162429818,-0.0012925463162429818,0,-1.0,5.219066779704564,9284.0,False,-1.0,0.0012925463162429818
2025-09-22 10:40:00,4.0270446334034204e-05,0.0038726333907057597,-0.0038726333907057597,0,-1.0,5.215194146313858,9296.0,False,0.0,0.0038726333907057597
2025-09-22 11:25:00,0.0007846797234378755,0.001285897985426443,0.0,1,0.0,5.215194146313858,9332.0,False,1.0,0.001285897985426443
2025-09-22 14:10:00,0.001108430209569633,0.004494863013698724,0.004494863013698724,1,1.0,5.219689009327557,9344.0,False,1.0,0.004494863013698724
2025-09-22 14:55:00,-0.0007338562281802297,-0.02429149797570851,-0.02429149797570851,0,1.0,5.195397511351849,9386.0,False,0.0,-0.02429149797570851
2025-09-23 09:40:00,-0.0010299807181581855,-0.015505568901506894,-0.0,1,0.0,5.195397511351849,9158.0,False,-1.0,-0.015505568901506894
2025-09-23 10:40:00,-0.000978179625235498,-0.004214729370008885,0.004214729370008885,1,-1.0,5.199612240721858,9016.0,False,-1.0,-0.004214729370008885
2025-09-23 11:25:00,-0.0014228947693482041,-0.000668300289596746,0.000668300289596746,0,-1.0,5.2002805410114545,8978.0,False,-1.0,-0.000668300289596746
2025-09-23 14:10:00,-0.0008599274442531168,0.0,-0.0,0,-1.0,5.2002805410114545,8972.0,False,-1.0,0.0
2025-09-23 14:55:00,-0.0007086236728355289,0.009139545251894754,-0.009139545251894754,0,-1.0,5.19114099575956,8972.0,False,-1.0,0.009139545251894754
2025-09-23 21:35:00,0.0006735615897923708,0.003092555776452288,-0.003092555776452288,0,-1.0,5.188048439983108,9054.0,False,0.0,0.003092555776452288
2025-09-24 09:40:00,0.0008670602110214531,-0.0017617264919621567,-0.0,1,0.0,5.188048439983108,9082.0,False,1.0,-0.0017617264919621567
2025-09-24 10:40:00,-8.691778202774003e-05,-0.001323626737260053,-0.001323626737260053,1,1.0,5.186724813245847,9066.0,False,0.0,-0.001323626737260053
2025-09-24 11:25:00,-0.0007666755700483918,0.002650762094102088,0.0,1,0.0,5.186724813245847,9054.0,False,-1.0,0.002650762094102088
2025-09-24 14:10:00,-0.0008693825802765787,0.004626569729015095,-0.004626569729015095,1,-1.0,5.182098243516832,9078.0,False,-1.0,0.004626569729015095
2025-09-24 14:55:00,-0.0002772752195596695,0.0006578947368420796,-0.0006578947368420796,0,-1.0,5.18144034877999,9120.0,False,-1.0,0.0006578947368420796
2025-09-24 21:35:00,0.0009493088582530618,0.007451238220469003,-0.007451238220469003,0,-1.0,5.173989110559521,9126.0,False,0.0,0.007451238220469003
2025-09-25 09:40:00,0.0006215035682544112,0.0041331303023710575,0.0,1,0.0,5.173989110559521,9194.0,False,1.0,0.0041331303023710575
2025-09-25 10:40:00,0.00034299385151825845,0.00021663778162905878,0.00021663778162905878,1,1.0,5.1742057483411505,9232.0,False,1.0,0.00021663778162905878
2025-09-25 11:25:00,0.0006974982679821551,0.0006497725795970855,0.0006497725795970855,0,1.0,5.174855520920747,9234.0,False,1.0,0.0006497725795970855
2025-09-25 14:10:00,-0.0007565261912532151,-0.0021645021645021467,-0.0021645021645021467,0,1.0,5.172691018756245,9240.0,False,0.0,-0.0021645021645021467
2025-09-25 14:55:00,-0.0015017188852652907,0.0006507592190889699,0.0,1,0.0,5.172691018756245,9220.0,False,-1.0,0.0006507592190889699
2025-09-25 21:35:00,0.00039821217069402337,0.003468458703663524,-0.003468458703663524,1,-1.0,5.169222560052582,9226.0,False,0.0,0.003468458703663524
2025-09-26 09:40:00,0.00023365883680526167,0.0034564700799308845,0.0,1,0.0,5.169222560052582,9258.0,False,0.0,0.0034564700799308845
2025-09-26 10:40:00,-0.00038686927291564643,-0.001291711517761085,-0.0,1,0.0,5.169222560052582,9290.0,False,0.0,-0.001291711517761085
2025-09-26 11:25:00,-0.0004982601385563612,-0.001077818495365368,-0.0,1,0.0,5.169222560052582,9278.0,False,-1.0,-0.001077818495365368
2025-09-26 14:10:00,-0.0012590420665219426,-0.0015105740181269312,0.0015105740181269312,1,-1.0,5.170733134070709,9268.0,False,-1.0,-0.0015105740181269312
2025-09-26 14:55:00,-0.0016432038974016905,-0.0023773503349903136,0.0023773503349903136,0,-1.0,5.173110484405699,9254.0,False,-1.0,-0.0023773503349903136
2025-09-26 21:35:00,-0.0016276610549539328,0.0012998266897747968,-0.0012998266897747968,0,-1.0,5.171810657715924,9232.0,False,-1.0,0.0012998266897747968
2025-09-29 09:40:00,-0.0017511382466182113,-0.0002163565556035918,0.0002163565556035918,0,-1.0,5.172027014271528,9244.0,False,-1.0,-0.0002163565556035918
2025-09-29 10:40:00,-0.0008516375673934817,0.0,-0.0,0,-1.0,5.172027014271528,9242.0,False,-1.0,0.0
2025-09-29 11:25:00,-0.0008044717251323164,-0.000216403375892682,0.000216403375892682,0,-1.0,5.172243417647421,9242.0,False,-1.0,-0.000216403375892682
2025-09-29 14:10:00,-0.0006042290478944778,0.0,-0.0,0,-1.0,5.172243417647421,9240.0,False,-1.0,0.0
2025-09-29 14:55:00,-0.0008154272800311446,-0.0023809523809523725,0.0023809523809523725,0,-1.0,5.174624370028373,9240.0,False,-1.0,-0.0023809523809523725
2025-09-30 09:40:00,-0.0011049960739910603,-0.0013018008244738422,0.0013018008244738422,0,-1.0,5.175926170852847,9218.0,False,-1.0,-0.0013018008244738422
2025-09-30 10:40:00,-0.0014061548281461,-0.0026069954377579974,0.0026069954377579974,0,-1.0,5.178533166290605,9206.0,False,-1.0,-0.0026069954377579974
2025-09-30 11:25:00,-0.0013805729104205966,-0.0006534524068830816,0.0006534524068830816,0,-1.0,5.179186618697488,9182.0,False,-1.0,-0.0006534524068830816
2025-09-30 14:10:00,-0.0011766174575313926,-0.0010897994768962471,0.0010897994768962471,0,-1.0,5.180276418174385,9176.0,False,-1.0,-0.0010897994768962471
2025-09-30 14:55:00,-0.0009590296540409327,0.005018546803403856,-0.005018546803403856,0,-1.0,5.175257871370981,9166.0,False,-1.0,0.005018546803403856
2025-09-30 21:35:00,-0.001537504605948925,0.026270082501085534,-0.026270082501085534,0,-1.0,5.148987788869896,9212.0,False,-1.0,0.026270082501085534
2025-10-09 09:40:00,0.0003431456570979208,0.004654114660461284,-0.004654114660461284,0,-1.0,5.1443336742094345,9454.0,False,0.0,0.004654114660461284
2025-10-09 10:40:00,0.0006341422558762133,0.004843124868393334,0.0,1,0.0,5.1443336742094345,9498.0,False,1.0,0.004843124868393334
2025-10-09 11:25:00,0.0006121347541920841,-0.0002095557418273497,-0.0002095557418273497,1,1.0,5.144124118467607,9544.0,False,1.0,-0.0002095557418273497
2025-10-09 14:10:00,-0.00010024592484114692,0.003143994969608155,0.003143994969608155,0,1.0,5.147268113437216,9542.0,False,0.0,0.003143994969608155
2025-10-09 14:55:00,-0.00010104058310389519,-0.00020894274968663584,-0.0,1,0.0,5.147268113437216,9572.0,False,0.0,-0.00020894274968663584
2025-10-10 09:40:00,9.28316731005907e-05,0.0,0.0,1,0.0,5.147268113437216,9570.0,False,0.0,0.0
2025-10-10 10:40:00,-3.0392899134312756e-05,0.0004179728317659226,0.0,1,0.0,5.147268113437216,9570.0,False,0.0,0.0004179728317659226
2025-10-10 11:25:00,5.1655119023052976e-05,-0.0016711928138708476,-0.0,1,0.0,5.147268113437216,9574.0,False,0.0,-0.0016711928138708476
2025-10-10 14:10:00,-0.0005072854110039771,-0.011927181418706856,-0.0,1,0.0,5.147268113437216,9558.0,False,0.0,-0.011927181418706856
2025-10-10 14:55:00,-0.002078303135931492,-0.0008470986869970609,-0.0,1,0.0,5.147268113437216,9444.0,False,-1.0,-0.0008470986869970609
2025-10-10 21:35:00,-0.0023617877159267664,-0.005086901229334417,0.005086901229334417,0,-1.0,5.15235501466655,9436.0,False,-1.0,-0.005086901229334417
2025-10-13 09:40:00,-0.0014925968134775758,-0.0010651896037494613,0.0010651896037494613,0,-1.0,5.153420204270299,9388.0,False,-1.0,-0.0010651896037494613
2025-10-13 10:40:00,-0.002247040392830968,-0.0038387715930902067,0.0038387715930902067,0,-1.0,5.157258975863389,9378.0,False,-1.0,-0.0038387715930902067
2025-10-13 11:25:00,-0.0021075529512017965,-0.0017126953543138423,0.0017126953543138423,0,-1.0,5.158971671217703,9342.0,False,-1.0,-0.0017126953543138423
2025-10-13 14:10:00,-0.002118139760568738,0.0012867252841517463,-0.0012867252841517463,0,-1.0,5.157684945933552,9326.0,False,-1.0,0.0012867252841517463
2025-10-13 14:55:00,-0.0016006731893867254,0.006853715999143306,-0.006853715999143306,0,-1.0,5.150831229934409,9338.0,False,-1.0,0.006853715999143306
2025-10-14 09:40:00,-0.00010750988440122455,0.0019144862795150708,-0.0019144862795150708,0,-1.0,5.148916743654894,9402.0,False,-1.0,0.0019144862795150708
2025-10-14 10:40:00,-0.0012192083522677422,-0.003397027600849256,0.003397027600849256,0,-1.0,5.152313771255743,9420.0,False,-1.0,-0.003397027600849256
2025-10-14 11:25:00,-0.0015736207133159041,-0.0029825308904984915,0.0029825308904984915,0,-1.0,5.155296302146242,9388.0,False,-1.0,-0.0029825308904984915
2025-10-14 14:10:00,-0.0010735640535131097,-0.005555555555555536,0.005555555555555536,0,-1.0,5.160851857701798,9360.0,False,-1.0,-0.005555555555555536
2025-10-14 14:55:00,-0.0019391230307519436,0.0038676407391491363,-0.0038676407391491363,0,-1.0,5.156984216962648,9308.0,False,-1.0,0.0038676407391491363
2025-10-14 21:35:00,-0.0019965399987995625,-0.0014982876712328341,0.0014982876712328341,0,-1.0,5.158482504633881,9344.0,False,-1.0,-0.0014982876712328341
2025-10-15 09:40:00,-0.001426028087735176,0.0004287245444800636,-0.0004287245444800636,0,-1.0,5.158053780089401,9330.0,False,-1.0,0.0004287245444800636
2025-10-15 10:40:00,-0.0012689941795542836,-0.0036425969573601336,0.0036425969573601336,0,-1.0,5.161696377046761,9334.0,False,-1.0,-0.0036425969573601336
2025-10-15 11:25:00,-0.001404050039127469,-0.00021505376344088667,0.00021505376344088667,0,-1.0,5.161911430810202,9300.0,False,-1.0,-0.00021505376344088667
2025-10-15 14:10:00,-0.0014799940399825573,0.0,-0.0,0,-1.0,5.161911430810202,9298.0,False,-1.0,0.0
2025-10-15 14:55:00,-0.00121297559235245,0.002151000215099952,-0.002151000215099952,0,-1.0,5.159760430595101,9298.0,False,-1.0,0.002151000215099952
2025-10-15 21:35:00,-0.001186197972856462,0.0008585533376261889,-0.0008585533376261889,0,-1.0,5.158901877257475,9318.0,False,-1.0,0.0008585533376261889
2025-10-16 09:40:00,-0.0010484026279300451,0.0032168132103795877,-0.0032168132103795877,0,-1.0,5.155685064047095,9326.0,False,-1.0,0.0032168132103795877
2025-10-16 10:40:00,-0.0008749474072828889,-0.0010688328345447307,0.0010688328345447307,0,-1.0,5.156753896881639,9356.0,False,-1.0,-0.0010688328345447307
2025-10-16 11:25:00,-0.0010948881972581148,-0.004707896426278668,0.004707896426278668,0,-1.0,5.161461793307918,9346.0,False,-1.0,-0.004707896426278668
2025-10-16 14:10:00,-0.0017605922184884548,0.002365082777897154,-0.002365082777897154,0,-1.0,5.1590967105300205,9302.0,False,-1.0,0.002365082777897154
2025-10-16 14:55:00,-0.0015052198432385921,-0.00042900042900040347,0.00042900042900040347,0,-1.0,5.159525710959021,9324.0,False,-1.0,-0.00042900042900040347
2025-10-16 21:35:00,-5.725270966649987e-05,0.00622317596566524,-0.00622317596566524,0,-1.0,5.153302534993355,9320.0,False,-1.0,0.00622317596566524
2025-10-17 09:40:00,-2.331130235688761e-05,-0.006824482832160417,0.006824482832160417,0,-1.0,5.160127017825516,9378.0,False,-1.0,-0.006824482832160417
2025-10-17 10:40:00,-0.00045170163502916694,0.004294610264118592,-0.004294610264118592,0,-1.0,5.155832407561398,9314.0,False,-1.0,0.004294610264118592
2025-10-17 11:25:00,-0.0015296867350116372,-0.0040624331836647265,0.0040624331836647265,0,-1.0,5.159894840745062,9354.0,False,-1.0,-0.0040624331836647265
2025-10-17 14:10:00,-0.001578102819621563,-0.0002146844139115922,0.0002146844139115922,0,-1.0,5.160109525158974,9316.0,False,-1.0,-0.0002146844139115922
2025-10-17 14:55:00,-0.001333208056166768,-0.00021473051320597403,0.00021473051320597403,0,-1.0,5.1603242556721804,9314.0,False,-1.0,-0.00021473051320597403
2025-10-17 21:35:00,-0.0009385033627040684,0.005584192439862523,-0.005584192439862523,0,-1.0,5.1547400632323175,9312.0,False,-1.0,0.005584192439862523
2025-10-20 09:40:00,-0.001437574508599937,0.0023494233233660733,-0.0023494233233660733,0,-1.0,5.152390639908951,9364.0,False,-1.0,0.0023494233233660733
2025-10-20 10:40:00,-0.00156136613804847,0.0019177498401874438,-0.0019177498401874438,0,-1.0,5.150472890068764,9386.0,False,-1.0,0.0019177498401874438
2025-10-20 11:25:00,-0.0005119082634337246,-0.0019140791152700842,0.0019140791152700842,0,-1.0,5.152386969184034,9404.0,False,-1.0,-0.0019140791152700842
2025-10-20 14:10:00,-0.0005416861386038363,-0.0019177498401875548,0.0019177498401875548,0,-1.0,5.154304719024222,9386.0,False,-1.0,-0.0019177498401875548
2025-10-20 14:55:00,-0.0006897774874232709,-0.0076857386848847575,0.0076857386848847575,0,-1.0,5.161990457709107,9368.0,False,-1.0,-0.0076857386848847575
2025-10-21 09:40:00,-0.0007889108965173364,0.002796901893287407,-0.002796901893287407,0,-1.0,5.15919355581582,9296.0,False,-1.0,0.002796901893287407
2025-10-21 10:40:00,9.42364931688644e-05,0.0021454623471357515,-0.0021454623471357515,0,-1.0,5.157048093468685,9322.0,False,0.0,0.0021454623471357515
2025-10-21 11:25:00,0.0005513140349648893,0.004923999143652269,0.0,1,0.0,5.157048093468685,9342.0,False,0.0,0.004923999143652269
2025-10-21 14:10:00,-0.00025406942586414516,-0.001704303365999138,-0.0,1,0.0,5.157048093468685,9388.0,False,0.0,-0.001704303365999138
2025-10-21 14:55:00,-0.0010063458466902375,-0.00746905676483145,-0.0,1,0.0,5.157048093468685,9372.0,False,-1.0,-0.00746905676483145
2025-10-21 21:35:00,-0.0015890283975750208,-0.003010105353687398,0.003010105353687398,1,-1.0,5.160058198822372,9302.0,False,-1.0,-0.003010105353687398
2025-10-22 09:40:00,-0.0008449074230156839,-0.00819495363381495,0.00819495363381495,0,-1.0,5.168253152456187,9274.0,False,-1.0,-0.00819495363381495
2025-10-22 10:40:00,-0.0007104817195795476,0.0017395085888236572,-0.0017395085888236572,0,-1.0,5.166513643867363,9198.0,False,-1.0,0.0017395085888236572
2025-10-22 11:25:00,-0.0009635890601202846,0.0023876709355328263,-0.0023876709355328263,0,-1.0,5.1641259729318305,9214.0,False,-1.0,0.0023876709355328263
2025-10-22 14:10:00,-0.00044941232772544026,-0.0077955825032481885,0.0077955825032481885,0,-1.0,5.171921555435079,9236.0,False,-1.0,-0.0077955825032481885
2025-10-22 14:55:00,-0.00019307945331092924,0.0,-0.0,0,-1.0,5.171921555435079,9164.0,False,-1.0,0.0
2025-10-22 21:35:00,-0.0008664968772791326,-0.008511567001309506,0.008511567001309506,0,-1.0,5.180433122436388,9164.0,False,-1.0,-0.008511567001309506
2025-10-23 09:40:00,-0.00020226526248734444,0.0026414263702398966,-0.0026414263702398966,0,-1.0,5.177791696066148,9086.0,False,-1.0,0.0026414263702398966
2025-10-23 10:40:00,-0.00013992250023875386,0.00021953896816695462,-0.00021953896816695462,0,-1.0,5.1775721570979805,9110.0,False,-1.0,0.00021953896816695462
2025-10-23 11:25:00,-0.0001802300103008747,0.00021949078138727707,-0.00021949078138727707,0,-1.0,5.177352666316593,9112.0,False,-1.0,0.00021949078138727707
2025-10-23 14:10:00,-8.863685070537031e-05,0.0010972130787798573,-0.0010972130787798573,0,-1.0,5.176255453237813,9114.0,False,-1.0,0.0010972130787798573
2025-10-23 14:55:00,-0.0001252619840670377,0.00021920210434012155,-0.00021920210434012155,0,-1.0,5.176036251133473,9124.0,False,-1.0,0.00021920210434012155
2025-10-23 21:35:00,0.00010234281944576651,0.0002191540653078139,-0.0002191540653078139,0,-1.0,5.175817097068165,9126.0,False,0.0,0.0002191540653078139
2025-10-24 09:40:00,0.00024887113249860704,0.001971954425942224,0.0,1,0.0,5.175817097068165,9128.0,False,0.0,0.001971954425942224
2025-10-24 10:40:00,-0.0007573409238830209,-0.0030614476273780333,-0.0,1,0.0,5.175817097068165,9146.0,False,-1.0,-0.0030614476273780333
2025-10-24 11:25:00,-0.0006761123077012599,0.001096731739416601,-0.001096731739416601,1,-1.0,5.174720365328749,9118.0,False,-1.0,0.001096731739416601
2025-10-24 14:10:00,-0.000712659559212625,0.0017528483786153348,-0.0017528483786153348,1,-1.0,5.172967516950134,9128.0,False,-1.0,0.0017528483786153348
2025-10-24 14:55:00,-0.0003437020059209317,-0.0004374453193350947,0.0004374453193350947,0,-1.0,5.173404962269469,9144.0,False,-1.0,-0.0004374453193350947
2025-10-24 21:35:00,-0.0007701319409534335,-0.0030634573304157975,0.0030634573304157975,0,-1.0,5.176468419599885,9140.0,False,-1.0,-0.0030634573304157975
2025-10-27 09:40:00,-0.0008939779363572598,0.0017559262510975504,-0.0017559262510975504,0,-1.0,5.174712493348788,9112.0,False,-1.0,0.0017559262510975504
2025-10-27 10:40:00,0.00011652921239146963,0.0013146362839613346,-0.0013146362839613346,0,-1.0,5.173397857064827,9128.0,False,0.0,0.0013146362839613346
2025-10-27 11:25:00,-5.321459684637375e-05,-0.0041575492341356934,-0.0,1,0.0,5.173397857064827,9140.0,False,0.0,-0.0041575492341356934
2025-10-27 14:10:00,-0.0007933122687973082,0.001538123489343013,0.0,1,0.0,5.173397857064827,9102.0,False,-1.0,0.001538123489343013
2025-10-27 14:55:00,-0.0009754268685355783,-0.0118473014480035,0.0118473014480035,0,-1.0,5.1852451585128305,9116.0,False,-1.0,-0.0118473014480035
2025-10-28 09:40:00,-0.0002200267481384799,0.001110124333925322,-0.001110124333925322,0,-1.0,5.184135034178905,9008.0,False,-1.0,0.001110124333925322
2025-10-28 10:40:00,-0.00020230798691045493,-0.0048791306276336766,0.0048791306276336766,0,-1.0,5.189014164806539,9018.0,False,-1.0,-0.0048791306276336766
2025-10-28 11:25:00,-0.0008394414908252656,0.001782928459995503,-0.001782928459995503,0,-1.0,5.187231236346544,8974.0,False,-1.0,0.001782928459995503
2025-10-28 14:10:00,-0.0006098657613620162,0.0011123470522802492,-0.0011123470522802492,0,-1.0,5.186118889294264,8990.0,False,-1.0,0.0011123470522802492
2025-10-28 14:55:00,-0.00016052168211899698,-0.0022222222222222365,0.0022222222222222365,0,-1.0,5.188341111516486,9000.0,False,-1.0,-0.0022222222222222365
2025-10-28 21:35:00,-0.0007251141942106187,-0.01714922048997769,0.01714922048997769,0,-1.0,5.205490332006464,8980.0,False,-1.0,-0.01714922048997769
2025-10-29 09:40:00,-0.00027086574118584394,-0.00181282574212549,0.00181282574212549,0,-1.0,5.20730315774859,8826.0,False,-1.0,-0.00181282574212549
2025-10-29 10:40:00,-0.00010115736949956045,0.004313280363223537,-0.004313280363223537,0,-1.0,5.202989877385367,8810.0,False,-1.0,0.004313280363223537
2025-10-29 11:25:00,-0.0005102766444906592,-0.003842676311030746,0.003842676311030746,0,-1.0,5.2068325536963975,8848.0,False,-1.0,-0.003842676311030746
2025-10-29 14:10:00,-0.00045863675768487155,0.000680735194009463,-0.000680735194009463,0,-1.0,5.206151818502388,8814.0,False,-1.0,0.000680735194009463
2025-10-29 14:55:00,0.00012014057574560866,0.0015873015873015817,-0.0015873015873015817,0,-1.0,5.204564516915086,8820.0,False,0.0,0.0015873015873015817
2025-10-29 21:35:00,-9.645156751503237e-06,0.0,0.0,1,0.0,5.204564516915086,8834.0,False,0.0,0.0
2025-10-30 09:40:00,0.0005596710834652185,0.0031695721077653616,0.0,1,0.0,5.204564516915086,8834.0,False,1.0,0.0031695721077653616
2025-10-30 10:40:00,0.000330800365190953,-0.005642067253441629,-0.005642067253441629,1,1.0,5.198922449661644,8862.0,False,1.0,-0.005642067253441629
2025-10-30 11:25:00,0.00016173020412679762,0.0002269632319564785,0.0002269632319564785,1,1.0,5.1991494128936,8812.0,False,1.0,0.0002269632319564785
2025-10-30 14:10:00,-0.00031995674362406135,0.0,0.0,0,1.0,5.1991494128936,8814.0,False,0.0,0.0
2025-10-30 14:55:00,-8.265111682703719e-05,0.001361470388019148,0.0,1,0.0,5.1991494128936,8814.0,False,0.0,0.001361470388019148
2025-10-30 21:35:00,0.0001249971246579662,-0.0029458418309540324,-0.0,1,0.0,5.1991494128936,8826.0,False,0.0,-0.0029458418309540324
2025-10-31 09:40:00,0.00022997360792942345,0.0020454545454544615,0.0,1,0.0,5.1991494128936,8800.0,False,1.0,0.0020454545454544615
2025-10-31 10:40:00,5.1937422540504485e-05,-0.0034021320027216584,-0.0034021320027216584,1,1.0,5.1957472808908785,8818.0,False,1.0,-0.0034021320027216584
2025-10-31 11:25:00,-0.0004735425754915923,-0.000455166135639562,-0.000455166135639562,0,1.0,5.195292114755238,8788.0,False,0.0,-0.000455166135639562
2025-10-31 14:10:00,-0.0005077965324744582,-0.0004553734061930603,-0.0,1,0.0,5.195292114755238,8784.0,False,-1.0,-0.0004553734061930603
2025-10-31 14:55:00,-0.0001182881387649104,-0.0018223234624146212,0.0018223234624146212,1,-1.0,5.197114438217653,8780.0,False,-1.0,-0.0018223234624146212
2025-10-31 21:35:00,-0.0009501518215984106,-0.012094933820173459,0.012094933820173459,0,-1.0,5.209209372037827,8764.0,False,-1.0,-0.012094933820173459
2025-11-03 09:40:00,-0.0006513670086860657,0.006237006237006293,-0.006237006237006293,0,-1.0,5.202972365800821,8658.0,False,-1.0,0.006237006237006293
2025-11-03 10:40:00,-0.00022601748059969395,0.0011478420569328573,-0.0011478420569328573,0,-1.0,5.201824523743888,8712.0,False,-1.0,0.0011478420569328573
2025-11-03 11:25:00,-0.0008082981803454459,-0.005044714515019533,0.005044714515019533,0,-1.0,5.206869238258907,8722.0,False,-1.0,-0.005044714515019533
2025-11-03 14:10:00,-0.0007028089021332562,-0.0009218713989398442,0.0009218713989398442,0,-1.0,5.207791109657847,8678.0,False,-1.0,-0.0009218713989398442
2025-11-03 14:55:00,-0.0009177094325423241,-0.0016147635524798032,0.0016147635524798032,0,-1.0,5.2094058732103266,8670.0,False,-1.0,-0.0016147635524798032
2025-11-04 09:40:00,-0.0009999487083405256,0.00508317929759694,-0.00508317929759694,0,-1.0,5.204322693912729,8656.0,False,-1.0,0.00508317929759694
2025-11-04 10:40:00,-0.0009734508348628879,-0.0045977011494252595,0.0045977011494252595,0,-1.0,5.2089203950621545,8700.0,False,-1.0,-0.0045977011494252595
2025-11-04 11:25:00,-0.0002620329614728689,-0.006697459584295573,0.006697459584295573,0,-1.0,5.2156178546464504,8660.0,False,-1.0,-0.006697459584295573
2025-11-04 14:10:00,-0.0001330954401055351,0.0037200651011393138,-0.0037200651011393138,0,-1.0,5.211897789545311,8602.0,False,-1.0,0.0037200651011393138
2025-11-04 14:55:00,-0.0007713044760748744,-0.002548065786425746,0.002548065786425746,0,-1.0,5.214445855331737,8634.0,False,-1.0,-0.002548065786425746
2025-11-04 21:35:00,-0.00025967779220081866,0.004412447747329296,-0.004412447747329296,0,-1.0,5.210033407584408,8612.0,False,-1.0,0.004412447747329296
2025-11-05 09:40:00,-0.00022906008234713227,-0.006242774566474041,0.006242774566474041,0,-1.0,5.2162761821508825,8650.0,False,-1.0,-0.006242774566474041
2025-11-05 10:40:00,-0.0007397627923637629,0.0044206607724524005,-0.0044206607724524005,0,-1.0,5.21185552137843,8596.0,False,-1.0,0.0044206607724524005
2025-11-05 11:25:00,-0.000790298858191818,-0.0009265693768820693,0.0009265693768820693,0,-1.0,5.212782090755312,8634.0,False,-1.0,-0.0009265693768820693
2025-11-05 14:10:00,0.00011438442743383348,-0.0011592858798979977,0.0011592858798979977,0,-1.0,5.21394137663521,8626.0,False,0.0,-0.0011592858798979977
2025-11-05 14:55:00,-0.0008089955081231892,-0.003017641597028775,-0.0,1,0.0,5.21394137663521,8616.0,False,-1.0,-0.003017641597028775
2025-11-05 21:35:00,-0.000955179741140455,0.004423748544819528,-0.004423748544819528,1,-1.0,5.20951762809039,8590.0,False,-1.0,0.004423748544819528
2025-11-06 09:40:00,-0.0007903985679149628,0.0023180343069078013,-0.0023180343069078013,0,-1.0,5.207199593783482,8628.0,False,-1.0,0.0023180343069078013
2025-11-06 10:40:00,-0.000856407918035984,0.003237742830712209,-0.003237742830712209,0,-1.0,5.20396185095277,8648.0,False,-1.0,0.003237742830712209
2025-11-06 11:25:00,-0.0010008154204115272,0.0018441678192715472,-0.0018441678192715472,0,-1.0,5.2021176831334985,8676.0,False,-1.0,0.0018441678192715472
2025-11-06 14:10:00,-0.001114105456508696,0.005062126092959085,-0.005062126092959085,0,-1.0,5.19705555704054,8692.0,False,-1.0,0.005062126092959085
2025-11-06 14:55:00,-5.4016556532587856e-05,-0.0013736263736263687,0.0013736263736263687,0,-1.0,5.1984291834141665,8736.0,False,-1.0,-0.0013736263736263687
2025-11-06 21:35:00,-0.00011929206812055781,-0.004355800091701001,0.004355800091701001,0,-1.0,5.202784983505867,8724.0,False,-1.0,-0.004355800091701001
2025-11-07 09:40:00,-0.0004982008831575513,0.0004605111673958717,-0.0004605111673958717,0,-1.0,5.202324472338471,8686.0,False,-1.0,0.0004605111673958717
2025-11-07 10:40:00,-0.000833034107927233,-0.0011507479861909697,0.0011507479861909697,0,-1.0,5.203475220324663,8690.0,False,-1.0,-0.0011507479861909697
2025-11-07 11:25:00,-0.0004690861969720572,-0.005760368663594417,0.005760368663594417,0,-1.0,5.209235588988257,8680.0,False,-1.0,-0.005760368663594417
2025-11-07 14:10:00,-0.0007749053183943033,0.005330243337195784,-0.005330243337195784,0,-1.0,5.203905345651061,8630.0,False,-1.0,0.005330243337195784
2025-11-07 14:55:00,-0.0006038243300281465,-0.0018441678192715472,0.0018441678192715472,0,-1.0,5.205749513470333,8676.0,False,-1.0,-0.0018441678192715472
2025-11-07 21:35:00,-0.0007355732377618551,-0.0018475750577366945,0.0018475750577366945,0,-1.0,5.20759708852807,8660.0,False,-1.0,-0.0018475750577366945
2025-11-10 09:40:00,-0.0013835086720064282,0.0016196205460434765,-0.0016196205460434765,0,-1.0,5.205977467982026,8644.0,False,-1.0,0.0016196205460434765
2025-11-10 10:40:00,-0.0012020071735605597,-0.0011550011550011119,0.0011550011550011119,0,-1.0,5.2071324691370275,8658.0,False,-1.0,-0.0011550011550011119
2025-11-10 11:25:00,-3.166806709486991e-05,0.0034690101757632874,-0.0034690101757632874,0,-1.0,5.203663458961264,8648.0,False,-1.0,0.0034690101757632874
2025-11-10 14:10:00,-0.0011574365198612213,0.004839824844434126,-0.004839824844434126,0,-1.0,5.19882363411683,8678.0,False,-1.0,0.004839824844434126
2025-11-10 14:55:00,-0.0009930363157764077,-0.0009174311926605228,0.0009174311926605228,0,-1.0,5.199741065309491,8720.0,False,-1.0,-0.0009174311926605228
2025-11-11 09:40:00,-0.00035115081118419766,0.0011478420569328573,-0.0011478420569328573,0,-1.0,5.198593223252558,8712.0,False,-1.0,0.0011478420569328573
2025-11-11 10:40:00,-0.0011883400147780776,0.0011465260261407373,-0.0011465260261407373,0,-1.0,5.197446697226416,8722.0,False,-1.0,0.0011465260261407373
2025-11-11 11:25:00,0.0005232617841102183,0.005955107650022828,-0.005955107650022828,0,-1.0,5.191491589576394,8732.0,False,0.0,0.005955107650022828
2025-11-11 14:10:00,0.0005601568263955414,0.0,0.0,1,0.0,5.191491589576394,8784.0,False,1.0,0.0
2025-11-11 14:55:00,0.00015941097808536142,-0.00022768670309658567,-0.00022768670309658567,1,1.0,5.191263902873297,8784.0,False,1.0,-0.00022768670309658567
2025-11-11 21:35:00,-0.0010146748973056674,-0.005237986791163718,-0.005237986791163718,0,1.0,5.186025916082134,8782.0,False,0.0,-0.005237986791163718
2025-11-12 09:40:00,-0.0002064607833744958,0.0025183150183150094,0.0,1,0.0,5.186025916082134,8736.0,False,0.0,0.0025183150183150094
2025-11-12 10:40:00,-0.0004483482625801116,0.0,0.0,1,0.0,5.186025916082134,8758.0,False,-1.0,0.0
2025-11-12 11:25:00,-0.0008983787847682834,-0.002055263758849013,0.002055263758849013,0,-1.0,5.1880811798409825,8758.0,False,-1.0,-0.002055263758849013
2025-11-12 14:10:00,-0.0009797537932172418,0.0018306636155607237,-0.0018306636155607237,0,-1.0,5.186250516225422,8740.0,False,-1.0,0.0018306636155607237
2025-11-12 14:55:00,-0.00025513843866065145,-0.000913659205116546,0.000913659205116546,0,-1.0,5.187164175430539,8756.0,False,-1.0,-0.000913659205116546
2025-11-12 21:35:00,-0.0003794615622609854,-0.009602194787380003,0.009602194787380003,0,-1.0,5.196766370217919,8748.0,False,-1.0,-0.009602194787380003
2025-11-13 09:40:00,-0.00019825657363981009,0.0011542012927054923,-0.0011542012927054923,0,-1.0,5.195612168925213,8664.0,False,-1.0,0.0011542012927054923
2025-11-13 10:40:00,-0.00018883297161664814,-0.002766889554991936,0.002766889554991936,0,-1.0,5.198379058480205,8674.0,False,-1.0,-0.002766889554991936
2025-11-13 11:25:00,-0.0007499692728742957,0.0053179190751444505,-0.0053179190751444505,0,-1.0,5.19306113940506,8650.0,False,-1.0,0.0053179190751444505
2025-11-13 14:10:00,-0.0007128569413907826,0.004599816007359703,-0.004599816007359703,0,-1.0,5.1884613233977,8696.0,False,-1.0,0.004599816007359703
2025-11-13 14:55:00,0.0007011333364062011,0.0032051282051281937,-0.0032051282051281937,0,-1.0,5.185256195192572,8736.0,False,0.0,0.0032051282051281937
2025-11-13 21:35:00,-0.0008075457881204784,-0.006389776357827448,-0.0,1,0.0,5.185256195192572,8764.0,False,-1.0,-0.006389776357827448
2025-11-14 09:40:00,-0.0002541928261052817,-0.002756086357372567,0.002756086357372567,1,-1.0,5.188012281549945,8708.0,False,-1.0,-0.002756086357372567
2025-11-14 10:40:00,-0.0002452759654261172,-0.0006909258406264662,0.0006909258406264662,0,-1.0,5.188703207390571,8684.0,False,-1.0,-0.0006909258406264662
2025-11-14 11:25:00,-0.00032350336550734937,-0.0057616962433740815,0.0057616962433740815,0,-1.0,5.1944649036339445,8678.0,False,-1.0,-0.0057616962433740815
2025-11-14 14:10:00,-0.00011847138375742361,0.0009272137227631649,-0.0009272137227631649,0,-1.0,5.193537689911182,8628.0,False,-1.0,0.0009272137227631649
2025-11-14 14:55:00,-1.6000893083401024e-05,0.000694766095414634,-0.000694766095414634,0,-1.0,5.192842923815767,8636.0,False,-1.0,0.000694766095414634
2025-11-14 21:35:00,0.0005285102524794638,0.004628558204119448,-0.004628558204119448,0,-1.0,5.188214365611647,8642.0,False,0.0,0.004628558204119448
2025-11-17 09:40:00,0.00022784914472140372,-0.0011518083390923417,-0.0,1,0.0,5.188214365611647,8682.0,False,0.0,-0.0011518083390923417
2025-11-17 10:40:00,-0.00033621693728491664,-0.00530442804428044,-0.0,1,0.0,5.188214365611647,8672.0,False,-1.0,-0.00530442804428044
2025-11-17 11:25:00,0.0010385388741269708,0.005100857871551234,-0.005100857871551234,1,-1.0,5.183113507740096,8626.0,False,0.0,0.005100857871551234
2025-11-17 14:10:00,0.0012441950384527445,0.0029988465974624123,0.0,1,0.0,5.183113507740096,8670.0,False,1.0,0.0029988465974624123
2025-11-17 14:55:00,0.00013374138507060707,-0.0016099356025759404,-0.0016099356025759404,0,1.0,5.18150357213752,8696.0,False,1.0,-0.0016099356025759404
2025-11-18 09:40:00,0.0007597454241476953,0.0023036166781846834,0.0023036166781846834,0,1.0,5.183807188815704,8682.0,False,1.0,0.0023036166781846834
2025-11-18 10:40:00,0.00011874637129949406,-0.0029878188922086713,-0.0029878188922086713,0,1.0,5.180819369923496,8702.0,False,1.0,-0.0029878188922086713
2025-11-18 11:25:00,0.0006794562214054167,0.003918856615952038,0.003918856615952038,0,1.0,5.184738226539448,8676.0,False,1.0,0.003918856615952038
2025-11-18 14:10:00,0.0008946991874836385,-0.004592422502870286,-0.004592422502870286,0,1.0,5.180145804036577,8710.0,False,1.0,-0.004592422502870286
2025-11-18 14:55:00,-9.97754541458562e-05,0.0039215686274509665,0.0039215686274509665,0,1.0,5.184067372664028,8670.0,False,0.0,0.0039215686274509665
2025-11-18 21:35:00,0.0007390450919046998,0.016773897058823595,0.0,1,0.0,5.184067372664028,8704.0,False,1.0,0.016773897058823595
2025-11-19 09:40:00,0.0006185436504893005,0.0015819209039547033,0.0015819209039547033,1,1.0,5.185649293567983,8850.0,False,1.0,0.0015819209039547033
2025-11-19 10:40:00,0.0002506760647520423,0.0002256317689530718,0.0002256317689530718,0,1.0,5.185874925336936,8864.0,False,1.0,0.0002256317689530718
2025-11-19 11:25:00,-0.0003234011819586158,-0.005188360027069683,-0.005188360027069683,0,1.0,5.180686565309866,8866.0,False,0.0,-0.005188360027069683
2025-11-19 14:10:00,-0.0011345644015818834,0.0013605442176871652,0.0,1,0.0,5.180686565309866,8820.0,False,-1.0,0.0013605442176871652
2025-11-19 14:55:00,-0.0009140157490037382,0.0027173913043478937,-0.0027173913043478937,1,-1.0,5.1779691740055185,8832.0,False,-1.0,0.0027173913043478937
2025-11-19 21:35:00,-0.0012648925185203552,-0.007000903342366804,0.007000903342366804,0,-1.0,5.184970077347885,8856.0,False,-1.0,-0.007000903342366804
2025-11-20 09:40:00,-0.0007438643951900303,-0.0059131225835796775,0.0059131225835796775,0,-1.0,5.190883199931465,8794.0,False,-1.0,-0.0059131225835796775
2025-11-20 10:40:00,-0.0006449155043810606,0.0011439029970259362,-0.0011439029970259362,0,-1.0,5.189739296934439,8742.0,False,-1.0,0.0011439029970259362
2025-11-20 11:25:00,-0.0006512462277896702,-0.0034277879341865214,0.0034277879341865214,0,-1.0,5.193167084868626,8752.0,False,-1.0,-0.0034277879341865214
2025-11-20 14:10:00,-0.00041128232260234654,-0.005961935335932145,0.005961935335932145,0,-1.0,5.199129020204558,8722.0,False,-1.0,-0.005961935335932145
2025-11-20 14:55:00,0.00024239337653853,-0.0029988465974625234,0.0029988465974625234,0,-1.0,5.20212786680202,8670.0,False,0.0,-0.0029988465974625234
2025-11-20 21:35:00,-0.00031364758615382016,0.0009254974548820183,0.0,1,0.0,5.20212786680202,8644.0,False,-1.0,0.0009254974548820183
2025-11-21 09:40:00,-2.1156547518330626e-05,-0.005085529357374052,0.005085529357374052,1,-1.0,5.2072133961593945,8652.0,False,-1.0,-0.005085529357374052
2025-11-21 10:40:00,1.0770519111247268e-05,-0.0009293680297397522,0.0009293680297397522,0,-1.0,5.208142764189134,8608.0,False,0.0,-0.0009293680297397522
2025-11-21 11:25:00,-0.0003310337197035551,0.005116279069767415,0.0,1,0.0,5.208142764189134,8600.0,False,-1.0,0.005116279069767415
2025-11-21 14:10:00,0.00030343912658281624,-0.0023137436372050457,0.0023137436372050457,1,-1.0,5.210456507826339,8644.0,False,0.0,-0.0023137436372050457
2025-11-21 14:55:00,0.0001658629480516538,-0.00788497217068651,-0.0,1,0.0,5.210456507826339,8624.0,False,0.0,-0.00788497217068651
2025-11-21 21:35:00,-0.0002583499881438911,-0.00935016362786345,-0.0,1,0.0,5.210456507826339,8556.0,False,-1.0,-0.00935016362786345
2025-11-24 09:40:00,-0.00010922938963631168,0.007078810759792331,-0.007078810759792331,1,-1.0,5.203377697066546,8476.0,False,-1.0,0.007078810759792331
2025-11-24 10:40:00,0.00044576069922186434,-0.002811621368322359,0.002811621368322359,1,-1.0,5.206189318434869,8536.0,False,0.0,-0.002811621368322359
2025-11-24 11:25:00,0.000531414698343724,-0.0014097744360902498,-0.0,1,0.0,5.206189318434869,8512.0,False,1.0,-0.0014097744360902498
2025-11-24 14:10:00,0.0006611974677070975,0.0040000000000000036,0.0040000000000000036,1,1.0,5.210189318434869,8500.0,False,1.0,0.0040000000000000036
2025-11-24 14:55:00,0.0004780843446496874,-0.011014764471525607,-0.011014764471525607,0,1.0,5.199174553963344,8534.0,False,1.0,-0.011014764471525607
2025-11-25 09:40:00,0.0004780843446496874,-0.0009478672985782088,-0.0009478672985782088,0,1.0,5.198226686664766,8440.0,False,1.0,-0.0009478672985782088
2025-11-25 10:40:00,0.00045028136810287833,0.0040322580645162365,0.0040322580645162365,0,1.0,5.202258944729282,8432.0,False,1.0,0.0040322580645162365
2025-11-25 11:25:00,-6.768244202248752e-05,-0.003543586109142405,-0.003543586109142405,0,1.0,5.19871535862014,8466.0,False,0.0,-0.003543586109142405
2025-11-25 14:10:00,9.750397293828428e-05,-0.005926979611190153,-0.0,1,0.0,5.19871535862014,8436.0,False,0.0,-0.005926979611190153
2025-11-25 14:55:00,-0.0002050554467132315,-0.002861912711662251,-0.0,1,0.0,5.19871535862014,8386.0,False,0.0,-0.002861912711662251
2025-11-25 21:35:00,-0.00029185731546022,-0.00382683568524278,-0.0,1,0.0,5.19871535862014,8362.0,False,-1.0,-0.00382683568524278
2025-11-26 09:40:00,-0.00026376181631349027,0.006962785114045689,-0.006962785114045689,1,-1.0,5.191752573506094,8330.0,False,-1.0,0.006962785114045689
2025-11-26 10:40:00,0.00047835794975981116,0.0002384358607534498,-0.0002384358607534498,0,-1.0,5.191514137645341,8388.0,False,0.0,0.0002384358607534498
2025-11-26 11:25:00,0.0015159680042415857,0.0040524433849822294,0.0,1,0.0,5.191514137645341,8390.0,False,1.0,0.0040524433849822294
2025-11-26 14:10:00,0.001497289864346385,0.0018993352326686086,0.0018993352326686086,1,1.0,5.19341347287801,8424.0,False,1.0,0.0018993352326686086
2025-11-26 14:55:00,0.0004249578050803393,-0.0009478672985782088,-0.0009478672985782088,0,1.0,5.192465605579432,8440.0,False,1.0,-0.0009478672985782088
2025-11-26 21:35:00,-0.00023652613162994385,-0.0016603415559772738,-0.0016603415559772738,0,1.0,5.190805264023455,8432.0,False,0.0,-0.0016603415559772738
2025-11-27 09:40:00,0.000627183064352721,0.00475172249940603,0.0,1,0.0,5.190805264023455,8418.0,False,1.0,0.00475172249940603
2025-11-27 10:40:00,0.000831641664262861,0.0021281626862141856,0.0021281626862141856,1,1.0,5.1929334267096685,8458.0,False,1.0,0.0021281626862141856
2025-11-27 11:25:00,0.0007867560489103198,0.001651722510618292,0.001651722510618292,0,1.0,5.194585149220287,8476.0,False,1.0,0.001651722510618292
2025-11-27 14:10:00,-0.00026863542734645307,0.002355712603062443,0.002355712603062443,0,1.0,5.196940861823349,8490.0,False,0.0,0.002355712603062443
2025-11-27 14:55:00,0.000768322788644582,0.0028202115158637575,0.0,1,0.0,5.196940861823349,8510.0,False,1.0,0.0028202115158637575
2025-11-27 21:35:00,0.0008322570356540382,0.00632763065385511,0.00632763065385511,1,1.0,5.203268492477204,8534.0,False,1.0,0.00632763065385511
2025-11-28 09:40:00,0.0006758847739547491,0.0004657661853748607,0.0004657661853748607,0,1.0,5.203734258662579,8588.0,False,1.0,0.0004657661853748607
2025-11-28 10:40:00,0.00034629213041625917,0.0006983240223463749,0.0006983240223463749,0,1.0,5.204432582684926,8592.0,False,1.0,0.0006983240223463749
2025-11-28 11:25:00,-8.055735088419169e-05,0.0,0.0,0,1.0,5.204432582684926,8598.0,False,0.0,0.0
2025-11-28 14:10:00,-5.257015800452791e-06,-0.00023261223540360643,-0.0,1,0.0,5.204432582684926,8598.0,False,0.0,-0.00023261223540360643
2025-11-28 14:55:00,-0.000752560852561146,0.003955328059562557,0.0,1,0.0,5.204432582684926,8596.0,False,-1.0,0.003955328059562557
2025-11-28 21:35:00,-0.0009104151395149529,0.004403244495944314,-0.004403244495944314,0,-1.0,5.2000293381889815,8630.0,False,-1.0,0.004403244495944314
2025-12-01 09:40:00,-0.0007998828659765422,-0.00415320719889245,0.00415320719889245,0,-1.0,5.204182545387874,8668.0,False,-1.0,-0.00415320719889245
2025-12-01 10:40:00,-0.0012691812589764595,-0.002780352177942591,0.002780352177942591,0,-1.0,5.206962897565816,8632.0,False,-1.0,-0.002780352177942591
2025-12-01 11:25:00,0.0005085875163786113,0.004646840148698983,-0.004646840148698983,0,-1.0,5.202316057417117,8608.0,False,0.0,0.004646840148698983
2025-12-01 14:10:00,-0.0007527684210799634,-0.00046253469010171244,-0.0,1,0.0,5.202316057417117,8648.0,False,-1.0,-0.00046253469010171244
2025-12-01 14:55:00,-0.0007689879857935011,-0.006015733456733008,0.006015733456733008,1,-1.0,5.20833179087385,8644.0,False,-1.0,-0.006015733456733008
2025-12-02 09:40:00,-0.001580618554726243,0.0032588454376163423,-0.0032588454376163423,0,-1.0,5.205072945436234,8592.0,False,-1.0,0.0032588454376163423
2025-12-02 10:40:00,-0.0015964302001520991,0.00394431554524366,-0.00394431554524366,0,-1.0,5.20112862989099,8620.0,False,-1.0,0.00394431554524366
2025-12-02 11:25:00,-0.0008850320591591299,0.0025421770279638878,-0.0025421770279638878,0,-1.0,5.198586452863026,8654.0,False,-1.0,0.0025421770279638878
2025-12-02 14:10:00,-0.0007156995125114918,0.004610419548178868,-0.004610419548178868,0,-1.0,5.193976033314847,8676.0,False,-1.0,0.004610419548178868
2025-12-02 14:55:00,0.00010283367009833455,0.00022946305644788723,-0.00022946305644788723,0,-1.0,5.1937465702584,8716.0,False,0.0,0.00022946305644788723
2025-12-02 21:35:00,2.2479067411040887e-05,-0.0013764624913971124,-0.0,1,0.0,5.1937465702584,8718.0,False,0.0,-0.0013764624913971124
2025-12-03 09:40:00,0.0001716665137792006,0.005283712382265104,0.0,1,0.0,5.1937465702584,8706.0,False,0.0,0.005283712382265104
2025-12-03 10:40:00,-0.0006582363275811076,-0.0006855575868373043,-0.0,0,0.0,5.1937465702584,8752.0,False,-1.0,-0.0006855575868373043
2025-12-03 11:25:00,0.00017275150457862765,0.00297278756002739,-0.00297278756002739,1,-1.0,5.190773782698372,8746.0,False,0.0,0.00297278756002739
2025-12-03 14:10:00,0.00026084858109243214,-0.002279981760145877,-0.0,1,0.0,5.190773782698372,8772.0,False,1.0,-0.002279981760145877
2025-12-03 14:55:00,-0.001015891321003437,-0.0031992687385740126,-0.0031992687385740126,0,1.0,5.187574513959798,8752.0,False,0.0,-0.0031992687385740126
2025-12-03 21:35:00,-0.0014853434404358268,-0.0011462631820265967,-0.0,1,0.0,5.187574513959798,8724.0,False,-1.0,-0.0011462631820265967
2025-12-04 09:40:00,-0.0009368675528094172,-0.005278861602019735,0.005278861602019735,1,-1.0,5.192853375561818,8714.0,False,-1.0,-0.005278861602019735
2025-12-04 10:40:00,-0.0014740891056135297,0.0006922011998153899,-0.0006922011998153899,0,-1.0,5.192161174362003,8668.0,False,-1.0,0.0006922011998153899
2025-12-04 11:25:00,-0.0021365743596106768,0.0023057412958265022,-0.0023057412958265022,0,-1.0,5.189855433066176,8674.0,False,-1.0,0.0023057412958265022
2025-12-04 14:10:00,-0.0014600330032408237,-0.004830917874396157,0.004830917874396157,0,-1.0,5.1946863509405725,8694.0,False,-1.0,-0.004830917874396157
2025-12-04 14:55:00,-0.0014738761819899082,0.000924641701340656,-0.000924641701340656,0,-1.0,5.193761709239232,8652.0,False,-1.0,0.000924641701340656
2025-12-04 21:35:00,-0.0014944557333365083,0.0009237875288683473,-0.0009237875288683473,0,-1.0,5.192837921710364,8660.0,False,-1.0,0.0009237875288683473
2025-12-05 09:40:00,-0.0020391936413943768,0.008075680664513252,-0.008075680664513252,0,-1.0,5.184762241045851,8668.0,False,-1.0,0.008075680664513252
2025-12-05 10:40:00,-0.0010731754591688514,0.000457770656900891,-0.000457770656900891,0,-1.0,5.18430447038895,8738.0,False,-1.0,0.000457770656900891
2025-12-05 11:25:00,-0.0012041701702401042,-0.00022878059940512063,0.00022878059940512063,0,-1.0,5.1845332509883555,8742.0,False,-1.0,-0.00022878059940512063
2025-12-05 14:10:00,-0.0015014661476016045,0.0011441647597254523,-0.0011441647597254523,0,-1.0,5.18338908622863,8740.0,False,-1.0,0.0011441647597254523
2025-12-05 14:55:00,-0.0015644007362425327,0.002742857142857158,-0.002742857142857158,0,-1.0,5.180646229085772,8750.0,False,-1.0,0.002742857142857158
2025-12-05 21:35:00,-0.001317317713983357,-0.002507408251652632,0.002507408251652632,0,-1.0,5.1831536373374245,8774.0,False,-1.0,-0.002507408251652632
2025-12-08 09:40:00,-0.0011026585707440972,0.0,0.0,0,-1.0,5.1831536373374245,8752.0,True,-1.0,-0.002970749542961615
2025-12-08 10:40:00,-0.0021051326766610146,0.0004584001833600748,-0.0004584001833600748,0,-1.0,5.182695237154064,8726.0,False,-1.0,0.0004584001833600748
2025-12-08 11:25:00,-0.0021298022475093603,-0.002290950744558984,0.002290950744558984,0,-1.0,5.184986187898623,8730.0,False,-1.0,-0.002290950744558984
2025-12-08 14:10:00,-0.0017491821199655533,-0.0016073478760045834,0.0016073478760045834,0,-1.0,5.186593535774628,8710.0,False,-1.0,-0.0016073478760045834
2025-12-08 14:55:00,-0.0012276316992938519,-0.001379944802207933,0.001379944802207933,0,-1.0,5.187973480576836,8696.0,False,-1.0,-0.001379944802207933
2025-12-09 09:40:00,-0.0011757565662264824,-0.0025333947489636355,0.0025333947489636355,0,-1.0,5.1905068753257995,8684.0,False,-1.0,-0.0025333947489636355
2025-12-09 10:40:00,-0.0011109876213595271,-0.003232509812976181,0.003232509812976181,0,-1.0,5.193739385138776,8662.0,False,-1.0,-0.003232509812976181
2025-12-09 11:25:00,-0.0012682887027040124,-0.0032429928190873536,0.0032429928190873536,0,-1.0,5.196982377957863,8634.0,False,-1.0,-0.0032429928190873536
2025-12-09 14:10:00,-0.000358988851075992,-0.003253544039042544,0.003253544039042544,0,-1.0,5.200235921996906,8606.0,False,-1.0,-0.003253544039042544
2025-12-09 14:55:00,-0.00046356843085959554,0.006761482863138157,-0.006761482863138157,0,-1.0,5.193474439133768,8578.0,False,-1.0,0.006761482863138157
2025-12-09 21:35:00,-0.0005345360259525478,0.0034738304770727257,-0.0034738304770727257,0,-1.0,5.190000608656695,8636.0,False,-1.0,0.0034738304770727257
2025-12-10 09:40:00,0.00030724986572749913,0.001615508885298933,-0.001615508885298933,0,-1.0,5.188385099771397,8666.0,False,0.0,0.001615508885298933
2025-12-10 10:40:00,0.0008905312279239297,-0.0011520737327188613,-0.0,1,0.0,5.188385099771397,8680.0,False,1.0,-0.0011520737327188613
2025-12-10 11:25:00,-0.0001728236093185842,0.0034602076124568004,0.0034602076124568004,1,1.0,5.191845307383853,8670.0,False,0.0,0.0034602076124568004
2025-12-10 14:10:00,-0.0008054603822529316,-0.020000000000000018,-0.0,1,0.0,5.191845307383853,8700.0,False,-1.0,-0.020000000000000018
2025-12-10 14:55:00,-0.0010120071237906814,0.001172882946282039,-0.001172882946282039,1,-1.0,5.1906724244375715,8526.0,False,-1.0,0.001172882946282039
2025-12-10 21:35:00,0.0007993934559635818,0.014292408622305519,-0.014292408622305519,0,-1.0,5.1763800158152655,8536.0,False,0.0,0.014292408622305519
2025-12-11 09:40:00,5.095083906780928e-06,0.0023100023100022238,0.0,1,0.0,5.1763800158152655,8658.0,False,0.0,0.0023100023100022238
2025-12-11 10:40:00,-0.00046687471331097186,0.0011523392486747497,0.0,1,0.0,5.1763800158152655,8678.0,False,0.0,0.0011523392486747497
2025-12-11 11:25:00,0.0009718639776110649,-0.0011510128913443385,-0.0,1,0.0,5.1763800158152655,8688.0,False,1.0,-0.0011510128913443385
2025-12-11 14:10:00,-0.00013767626660410315,0.0,0.0,1,1.0,5.1763800158152655,8678.0,False,0.0,0.0
2025-12-11 14:55:00,-0.0005244744825176895,-0.004148421295229299,-0.0,1,0.0,5.1763800158152655,8678.0,False,0.0,-0.004148421295229299
2025-12-11 21:35:00,-0.0011368239065632224,-0.010414255959268703,-0.0,1,0.0,5.1763800158152655,8642.0,False,-1.0,-0.010414255959268703
2025-12-12 09:40:00,-0.0009684899705462158,0.0016370439663235814,-0.0016370439663235814,0,-1.0,5.174742971848942,8552.0,False,-1.0,0.0016370439663235814
2025-12-12 10:40:00,-0.0003600392083171755,0.002334812047630086,-0.002334812047630086,0,-1.0,5.172408159801312,8566.0,False,-1.0,0.002334812047630086
2025-12-12 11:25:00,-0.0002865611168090254,-0.003726997437689228,0.003726997437689228,0,-1.0,5.176135157239001,8586.0,False,-1.0,-0.003726997437689228
2025-12-12 14:10:00,-0.00036683896905742586,-0.0016366612111292644,0.0016366612111292644,0,-1.0,5.17777181845013,8554.0,False,-1.0,-0.0016366612111292644
2025-12-12 14:55:00,-0.000263444148004055,0.001405152224824402,-0.001405152224824402,0,-1.0,5.176366666225306,8540.0,False,-1.0,0.001405152224824402
2025-12-12 21:35:00,-0.000875843979883939,-0.007951356407857824,0.007951356407857824,0,-1.0,5.184318022633164,8552.0,False,-1.0,-0.007951356407857824
2025-12-15 09:40:00,-0.00029922928661108017,-0.004007543611504016,0.004007543611504016,0,-1.0,5.188325566244668,8484.0,False,-1.0,-0.004007543611504016
2025-12-15 10:40:00,-9.557099110679701e-05,0.003076923076922977,-0.003076923076922977,0,-1.0,5.1852486431677445,8450.0,False,-1.0,0.003076923076922977
2025-12-15 11:25:00,-0.0003087758377660066,0.0068428504011326385,-0.0068428504011326385,0,-1.0,5.178405792766612,8476.0,False,-1.0,0.0068428504011326385
2025-12-15 14:10:00,-0.00028135927277617157,-0.0025779235997187566,0.0025779235997187566,0,-1.0,5.180983716366331,8534.0,False,-1.0,-0.0025779235997187566
2025-12-15 14:55:00,-0.00031103790388442576,-0.008928571428571397,0.008928571428571397,0,-1.0,5.189912287794902,8512.0,False,-1.0,-0.008928571428571397
2025-12-16 09:40:00,3.988503885921091e-05,-0.0014224751066855834,0.0014224751066855834,0,-1.0,5.191334762901588,8436.0,False,0.0,-0.0014224751066855834
2025-12-16 10:40:00,5.0181959522888064e-05,-0.002136752136752129,-0.0,1,0.0,5.191334762901588,8424.0,False,0.0,-0.002136752136752129
2025-12-16 11:25:00,2.7493108063936234e-05,-0.0009517011658338737,-0.0,1,0.0,5.191334762901588,8406.0,False,0.0,-0.0009517011658338737
2025-12-16 14:10:00,-0.0004111265006940812,0.00142891164562986,0.0,0,0.0,5.191334762901588,8398.0,False,-1.0,0.00142891164562986
2025-12-16 14:55:00,-0.0006497889407910407,0.00023781212841855748,-0.00023781212841855748,1,-1.0,5.191096950773169,8410.0,False,-1.0,0.00023781212841855748
2025-12-16 21:35:00,-0.0007208675378933549,-0.014027579648121735,0.014027579648121735,1,-1.0,5.2051245304212905,8412.0,False,-1.0,-0.014027579648121735
2025-12-17 09:40:00,-0.00046443851897493005,0.005546177959971033,-0.005546177959971033,0,-1.0,5.1995783524613195,8294.0,False,-1.0,0.005546177959971033
2025-12-17 10:40:00,0.00013481618952937424,0.0009592326139089558,-0.0009592326139089558,0,-1.0,5.198619119847411,8340.0,False,0.0,0.0009592326139089558
2025-12-17 11:25:00,0.0003140353364869952,0.0009583133684714085,0.0,1,0.0,5.198619119847411,8348.0,False,1.0,0.0009583133684714085
2025-12-17 14:10:00,5.123985465615988e-05,0.0019147917663953073,0.0019147917663953073,1,1.0,5.200533911613807,8356.0,False,1.0,0.0019147917663953073
2025-12-17 14:55:00,0.00026659309514798224,-0.003822264691829891,-0.003822264691829891,0,1.0,5.196711646921977,8372.0,False,1.0,-0.003822264691829891
2025-12-17 21:35:00,0.0011481593828648329,0.006954436450839374,0.006954436450839374,0,1.0,5.203666083372816,8340.0,False,1.0,0.006954436450839374
2025-12-18 09:40:00,0.0011949173640459776,0.000952607763753166,0.000952607763753166,0,1.0,5.204618691136569,8398.0,False,1.0,0.000952607763753166
2025-12-18 10:40:00,0.0005763772642239928,0.004520580537711094,0.004520580537711094,0,1.0,5.20913927167428,8406.0,False,1.0,0.004520580537711094
2025-12-18 11:25:00,0.00048567226622253656,-0.00142112742775935,-0.00142112742775935,0,1.0,5.20771814424652,8444.0,False,1.0,-0.00142112742775935
2025-12-18 14:10:00,-7.974947948241606e-06,-0.00189753320683117,-0.00189753320683117,0,1.0,5.205820611039689,8432.0,False,0.0,-0.00189753320683117
2025-12-18 14:55:00,-0.0005473758792504668,-0.006416349809885924,-0.0,1,0.0,5.205820611039689,8416.0,False,-1.0,-0.006416349809885924
2025-12-18 21:35:00,-0.0003807544126175344,0.003826835685242669,-0.003826835685242669,1,-1.0,5.201993775354446,8362.0,False,-1.0,0.003826835685242669
2025-12-19 09:40:00,-0.0003642431111074984,-0.005956635692161094,0.005956635692161094,0,-1.0,5.207950411046608,8394.0,False,-1.0,-0.005956635692161094
2025-12-19 10:40:00,-0.000928322144318372,-0.0035953978906999584,0.0035953978906999584,0,-1.0,5.2115458089373075,8344.0,False,-1.0,-0.0035953978906999584
2025-12-19 11:25:00,-0.000705215847119689,-0.002646139042578821,0.002646139042578821,0,-1.0,5.214191947979886,8314.0,False,-1.0,-0.002646139042578821
2025-12-19 14:10:00,-0.00014227992505766451,0.0002411963338158074,-0.0002411963338158074,0,-1.0,5.21395075164607,8292.0,False,-1.0,0.0002411963338158074
2025-12-19 14:55:00,0.0003383552539162338,-0.0002411381721726391,0.0002411381721726391,0,-1.0,5.214191889818243,8294.0,False,0.0,-0.0002411381721726391
2025-12-19 21:35:00,-0.0004354802658781409,-0.0014471780028944004,-0.0,1,0.0,5.214191889818243,8292.0,False,-1.0,-0.0014471780028944004
2025-12-22 09:40:00,-0.00048526926548220217,0.007971014492753614,-0.007971014492753614,1,-1.0,5.206220875325489,8280.0,False,-1.0,0.007971014492753614
2025-12-22 10:40:00,0.00020959594985470176,-0.0028756290438533005,0.0028756290438533005,0,-1.0,5.209096504369342,8346.0,False,0.0,-0.0028756290438533005
2025-12-22 11:25:00,0.000260863482253626,-0.00216294160057684,-0.0,1,0.0,5.209096504369342,8322.0,False,0.0,-0.00216294160057684
2025-12-22 14:10:00,0.0012015077518299222,0.011801541425818796,0.0,1,0.0,5.209096504369342,8304.0,False,1.0,0.011801541425818796
2025-12-22 14:55:00,0.0013604789273813367,0.006903118305165545,0.006903118305165545,0,1.0,5.215999622674508,8402.0,False,1.0,0.006903118305165545
2025-12-23 09:40:00,0.0014003042597323656,-0.005673758865248235,-0.005673758865248235,0,1.0,5.21032586380926,8460.0,False,1.0,-0.005673758865248235
2025-12-23 10:40:00,0.0008208255167119205,0.0014265335235377208,0.0014265335235377208,0,1.0,5.2117523973327975,8412.0,False,1.0,0.0014265335235377208
2025-12-23 11:25:00,0.0010906393872573972,0.004510921177587779,0.004510921177587779,0,1.0,5.216263318510386,8424.0,False,1.0,0.004510921177587779
2025-12-23 14:10:00,0.0003698779037222266,-0.0016544552115339561,-0.0016544552115339561,0,1.0,5.214608863298852,8462.0,False,1.0,-0.0016544552115339561
2025-12-23 14:55:00,0.0005406841519288719,0.0030776515151516026,0.0030776515151516026,0,1.0,5.2176865148140035,8448.0,False,1.0,0.0030776515151516026
2025-12-23 21:35:00,0.0009294637129642069,0.0025961765400046577,0.0025961765400046577,0,1.0,5.220282691354008,8474.0,False,1.0,0.0025961765400046577
2025-12-24 09:40:00,-0.0006720398087054491,0.003295668549905928,0.003295668549905928,0,1.0,5.223578359903914,8496.0,False,0.0,0.003295668549905928
2025-12-24 10:40:00,0.0006003753514960408,0.0,0.0,1,0.0,5.223578359903914,8524.0,False,1.0,0.0
2025-12-24 11:25:00,0.0010516219772398472,-0.002815579540122015,-0.002815579540122015,1,1.0,5.220762780363792,8524.0,False,1.0,-0.002815579540122015
2025-12-24 14:10:00,-0.0003519953170325607,0.002823529411764669,0.002823529411764669,0,1.0,5.223586309775556,8500.0,False,0.0,0.002823529411764669
2025-12-24 14:55:00,-0.0007916556787677109,-0.003284842796808962,-0.0,1,0.0,5.223586309775556,8524.0,False,-1.0,-0.003284842796808962
2025-12-24 21:35:00,-0.00013662369747180492,0.0054143126177024214,-0.0054143126177024214,1,-1.0,5.218171997157854,8496.0,False,-1.0,0.0054143126177024214
2025-12-25 09:40:00,-0.0007075334433466196,0.001170686022008871,-0.001170686022008871,0,-1.0,5.217001311135845,8542.0,False,-1.0,0.001170686022008871
2025-12-25 10:40:00,-0.0007075850153341889,-0.0021047708138447474,0.0021047708138447474,0,-1.0,5.21910608194969,8552.0,False,-1.0,-0.0021047708138447474
2025-12-25 11:25:00,-0.000358795456122607,-0.0002343566908835637,0.0002343566908835637,0,-1.0,5.2193404386405735,8534.0,False,-1.0,-0.0002343566908835637
2025-12-25 14:10:00,-0.0005569448694586754,0.0009376465072667983,-0.0009376465072667983,0,-1.0,5.218402792133307,8532.0,False,-1.0,0.0009376465072667983
2025-12-25 14:55:00,-0.0008666981011629105,0.0016393442622950616,-0.0016393442622950616,0,-1.0,5.216763447871012,8540.0,False,-1.0,0.0016393442622950616
2025-12-25 21:35:00,-0.000632570474408567,0.0011690437222351413,-0.0011690437222351413,0,-1.0,5.215594404148776,8554.0,False,-1.0,0.0011690437222351413
2025-12-26 09:40:00,-0.000491212063934654,-0.003503035964502521,0.003503035964502521,0,-1.0,5.219097440113279,8564.0,False,-1.0,-0.003503035964502521
2025-12-26 10:40:00,0.0007753645768389106,0.0028122802906023203,-0.0028122802906023203,0,-1.0,5.216285159822677,8534.0,False,0.0,0.0028122802906023203
2025-12-26 11:25:00,0.0008119207341223955,0.001869595699929949,0.0,1,0.0,5.216285159822677,8558.0,False,1.0,0.001869595699929949
2025-12-26 14:10:00,-0.0005284881335683167,0.001866106834616188,0.001866106834616188,1,1.0,5.218151266657293,8574.0,False,0.0,0.001866106834616188
2025-12-26 14:55:00,-7.375155837507918e-05,-0.0018626309662398421,-0.0,1,0.0,5.218151266657293,8590.0,False,0.0,-0.0018626309662398421
2025-12-26 21:35:00,0.0008011820027604699,-0.0013995801259621965,-0.0,1,0.0,5.218151266657293,8574.0,False,1.0,-0.0013995801259621965
2025-12-29 09:40:00,-0.00015532821998931468,-0.003270263957019348,-0.003270263957019348,1,1.0,5.214881002700274,8562.0,False,0.0,-0.003270263957019348
2025-12-29 10:40:00,-0.00110424286685884,0.0018748535270682876,0.0,1,0.0,5.214881002700274,8534.0,False,-1.0,0.0018748535270682876
2025-12-29 11:25:00,-0.001022919430397451,0.0,-0.0,0,-1.0,5.214881002700274,8550.0,False,-1.0,0.0
2025-12-29 14:10:00,-0.00012695704936049879,0.0009356725146199008,-0.0009356725146199008,0,-1.0,5.213945330185654,8550.0,False,-1.0,0.0009356725146199008
2025-12-29 14:55:00,-0.00041030527791008353,0.0,-0.0,0,-1.0,5.213945330185654,8558.0,False,-1.0,0.0
2025-12-30 09:40:00,-0.0010485012317076325,0.002103295162421137,-0.002103295162421137,0,-1.0,5.211842035023233,8558.0,False,-1.0,0.002103295162421137
2025-12-30 10:40:00,0.00035699314321391284,0.0016324626865671377,-0.0016324626865671377,0,-1.0,5.210209572336666,8576.0,False,0.0,0.0016324626865671377
2025-12-30 11:25:00,-0.00012579814938362688,0.0034924330616996624,0.0,1,0.0,5.210209572336666,8590.0,False,0.0,0.0034924330616996624
2025-12-30 14:10:00,-0.0008957980899140239,0.004408352668213489,0.0,1,0.0,5.210209572336666,8620.0,False,-1.0,0.004408352668213489
2025-12-30 14:55:00,0.0006649555871263146,0.00023100023100020017,-0.00023100023100020017,0,-1.0,5.2099785721056655,8658.0,False,0.0,0.00023100023100020017
2025-12-30 21:35:00,-0.0011454096529632807,-0.0027713625866050418,-0.0,1,0.0,5.2099785721056655,8660.0,False,-1.0,-0.0027713625866050418
2025-12-31 09:40:00,-0.0010049011325463653,-0.0006947660954145229,0.0006947660954145229,1,-1.0,5.21067333820108,8636.0,False,-1.0,-0.0006947660954145229
2025-12-31 10:40:00,-0.0005259148310869932,-0.002085747392815751,0.002085747392815751,0,-1.0,5.212759085593897,8630.0,False,-1.0,-0.002085747392815751
2025-12-31 11:25:00,-0.0005761259817518294,-0.0016256386437528692,0.0016256386437528692,0,-1.0,5.214384724237649,8612.0,False,-1.0,-0.0016256386437528692
2025-12-31 14:10:00,-0.0007433712598867714,-0.0011630611770179211,0.0011630611770179211,0,-1.0,5.2155477854146675,8598.0,False,-1.0,-0.0011630611770179211
2025-12-31 14:55:00,-0.0011215584818273783,-0.00023288309268743035,0.00023288309268743035,0,-1.0,5.215780668507355,8588.0,False,-1.0,-0.00023288309268743035
2025-12-31 21:35:00,-0.0009466740884818137,-0.0025623107384113997,0.0025623107384113997,0,-1.0,5.218342979245766,8586.0,False,-1.0,-0.0025623107384113997
2026-01-05 09:40:00,-0.0012287452118471265,-0.0023353573096683844,0.0023353573096683844,0,-1.0,5.220678336555435,8564.0,False,-1.0,-0.0023353573096683844
2026-01-05 10:40:00,-0.0009494281839579344,-0.000468164794007464,0.000468164794007464,0,-1.0,5.221146501349442,8544.0,False,-1.0,-0.000468164794007464
2026-01-05 11:25:00,-0.00043846259359270334,-0.003278688524590123,0.003278688524590123,0,-1.0,5.224425189874032,8540.0,False,-1.0,-0.003278688524590123
2026-01-05 14:10:00,0.00011796928447438404,-0.007518796992481258,0.007518796992481258,0,-1.0,5.231943986866513,8512.0,False,0.0,-0.007518796992481258
2026-01-05 14:55:00,0.00041746642091311514,0.004498106060605966,0.0,1,0.0,5.231943986866513,8448.0,False,0.0,0.004498106060605966
2026-01-06 09:40:00,-3.448896313784644e-05,0.005892057506481363,0.0,1,0.0,5.231943986866513,8486.0,False,0.0,0.005892057506481363
2026-01-06 10:40:00,0.0004127034335397184,0.0018744142455482393,0.0,1,0.0,5.231943986866513,8536.0,False,0.0,0.0018744142455482393
2026-01-06 11:25:00,0.0005117871332913637,-0.0030402245088868574,-0.0,1,0.0,5.231943986866513,8552.0,False,1.0,-0.0030402245088868574
2026-01-06 14:10:00,0.00048740292550064623,-0.005629838142153454,-0.005629838142153454,0,1.0,5.226314148724359,8526.0,False,1.0,-0.005629838142153454
2026-01-06 14:55:00,0.00041810530819930136,0.0023590469450343043,0.0023590469450343043,0,1.0,5.228673195669394,8478.0,False,1.0,0.0023590469450343043
2026-01-06 21:35:00,-0.00026212434750050306,0.005413038361967493,0.005413038361967493,0,1.0,5.234086234031362,8498.0,False,0.0,0.005413038361967493
2026-01-07 09:40:00,0.00030313324532471597,-0.005383895131086169,-0.0,1,0.0,5.234086234031362,8544.0,False,0.0,-0.005383895131086169
2026-01-07 10:40:00,0.00032055910560302436,0.00353024240997879,0.0,1,0.0,5.234086234031362,8498.0,False,0.0,0.00353024240997879
2026-01-07 11:25:00,-0.0001573028857819736,-0.0009380863039399889,-0.0,0,0.0,5.234086234031362,8528.0,False,0.0,-0.0009380863039399889
2026-01-07 14:10:00,-0.00012125870125601068,0.0021126760563381364,0.0,1,0.0,5.234086234031362,8520.0,False,0.0,0.0021126760563381364
2026-01-07 14:55:00,0.0008732762653380632,0.0011712344811432018,0.0,1,0.0,5.234086234031362,8538.0,False,1.0,0.0011712344811432018
2026-01-07 21:35:00,0.001428548013791442,0.007019185774450154,0.007019185774450154,1,1.0,5.2411054198058125,8548.0,False,1.0,0.007019185774450154
2026-01-08 09:40:00,0.0009445400210097432,0.005111524163568859,0.005111524163568859,1,1.0,5.246216943969381,8608.0,False,1.0,0.005111524163568859
2026-01-08 10:40:00,0.0009577693417668343,0.0002311604253351085,0.0002311604253351085,0,1.0,5.246448104394716,8652.0,False,1.0,0.0002311604253351085
2026-01-08 11:25:00,-0.0001764641929185018,-0.00693321007626535,-0.00693321007626535,0,1.0,5.23951489431845,8654.0,False,0.0,-0.00693321007626535
2026-01-08 14:10:00,-0.000714351364877075,0.0027926460321154867,0.0,1,0.0,5.23951489431845,8594.0,False,-1.0,0.0027926460321154867
2026-01-08 14:55:00,0.00010812089021783322,-0.0016245068461360201,0.0016245068461360201,1,-1.0,5.241139401164586,8618.0,False,0.0,-0.0016245068461360201
2026-01-08 21:35:00,-0.00010556363849900663,0.0006973500697349255,0.0,1,0.0,5.241139401164586,8604.0,False,0.0,0.0006973500697349255
2026-01-09 09:40:00,-0.00067425292218104,0.0027874564459930973,0.0,1,0.0,5.241139401164586,8610.0,False,-1.0,0.0027874564459930973
2026-01-09 10:40:00,-8.477573283016682e-05,0.0,-0.0,0,-1.0,5.241139401164586,8634.0,False,-1.0,0.0
2026-01-09 11:25:00,0.001152287470176816,0.0009265693768820693,-0.0009265693768820693,0,-1.0,5.240212831787704,8634.0,False,0.0,0.0009265693768820693
2026-01-09 14:10:00,0.0011645889608189464,0.003239990742883503,0.0,1,0.0,5.240212831787704,8642.0,False,1.0,0.003239990742883503
2026-01-09 14:55:00,0.0010617084335535765,0.0011534025374855261,0.0011534025374855261,1,1.0,5.24136623432519,8670.0,False,1.0,0.0011534025374855261
2026-01-09 21:35:00,-0.0005854672053828835,-0.0020737327188939947,-0.0020737327188939947,0,1.0,5.239292501606296,8680.0,False,0.0,-0.0020737327188939947
2026-01-12 09:40:00,-0.0006816097884438932,-0.004386977603324849,-0.0,1,0.0,5.239292501606296,8662.0,False,-1.0,-0.004386977603324849
2026-01-12 10:40:00,0.00012680597137659788,-0.003014842300556597,0.003014842300556597,1,-1.0,5.242307343906853,8624.0,False,0.0,-0.003014842300556597
2026-01-12 11:25:00,4.010801058029756e-05,0.003256571295650046,0.0,1,0.0,5.242307343906853,8598.0,False,0.0,0.003256571295650046
2026-01-12 14:10:00,-0.0013211749028414488,0.011361001623000133,0.0,1,0.0,5.242307343906853,8626.0,False,-1.0,0.011361001623000133
2026-01-12 14:55:00,0.00014190278307069093,0.005502063273727709,-0.005502063273727709,1,-1.0,5.236805280633125,8724.0,False,0.0,0.005502063273727709
2026-01-13 09:40:00,7.243843720061705e-05,0.009803921568627416,0.0,1,0.0,5.236805280633125,8772.0,False,0.0,0.009803921568627416
2026-01-13 10:40:00,-0.0002970107307191938,-0.0027094152178821496,-0.0,0,0.0,5.236805280633125,8858.0,False,-1.0,-0.0027094152178821496
2026-01-13 11:25:00,0.00023942980624269694,-0.002490378084672895,0.002490378084672895,1,-1.0,5.239295658717798,8834.0,False,0.0,-0.002490378084672895
2026-01-13 14:10:00,0.00023852421145420521,-0.00453926463912846,-0.0,1,0.0,5.239295658717798,8812.0,False,0.0,-0.00453926463912846
2026-01-13 14:55:00,-0.0011893113842234015,-0.001139990880072994,-0.0,0,0.0,5.239295658717798,8772.0,False,-1.0,-0.001139990880072994
2026-01-13 21:35:00,-0.0018712282180786133,-0.001141291942478917,0.001141291942478917,1,-1.0,5.240436950660277,8762.0,False,-1.0,-0.001141291942478917
2026-01-14 09:40:00,-0.0017276775324717164,0.0022851919561244216,-0.0022851919561244216,1,-1.0,5.238151758704152,8752.0,False,-1.0,0.0022851919561244216
2026-01-14 10:40:00,-0.0007327381172217429,0.002279981760145988,-0.002279981760145988,0,-1.0,5.235871776944006,8772.0,False,-1.0,0.002279981760145988
2026-01-14 11:25:00,-0.0007507331902161241,0.0031847133757962887,-0.0031847133757962887,0,-1.0,5.232687063568211,8792.0,False,-1.0,0.0031847133757962887
2026-01-14 14:10:00,5.373866588342935e-05,-0.006575963718820854,0.006575963718820854,0,-1.0,5.2392630272870315,8820.0,False,0.0,-0.006575963718820854
2026-01-14 14:55:00,-0.001937474007718265,-0.002282583884957723,-0.0,1,0.0,5.2392630272870315,8762.0,False,-1.0,-0.002282583884957723
2026-01-14 21:35:00,-0.001977885141968727,-0.011210249370853353,0.011210249370853353,1,-1.0,5.2504732766578845,8742.0,False,-1.0,-0.011210249370853353
2026-01-15 09:40:00,-0.0012657423503696918,-0.0048588616381305405,0.0048588616381305405,0,-1.0,5.255332138296015,8644.0,False,-1.0,-0.0048588616381305405
2026-01-15 10:40:00,-0.0010941856307908893,0.0006975122064636352,-0.0006975122064636352,0,-1.0,5.254634626089551,8602.0,False,-1.0,0.0006975122064636352
2026-01-15 11:25:00,-0.0005523014697246253,-0.004414498141263934,0.004414498141263934,0,-1.0,5.259049124230815,8608.0,False,-1.0,-0.004414498141263934
2026-01-15 14:10:00,-0.0005625862977467477,0.0007001166861142494,-0.0007001166861142494,0,-1.0,5.258349007544701,8570.0,False,-1.0,0.0007001166861142494
2026-01-15 14:55:00,-0.00021570624085143209,0.000932835820895539,-0.000932835820895539,0,-1.0,5.257416171723805,8576.0,False,-1.0,0.000932835820895539
2026-01-15 21:35:00,-0.0007783451583236456,0.004892823858341,-0.004892823858341,0,-1.0,5.2525233478654645,8584.0,False,-1.0,0.004892823858341
2026-01-16 09:40:00,0.0003781696141231805,0.007419429631347008,-0.007419429631347008,0,-1.0,5.2451039182341175,8626.0,False,0.0,0.007419429631347008
2026-01-16 10:40:00,0.00018108703079633415,-0.007825086306099016,-0.0,1,0.0,5.2451039182341175,8690.0,False,0.0,-0.007825086306099016
2026-01-16 11:25:00,-0.00011195432307431474,0.002551612154952476,0.0,1,0.0,5.2451039182341175,8622.0,False,0.0,0.002551612154952476
2026-01-16 14:10:00,0.0007349204970523715,0.0013882461823229164,0.0,1,0.0,5.2451039182341175,8644.0,False,1.0,0.0013882461823229164
2026-01-16 14:55:00,3.486187051748857e-05,0.002541589648798581,0.002541589648798581,1,1.0,5.2476455078829165,8656.0,False,1.0,0.002541589648798581
2026-01-16 21:35:00,-0.0008923642453737557,-0.0036874855957593766,-0.0036874855957593766,0,1.0,5.243958022287157,8678.0,False,0.0,-0.0036874855957593766
2026-01-19 09:40:00,-0.0005158319254405797,-0.0023132084200786496,-0.0,1,0.0,5.243958022287157,8646.0,False,-1.0,-0.0023132084200786496
2026-01-19 10:40:00,-0.0007927216938696802,0.0016230002318571302,-0.0016230002318571302,1,-1.0,5.2423350220553,8626.0,False,-1.0,0.0016230002318571302
2026-01-19 11:25:00,-0.0012207918334752321,0.0011574074074074403,-0.0011574074074074403,0,-1.0,5.241177614647893,8640.0,False,-1.0,0.0011574074074074403
2026-01-19 14:10:00,-0.0003817628021351993,0.0004624277456648507,-0.0004624277456648507,0,-1.0,5.240715186902229,8650.0,False,-1.0,0.0004624277456648507
2026-01-19 14:55:00,-0.00020664634939748794,0.00693321007626535,-0.00693321007626535,0,-1.0,5.233781976825963,8654.0,False,-1.0,0.00693321007626535
2026-01-20 09:40:00,0.0010837612207978964,0.0009180628873077801,-0.0009180628873077801,0,-1.0,5.232863913938655,8714.0,False,0.0,0.0009180628873077801
2026-01-20 10:40:00,0.0011211191304028034,0.0009172208209127231,0.0,1,0.0,5.232863913938655,8722.0,False,1.0,0.0009172208209127231
2026-01-20 11:25:00,0.001117789652198553,0.0009163802978235935,0.0009163802978235935,1,1.0,5.233780294236478,8730.0,False,1.0,0.0009163802978235935
2026-01-20 14:10:00,0.0005853889742866158,0.002288853284504455,0.002288853284504455,0,1.0,5.236069147520983,8738.0,False,1.0,0.002288853284504455
2026-01-20 14:55:00,-0.0004495267348829657,-0.0011418131993605751,-0.0011418131993605751,0,1.0,5.234927334321622,8758.0,False,0.0,-0.0011418131993605751
2026-01-20 21:35:00,0.0005374475731514394,0.005944215820758991,0.0,1,0.0,5.234927334321622,8748.0,False,1.0,0.005944215820758991
2026-01-21 09:40:00,-0.0006838950212113559,0.0006818181818182278,0.0006818181818182278,1,1.0,5.23560915250344,8800.0,False,0.0,0.0006818181818182278
2026-01-21 10:40:00,7.26324797142297e-05,0.0013627072450601574,0.0,1,0.0,5.23560915250344,8806.0,False,0.0,0.0013627072450601574
2026-01-21 11:25:00,0.0009188426774926484,0.0015876616012702183,0.0,1,0.0,5.23560915250344,8818.0,False,1.0,0.0015876616012702183
2026-01-21 14:10:00,-0.00021713571914006025,-0.0009057971014492239,-0.0009057971014492239,0,1.0,5.234703355401991,8832.0,False,0.0,-0.0009057971014492239
2026-01-21 14:55:00,0.0007639131508767605,0.0013599274705349274,0.0,1,0.0,5.234703355401991,8824.0,False,1.0,0.0013599274705349274
2026-01-21 21:35:00,0.000805739255156368,0.009506564056134037,0.009506564056134037,1,1.0,5.244209919458125,8836.0,False,1.0,0.009506564056134037
2026-01-22 09:40:00,0.0008195280097424984,0.003139013452914785,0.003139013452914785,0,1.0,5.24734893291104,8920.0,False,1.0,0.003139013452914785
2026-01-22 10:40:00,0.00036711033317260444,-0.0029056772463120772,-0.0029056772463120772,0,1.0,5.244443255664727,8948.0,False,1.0,-0.0029056772463120772
2026-01-22 11:25:00,0.00026524849818088114,0.001793319883434119,0.001793319883434119,0,1.0,5.246236575548162,8922.0,False,1.0,0.001793319883434119
2026-01-22 14:10:00,-0.001593595603480935,-0.0033564555829044274,-0.0033564555829044274,0,1.0,5.242880119965257,8938.0,False,0.0,-0.0033564555829044274
2026-01-22 14:55:00,-0.0007851379923522472,0.002469690166142735,0.0,1,0.0,5.242880119965257,8908.0,False,-1.0,0.002469690166142735
2026-01-22 21:35:00,-0.001688500982709229,-0.0015677491601343574,0.0015677491601343574,1,-1.0,5.244447869125391,8930.0,False,-1.0,-0.0015677491601343574
2026-01-23 09:40:00,-0.001620821887627244,0.0026917900403768957,-0.0026917900403768957,0,-1.0,5.241756079085015,8916.0,False,-1.0,0.0026917900403768957
2026-01-23 10:40:00,-0.0012938100844621658,-0.004474272930648726,0.004474272930648726,0,-1.0,5.2462303520156635,8940.0,False,-1.0,-0.004474272930648726
2026-01-23 11:25:00,-0.0010310657089576125,0.0008988764044943753,-0.0008988764044943753,0,-1.0,5.245331475611169,8900.0,False,-1.0,0.0008988764044943753
2026-01-23 14:10:00,-0.0011862138053402305,-0.00022451728783112745,0.00022451728783112745,0,-1.0,5.245555992899001,8908.0,False,-1.0,-0.00022451728783112745
2026-01-23 14:55:00,-0.0013945437967777252,0.000673703121491176,-0.000673703121491176,0,-1.0,5.244882289777509,8906.0,False,-1.0,0.000673703121491176
2026-01-23 21:35:00,-0.00039997222484089434,0.010098743267504595,-0.010098743267504595,0,-1.0,5.2347835465100045,8912.0,False,-1.0,0.010098743267504595
2026-01-26 09:40:00,-0.0013825224013999104,-0.0026660742057320608,0.0026660742057320608,0,-1.0,5.237449620715736,9002.0,False,-1.0,-0.0026660742057320608
2026-01-26 10:40:00,-0.0012784656137228012,-0.00022276676319887834,0.00022276676319887834,0,-1.0,5.237672387478935,8978.0,False,-1.0,-0.00022276676319887834
2026-01-26 11:25:00,-0.000260234548477456,0.003119429590017875,-0.003119429590017875,0,-1.0,5.234552957888917,8976.0,False,-1.0,0.003119429590017875
2026-01-26 14:10:00,6.115147698437795e-05,0.0011106175033317456,-0.0011106175033317456,0,-1.0,5.233442340385586,9004.0,False,0.0,0.0011106175033317456
2026-01-26 14:55:00,0.001049092854373157,0.018193920568005284,0.0,1,0.0,5.233442340385586,9014.0,False,1.0,0.018193920568005284
2026-01-27 09:40:00,0.0009624623344279826,-0.005883634778818925,-0.005883634778818925,1,1.0,5.227558705606767,9178.0,False,1.0,-0.005883634778818925
2026-01-27 10:40:00,0.0005129330093041062,-0.0006576063130205867,-0.0006576063130205867,0,1.0,5.226901099293746,9124.0,False,1.0,-0.0006576063130205867
2026-01-27 11:25:00,0.0006597608444280922,0.007457775828032531,0.007457775828032531,0,1.0,5.234358875121779,9118.0,False,1.0,0.007457775828032531
2026-01-27 14:10:00,-0.00026945414720103145,-0.0004354452427607347,-0.0004354452427607347,0,1.0,5.2339234298790185,9186.0,False,0.0,-0.0004354452427607347
2026-01-27 14:55:00,-6.71891903039068e-05,0.00588107166194729,0.0,1,0.0,5.2339234298790185,9182.0,False,0.0,0.00588107166194729
2026-01-27 21:35:00,0.001048051519319415,-0.003031615417929845,-0.0,1,0.0,5.2339234298790185,9236.0,False,1.0,-0.003031615417929845
2026-01-28 09:40:00,-0.00043329078471288085,0.006733275412684536,0.006733275412684536,1,1.0,5.240656705291703,9208.0,False,0.0,0.006733275412684536
2026-01-28 10:40:00,0.0003000441938638687,0.0010787486515642097,0.0,1,0.0,5.240656705291703,9270.0,False,0.0,0.0010787486515642097
2026-01-28 11:25:00,0.0005720669869333506,-0.00387931034482758,-0.0,1,0.0,5.240656705291703,9280.0,False,1.0,-0.00387931034482758
2026-01-28 14:10:00,0.00030452210921794176,0.0019472090004326592,0.0019472090004326592,1,1.0,5.242603914292135,9244.0,False,1.0,0.0019472090004326592
2026-01-28 14:55:00,0.0010839549358934164,0.0010796804145973837,0.0010796804145973837,0,1.0,5.243683594706733,9262.0,False,1.0,0.0010796804145973837
2026-01-28 21:35:00,7.078970156726427e-06,0.006471095772217383,0.006471095772217383,0,1.0,5.25015469047895,9272.0,False,1.0,0.006471095772217383
2026-01-29 09:40:00,0.0009563693311065435,-0.00021431633090440716,-0.00021431633090440716,0,1.0,5.2499403741480455,9332.0,False,1.0,-0.00021431633090440716
2026-01-29 10:40:00,0.00019208078447263688,-0.002143622722400873,-0.002143622722400873,0,1.0,5.2477967514256445,9330.0,False,1.0,-0.002143622722400873
2026-01-29 11:25:00,0.0011757748434320092,0.0032223415682062218,0.0032223415682062218,0,1.0,5.25101909299385,9310.0,False,1.0,0.0032223415682062218
2026-01-29 14:10:00,0.0011225080816075206,-0.00021413276231263545,-0.00021413276231263545,0,1.0,5.250804960231537,9340.0,False,1.0,-0.00021413276231263545
2026-01-29 14:55:00,0.0005382514209486544,0.0021417862497323803,0.0021417862497323803,0,1.0,5.252946746481269,9338.0,False,1.0,0.0021417862497323803
2026-01-29 21:35:00,0.00042756806942634284,-0.002564650566360349,-0.002564650566360349,0,1.0,5.250382095914909,9358.0,False,1.0,-0.002564650566360349
2026-01-30 09:40:00,0.0003314388741273433,-0.009213627598028684,-0.009213627598028684,0,1.0,5.24116846831688,9334.0,False,1.0,-0.009213627598028684
2026-01-30 10:40:00,2.2037796952645294e-05,-0.004108996539792353,-0.004108996539792353,0,1.0,5.237059471777088,9248.0,False,1.0,-0.004108996539792353
2026-01-30 11:25:00,-0.0011491483310237527,0.0013029315960912946,0.0013029315960912946,0,1.0,5.238362403373179,9210.0,False,0.0,0.0013029315960912946
2026-01-30 14:10:00,-0.00110198266338557,0.003469963131641718,0.0,1,0.0,5.238362403373179,9222.0,False,-1.0,0.003469963131641718
2026-01-30 14:55:00,-0.0008873159531503916,-0.0008644910309055787,0.0008644910309055787,1,-1.0,5.2392268944040845,9254.0,False,-1.0,-0.0008644910309055787
2026-01-30 21:35:00,-0.00035253603709861636,-0.0008652390222798623,0.0008652390222798623,0,-1.0,5.240092133426364,9246.0,False,-1.0,-0.0008652390222798623
2026-02-02 09:40:00,1.1366712897142861e-05,-0.014938298332972555,0.014938298332972555,0,-1.0,5.255030431759336,9238.0,False,0.0,-0.014938298332972555
2026-02-02 10:40:00,-0.0004682970466092229,-0.005494505494505475,-0.0,1,0.0,5.255030431759336,9100.0,False,-1.0,-0.005494505494505475
2026-02-02 11:25:00,-0.000508684606757015,-0.003756906077348021,0.003756906077348021,1,-1.0,5.258787337836685,9050.0,False,-1.0,-0.003756906077348021
2026-02-02 14:10:00,-0.0004602550470735878,-0.0017746228926353025,0.0017746228926353025,0,-1.0,5.26056196072932,9016.0,False,-1.0,-0.0017746228926353025
2026-02-02 14:55:00,-0.0006721321842633188,0.010666666666666602,-0.010666666666666602,0,-1.0,5.249895294062654,9000.0,False,-1.0,0.010666666666666602
2026-02-03 09:40:00,-0.0008743373909965158,0.003957783641160839,-0.003957783641160839,0,-1.0,5.245937510421493,9096.0,False,-1.0,0.003957783641160839
2026-02-03 10:40:00,-0.0009015206014737487,-0.004380201489268543,0.004380201489268543,0,-1.0,5.250317711910761,9132.0,False,-1.0,-0.004380201489268543
2026-02-03 11:25:00,-0.0008678449084982276,0.0002199736031676114,-0.0002199736031676114,0,-1.0,5.250097738307594,9092.0,False,-1.0,0.0002199736031676114
2026-02-03 14:10:00,-0.00019734013767447323,-0.0004398504508467127,0.0004398504508467127,0,-1.0,5.250537588758441,9094.0,False,-1.0,-0.0004398504508467127
2026-02-03 14:55:00,-0.001074644853360951,0.001760176017601811,-0.001760176017601811,0,-1.0,5.248777412740839,9090.0,False,-1.0,0.001760176017601811
2026-02-03 21:35:00,0.0004988273722119629,0.007028332967274231,-0.007028332967274231,0,-1.0,5.241749079773565,9106.0,False,0.0,0.007028332967274231
2026-02-04 09:40:00,8.975173841463402e-05,0.00021810250817888566,0.0,1,0.0,5.241749079773565,9170.0,False,0.0,0.00021810250817888566
2026-02-04 10:40:00,-0.0009944018675014377,-0.0030527692978630228,-0.0,1,0.0,5.241749079773565,9172.0,False,-1.0,-0.0030527692978630228
2026-02-04 11:25:00,-0.0001426507078576833,-0.0008748906386701893,0.0008748906386701893,1,-1.0,5.242623970412235,9144.0,False,-1.0,-0.0008748906386701893
2026-02-04 14:10:00,-0.00028822923195548356,-0.002845884413310018,0.002845884413310018,1,-1.0,5.245469854825545,9136.0,False,-1.0,-0.002845884413310018
2026-02-04 14:55:00,0.00015354603237938136,0.002634467618002123,-0.002634467618002123,0,-1.0,5.242835387207544,9110.0,False,0.0,0.002634467618002123
2026-02-04 21:35:00,-0.0003627268597483635,0.0013137727173198055,0.0,1,0.0,5.242835387207544,9134.0,False,-1.0,0.0013137727173198055
2026-02-05 09:40:00,-0.0006693354225717485,0.0017493986442160825,-0.0017493986442160825,1,-1.0,5.241085988563327,9146.0,False,-1.0,0.0017493986442160825
2026-02-05 10:40:00,0.0001805496431188658,-0.0026195153896528822,0.0026195153896528822,0,-1.0,5.24370550395298,9162.0,False,0.0,-0.0026195153896528822
2026-02-05 11:25:00,0.0003196009492967278,-0.006128255635806545,-0.0,1,0.0,5.24370550395298,9138.0,False,1.0,-0.006128255635806545
2026-02-05 14:10:00,-0.000406009639846161,0.0011010790574763618,0.0011010790574763618,1,1.0,5.244806583010456,9082.0,False,0.0,0.0011010790574763618
2026-02-05 14:55:00,0.00043931879918091,-0.005279366476022895,-0.0,1,0.0,5.244806583010456,9092.0,False,1.0,-0.005279366476022895
2026-02-05 21:35:00,0.0003291584725957364,0.0035382574082265528,0.0035382574082265528,1,1.0,5.248344840418683,9044.0,False,1.0,0.0035382574082265528
2026-02-06 09:40:00,0.0003263664257247001,-0.007492287351256066,-0.007492287351256066,0,1.0,5.240852553067428,9076.0,False,1.0,-0.007492287351256066
2026-02-06 10:40:00,0.00024132376711349934,0.004884547069271772,0.004884547069271772,0,1.0,5.245737100136699,9008.0,False,1.0,0.004884547069271772
2026-02-06 11:25:00,-0.0003236617485526949,-0.0019885108263367757,-0.0019885108263367757,0,1.0,5.243748589310362,9052.0,False,0.0,-0.0019885108263367757
2026-02-06 14:10:00,0.00020066688011866063,0.0028780163825548044,0.0,1,0.0,5.243748589310362,9034.0,False,0.0,0.0028780163825548044
2026-02-06 14:55:00,0.0001545520790386945,-0.002869757174392973,-0.0,1,0.0,5.243748589310362,9060.0,False,0.0,-0.002869757174392973
2026-02-06 21:35:00,-0.0007584434351883829,-0.005091875138366175,-0.0,0,0.0,5.243748589310362,9034.0,False,-1.0,-0.005091875138366175
2026-02-09 09:40:00,-0.0008368671406060457,0.0031152647975076775,-0.0031152647975076775,1,-1.0,5.240633324512855,8988.0,False,-1.0,0.0031152647975076775
2026-02-09 10:40:00,-2.1754796762252226e-05,0.002661934338952898,-0.002661934338952898,1,-1.0,5.237971390173902,9016.0,False,-1.0,0.002661934338952898
2026-02-09 11:25:00,2.9009312129346654e-05,-0.00022123893805314765,0.00022123893805314765,0,-1.0,5.238192629111955,9040.0,False,0.0,-0.00022123893805314765
2026-02-09 14:10:00,0.0005338724004104733,-0.0024341668510732273,-0.0,1,0.0,5.238192629111955,9038.0,False,1.0,-0.0024341668510732273
2026-02-09 14:55:00,-0.0002055945951724425,-0.003549245785270605,-0.003549245785270605,1,1.0,5.234643383326684,9016.0,False,0.0,-0.003549245785270605
2026-02-10 09:40:00,-0.000741423515137285,0.0008904719501334757,0.0,1,0.0,5.234643383326684,8984.0,False,-1.0,0.0008904719501334757
2026-02-10 10:40:00,-0.00013723052688874304,0.0020017793594306887,-0.0020017793594306887,1,-1.0,5.232641603967254,8992.0,False,-1.0,0.0020017793594306887
2026-02-10 11:25:00,-0.00011158355482621118,-0.007991120976692523,0.007991120976692523,0,-1.0,5.240632724943946,9010.0,False,-1.0,-0.007991120976692523
2026-02-10 14:10:00,-0.00029240784351713955,0.002461400760796595,-0.002461400760796595,0,-1.0,5.23817132418315,8938.0,False,-1.0,0.002461400760796595
2026-02-10 14:55:00,0.0001810862886486575,-0.0020089285714285365,0.0020089285714285365,0,-1.0,5.240180252754579,8960.0,False,0.0,-0.0020089285714285365
2026-02-10 21:35:00,-0.00038680140278302133,-0.004025944978751972,-0.0,1,0.0,5.240180252754579,8942.0,False,-1.0,-0.004025944978751972
2026-02-11 09:40:00,-0.0002449031453579664,0.000673703121491176,-0.000673703121491176,1,-1.0,5.239506549633088,8906.0,False,-1.0,0.000673703121491176
2026-02-11 10:40:00,0.0004344375047367066,0.001122082585278239,-0.001122082585278239,0,-1.0,5.23838446704781,8912.0,False,0.0,0.001122082585278239
2026-02-11 11:25:00,0.0001573040208313614,0.0004483299708586408,0.0,1,0.0,5.23838446704781,8922.0,False,0.0,0.0004483299708586408
2026-02-11 14:10:00,0.0008307941025123,0.0,0.0,1,0.0,5.23838446704781,8926.0,False,1.0,0.0
2026-02-11 14:55:00,0.0003915349952876568,-0.0020165807752632325,-0.0020165807752632325,0,1.0,5.2363678862725465,8926.0,False,1.0,-0.0020165807752632325
2026-02-11 21:35:00,-0.00042546732584014535,-0.003367759317467467,-0.003367759317467467,0,1.0,5.233000126955079,8908.0,False,0.0,-0.003367759317467467
2026-02-12 09:40:00,-0.0002679171157069504,-0.0018022077044379525,-0.0,1,0.0,5.233000126955079,8878.0,False,-1.0,-0.0018022077044379525
2026-02-12 10:40:00,0.00016695550584699959,-0.0013540961408260443,0.0013540961408260443,1,-1.0,5.234354223095905,8862.0,False,0.0,-0.0013540961408260443
2026-02-12 11:25:00,-0.0003075554268434644,-0.002259887005649719,-0.0,1,0.0,5.234354223095905,8850.0,False,-1.0,-0.002259887005649719
2026-02-12 14:10:00,0.00030911253998056054,-0.0006795016987541924,0.0006795016987541924,1,-1.0,5.2350337247946594,8830.0,False,0.0,-0.0006795016987541924
2026-02-12 14:55:00,0.00028731831116601825,-0.00249320036264733,-0.0,1,0.0,5.2350337247946594,8824.0,False,1.0,-0.00249320036264733
2026-02-12 21:35:00,0.00021560868481174111,0.0015905476028175158,0.0015905476028175158,1,1.0,5.236624272397477,8802.0,False,1.0,0.0015905476028175158
2026-02-13 09:40:00,0.00021651475981343538,-0.0068058076225044895,-0.0068058076225044895,0,1.0,5.229818464774972,8816.0,False,1.0,-0.0068058076225044895
2026-02-13 10:40:00,-7.248156180139631e-05,-0.0011420740063956547,-0.0011420740063956547,0,1.0,5.228676390768577,8756.0,False,0.0,-0.0011420740063956547
2026-02-13 11:25:00,-0.0004894040175713599,-0.0032014635261834457,-0.0,1,0.0,5.228676390768577,8746.0,False,-1.0,-0.0032014635261834457
2026-02-13 14:10:00,0.0001477900514146313,-0.0025235145675613913,0.0025235145675613913,1,-1.0,5.231199905336138,8718.0,False,0.0,-0.0025235145675613913
2026-02-13 14:55:00,-4.134728078497574e-05,0.0004599816007360147,0.0,1,0.0,5.231199905336138,8696.0,False,0.0,0.0004599816007360147
2026-02-13 21:35:00,0.0009650374413467944,0.016091954022988464,0.0,1,0.0,5.231199905336138,8700.0,False,1.0,0.016091954022988464
2026-02-24 09:40:00,0.0009326869621872902,0.00475113122171944,0.00475113122171944,1,1.0,5.235951036557857,8840.0,False,1.0,0.00475113122171944
2026-02-24 10:40:00,0.0006956954021006823,0.0011258725512270917,0.0011258725512270917,1,1.0,5.237076909109084,8882.0,False,1.0,0.0011258725512270917
2026-02-24 11:25:00,-0.0002100090350722894,-0.004273504273504258,-0.004273504273504258,0,1.0,5.23280340483558,8892.0,False,0.0,-0.004273504273504258
2026-02-24 14:10:00,-0.0010825482895597816,-0.0002258866049242858,-0.0,1,0.0,5.23280340483558,8854.0,False,-1.0,-0.0002258866049242858
2026-02-24 14:55:00,-0.0009859749116003513,-0.00451875282422054,0.00451875282422054,1,-1.0,5.237322157659801,8852.0,False,-1.0,-0.00451875282422054
2026-02-25 09:40:00,-0.0011846766574308276,0.004085338175215725,-0.004085338175215725,0,-1.0,5.233236819484585,8812.0,False,-1.0,0.004085338175215725
2026-02-25 10:40:00,-9.138840687228367e-05,-0.00022603978300184124,0.00022603978300184124,0,-1.0,5.233462859267586,8848.0,False,-1.0,-0.00022603978300184124
2026-02-25 11:25:00,-6.449673674069345e-05,0.0,-0.0,0,-1.0,5.233462859267586,8846.0,False,-1.0,0.0
2026-02-25 14:10:00,-0.0008026264258660376,0.006556635767578589,-0.006556635767578589,0,-1.0,5.226906223500007,8846.0,False,-1.0,0.006556635767578589
2026-02-25 14:55:00,-0.00079998659202829,-0.005615453728661235,0.005615453728661235,0,-1.0,5.232521677228669,8904.0,False,-1.0,-0.005615453728661235
2026-02-25 21:35:00,-0.0006110204849392176,-0.007906031172351446,0.007906031172351446,0,-1.0,5.24042770840102,8854.0,False,-1.0,-0.007906031172351446
2026-02-26 09:40:00,-0.0008870006422512233,0.003415300546448119,-0.003415300546448119,0,-1.0,5.2370124078545714,8784.0,False,-1.0,0.003415300546448119
2026-02-26 10:40:00,-0.0004899529158137739,-0.002949852507374673,0.002949852507374673,0,-1.0,5.2399622603619465,8814.0,False,-1.0,-0.002949852507374673
2026-02-26 11:25:00,-0.00044492073357105255,-0.005234410559854297,0.005234410559854297,0,-1.0,5.245196670921801,8788.0,False,-1.0,-0.005234410559854297
2026-02-26 14:10:00,-0.00038483564276248217,0.0011439029970259362,-0.0011439029970259362,0,-1.0,5.244052767924774,8742.0,False,-1.0,0.0011439029970259362
2026-02-27 09:40:00,-0.0003596915048547089,0.0013711151736746086,-0.0013711151736746086,0,-1.0,5.2426816527510995,8752.0,False,-1.0,0.0013711151736746086
2026-02-27 10:40:00,-0.0010064843809232116,-0.002053856686444533,0.002053856686444533,0,-1.0,5.244735509437544,8764.0,False,-1.0,-0.002053856686444533
2026-02-27 11:25:00,-0.0009021187433972955,-0.002515435627715501,0.002515435627715501,0,-1.0,5.247250945065259,8746.0,False,-1.0,-0.002515435627715501
2026-02-27 14:10:00,-0.0002989104832522571,0.0020632737276478075,-0.0020632737276478075,0,-1.0,5.245187671337611,8724.0,False,-1.0,0.0020632737276478075
2026-02-27 14:55:00,0.00011333433212712407,0.003889270189887828,-0.003889270189887828,0,-1.0,5.2412984011477235,8742.0,False,0.0,0.003889270189887828
2026-02-27 21:35:00,-0.00021594198187813163,0.0,0.0,1,0.0,5.2412984011477235,8776.0,False,-1.0,0.0
